[2026-02-14T06:59:56.480+0000] {manager.py:469} INFO - Processing files using up to 2 processes at a time 
[2026-02-14T06:59:56.481+0000] {manager.py:470} INFO - Process each file at most once every 30 seconds
[2026-02-14T06:59:56.481+0000] {manager.py:471} INFO - Checking for new files in /opt/airflow/dags every 300 seconds
[2026-02-14T06:59:56.482+0000] {manager.py:738} INFO - Searching for files in /opt/airflow/dags
[2026-02-14T07:00:46.629+0000] {manager.py:451} INFO - Exiting gracefully upon receiving signal 15
[2026-02-14T07:00:46.851+0000] {manager.py:469} INFO - Processing files using up to 2 processes at a time 
[2026-02-14T07:00:46.851+0000] {manager.py:470} INFO - Process each file at most once every 30 seconds
[2026-02-14T07:00:46.852+0000] {manager.py:471} INFO - Checking for new files in /opt/airflow/dags every 300 seconds
[2026-02-14T07:00:46.853+0000] {manager.py:738} INFO - Searching for files in /opt/airflow/dags
[2026-02-14T07:01:37.013+0000] {manager.py:451} INFO - Exiting gracefully upon receiving signal 15
[2026-02-14T07:01:37.229+0000] {manager.py:469} INFO - Processing files using up to 2 processes at a time 
[2026-02-14T07:01:37.230+0000] {manager.py:470} INFO - Process each file at most once every 30 seconds
[2026-02-14T07:01:37.230+0000] {manager.py:471} INFO - Checking for new files in /opt/airflow/dags every 300 seconds
[2026-02-14T07:01:37.231+0000] {manager.py:738} INFO - Searching for files in /opt/airflow/dags
[2026-02-14T07:02:27.372+0000] {manager.py:451} INFO - Exiting gracefully upon receiving signal 15
[2026-02-14T07:02:27.588+0000] {manager.py:469} INFO - Processing files using up to 2 processes at a time 
[2026-02-14T07:02:27.589+0000] {manager.py:470} INFO - Process each file at most once every 30 seconds
[2026-02-14T07:02:27.590+0000] {manager.py:471} INFO - Checking for new files in /opt/airflow/dags every 300 seconds
[2026-02-14T07:02:27.591+0000] {manager.py:738} INFO - Searching for files in /opt/airflow/dags
[2026-02-14T07:03:17.742+0000] {manager.py:451} INFO - Exiting gracefully upon receiving signal 15
[2026-02-14T07:03:17.977+0000] {manager.py:469} INFO - Processing files using up to 2 processes at a time 
[2026-02-14T07:03:17.979+0000] {manager.py:470} INFO - Process each file at most once every 30 seconds
[2026-02-14T07:03:17.980+0000] {manager.py:471} INFO - Checking for new files in /opt/airflow/dags every 300 seconds
[2026-02-14T07:03:17.980+0000] {manager.py:738} INFO - Searching for files in /opt/airflow/dags
[2026-02-14T07:04:08.111+0000] {manager.py:451} INFO - Exiting gracefully upon receiving signal 15
[2026-02-14T07:04:08.325+0000] {manager.py:469} INFO - Processing files using up to 2 processes at a time 
[2026-02-14T07:04:08.326+0000] {manager.py:470} INFO - Process each file at most once every 30 seconds
[2026-02-14T07:04:08.327+0000] {manager.py:471} INFO - Checking for new files in /opt/airflow/dags every 300 seconds
[2026-02-14T07:04:08.327+0000] {manager.py:738} INFO - Searching for files in /opt/airflow/dags
[2026-02-14T07:04:58.370+0000] {manager.py:451} INFO - Exiting gracefully upon receiving signal 15
[2026-02-14T07:04:58.590+0000] {manager.py:469} INFO - Processing files using up to 2 processes at a time 
[2026-02-14T07:04:58.591+0000] {manager.py:470} INFO - Process each file at most once every 30 seconds
[2026-02-14T07:04:58.593+0000] {manager.py:471} INFO - Checking for new files in /opt/airflow/dags every 300 seconds
[2026-02-14T07:04:58.594+0000] {manager.py:738} INFO - Searching for files in /opt/airflow/dags
[2026-02-14T07:05:48.737+0000] {manager.py:451} INFO - Exiting gracefully upon receiving signal 15
[2026-02-14T07:05:48.952+0000] {manager.py:469} INFO - Processing files using up to 2 processes at a time 
[2026-02-14T07:05:48.953+0000] {manager.py:470} INFO - Process each file at most once every 30 seconds
[2026-02-14T07:05:48.954+0000] {manager.py:471} INFO - Checking for new files in /opt/airflow/dags every 300 seconds
[2026-02-14T07:05:48.955+0000] {manager.py:738} INFO - Searching for files in /opt/airflow/dags
[2026-02-14T07:06:39.064+0000] {manager.py:451} INFO - Exiting gracefully upon receiving signal 15
[2026-02-14T07:06:39.280+0000] {manager.py:469} INFO - Processing files using up to 2 processes at a time 
[2026-02-14T07:06:39.280+0000] {manager.py:470} INFO - Process each file at most once every 30 seconds
[2026-02-14T07:06:39.281+0000] {manager.py:471} INFO - Checking for new files in /opt/airflow/dags every 300 seconds
[2026-02-14T07:06:39.282+0000] {manager.py:738} INFO - Searching for files in /opt/airflow/dags
[2026-02-14T07:07:29.430+0000] {manager.py:451} INFO - Exiting gracefully upon receiving signal 15
[2026-02-14T07:07:29.650+0000] {manager.py:469} INFO - Processing files using up to 2 processes at a time 
[2026-02-14T07:07:29.651+0000] {manager.py:470} INFO - Process each file at most once every 30 seconds
[2026-02-14T07:07:29.651+0000] {manager.py:471} INFO - Checking for new files in /opt/airflow/dags every 300 seconds
[2026-02-14T07:07:29.652+0000] {manager.py:738} INFO - Searching for files in /opt/airflow/dags
[2026-02-14T07:08:19.801+0000] {manager.py:451} INFO - Exiting gracefully upon receiving signal 15
[2026-02-14T07:08:20.023+0000] {manager.py:469} INFO - Processing files using up to 2 processes at a time 
[2026-02-14T07:08:20.024+0000] {manager.py:470} INFO - Process each file at most once every 30 seconds
[2026-02-14T07:08:20.025+0000] {manager.py:471} INFO - Checking for new files in /opt/airflow/dags every 300 seconds
[2026-02-14T07:08:20.026+0000] {manager.py:738} INFO - Searching for files in /opt/airflow/dags
[2026-02-14T07:09:10.142+0000] {manager.py:451} INFO - Exiting gracefully upon receiving signal 15
[2026-02-14T07:09:10.361+0000] {manager.py:469} INFO - Processing files using up to 2 processes at a time 
[2026-02-14T07:09:10.362+0000] {manager.py:470} INFO - Process each file at most once every 30 seconds
[2026-02-14T07:09:10.362+0000] {manager.py:471} INFO - Checking for new files in /opt/airflow/dags every 300 seconds
[2026-02-14T07:09:10.363+0000] {manager.py:738} INFO - Searching for files in /opt/airflow/dags
[2026-02-14T07:10:00.524+0000] {manager.py:451} INFO - Exiting gracefully upon receiving signal 15
[2026-02-14T07:10:00.753+0000] {manager.py:469} INFO - Processing files using up to 2 processes at a time 
[2026-02-14T07:10:00.754+0000] {manager.py:470} INFO - Process each file at most once every 30 seconds
[2026-02-14T07:10:00.755+0000] {manager.py:471} INFO - Checking for new files in /opt/airflow/dags every 300 seconds
[2026-02-14T07:10:00.756+0000] {manager.py:738} INFO - Searching for files in /opt/airflow/dags
[2026-02-14T07:10:50.889+0000] {manager.py:451} INFO - Exiting gracefully upon receiving signal 15
[2026-02-14T07:10:51.109+0000] {manager.py:469} INFO - Processing files using up to 2 processes at a time 
[2026-02-14T07:10:51.110+0000] {manager.py:470} INFO - Process each file at most once every 30 seconds
[2026-02-14T07:10:51.111+0000] {manager.py:471} INFO - Checking for new files in /opt/airflow/dags every 300 seconds
[2026-02-14T07:10:51.113+0000] {manager.py:738} INFO - Searching for files in /opt/airflow/dags
[2026-02-14T07:11:41.269+0000] {manager.py:451} INFO - Exiting gracefully upon receiving signal 15
[2026-02-14T07:11:41.488+0000] {manager.py:469} INFO - Processing files using up to 2 processes at a time 
[2026-02-14T07:11:41.489+0000] {manager.py:470} INFO - Process each file at most once every 30 seconds
[2026-02-14T07:11:41.489+0000] {manager.py:471} INFO - Checking for new files in /opt/airflow/dags every 300 seconds
[2026-02-14T07:11:41.490+0000] {manager.py:738} INFO - Searching for files in /opt/airflow/dags
[2026-02-14T07:12:31.602+0000] {manager.py:451} INFO - Exiting gracefully upon receiving signal 15
[2026-02-14T07:12:31.814+0000] {manager.py:469} INFO - Processing files using up to 2 processes at a time 
[2026-02-14T07:12:31.815+0000] {manager.py:470} INFO - Process each file at most once every 30 seconds
[2026-02-14T07:12:31.815+0000] {manager.py:471} INFO - Checking for new files in /opt/airflow/dags every 300 seconds
[2026-02-14T07:12:31.816+0000] {manager.py:738} INFO - Searching for files in /opt/airflow/dags
[2026-02-14T07:13:21.961+0000] {manager.py:451} INFO - Exiting gracefully upon receiving signal 15
[2026-02-14T07:13:22.182+0000] {manager.py:469} INFO - Processing files using up to 2 processes at a time 
[2026-02-14T07:13:22.183+0000] {manager.py:470} INFO - Process each file at most once every 30 seconds
[2026-02-14T07:13:22.183+0000] {manager.py:471} INFO - Checking for new files in /opt/airflow/dags every 300 seconds
[2026-02-14T07:13:22.184+0000] {manager.py:738} INFO - Searching for files in /opt/airflow/dags
[2026-02-14T07:14:12.142+0000] {manager.py:451} INFO - Exiting gracefully upon receiving signal 15
[2026-02-14T07:14:12.365+0000] {manager.py:469} INFO - Processing files using up to 2 processes at a time 
[2026-02-14T07:14:12.366+0000] {manager.py:470} INFO - Process each file at most once every 30 seconds
[2026-02-14T07:14:12.367+0000] {manager.py:471} INFO - Checking for new files in /opt/airflow/dags every 300 seconds
[2026-02-14T07:14:12.368+0000] {manager.py:738} INFO - Searching for files in /opt/airflow/dags
[2026-02-14T07:14:25.571+0000] {manager.py:451} INFO - Exiting gracefully upon receiving signal 15
[2026-02-14T07:15:14.462+0000] {manager.py:469} INFO - Processing files using up to 2 processes at a time 
[2026-02-14T07:15:14.463+0000] {manager.py:470} INFO - Process each file at most once every 30 seconds
[2026-02-14T07:15:14.464+0000] {manager.py:471} INFO - Checking for new files in /opt/airflow/dags every 300 seconds
[2026-02-14T07:15:14.464+0000] {manager.py:738} INFO - Searching for files in /opt/airflow/dags
[2026-02-14T07:16:04.662+0000] {manager.py:451} INFO - Exiting gracefully upon receiving signal 15
[2026-02-14T07:16:04.922+0000] {manager.py:469} INFO - Processing files using up to 2 processes at a time 
[2026-02-14T07:16:04.923+0000] {manager.py:470} INFO - Process each file at most once every 30 seconds
[2026-02-14T07:16:04.924+0000] {manager.py:471} INFO - Checking for new files in /opt/airflow/dags every 300 seconds
[2026-02-14T07:16:04.924+0000] {manager.py:738} INFO - Searching for files in /opt/airflow/dags
[2026-02-14T07:16:55.081+0000] {manager.py:451} INFO - Exiting gracefully upon receiving signal 15
[2026-02-14T07:16:55.300+0000] {manager.py:469} INFO - Processing files using up to 2 processes at a time 
[2026-02-14T07:16:55.301+0000] {manager.py:470} INFO - Process each file at most once every 30 seconds
[2026-02-14T07:16:55.301+0000] {manager.py:471} INFO - Checking for new files in /opt/airflow/dags every 300 seconds
[2026-02-14T07:16:55.302+0000] {manager.py:738} INFO - Searching for files in /opt/airflow/dags
[2026-02-14T07:17:45.426+0000] {manager.py:451} INFO - Exiting gracefully upon receiving signal 15
[2026-02-14T07:17:45.643+0000] {manager.py:469} INFO - Processing files using up to 2 processes at a time 
[2026-02-14T07:17:45.644+0000] {manager.py:470} INFO - Process each file at most once every 30 seconds
[2026-02-14T07:17:45.645+0000] {manager.py:471} INFO - Checking for new files in /opt/airflow/dags every 300 seconds
[2026-02-14T07:17:45.646+0000] {manager.py:738} INFO - Searching for files in /opt/airflow/dags
[2026-02-14T07:18:35.803+0000] {manager.py:451} INFO - Exiting gracefully upon receiving signal 15
[2026-02-14T07:18:36.021+0000] {manager.py:469} INFO - Processing files using up to 2 processes at a time 
[2026-02-14T07:18:36.022+0000] {manager.py:470} INFO - Process each file at most once every 30 seconds
[2026-02-14T07:18:36.023+0000] {manager.py:471} INFO - Checking for new files in /opt/airflow/dags every 300 seconds
[2026-02-14T07:18:36.024+0000] {manager.py:738} INFO - Searching for files in /opt/airflow/dags
[2026-02-14T07:19:26.167+0000] {manager.py:451} INFO - Exiting gracefully upon receiving signal 15
[2026-02-14T07:19:26.391+0000] {manager.py:469} INFO - Processing files using up to 2 processes at a time 
[2026-02-14T07:19:26.392+0000] {manager.py:470} INFO - Process each file at most once every 30 seconds
[2026-02-14T07:19:26.393+0000] {manager.py:471} INFO - Checking for new files in /opt/airflow/dags every 300 seconds
[2026-02-14T07:19:26.394+0000] {manager.py:738} INFO - Searching for files in /opt/airflow/dags
[2026-02-14T07:19:33.523+0000] {manager.py:451} INFO - Exiting gracefully upon receiving signal 15
[2026-02-14T07:19:42.581+0000] {manager.py:469} INFO - Processing files using up to 2 processes at a time 
[2026-02-14T07:19:42.582+0000] {manager.py:470} INFO - Process each file at most once every 30 seconds
[2026-02-14T07:19:42.583+0000] {manager.py:471} INFO - Checking for new files in /opt/airflow/dags every 300 seconds
[2026-02-14T07:19:42.583+0000] {manager.py:738} INFO - Searching for files in /opt/airflow/dags
[2026-02-14T07:20:32.646+0000] {manager.py:451} INFO - Exiting gracefully upon receiving signal 15
[2026-02-14T07:20:32.875+0000] {manager.py:469} INFO - Processing files using up to 2 processes at a time 
[2026-02-14T07:20:32.876+0000] {manager.py:470} INFO - Process each file at most once every 30 seconds
[2026-02-14T07:20:32.877+0000] {manager.py:471} INFO - Checking for new files in /opt/airflow/dags every 300 seconds
[2026-02-14T07:20:32.878+0000] {manager.py:738} INFO - Searching for files in /opt/airflow/dags
[2026-02-14T07:21:23.045+0000] {manager.py:451} INFO - Exiting gracefully upon receiving signal 15
[2026-02-14T07:21:23.305+0000] {manager.py:469} INFO - Processing files using up to 2 processes at a time 
[2026-02-14T07:21:23.306+0000] {manager.py:470} INFO - Process each file at most once every 30 seconds
[2026-02-14T07:21:23.307+0000] {manager.py:471} INFO - Checking for new files in /opt/airflow/dags every 300 seconds
[2026-02-14T07:21:23.307+0000] {manager.py:738} INFO - Searching for files in /opt/airflow/dags
[2026-02-14T07:22:13.461+0000] {manager.py:451} INFO - Exiting gracefully upon receiving signal 15
[2026-02-14T07:22:13.681+0000] {manager.py:469} INFO - Processing files using up to 2 processes at a time 
[2026-02-14T07:22:13.682+0000] {manager.py:470} INFO - Process each file at most once every 30 seconds
[2026-02-14T07:22:13.682+0000] {manager.py:471} INFO - Checking for new files in /opt/airflow/dags every 300 seconds
[2026-02-14T07:22:13.683+0000] {manager.py:738} INFO - Searching for files in /opt/airflow/dags
[2026-02-14T07:23:03.837+0000] {manager.py:451} INFO - Exiting gracefully upon receiving signal 15
[2026-02-14T07:23:04.159+0000] {manager.py:469} INFO - Processing files using up to 2 processes at a time 
[2026-02-14T07:23:04.160+0000] {manager.py:470} INFO - Process each file at most once every 30 seconds
[2026-02-14T07:23:04.161+0000] {manager.py:471} INFO - Checking for new files in /opt/airflow/dags every 300 seconds
[2026-02-14T07:23:04.161+0000] {manager.py:738} INFO - Searching for files in /opt/airflow/dags
[2026-02-14T07:23:54.282+0000] {manager.py:451} INFO - Exiting gracefully upon receiving signal 15
[2026-02-14T07:23:54.505+0000] {manager.py:469} INFO - Processing files using up to 2 processes at a time 
[2026-02-14T07:23:54.506+0000] {manager.py:470} INFO - Process each file at most once every 30 seconds
[2026-02-14T07:23:54.506+0000] {manager.py:471} INFO - Checking for new files in /opt/airflow/dags every 300 seconds
[2026-02-14T07:23:54.507+0000] {manager.py:738} INFO - Searching for files in /opt/airflow/dags
[2026-02-14T07:23:58.361+0000] {manager.py:451} INFO - Exiting gracefully upon receiving signal 15
[2026-02-14T07:24:07.449+0000] {manager.py:469} INFO - Processing files using up to 2 processes at a time 
[2026-02-14T07:24:07.450+0000] {manager.py:470} INFO - Process each file at most once every 30 seconds
[2026-02-14T07:24:07.451+0000] {manager.py:471} INFO - Checking for new files in /opt/airflow/dags every 300 seconds
[2026-02-14T07:24:07.452+0000] {manager.py:738} INFO - Searching for files in /opt/airflow/dags
[2026-02-14T07:24:57.637+0000] {manager.py:451} INFO - Exiting gracefully upon receiving signal 15
[2026-02-14T07:24:57.855+0000] {manager.py:469} INFO - Processing files using up to 2 processes at a time 
[2026-02-14T07:24:57.856+0000] {manager.py:470} INFO - Process each file at most once every 30 seconds
[2026-02-14T07:24:57.857+0000] {manager.py:471} INFO - Checking for new files in /opt/airflow/dags every 300 seconds
[2026-02-14T07:24:57.857+0000] {manager.py:738} INFO - Searching for files in /opt/airflow/dags
[2026-02-14T07:25:48.034+0000] {manager.py:451} INFO - Exiting gracefully upon receiving signal 15
[2026-02-14T07:25:48.253+0000] {manager.py:469} INFO - Processing files using up to 2 processes at a time 
[2026-02-14T07:25:48.254+0000] {manager.py:470} INFO - Process each file at most once every 30 seconds
[2026-02-14T07:25:48.255+0000] {manager.py:471} INFO - Checking for new files in /opt/airflow/dags every 300 seconds
[2026-02-14T07:25:48.256+0000] {manager.py:738} INFO - Searching for files in /opt/airflow/dags
[2026-02-14T07:26:38.415+0000] {manager.py:451} INFO - Exiting gracefully upon receiving signal 15
[2026-02-14T07:26:38.675+0000] {manager.py:469} INFO - Processing files using up to 2 processes at a time 
[2026-02-14T07:26:38.676+0000] {manager.py:470} INFO - Process each file at most once every 30 seconds
[2026-02-14T07:26:38.677+0000] {manager.py:471} INFO - Checking for new files in /opt/airflow/dags every 300 seconds
[2026-02-14T07:26:38.678+0000] {manager.py:738} INFO - Searching for files in /opt/airflow/dags
[2026-02-14T07:27:28.829+0000] {manager.py:451} INFO - Exiting gracefully upon receiving signal 15
[2026-02-14T07:27:29.055+0000] {manager.py:469} INFO - Processing files using up to 2 processes at a time 
[2026-02-14T07:27:29.056+0000] {manager.py:470} INFO - Process each file at most once every 30 seconds
[2026-02-14T07:27:29.057+0000] {manager.py:471} INFO - Checking for new files in /opt/airflow/dags every 300 seconds
[2026-02-14T07:27:29.057+0000] {manager.py:738} INFO - Searching for files in /opt/airflow/dags
[2026-02-14T07:28:19.188+0000] {manager.py:451} INFO - Exiting gracefully upon receiving signal 15
[2026-02-14T07:28:19.405+0000] {manager.py:469} INFO - Processing files using up to 2 processes at a time 
[2026-02-14T07:28:19.406+0000] {manager.py:470} INFO - Process each file at most once every 30 seconds
[2026-02-14T07:28:19.407+0000] {manager.py:471} INFO - Checking for new files in /opt/airflow/dags every 300 seconds
[2026-02-14T07:28:19.408+0000] {manager.py:738} INFO - Searching for files in /opt/airflow/dags
[2026-02-14T07:29:09.554+0000] {manager.py:451} INFO - Exiting gracefully upon receiving signal 15
[2026-02-14T07:29:09.777+0000] {manager.py:469} INFO - Processing files using up to 2 processes at a time 
[2026-02-14T07:29:09.778+0000] {manager.py:470} INFO - Process each file at most once every 30 seconds
[2026-02-14T07:29:09.778+0000] {manager.py:471} INFO - Checking for new files in /opt/airflow/dags every 300 seconds
[2026-02-14T07:29:09.779+0000] {manager.py:738} INFO - Searching for files in /opt/airflow/dags
[2026-02-14T07:29:59.923+0000] {manager.py:451} INFO - Exiting gracefully upon receiving signal 15
[2026-02-14T07:30:00.141+0000] {manager.py:469} INFO - Processing files using up to 2 processes at a time 
[2026-02-14T07:30:00.142+0000] {manager.py:470} INFO - Process each file at most once every 30 seconds
[2026-02-14T07:30:00.143+0000] {manager.py:471} INFO - Checking for new files in /opt/airflow/dags every 300 seconds
[2026-02-14T07:30:00.143+0000] {manager.py:738} INFO - Searching for files in /opt/airflow/dags
[2026-02-14T07:30:50.293+0000] {manager.py:451} INFO - Exiting gracefully upon receiving signal 15
[2026-02-14T07:30:50.555+0000] {manager.py:469} INFO - Processing files using up to 2 processes at a time 
[2026-02-14T07:30:50.557+0000] {manager.py:470} INFO - Process each file at most once every 30 seconds
[2026-02-14T07:30:50.558+0000] {manager.py:471} INFO - Checking for new files in /opt/airflow/dags every 300 seconds
[2026-02-14T07:30:50.559+0000] {manager.py:738} INFO - Searching for files in /opt/airflow/dags
[2026-02-14T07:31:40.732+0000] {manager.py:451} INFO - Exiting gracefully upon receiving signal 15
[2026-02-14T07:31:40.994+0000] {manager.py:469} INFO - Processing files using up to 2 processes at a time 
[2026-02-14T07:31:40.995+0000] {manager.py:470} INFO - Process each file at most once every 30 seconds
[2026-02-14T07:31:40.996+0000] {manager.py:471} INFO - Checking for new files in /opt/airflow/dags every 300 seconds
[2026-02-14T07:31:40.997+0000] {manager.py:738} INFO - Searching for files in /opt/airflow/dags
[2026-02-14T07:32:31.148+0000] {manager.py:451} INFO - Exiting gracefully upon receiving signal 15
[2026-02-14T07:32:31.363+0000] {manager.py:469} INFO - Processing files using up to 2 processes at a time 
[2026-02-14T07:32:31.364+0000] {manager.py:470} INFO - Process each file at most once every 30 seconds
[2026-02-14T07:32:31.364+0000] {manager.py:471} INFO - Checking for new files in /opt/airflow/dags every 300 seconds
[2026-02-14T07:32:31.365+0000] {manager.py:738} INFO - Searching for files in /opt/airflow/dags
[2026-02-14T07:33:10.694+0000] {manager.py:451} INFO - Exiting gracefully upon receiving signal 15
[2026-02-14T07:33:19.580+0000] {manager.py:469} INFO - Processing files using up to 2 processes at a time 
[2026-02-14T07:33:19.582+0000] {manager.py:470} INFO - Process each file at most once every 30 seconds
[2026-02-14T07:33:19.582+0000] {manager.py:471} INFO - Checking for new files in /opt/airflow/dags every 300 seconds
[2026-02-14T07:33:19.583+0000] {manager.py:738} INFO - Searching for files in /opt/airflow/dags
[2026-02-14T07:34:09.811+0000] {manager.py:451} INFO - Exiting gracefully upon receiving signal 15
[2026-02-14T07:34:10.031+0000] {manager.py:469} INFO - Processing files using up to 2 processes at a time 
[2026-02-14T07:34:10.032+0000] {manager.py:470} INFO - Process each file at most once every 30 seconds
[2026-02-14T07:34:10.033+0000] {manager.py:471} INFO - Checking for new files in /opt/airflow/dags every 300 seconds
[2026-02-14T07:34:10.033+0000] {manager.py:738} INFO - Searching for files in /opt/airflow/dags
[2026-02-14T07:35:00.208+0000] {manager.py:451} INFO - Exiting gracefully upon receiving signal 15
[2026-02-14T07:35:00.429+0000] {manager.py:469} INFO - Processing files using up to 2 processes at a time 
[2026-02-14T07:35:00.430+0000] {manager.py:470} INFO - Process each file at most once every 30 seconds
[2026-02-14T07:35:00.431+0000] {manager.py:471} INFO - Checking for new files in /opt/airflow/dags every 300 seconds
[2026-02-14T07:35:00.432+0000] {manager.py:738} INFO - Searching for files in /opt/airflow/dags
[2026-02-14T07:35:50.597+0000] {manager.py:451} INFO - Exiting gracefully upon receiving signal 15
[2026-02-14T07:35:50.813+0000] {manager.py:469} INFO - Processing files using up to 2 processes at a time 
[2026-02-14T07:35:50.814+0000] {manager.py:470} INFO - Process each file at most once every 30 seconds
[2026-02-14T07:35:50.815+0000] {manager.py:471} INFO - Checking for new files in /opt/airflow/dags every 300 seconds
[2026-02-14T07:35:50.816+0000] {manager.py:738} INFO - Searching for files in /opt/airflow/dags
[2026-02-14T07:36:40.975+0000] {manager.py:451} INFO - Exiting gracefully upon receiving signal 15
[2026-02-14T07:36:41.197+0000] {manager.py:469} INFO - Processing files using up to 2 processes at a time 
[2026-02-14T07:36:41.198+0000] {manager.py:470} INFO - Process each file at most once every 30 seconds
[2026-02-14T07:36:41.199+0000] {manager.py:471} INFO - Checking for new files in /opt/airflow/dags every 300 seconds
[2026-02-14T07:36:41.200+0000] {manager.py:738} INFO - Searching for files in /opt/airflow/dags
[2026-02-14T07:37:31.324+0000] {manager.py:451} INFO - Exiting gracefully upon receiving signal 15
[2026-02-14T07:37:31.548+0000] {manager.py:469} INFO - Processing files using up to 2 processes at a time 
[2026-02-14T07:37:31.549+0000] {manager.py:470} INFO - Process each file at most once every 30 seconds
[2026-02-14T07:37:31.550+0000] {manager.py:471} INFO - Checking for new files in /opt/airflow/dags every 300 seconds
[2026-02-14T07:37:31.551+0000] {manager.py:738} INFO - Searching for files in /opt/airflow/dags
[2026-02-14T07:38:21.683+0000] {manager.py:451} INFO - Exiting gracefully upon receiving signal 15
[2026-02-14T07:38:21.904+0000] {manager.py:469} INFO - Processing files using up to 2 processes at a time 
[2026-02-14T07:38:21.905+0000] {manager.py:470} INFO - Process each file at most once every 30 seconds
[2026-02-14T07:38:21.906+0000] {manager.py:471} INFO - Checking for new files in /opt/airflow/dags every 300 seconds
[2026-02-14T07:38:21.907+0000] {manager.py:738} INFO - Searching for files in /opt/airflow/dags
[2026-02-14T07:39:02.125+0000] {manager.py:451} INFO - Exiting gracefully upon receiving signal 15
[2026-02-14T07:39:52.704+0000] {manager.py:469} INFO - Processing files using up to 2 processes at a time 
[2026-02-14T07:39:52.705+0000] {manager.py:470} INFO - Process each file at most once every 30 seconds
[2026-02-14T07:39:52.707+0000] {manager.py:471} INFO - Checking for new files in /opt/airflow/dags every 300 seconds
[2026-02-14T07:39:52.707+0000] {manager.py:738} INFO - Searching for files in /opt/airflow/dags
[2026-02-14T07:40:42.942+0000] {manager.py:451} INFO - Exiting gracefully upon receiving signal 15
[2026-02-14T07:40:43.158+0000] {manager.py:469} INFO - Processing files using up to 2 processes at a time 
[2026-02-14T07:40:43.159+0000] {manager.py:470} INFO - Process each file at most once every 30 seconds
[2026-02-14T07:40:43.160+0000] {manager.py:471} INFO - Checking for new files in /opt/airflow/dags every 300 seconds
[2026-02-14T07:40:43.160+0000] {manager.py:738} INFO - Searching for files in /opt/airflow/dags
[2026-02-14T07:41:33.326+0000] {manager.py:451} INFO - Exiting gracefully upon receiving signal 15
[2026-02-14T07:41:33.583+0000] {manager.py:469} INFO - Processing files using up to 2 processes at a time 
[2026-02-14T07:41:33.585+0000] {manager.py:470} INFO - Process each file at most once every 30 seconds
[2026-02-14T07:41:33.585+0000] {manager.py:471} INFO - Checking for new files in /opt/airflow/dags every 300 seconds
[2026-02-14T07:41:33.586+0000] {manager.py:738} INFO - Searching for files in /opt/airflow/dags
[2026-02-14T07:42:23.723+0000] {manager.py:451} INFO - Exiting gracefully upon receiving signal 15
[2026-02-14T07:42:23.944+0000] {manager.py:469} INFO - Processing files using up to 2 processes at a time 
[2026-02-14T07:42:23.945+0000] {manager.py:470} INFO - Process each file at most once every 30 seconds
[2026-02-14T07:42:23.945+0000] {manager.py:471} INFO - Checking for new files in /opt/airflow/dags every 300 seconds
[2026-02-14T07:42:23.946+0000] {manager.py:738} INFO - Searching for files in /opt/airflow/dags
[2026-02-14T07:43:14.091+0000] {manager.py:451} INFO - Exiting gracefully upon receiving signal 15
[2026-02-14T07:43:14.306+0000] {manager.py:469} INFO - Processing files using up to 2 processes at a time 
[2026-02-14T07:43:14.307+0000] {manager.py:470} INFO - Process each file at most once every 30 seconds
[2026-02-14T07:43:14.308+0000] {manager.py:471} INFO - Checking for new files in /opt/airflow/dags every 300 seconds
[2026-02-14T07:43:14.309+0000] {manager.py:738} INFO - Searching for files in /opt/airflow/dags
[2026-02-14T07:44:04.427+0000] {manager.py:451} INFO - Exiting gracefully upon receiving signal 15
[2026-02-14T07:44:04.646+0000] {manager.py:469} INFO - Processing files using up to 2 processes at a time 
[2026-02-14T07:44:04.646+0000] {manager.py:470} INFO - Process each file at most once every 30 seconds
[2026-02-14T07:44:04.647+0000] {manager.py:471} INFO - Checking for new files in /opt/airflow/dags every 300 seconds
[2026-02-14T07:44:04.648+0000] {manager.py:738} INFO - Searching for files in /opt/airflow/dags
[2026-02-14T07:44:54.787+0000] {manager.py:451} INFO - Exiting gracefully upon receiving signal 15
[2026-02-14T07:44:55.047+0000] {manager.py:469} INFO - Processing files using up to 2 processes at a time 
[2026-02-14T07:44:55.048+0000] {manager.py:470} INFO - Process each file at most once every 30 seconds
[2026-02-14T07:44:55.049+0000] {manager.py:471} INFO - Checking for new files in /opt/airflow/dags every 300 seconds
[2026-02-14T07:44:55.050+0000] {manager.py:738} INFO - Searching for files in /opt/airflow/dags
[2026-02-14T07:45:26.179+0000] {manager.py:451} INFO - Exiting gracefully upon receiving signal 15
[2026-02-14T07:45:57.302+0000] {manager.py:469} INFO - Processing files using up to 2 processes at a time 
[2026-02-14T07:45:57.303+0000] {manager.py:470} INFO - Process each file at most once every 30 seconds
[2026-02-14T07:45:57.304+0000] {manager.py:471} INFO - Checking for new files in /opt/airflow/dags every 300 seconds
[2026-02-14T07:45:57.304+0000] {manager.py:738} INFO - Searching for files in /opt/airflow/dags
[2026-02-14T07:46:47.456+0000] {manager.py:451} INFO - Exiting gracefully upon receiving signal 15
[2026-02-14T07:46:47.675+0000] {manager.py:469} INFO - Processing files using up to 2 processes at a time 
[2026-02-14T07:46:47.676+0000] {manager.py:470} INFO - Process each file at most once every 30 seconds
[2026-02-14T07:46:47.676+0000] {manager.py:471} INFO - Checking for new files in /opt/airflow/dags every 300 seconds
[2026-02-14T07:46:47.677+0000] {manager.py:738} INFO - Searching for files in /opt/airflow/dags
[2026-02-14T07:47:37.835+0000] {manager.py:451} INFO - Exiting gracefully upon receiving signal 15
[2026-02-14T07:47:38.057+0000] {manager.py:469} INFO - Processing files using up to 2 processes at a time 
[2026-02-14T07:47:38.058+0000] {manager.py:470} INFO - Process each file at most once every 30 seconds
[2026-02-14T07:47:38.059+0000] {manager.py:471} INFO - Checking for new files in /opt/airflow/dags every 300 seconds
[2026-02-14T07:47:38.060+0000] {manager.py:738} INFO - Searching for files in /opt/airflow/dags
[2026-02-14T07:48:28.213+0000] {manager.py:451} INFO - Exiting gracefully upon receiving signal 15
[2026-02-14T07:48:28.432+0000] {manager.py:469} INFO - Processing files using up to 2 processes at a time 
[2026-02-14T07:48:28.433+0000] {manager.py:470} INFO - Process each file at most once every 30 seconds
[2026-02-14T07:48:28.434+0000] {manager.py:471} INFO - Checking for new files in /opt/airflow/dags every 300 seconds
[2026-02-14T07:48:28.434+0000] {manager.py:738} INFO - Searching for files in /opt/airflow/dags
[2026-02-14T07:49:18.604+0000] {manager.py:451} INFO - Exiting gracefully upon receiving signal 15
[2026-02-14T07:49:18.823+0000] {manager.py:469} INFO - Processing files using up to 2 processes at a time 
[2026-02-14T07:49:18.825+0000] {manager.py:470} INFO - Process each file at most once every 30 seconds
[2026-02-14T07:49:18.826+0000] {manager.py:471} INFO - Checking for new files in /opt/airflow/dags every 300 seconds
[2026-02-14T07:49:18.827+0000] {manager.py:738} INFO - Searching for files in /opt/airflow/dags
[2026-02-14T07:49:45.354+0000] {manager.py:451} INFO - Exiting gracefully upon receiving signal 15
[2026-02-14T07:50:35.014+0000] {manager.py:469} INFO - Processing files using up to 2 processes at a time 
[2026-02-14T07:50:35.015+0000] {manager.py:470} INFO - Process each file at most once every 30 seconds
[2026-02-14T07:50:35.016+0000] {manager.py:471} INFO - Checking for new files in /opt/airflow/dags every 300 seconds
[2026-02-14T07:50:35.017+0000] {manager.py:738} INFO - Searching for files in /opt/airflow/dags
[2026-02-14T07:51:25.212+0000] {manager.py:451} INFO - Exiting gracefully upon receiving signal 15
[2026-02-14T07:51:25.427+0000] {manager.py:469} INFO - Processing files using up to 2 processes at a time 
[2026-02-14T07:51:25.429+0000] {manager.py:470} INFO - Process each file at most once every 30 seconds
[2026-02-14T07:51:25.429+0000] {manager.py:471} INFO - Checking for new files in /opt/airflow/dags every 300 seconds
[2026-02-14T07:51:25.430+0000] {manager.py:738} INFO - Searching for files in /opt/airflow/dags
[2026-02-14T07:52:15.596+0000] {manager.py:451} INFO - Exiting gracefully upon receiving signal 15
[2026-02-14T07:52:15.812+0000] {manager.py:469} INFO - Processing files using up to 2 processes at a time 
[2026-02-14T07:52:15.813+0000] {manager.py:470} INFO - Process each file at most once every 30 seconds
[2026-02-14T07:52:15.813+0000] {manager.py:471} INFO - Checking for new files in /opt/airflow/dags every 300 seconds
[2026-02-14T07:52:15.814+0000] {manager.py:738} INFO - Searching for files in /opt/airflow/dags
[2026-02-14T07:53:05.969+0000] {manager.py:451} INFO - Exiting gracefully upon receiving signal 15
[2026-02-14T07:53:06.194+0000] {manager.py:469} INFO - Processing files using up to 2 processes at a time 
[2026-02-14T07:53:06.195+0000] {manager.py:470} INFO - Process each file at most once every 30 seconds
[2026-02-14T07:53:06.196+0000] {manager.py:471} INFO - Checking for new files in /opt/airflow/dags every 300 seconds
[2026-02-14T07:53:06.196+0000] {manager.py:738} INFO - Searching for files in /opt/airflow/dags
[2026-02-14T07:53:56.352+0000] {manager.py:451} INFO - Exiting gracefully upon receiving signal 15
[2026-02-14T07:53:56.573+0000] {manager.py:469} INFO - Processing files using up to 2 processes at a time 
[2026-02-14T07:53:56.574+0000] {manager.py:470} INFO - Process each file at most once every 30 seconds
[2026-02-14T07:53:56.575+0000] {manager.py:471} INFO - Checking for new files in /opt/airflow/dags every 300 seconds
[2026-02-14T07:53:56.575+0000] {manager.py:738} INFO - Searching for files in /opt/airflow/dags
[2026-02-14T07:54:24.865+0000] {manager.py:451} INFO - Exiting gracefully upon receiving signal 15
[2026-02-14T07:55:02.243+0000] {manager.py:469} INFO - Processing files using up to 2 processes at a time 
[2026-02-14T07:55:02.244+0000] {manager.py:470} INFO - Process each file at most once every 30 seconds
[2026-02-14T07:55:02.245+0000] {manager.py:471} INFO - Checking for new files in /opt/airflow/dags every 300 seconds
[2026-02-14T07:55:02.245+0000] {manager.py:738} INFO - Searching for files in /opt/airflow/dags
[2026-02-14T07:55:52.376+0000] {manager.py:451} INFO - Exiting gracefully upon receiving signal 15
[2026-02-14T07:55:52.597+0000] {manager.py:469} INFO - Processing files using up to 2 processes at a time 
[2026-02-14T07:55:52.598+0000] {manager.py:470} INFO - Process each file at most once every 30 seconds
[2026-02-14T07:55:52.599+0000] {manager.py:471} INFO - Checking for new files in /opt/airflow/dags every 300 seconds
[2026-02-14T07:55:52.601+0000] {manager.py:738} INFO - Searching for files in /opt/airflow/dags
[2026-02-14T07:56:42.755+0000] {manager.py:451} INFO - Exiting gracefully upon receiving signal 15
[2026-02-14T07:56:42.973+0000] {manager.py:469} INFO - Processing files using up to 2 processes at a time 
[2026-02-14T07:56:42.975+0000] {manager.py:470} INFO - Process each file at most once every 30 seconds
[2026-02-14T07:56:42.975+0000] {manager.py:471} INFO - Checking for new files in /opt/airflow/dags every 300 seconds
[2026-02-14T07:56:42.976+0000] {manager.py:738} INFO - Searching for files in /opt/airflow/dags
[2026-02-14T07:57:33.111+0000] {manager.py:451} INFO - Exiting gracefully upon receiving signal 15
[2026-02-14T07:57:33.338+0000] {manager.py:469} INFO - Processing files using up to 2 processes at a time 
[2026-02-14T07:57:33.339+0000] {manager.py:470} INFO - Process each file at most once every 30 seconds
[2026-02-14T07:57:33.340+0000] {manager.py:471} INFO - Checking for new files in /opt/airflow/dags every 300 seconds
[2026-02-14T07:57:33.340+0000] {manager.py:738} INFO - Searching for files in /opt/airflow/dags
[2026-02-14T07:58:23.494+0000] {manager.py:451} INFO - Exiting gracefully upon receiving signal 15
[2026-02-14T07:58:23.713+0000] {manager.py:469} INFO - Processing files using up to 2 processes at a time 
[2026-02-14T07:58:23.714+0000] {manager.py:470} INFO - Process each file at most once every 30 seconds
[2026-02-14T07:58:23.715+0000] {manager.py:471} INFO - Checking for new files in /opt/airflow/dags every 300 seconds
[2026-02-14T07:58:23.715+0000] {manager.py:738} INFO - Searching for files in /opt/airflow/dags
[2026-02-14T07:58:49.389+0000] {manager.py:451} INFO - Exiting gracefully upon receiving signal 15
[2026-02-14T07:58:58.153+0000] {manager.py:469} INFO - Processing files using up to 2 processes at a time 
[2026-02-14T07:58:58.155+0000] {manager.py:470} INFO - Process each file at most once every 30 seconds
[2026-02-14T07:58:58.156+0000] {manager.py:471} INFO - Checking for new files in /opt/airflow/dags every 300 seconds
[2026-02-14T07:58:58.156+0000] {manager.py:738} INFO - Searching for files in /opt/airflow/dags
[2026-02-14T07:59:48.354+0000] {manager.py:451} INFO - Exiting gracefully upon receiving signal 15
[2026-02-14T07:59:48.575+0000] {manager.py:469} INFO - Processing files using up to 2 processes at a time 
[2026-02-14T07:59:48.577+0000] {manager.py:470} INFO - Process each file at most once every 30 seconds
[2026-02-14T07:59:48.578+0000] {manager.py:471} INFO - Checking for new files in /opt/airflow/dags every 300 seconds
[2026-02-14T07:59:48.578+0000] {manager.py:738} INFO - Searching for files in /opt/airflow/dags
[2026-02-14T08:00:38.724+0000] {manager.py:451} INFO - Exiting gracefully upon receiving signal 15
[2026-02-14T08:00:38.943+0000] {manager.py:469} INFO - Processing files using up to 2 processes at a time 
[2026-02-14T08:00:38.944+0000] {manager.py:470} INFO - Process each file at most once every 30 seconds
[2026-02-14T08:00:38.945+0000] {manager.py:471} INFO - Checking for new files in /opt/airflow/dags every 300 seconds
[2026-02-14T08:00:38.946+0000] {manager.py:738} INFO - Searching for files in /opt/airflow/dags
[2026-02-14T08:01:29.066+0000] {manager.py:451} INFO - Exiting gracefully upon receiving signal 15
[2026-02-14T08:01:29.285+0000] {manager.py:469} INFO - Processing files using up to 2 processes at a time 
[2026-02-14T08:01:29.286+0000] {manager.py:470} INFO - Process each file at most once every 30 seconds
[2026-02-14T08:01:29.287+0000] {manager.py:471} INFO - Checking for new files in /opt/airflow/dags every 300 seconds
[2026-02-14T08:01:29.287+0000] {manager.py:738} INFO - Searching for files in /opt/airflow/dags
[2026-02-14T08:02:19.439+0000] {manager.py:451} INFO - Exiting gracefully upon receiving signal 15
[2026-02-14T08:02:19.661+0000] {manager.py:469} INFO - Processing files using up to 2 processes at a time 
[2026-02-14T08:02:19.662+0000] {manager.py:470} INFO - Process each file at most once every 30 seconds
[2026-02-14T08:02:19.662+0000] {manager.py:471} INFO - Checking for new files in /opt/airflow/dags every 300 seconds
[2026-02-14T08:02:19.663+0000] {manager.py:738} INFO - Searching for files in /opt/airflow/dags
[2026-02-14T08:03:09.801+0000] {manager.py:451} INFO - Exiting gracefully upon receiving signal 15
[2026-02-14T08:03:10.024+0000] {manager.py:469} INFO - Processing files using up to 2 processes at a time 
[2026-02-14T08:03:10.025+0000] {manager.py:470} INFO - Process each file at most once every 30 seconds
[2026-02-14T08:03:10.026+0000] {manager.py:471} INFO - Checking for new files in /opt/airflow/dags every 300 seconds
[2026-02-14T08:03:10.026+0000] {manager.py:738} INFO - Searching for files in /opt/airflow/dags
[2026-02-14T08:04:00.137+0000] {manager.py:451} INFO - Exiting gracefully upon receiving signal 15
[2026-02-14T08:04:00.357+0000] {manager.py:469} INFO - Processing files using up to 2 processes at a time 
[2026-02-14T08:04:00.358+0000] {manager.py:470} INFO - Process each file at most once every 30 seconds
[2026-02-14T08:04:00.358+0000] {manager.py:471} INFO - Checking for new files in /opt/airflow/dags every 300 seconds
[2026-02-14T08:04:00.359+0000] {manager.py:738} INFO - Searching for files in /opt/airflow/dags
[2026-02-14T08:04:50.477+0000] {manager.py:451} INFO - Exiting gracefully upon receiving signal 15
[2026-02-14T08:04:50.740+0000] {manager.py:469} INFO - Processing files using up to 2 processes at a time 
[2026-02-14T08:04:50.741+0000] {manager.py:470} INFO - Process each file at most once every 30 seconds
[2026-02-14T08:04:50.741+0000] {manager.py:471} INFO - Checking for new files in /opt/airflow/dags every 300 seconds
[2026-02-14T08:04:50.742+0000] {manager.py:738} INFO - Searching for files in /opt/airflow/dags
[2026-02-14T08:05:40.847+0000] {manager.py:451} INFO - Exiting gracefully upon receiving signal 15
[2026-02-14T08:05:41.067+0000] {manager.py:469} INFO - Processing files using up to 2 processes at a time 
[2026-02-14T08:05:41.068+0000] {manager.py:470} INFO - Process each file at most once every 30 seconds
[2026-02-14T08:05:41.069+0000] {manager.py:471} INFO - Checking for new files in /opt/airflow/dags every 300 seconds
[2026-02-14T08:05:41.070+0000] {manager.py:738} INFO - Searching for files in /opt/airflow/dags
[2026-02-14T08:06:31.148+0000] {manager.py:451} INFO - Exiting gracefully upon receiving signal 15
[2026-02-14T08:06:31.366+0000] {manager.py:469} INFO - Processing files using up to 2 processes at a time 
[2026-02-14T08:06:31.367+0000] {manager.py:470} INFO - Process each file at most once every 30 seconds
[2026-02-14T08:06:31.367+0000] {manager.py:471} INFO - Checking for new files in /opt/airflow/dags every 300 seconds
[2026-02-14T08:06:31.368+0000] {manager.py:738} INFO - Searching for files in /opt/airflow/dags
[2026-02-14T08:07:21.487+0000] {manager.py:451} INFO - Exiting gracefully upon receiving signal 15
[2026-02-14T08:07:21.819+0000] {manager.py:469} INFO - Processing files using up to 2 processes at a time 
[2026-02-14T08:07:21.820+0000] {manager.py:470} INFO - Process each file at most once every 30 seconds
[2026-02-14T08:07:21.821+0000] {manager.py:471} INFO - Checking for new files in /opt/airflow/dags every 300 seconds
[2026-02-14T08:07:21.822+0000] {manager.py:738} INFO - Searching for files in /opt/airflow/dags
[2026-02-14T08:08:11.915+0000] {manager.py:451} INFO - Exiting gracefully upon receiving signal 15
[2026-02-14T08:08:12.130+0000] {manager.py:469} INFO - Processing files using up to 2 processes at a time 
[2026-02-14T08:08:12.130+0000] {manager.py:470} INFO - Process each file at most once every 30 seconds
[2026-02-14T08:08:12.131+0000] {manager.py:471} INFO - Checking for new files in /opt/airflow/dags every 300 seconds
[2026-02-14T08:08:12.132+0000] {manager.py:738} INFO - Searching for files in /opt/airflow/dags
[2026-02-14T08:09:02.290+0000] {manager.py:451} INFO - Exiting gracefully upon receiving signal 15
[2026-02-14T08:09:02.507+0000] {manager.py:469} INFO - Processing files using up to 2 processes at a time 
[2026-02-14T08:09:02.507+0000] {manager.py:470} INFO - Process each file at most once every 30 seconds
[2026-02-14T08:09:02.508+0000] {manager.py:471} INFO - Checking for new files in /opt/airflow/dags every 300 seconds
[2026-02-14T08:09:02.509+0000] {manager.py:738} INFO - Searching for files in /opt/airflow/dags
[2026-02-14T08:09:52.643+0000] {manager.py:451} INFO - Exiting gracefully upon receiving signal 15
[2026-02-14T08:09:52.866+0000] {manager.py:469} INFO - Processing files using up to 2 processes at a time 
[2026-02-14T08:09:52.867+0000] {manager.py:470} INFO - Process each file at most once every 30 seconds
[2026-02-14T08:09:52.868+0000] {manager.py:471} INFO - Checking for new files in /opt/airflow/dags every 300 seconds
[2026-02-14T08:09:52.868+0000] {manager.py:738} INFO - Searching for files in /opt/airflow/dags
[2026-02-14T17:53:45.576+0000] {manager.py:451} INFO - Exiting gracefully upon receiving signal 15
[2026-02-14T17:53:46.518+0000] {manager.py:469} INFO - Processing files using up to 2 processes at a time 
[2026-02-14T17:53:46.529+0000] {manager.py:470} INFO - Process each file at most once every 30 seconds
[2026-02-14T17:53:46.536+0000] {manager.py:471} INFO - Checking for new files in /opt/airflow/dags every 300 seconds
[2026-02-14T17:53:46.539+0000] {manager.py:738} INFO - Searching for files in /opt/airflow/dags
[2026-02-14T17:54:36.426+0000] {manager.py:451} INFO - Exiting gracefully upon receiving signal 15
[2026-02-14T17:54:36.864+0000] {manager.py:469} INFO - Processing files using up to 2 processes at a time 
[2026-02-14T17:54:36.866+0000] {manager.py:470} INFO - Process each file at most once every 30 seconds
[2026-02-14T17:54:36.867+0000] {manager.py:471} INFO - Checking for new files in /opt/airflow/dags every 300 seconds
[2026-02-14T17:54:36.868+0000] {manager.py:738} INFO - Searching for files in /opt/airflow/dags
[2026-02-14T17:55:27.154+0000] {manager.py:451} INFO - Exiting gracefully upon receiving signal 15
[2026-02-14T17:55:27.569+0000] {manager.py:469} INFO - Processing files using up to 2 processes at a time 
[2026-02-14T17:55:27.571+0000] {manager.py:470} INFO - Process each file at most once every 30 seconds
[2026-02-14T17:55:27.572+0000] {manager.py:471} INFO - Checking for new files in /opt/airflow/dags every 300 seconds
[2026-02-14T17:55:27.573+0000] {manager.py:738} INFO - Searching for files in /opt/airflow/dags
[2026-02-14T17:56:17.800+0000] {manager.py:451} INFO - Exiting gracefully upon receiving signal 15
[2026-02-14T17:56:18.316+0000] {manager.py:469} INFO - Processing files using up to 2 processes at a time 
[2026-02-14T17:56:18.318+0000] {manager.py:470} INFO - Process each file at most once every 30 seconds
[2026-02-14T17:56:18.319+0000] {manager.py:471} INFO - Checking for new files in /opt/airflow/dags every 300 seconds
[2026-02-14T17:56:18.320+0000] {manager.py:738} INFO - Searching for files in /opt/airflow/dags
[2026-02-14T17:57:08.616+0000] {manager.py:451} INFO - Exiting gracefully upon receiving signal 15
[2026-02-14T17:57:09.036+0000] {manager.py:469} INFO - Processing files using up to 2 processes at a time 
[2026-02-14T17:57:09.038+0000] {manager.py:470} INFO - Process each file at most once every 30 seconds
[2026-02-14T17:57:09.040+0000] {manager.py:471} INFO - Checking for new files in /opt/airflow/dags every 300 seconds
[2026-02-14T17:57:09.041+0000] {manager.py:738} INFO - Searching for files in /opt/airflow/dags
[2026-02-14T17:57:59.373+0000] {manager.py:451} INFO - Exiting gracefully upon receiving signal 15
[2026-02-14T17:57:59.851+0000] {manager.py:469} INFO - Processing files using up to 2 processes at a time 
[2026-02-14T17:57:59.854+0000] {manager.py:470} INFO - Process each file at most once every 30 seconds
[2026-02-14T17:57:59.859+0000] {manager.py:471} INFO - Checking for new files in /opt/airflow/dags every 300 seconds
[2026-02-14T17:57:59.863+0000] {manager.py:738} INFO - Searching for files in /opt/airflow/dags
[2026-02-14T17:58:44.713+0000] {manager.py:451} INFO - Exiting gracefully upon receiving signal 15
[2026-02-14T17:59:00.726+0000] {manager.py:469} INFO - Processing files using up to 2 processes at a time 
[2026-02-14T17:59:00.728+0000] {manager.py:470} INFO - Process each file at most once every 30 seconds
[2026-02-14T17:59:00.730+0000] {manager.py:471} INFO - Checking for new files in /opt/airflow/dags every 300 seconds
[2026-02-14T17:59:00.732+0000] {manager.py:738} INFO - Searching for files in /opt/airflow/dags
[2026-02-14T17:59:50.666+0000] {manager.py:451} INFO - Exiting gracefully upon receiving signal 15
[2026-02-14T17:59:51.085+0000] {manager.py:469} INFO - Processing files using up to 2 processes at a time 
[2026-02-14T17:59:51.087+0000] {manager.py:470} INFO - Process each file at most once every 30 seconds
[2026-02-14T17:59:51.089+0000] {manager.py:471} INFO - Checking for new files in /opt/airflow/dags every 300 seconds
[2026-02-14T17:59:51.090+0000] {manager.py:738} INFO - Searching for files in /opt/airflow/dags
[2026-02-14T18:00:41.598+0000] {manager.py:451} INFO - Exiting gracefully upon receiving signal 15
[2026-02-14T18:00:42.032+0000] {manager.py:469} INFO - Processing files using up to 2 processes at a time 
[2026-02-14T18:00:42.034+0000] {manager.py:470} INFO - Process each file at most once every 30 seconds
[2026-02-14T18:00:42.036+0000] {manager.py:471} INFO - Checking for new files in /opt/airflow/dags every 300 seconds
[2026-02-14T18:00:42.037+0000] {manager.py:738} INFO - Searching for files in /opt/airflow/dags
[2026-02-14T18:01:05.479+0000] {manager.py:451} INFO - Exiting gracefully upon receiving signal 15
[2026-02-14T18:01:21.446+0000] {manager.py:469} INFO - Processing files using up to 2 processes at a time 
[2026-02-14T18:01:21.448+0000] {manager.py:470} INFO - Process each file at most once every 30 seconds
[2026-02-14T18:01:21.450+0000] {manager.py:471} INFO - Checking for new files in /opt/airflow/dags every 300 seconds
[2026-02-14T18:01:21.452+0000] {manager.py:738} INFO - Searching for files in /opt/airflow/dags
[2026-02-14T18:02:11.552+0000] {manager.py:451} INFO - Exiting gracefully upon receiving signal 15
[2026-02-14T18:02:12.002+0000] {manager.py:469} INFO - Processing files using up to 2 processes at a time 
[2026-02-14T18:02:12.004+0000] {manager.py:470} INFO - Process each file at most once every 30 seconds
[2026-02-14T18:02:12.005+0000] {manager.py:471} INFO - Checking for new files in /opt/airflow/dags every 300 seconds
[2026-02-14T18:02:12.007+0000] {manager.py:738} INFO - Searching for files in /opt/airflow/dags
[2026-02-14T18:03:02.308+0000] {manager.py:451} INFO - Exiting gracefully upon receiving signal 15
[2026-02-14T18:03:02.727+0000] {manager.py:469} INFO - Processing files using up to 2 processes at a time 
[2026-02-14T18:03:02.729+0000] {manager.py:470} INFO - Process each file at most once every 30 seconds
[2026-02-14T18:03:02.730+0000] {manager.py:471} INFO - Checking for new files in /opt/airflow/dags every 300 seconds
[2026-02-14T18:03:02.732+0000] {manager.py:738} INFO - Searching for files in /opt/airflow/dags
[2026-02-14T18:03:53.027+0000] {manager.py:451} INFO - Exiting gracefully upon receiving signal 15
[2026-02-14T18:03:53.446+0000] {manager.py:469} INFO - Processing files using up to 2 processes at a time 
[2026-02-14T18:03:53.448+0000] {manager.py:470} INFO - Process each file at most once every 30 seconds
[2026-02-14T18:03:53.449+0000] {manager.py:471} INFO - Checking for new files in /opt/airflow/dags every 300 seconds
[2026-02-14T18:03:53.451+0000] {manager.py:738} INFO - Searching for files in /opt/airflow/dags
[2026-02-14T18:05:39.465+0000] {manager.py:451} INFO - Exiting gracefully upon receiving signal 15
[2026-02-14T18:05:39.964+0000] {manager.py:469} INFO - Processing files using up to 2 processes at a time 
[2026-02-14T18:05:39.966+0000] {manager.py:470} INFO - Process each file at most once every 30 seconds
[2026-02-14T18:05:39.967+0000] {manager.py:471} INFO - Checking for new files in /opt/airflow/dags every 300 seconds
[2026-02-14T18:05:39.969+0000] {manager.py:738} INFO - Searching for files in /opt/airflow/dags
[2026-02-14T18:06:30.239+0000] {manager.py:451} INFO - Exiting gracefully upon receiving signal 15
[2026-02-14T18:06:30.616+0000] {manager.py:469} INFO - Processing files using up to 2 processes at a time 
[2026-02-14T18:06:30.618+0000] {manager.py:470} INFO - Process each file at most once every 30 seconds
[2026-02-14T18:06:30.619+0000] {manager.py:471} INFO - Checking for new files in /opt/airflow/dags every 300 seconds
[2026-02-14T18:06:30.621+0000] {manager.py:738} INFO - Searching for files in /opt/airflow/dags
[2026-02-14T18:07:20.684+0000] {manager.py:451} INFO - Exiting gracefully upon receiving signal 15
[2026-02-14T18:07:21.108+0000] {manager.py:469} INFO - Processing files using up to 2 processes at a time 
[2026-02-14T18:07:21.110+0000] {manager.py:470} INFO - Process each file at most once every 30 seconds
[2026-02-14T18:07:21.111+0000] {manager.py:471} INFO - Checking for new files in /opt/airflow/dags every 300 seconds
[2026-02-14T18:07:21.112+0000] {manager.py:738} INFO - Searching for files in /opt/airflow/dags
[2026-02-14T18:08:11.294+0000] {manager.py:451} INFO - Exiting gracefully upon receiving signal 15
[2026-02-14T18:08:11.719+0000] {manager.py:469} INFO - Processing files using up to 2 processes at a time 
[2026-02-14T18:08:11.721+0000] {manager.py:470} INFO - Process each file at most once every 30 seconds
[2026-02-14T18:08:11.722+0000] {manager.py:471} INFO - Checking for new files in /opt/airflow/dags every 300 seconds
[2026-02-14T18:08:11.724+0000] {manager.py:738} INFO - Searching for files in /opt/airflow/dags
[2026-02-14T18:08:12.775+0000] {manager.py:451} INFO - Exiting gracefully upon receiving signal 15
[2026-02-14T18:09:17.167+0000] {manager.py:469} INFO - Processing files using up to 2 processes at a time 
[2026-02-14T18:09:17.169+0000] {manager.py:470} INFO - Process each file at most once every 30 seconds
[2026-02-14T18:09:17.170+0000] {manager.py:471} INFO - Checking for new files in /opt/airflow/dags every 300 seconds
[2026-02-14T18:09:17.171+0000] {manager.py:738} INFO - Searching for files in /opt/airflow/dags
[2026-02-14T18:09:17.206+0000] {manager.py:741} INFO - There are 2 files in /opt/airflow/dags
[2026-02-14T18:09:21.478+0000] {manager.py:879} INFO - 
================================================================================
DAG File Processing Stats

File Path                             PID  Runtime      # DAGs    # Errors  Last Runtime    Last Run
----------------------------------  -----  ---------  --------  ----------  --------------  -------------------
/opt/airflow/dags/sec_edgar_dag.py    200  0.05s             0           0
/opt/airflow/dags/test_dag.py                                1           0  4.14s           2026-02-14T18:09:21
================================================================================
[2026-02-14T18:09:51.814+0000] {manager.py:879} INFO - 
================================================================================
DAG File Processing Stats

File Path                             PID  Runtime      # DAGs    # Errors  Last Runtime    Last Run
----------------------------------  -----  ---------  --------  ----------  --------------  -------------------
/opt/airflow/dags/sec_edgar_dag.py    214  0.02s             0           1  0.21s           2026-02-14T18:09:21
/opt/airflow/dags/test_dag.py         211  0.07s             1           0  4.14s           2026-02-14T18:09:21
================================================================================
[2026-02-14T18:10:22.307+0000] {manager.py:879} INFO - 
================================================================================
DAG File Processing Stats

File Path                             PID  Runtime      # DAGs    # Errors  Last Runtime    Last Run
----------------------------------  -----  ---------  --------  ----------  --------------  -------------------
/opt/airflow/dags/sec_edgar_dag.py    230  0.01s             0           1  0.21s           2026-02-14T18:09:51
/opt/airflow/dags/test_dag.py         227  0.04s             1           0  0.28s           2026-02-14T18:09:52
================================================================================
[2026-02-14T18:10:53.262+0000] {manager.py:879} INFO - 
================================================================================
DAG File Processing Stats

File Path                             PID  Runtime      # DAGs    # Errors  Last Runtime    Last Run
----------------------------------  -----  ---------  --------  ----------  --------------  -------------------
/opt/airflow/dags/sec_edgar_dag.py    247  0.01s             0           1  0.19s           2026-02-14T18:10:22
/opt/airflow/dags/test_dag.py         244  0.04s             1           0  0.24s           2026-02-14T18:10:22
================================================================================
[2026-02-14T18:11:23.725+0000] {manager.py:879} INFO - 
================================================================================
DAG File Processing Stats

File Path                             PID  Runtime      # DAGs    # Errors  Last Runtime    Last Run
----------------------------------  -----  ---------  --------  ----------  --------------  -------------------
/opt/airflow/dags/sec_edgar_dag.py    263  0.01s             0           1  0.18s           2026-02-14T18:10:53
/opt/airflow/dags/test_dag.py         260  0.03s             1           0  0.24s           2026-02-14T18:10:53
================================================================================
[2026-02-14T18:11:54.175+0000] {manager.py:879} INFO - 
================================================================================
DAG File Processing Stats

File Path                             PID  Runtime      # DAGs    # Errors  Last Runtime    Last Run
----------------------------------  -----  ---------  --------  ----------  --------------  -------------------
/opt/airflow/dags/sec_edgar_dag.py    298  0.01s             0           1  0.16s           2026-02-14T18:11:23
/opt/airflow/dags/test_dag.py         295  0.04s             1           0  0.20s           2026-02-14T18:11:23
================================================================================
[2026-02-14T18:12:24.597+0000] {manager.py:879} INFO - 
================================================================================
DAG File Processing Stats

File Path                             PID  Runtime      # DAGs    # Errors  Last Runtime    Last Run
----------------------------------  -----  ---------  --------  ----------  --------------  -------------------
/opt/airflow/dags/sec_edgar_dag.py    320  0.01s             0           1  0.11s           2026-02-14T18:11:54
/opt/airflow/dags/test_dag.py         317  0.04s             1           0  0.15s           2026-02-14T18:11:54
================================================================================
[2026-02-14T18:12:55.037+0000] {manager.py:879} INFO - 
================================================================================
DAG File Processing Stats

File Path                             PID  Runtime      # DAGs    # Errors  Last Runtime    Last Run
----------------------------------  -----  ---------  --------  ----------  --------------  -------------------
/opt/airflow/dags/sec_edgar_dag.py    349  0.01s             0           1  0.13s           2026-02-14T18:12:24
/opt/airflow/dags/test_dag.py         346  0.05s             1           0  0.20s           2026-02-14T18:12:24
================================================================================
[2026-02-14T18:13:25.495+0000] {manager.py:879} INFO - 
================================================================================
DAG File Processing Stats

File Path                             PID  Runtime      # DAGs    # Errors  Last Runtime    Last Run
----------------------------------  -----  ---------  --------  ----------  --------------  -------------------
/opt/airflow/dags/sec_edgar_dag.py    365  0.01s             0           1  0.16s           2026-02-14T18:12:55
/opt/airflow/dags/test_dag.py         362  0.05s             1           0  0.21s           2026-02-14T18:12:55
================================================================================
[2026-02-14T18:15:12.991+0000] {manager.py:879} INFO - 
================================================================================
DAG File Processing Stats

File Path                             PID  Runtime      # DAGs    # Errors  Last Runtime    Last Run
----------------------------------  -----  ---------  --------  ----------  --------------  -------------------
/opt/airflow/dags/sec_edgar_dag.py    382  0.03s             0           1  0.18s           2026-02-14T18:13:25
/opt/airflow/dags/test_dag.py         378  0.24s             1           0  0.23s           2026-02-14T18:13:25
================================================================================
[2026-02-14T18:15:13.023+0000] {manager.py:738} INFO - Searching for files in /opt/airflow/dags
[2026-02-14T18:15:13.231+0000] {manager.py:741} INFO - There are 2 files in /opt/airflow/dags
[2026-02-14T18:23:15.057+0000] {manager.py:738} INFO - Searching for files in /opt/airflow/dags
[2026-02-14T18:23:15.116+0000] {manager.py:741} INFO - There are 2 files in /opt/airflow/dags
[2026-02-14T18:23:39.580+0000] {manager.py:879} INFO - 
================================================================================
DAG File Processing Stats

File Path                           PID    Runtime      # DAGs    # Errors  Last Runtime    Last Run
----------------------------------  -----  ---------  --------  ----------  --------------  -------------------
/opt/airflow/dags/sec_edgar_dag.py                           0           1  0.21s           2026-02-14T18:23:15
/opt/airflow/dags/test_dag.py                                1           0  0.27s           2026-02-14T18:23:15
================================================================================
[2026-02-14T18:24:10.016+0000] {manager.py:879} INFO - 
================================================================================
DAG File Processing Stats

File Path                           PID    Runtime      # DAGs    # Errors  Last Runtime    Last Run
----------------------------------  -----  ---------  --------  ----------  --------------  -------------------
/opt/airflow/dags/sec_edgar_dag.py                           0           1  0.17s           2026-02-14T18:23:45
/opt/airflow/dags/test_dag.py                                1           0  0.21s           2026-02-14T18:23:45
================================================================================
[2026-02-14T18:24:40.441+0000] {manager.py:879} INFO - 
================================================================================
DAG File Processing Stats

File Path                           PID    Runtime      # DAGs    # Errors  Last Runtime    Last Run
----------------------------------  -----  ---------  --------  ----------  --------------  -------------------
/opt/airflow/dags/sec_edgar_dag.py                           0           1  0.16s           2026-02-14T18:24:16
/opt/airflow/dags/test_dag.py                                1           0  0.21s           2026-02-14T18:24:16
================================================================================
[2026-02-14T18:25:10.884+0000] {manager.py:879} INFO - 
================================================================================
DAG File Processing Stats

File Path                           PID    Runtime      # DAGs    # Errors  Last Runtime    Last Run
----------------------------------  -----  ---------  --------  ----------  --------------  -------------------
/opt/airflow/dags/sec_edgar_dag.py                           0           1  0.17s           2026-02-14T18:24:46
/opt/airflow/dags/test_dag.py                                1           0  0.22s           2026-02-14T18:24:46
================================================================================
[2026-02-14T18:25:41.324+0000] {manager.py:879} INFO - 
================================================================================
DAG File Processing Stats

File Path                           PID    Runtime      # DAGs    # Errors  Last Runtime    Last Run
----------------------------------  -----  ---------  --------  ----------  --------------  -------------------
/opt/airflow/dags/sec_edgar_dag.py                           0           1  0.17s           2026-02-14T18:25:17
/opt/airflow/dags/test_dag.py                                1           0  0.21s           2026-02-14T18:25:17
================================================================================
[2026-02-14T18:26:11.803+0000] {manager.py:879} INFO - 
================================================================================
DAG File Processing Stats

File Path                           PID    Runtime      # DAGs    # Errors  Last Runtime    Last Run
----------------------------------  -----  ---------  --------  ----------  --------------  -------------------
/opt/airflow/dags/sec_edgar_dag.py                           0           1  0.19s           2026-02-14T18:25:47
/opt/airflow/dags/test_dag.py                                1           0  0.24s           2026-02-14T18:25:47
================================================================================
[2026-02-14T18:26:42.268+0000] {manager.py:879} INFO - 
================================================================================
DAG File Processing Stats

File Path                           PID    Runtime      # DAGs    # Errors  Last Runtime    Last Run
----------------------------------  -----  ---------  --------  ----------  --------------  -------------------
/opt/airflow/dags/sec_edgar_dag.py                           0           1  0.15s           2026-02-14T18:26:18
/opt/airflow/dags/test_dag.py                                1           0  0.20s           2026-02-14T18:26:18
================================================================================
[2026-02-14T18:27:12.721+0000] {manager.py:879} INFO - 
================================================================================
DAG File Processing Stats

File Path                           PID    Runtime      # DAGs    # Errors  Last Runtime    Last Run
----------------------------------  -----  ---------  --------  ----------  --------------  -------------------
/opt/airflow/dags/sec_edgar_dag.py                           0           1  0.17s           2026-02-14T18:26:48
/opt/airflow/dags/test_dag.py                                1           0  0.21s           2026-02-14T18:26:48
================================================================================
[2026-02-14T18:27:43.193+0000] {manager.py:879} INFO - 
================================================================================
DAG File Processing Stats

File Path                           PID    Runtime      # DAGs    # Errors  Last Runtime    Last Run
----------------------------------  -----  ---------  --------  ----------  --------------  -------------------
/opt/airflow/dags/sec_edgar_dag.py                           0           1  0.19s           2026-02-14T18:27:18
/opt/airflow/dags/test_dag.py                                1           0  0.23s           2026-02-14T18:27:19
================================================================================
[2026-02-14T18:28:13.547+0000] {manager.py:879} INFO - 
================================================================================
DAG File Processing Stats

File Path                           PID    Runtime      # DAGs    # Errors  Last Runtime    Last Run
----------------------------------  -----  ---------  --------  ----------  --------------  -------------------
/opt/airflow/dags/sec_edgar_dag.py                           0           1  0.10s           2026-02-14T18:27:49
/opt/airflow/dags/test_dag.py                                1           0  0.15s           2026-02-14T18:27:49
================================================================================
[2026-02-14T18:28:15.563+0000] {manager.py:738} INFO - Searching for files in /opt/airflow/dags
[2026-02-14T18:28:15.620+0000] {manager.py:741} INFO - There are 2 files in /opt/airflow/dags
[2026-02-14T18:28:44.134+0000] {manager.py:879} INFO - 
================================================================================
DAG File Processing Stats

File Path                           PID    Runtime      # DAGs    # Errors  Last Runtime    Last Run
----------------------------------  -----  ---------  --------  ----------  --------------  -------------------
/opt/airflow/dags/sec_edgar_dag.py                           0           1  0.18s           2026-02-14T18:28:19
/opt/airflow/dags/test_dag.py                                1           0  0.23s           2026-02-14T18:28:19
================================================================================
[2026-02-14T18:29:14.686+0000] {manager.py:879} INFO - 
================================================================================
DAG File Processing Stats

File Path                           PID    Runtime      # DAGs    # Errors  Last Runtime    Last Run
----------------------------------  -----  ---------  --------  ----------  --------------  -------------------
/opt/airflow/dags/sec_edgar_dag.py                           0           1  0.14s           2026-02-14T18:29:11
/opt/airflow/dags/test_dag.py                                1           0  0.25s           2026-02-14T18:28:50
================================================================================
[2026-02-14T18:29:38.323+0000] {manager.py:451} INFO - Exiting gracefully upon receiving signal 15
[2026-02-14T18:30:48.062+0000] {manager.py:469} INFO - Processing files using up to 2 processes at a time 
[2026-02-14T18:30:48.064+0000] {manager.py:470} INFO - Process each file at most once every 30 seconds
[2026-02-14T18:30:48.066+0000] {manager.py:471} INFO - Checking for new files in /opt/airflow/dags every 300 seconds
[2026-02-14T18:30:48.067+0000] {manager.py:738} INFO - Searching for files in /opt/airflow/dags
[2026-02-14T18:30:48.121+0000] {manager.py:741} INFO - There are 2 files in /opt/airflow/dags
[2026-02-14T18:30:52.422+0000] {manager.py:879} INFO - 
================================================================================
DAG File Processing Stats

File Path                             PID  Runtime      # DAGs    # Errors  Last Runtime    Last Run
----------------------------------  -----  ---------  --------  ----------  --------------  ----------
/opt/airflow/dags/sec_edgar_dag.py    196  0.06s             0           0
/opt/airflow/dags/test_dag.py         199  0.04s             0           0
================================================================================
[2026-02-14T18:31:22.492+0000] {manager.py:879} INFO - 
================================================================================
DAG File Processing Stats

File Path                           PID    Runtime      # DAGs    # Errors  Last Runtime    Last Run
----------------------------------  -----  ---------  --------  ----------  --------------  -------------------
/opt/airflow/dags/sec_edgar_dag.py                           1           0  0.92s           2026-02-14T18:30:53
/opt/airflow/dags/test_dag.py                                1           0  0.66s           2026-02-14T18:30:53
================================================================================
[2026-02-14T18:31:52.816+0000] {manager.py:879} INFO - 
================================================================================
DAG File Processing Stats

File Path                           PID    Runtime      # DAGs    # Errors  Last Runtime    Last Run
----------------------------------  -----  ---------  --------  ----------  --------------  -------------------
/opt/airflow/dags/sec_edgar_dag.py                           1           0  0.57s           2026-02-14T18:31:23
/opt/airflow/dags/test_dag.py                                1           0  0.25s           2026-02-14T18:31:23
================================================================================
[2026-02-14T18:32:22.891+0000] {manager.py:879} INFO - 
================================================================================
DAG File Processing Stats

File Path                           PID    Runtime      # DAGs    # Errors  Last Runtime    Last Run
----------------------------------  -----  ---------  --------  ----------  --------------  -------------------
/opt/airflow/dags/sec_edgar_dag.py                           1           0  0.56s           2026-02-14T18:31:54
/opt/airflow/dags/test_dag.py                                1           0  0.25s           2026-02-14T18:31:54
================================================================================
[2026-02-14T18:32:53.068+0000] {manager.py:879} INFO - 
================================================================================
DAG File Processing Stats

File Path                           PID    Runtime      # DAGs    # Errors  Last Runtime    Last Run
----------------------------------  -----  ---------  --------  ----------  --------------  -------------------
/opt/airflow/dags/sec_edgar_dag.py                           1           0  0.47s           2026-02-14T18:32:25
/opt/airflow/dags/test_dag.py                                1           0  0.23s           2026-02-14T18:32:24
================================================================================
[2026-02-14T18:33:23.518+0000] {manager.py:879} INFO - 
================================================================================
DAG File Processing Stats

File Path                           PID    Runtime      # DAGs    # Errors  Last Runtime    Last Run
----------------------------------  -----  ---------  --------  ----------  --------------  -------------------
/opt/airflow/dags/sec_edgar_dag.py                           1           0  0.57s           2026-02-14T18:32:56
/opt/airflow/dags/test_dag.py                                1           0  0.27s           2026-02-14T18:32:55
================================================================================
[2026-02-14T18:33:53.533+0000] {manager.py:879} INFO - 
================================================================================
DAG File Processing Stats

File Path                           PID    Runtime      # DAGs    # Errors  Last Runtime    Last Run
----------------------------------  -----  ---------  --------  ----------  --------------  -------------------
/opt/airflow/dags/sec_edgar_dag.py                           1           0  0.51s           2026-02-14T18:33:27
/opt/airflow/dags/test_dag.py                                1           0  0.24s           2026-02-14T18:33:25
================================================================================
[2026-02-14T18:34:23.862+0000] {manager.py:879} INFO - 
================================================================================
DAG File Processing Stats

File Path                           PID    Runtime      # DAGs    # Errors  Last Runtime    Last Run
----------------------------------  -----  ---------  --------  ----------  --------------  -------------------
/opt/airflow/dags/sec_edgar_dag.py                           1           0  0.56s           2026-02-14T18:33:58
/opt/airflow/dags/test_dag.py                                1           0  0.23s           2026-02-14T18:33:56
================================================================================
[2026-02-14T18:34:54.088+0000] {manager.py:879} INFO - 
================================================================================
DAG File Processing Stats

File Path                           PID    Runtime      # DAGs    # Errors  Last Runtime    Last Run
----------------------------------  -----  ---------  --------  ----------  --------------  -------------------
/opt/airflow/dags/sec_edgar_dag.py                           1           0  0.59s           2026-02-14T18:34:29
/opt/airflow/dags/test_dag.py                                1           0  0.30s           2026-02-14T18:34:26
================================================================================
[2026-02-14T18:35:24.526+0000] {manager.py:879} INFO - 
================================================================================
DAG File Processing Stats

File Path                           PID    Runtime      # DAGs    # Errors  Last Runtime    Last Run
----------------------------------  -----  ---------  --------  ----------  --------------  -------------------
/opt/airflow/dags/sec_edgar_dag.py                           1           0  0.50s           2026-02-14T18:35:00
/opt/airflow/dags/test_dag.py                                1           0  0.20s           2026-02-14T18:34:57
================================================================================
[2026-02-14T18:35:48.581+0000] {manager.py:738} INFO - Searching for files in /opt/airflow/dags
[2026-02-14T18:35:48.635+0000] {manager.py:741} INFO - There are 2 files in /opt/airflow/dags
[2026-02-14T18:35:54.715+0000] {manager.py:879} INFO - 
================================================================================
DAG File Processing Stats

File Path                           PID    Runtime      # DAGs    # Errors  Last Runtime    Last Run
----------------------------------  -----  ---------  --------  ----------  --------------  -------------------
/opt/airflow/dags/sec_edgar_dag.py                           1           0  0.58s           2026-02-14T18:35:31
/opt/airflow/dags/test_dag.py                                1           0  0.23s           2026-02-14T18:35:27
================================================================================
[2026-02-14T18:36:24.780+0000] {manager.py:879} INFO - 
================================================================================
DAG File Processing Stats

File Path                           PID    Runtime      # DAGs    # Errors  Last Runtime    Last Run
----------------------------------  -----  ---------  --------  ----------  --------------  -------------------
/opt/airflow/dags/sec_edgar_dag.py                           1           0  0.48s           2026-02-14T18:36:02
/opt/airflow/dags/test_dag.py                                1           0  0.18s           2026-02-14T18:35:58
================================================================================
[2026-02-14T18:36:54.956+0000] {manager.py:879} INFO - 
================================================================================
DAG File Processing Stats

File Path                           PID    Runtime      # DAGs    # Errors  Last Runtime    Last Run
----------------------------------  -----  ---------  --------  ----------  --------------  -------------------
/opt/airflow/dags/sec_edgar_dag.py                           1           0  0.55s           2026-02-14T18:36:33
/opt/airflow/dags/test_dag.py                                1           0  0.22s           2026-02-14T18:36:28
================================================================================
[2026-02-14T18:37:25.436+0000] {manager.py:879} INFO - 
================================================================================
DAG File Processing Stats

File Path                           PID    Runtime      # DAGs    # Errors  Last Runtime    Last Run
----------------------------------  -----  ---------  --------  ----------  --------------  -------------------
/opt/airflow/dags/sec_edgar_dag.py                           1           0  0.63s           2026-02-14T18:37:04
/opt/airflow/dags/test_dag.py                                1           0  0.23s           2026-02-14T18:36:59
================================================================================
[2026-02-14T18:37:55.494+0000] {manager.py:879} INFO - 
================================================================================
DAG File Processing Stats

File Path                           PID    Runtime      # DAGs    # Errors  Last Runtime    Last Run
----------------------------------  -----  ---------  --------  ----------  --------------  -------------------
/opt/airflow/dags/sec_edgar_dag.py                           1           0  0.51s           2026-02-14T18:37:35
/opt/airflow/dags/test_dag.py                                1           0  0.25s           2026-02-14T18:37:29
================================================================================
[2026-02-14T18:38:26.345+0000] {manager.py:879} INFO - 
================================================================================
DAG File Processing Stats

File Path                           PID    Runtime      # DAGs    # Errors  Last Runtime    Last Run
----------------------------------  -----  ---------  --------  ----------  --------------  -------------------
/opt/airflow/dags/sec_edgar_dag.py                           1           0  0.45s           2026-02-14T18:38:06
/opt/airflow/dags/test_dag.py                                1           0  0.23s           2026-02-14T18:38:00
================================================================================
[2026-02-14T18:38:56.800+0000] {manager.py:879} INFO - 
================================================================================
DAG File Processing Stats

File Path                           PID    Runtime      # DAGs    # Errors  Last Runtime    Last Run
----------------------------------  -----  ---------  --------  ----------  --------------  -------------------
/opt/airflow/dags/sec_edgar_dag.py                           1           0  0.44s           2026-02-14T18:38:37
/opt/airflow/dags/test_dag.py                                1           0  0.17s           2026-02-14T18:38:30
================================================================================
[2026-02-14T18:39:27.256+0000] {manager.py:879} INFO - 
================================================================================
DAG File Processing Stats

File Path                           PID    Runtime      # DAGs    # Errors  Last Runtime    Last Run
----------------------------------  -----  ---------  --------  ----------  --------------  -------------------
/opt/airflow/dags/sec_edgar_dag.py                           1           0  0.53s           2026-02-14T18:39:07
/opt/airflow/dags/test_dag.py                                1           0  0.18s           2026-02-14T18:39:01
================================================================================
[2026-02-14T18:39:57.667+0000] {manager.py:879} INFO - 
================================================================================
DAG File Processing Stats

File Path                           PID    Runtime      # DAGs    # Errors  Last Runtime    Last Run
----------------------------------  -----  ---------  --------  ----------  --------------  -------------------
/opt/airflow/dags/sec_edgar_dag.py                           1           0  0.47s           2026-02-14T18:39:38
/opt/airflow/dags/test_dag.py                                1           0  0.17s           2026-02-14T18:39:31
================================================================================
[2026-02-14T18:40:28.160+0000] {manager.py:879} INFO - 
================================================================================
DAG File Processing Stats

File Path                           PID    Runtime      # DAGs    # Errors  Last Runtime    Last Run
----------------------------------  -----  ---------  --------  ----------  --------------  -------------------
/opt/airflow/dags/sec_edgar_dag.py                           1           0  0.51s           2026-02-14T18:40:09
/opt/airflow/dags/test_dag.py                                1           0  0.22s           2026-02-14T18:40:01
================================================================================
[2026-02-14T18:40:48.829+0000] {manager.py:738} INFO - Searching for files in /opt/airflow/dags
[2026-02-14T18:40:48.881+0000] {manager.py:741} INFO - There are 2 files in /opt/airflow/dags
[2026-02-14T18:40:58.616+0000] {manager.py:879} INFO - 
================================================================================
DAG File Processing Stats

File Path                           PID    Runtime      # DAGs    # Errors  Last Runtime    Last Run
----------------------------------  -----  ---------  --------  ----------  --------------  -------------------
/opt/airflow/dags/sec_edgar_dag.py                           1           0  0.48s           2026-02-14T18:40:40
/opt/airflow/dags/test_dag.py                                1           0  0.21s           2026-02-14T18:40:32
================================================================================
[2026-02-14T18:41:28.621+0000] {manager.py:879} INFO - 
================================================================================
DAG File Processing Stats

File Path                           PID    Runtime      # DAGs    # Errors  Last Runtime    Last Run
----------------------------------  -----  ---------  --------  ----------  --------------  -------------------
/opt/airflow/dags/sec_edgar_dag.py                           1           0  0.52s           2026-02-14T18:41:11
/opt/airflow/dags/test_dag.py                                1           0  0.22s           2026-02-14T18:41:02
================================================================================
[2026-02-14T18:41:58.933+0000] {manager.py:879} INFO - 
================================================================================
DAG File Processing Stats

File Path                           PID    Runtime      # DAGs    # Errors  Last Runtime    Last Run
----------------------------------  -----  ---------  --------  ----------  --------------  -------------------
/opt/airflow/dags/sec_edgar_dag.py                           1           0  0.56s           2026-02-14T18:41:42
/opt/airflow/dags/test_dag.py                                1           0  0.16s           2026-02-14T18:41:33
================================================================================
[2026-02-14T18:42:29.001+0000] {manager.py:879} INFO - 
================================================================================
DAG File Processing Stats

File Path                           PID    Runtime      # DAGs    # Errors  Last Runtime    Last Run
----------------------------------  -----  ---------  --------  ----------  --------------  -------------------
/opt/airflow/dags/sec_edgar_dag.py                           1           0  0.51s           2026-02-14T18:42:13
/opt/airflow/dags/test_dag.py                                1           0  0.21s           2026-02-14T18:42:03
================================================================================
[2026-02-14T18:42:59.480+0000] {manager.py:879} INFO - 
================================================================================
DAG File Processing Stats

File Path                           PID    Runtime      # DAGs    # Errors  Last Runtime    Last Run
----------------------------------  -----  ---------  --------  ----------  --------------  -------------------
/opt/airflow/dags/sec_edgar_dag.py                           1           0  0.50s           2026-02-14T18:42:44
/opt/airflow/dags/test_dag.py                                1           0  0.22s           2026-02-14T18:42:34
================================================================================
[2026-02-14T18:43:29.678+0000] {manager.py:879} INFO - 
================================================================================
DAG File Processing Stats

File Path                           PID    Runtime      # DAGs    # Errors  Last Runtime    Last Run
----------------------------------  -----  ---------  --------  ----------  --------------  -------------------
/opt/airflow/dags/sec_edgar_dag.py                           1           0  0.49s           2026-02-14T18:43:17
/opt/airflow/dags/test_dag.py                                1           0  0.20s           2026-02-14T18:43:04
================================================================================
[2026-02-14T18:43:59.928+0000] {manager.py:879} INFO - 
================================================================================
DAG File Processing Stats

File Path                           PID    Runtime      # DAGs    # Errors  Last Runtime    Last Run
----------------------------------  -----  ---------  --------  ----------  --------------  -------------------
/opt/airflow/dags/sec_edgar_dag.py                           1           0  0.52s           2026-02-14T18:43:47
/opt/airflow/dags/test_dag.py                                1           0  0.26s           2026-02-14T18:43:35
================================================================================
[2026-02-14T18:44:30.129+0000] {manager.py:879} INFO - 
================================================================================
DAG File Processing Stats

File Path                           PID    Runtime      # DAGs    # Errors  Last Runtime    Last Run
----------------------------------  -----  ---------  --------  ----------  --------------  -------------------
/opt/airflow/dags/sec_edgar_dag.py                           1           0  0.58s           2026-02-14T18:44:18
/opt/airflow/dags/test_dag.py                                1           0  0.22s           2026-02-14T18:44:05
================================================================================
[2026-02-14T18:45:00.641+0000] {manager.py:879} INFO - 
================================================================================
DAG File Processing Stats

File Path                           PID    Runtime      # DAGs    # Errors  Last Runtime    Last Run
----------------------------------  -----  ---------  --------  ----------  --------------  -------------------
/opt/airflow/dags/sec_edgar_dag.py                           1           0  0.58s           2026-02-14T18:44:49
/opt/airflow/dags/test_dag.py                                1           0  0.24s           2026-02-14T18:44:36
================================================================================
[2026-02-14T18:45:31.092+0000] {manager.py:879} INFO - 
================================================================================
DAG File Processing Stats

File Path                           PID    Runtime      # DAGs    # Errors  Last Runtime    Last Run
----------------------------------  -----  ---------  --------  ----------  --------------  -------------------
/opt/airflow/dags/sec_edgar_dag.py                           1           0  0.46s           2026-02-14T18:45:20
/opt/airflow/dags/test_dag.py                                1           0  0.18s           2026-02-14T18:45:06
================================================================================
[2026-02-14T18:45:49.252+0000] {manager.py:738} INFO - Searching for files in /opt/airflow/dags
[2026-02-14T18:45:49.304+0000] {manager.py:741} INFO - There are 2 files in /opt/airflow/dags
[2026-02-14T18:46:01.599+0000] {manager.py:879} INFO - 
================================================================================
DAG File Processing Stats

File Path                           PID    Runtime      # DAGs    # Errors  Last Runtime    Last Run
----------------------------------  -----  ---------  --------  ----------  --------------  -------------------
/opt/airflow/dags/sec_edgar_dag.py                           1           0  0.45s           2026-02-14T18:45:50
/opt/airflow/dags/test_dag.py                                1           0  0.22s           2026-02-14T18:45:37
================================================================================
[2026-02-14T18:46:32.059+0000] {manager.py:879} INFO - 
================================================================================
DAG File Processing Stats

File Path                           PID    Runtime      # DAGs    # Errors  Last Runtime    Last Run
----------------------------------  -----  ---------  --------  ----------  --------------  -------------------
/opt/airflow/dags/sec_edgar_dag.py                           1           0  0.51s           2026-02-14T18:46:21
/opt/airflow/dags/test_dag.py                                1           0  0.21s           2026-02-14T18:46:07
================================================================================
[2026-02-14T18:47:02.488+0000] {manager.py:879} INFO - 
================================================================================
DAG File Processing Stats

File Path                           PID    Runtime      # DAGs    # Errors  Last Runtime    Last Run
----------------------------------  -----  ---------  --------  ----------  --------------  -------------------
/opt/airflow/dags/sec_edgar_dag.py                           1           0  0.51s           2026-02-14T18:46:52
/opt/airflow/dags/test_dag.py                                1           0  0.17s           2026-02-14T18:46:38
================================================================================
[2026-02-14T18:47:32.508+0000] {manager.py:879} INFO - 
================================================================================
DAG File Processing Stats

File Path                           PID    Runtime      # DAGs    # Errors  Last Runtime    Last Run
----------------------------------  -----  ---------  --------  ----------  --------------  -------------------
/opt/airflow/dags/sec_edgar_dag.py                           1           0  0.53s           2026-02-14T18:47:23
/opt/airflow/dags/test_dag.py                                1           0  0.23s           2026-02-14T18:47:08
================================================================================
[2026-02-14T18:48:02.836+0000] {manager.py:879} INFO - 
================================================================================
DAG File Processing Stats

File Path                           PID    Runtime      # DAGs    # Errors  Last Runtime    Last Run
----------------------------------  -----  ---------  --------  ----------  --------------  -------------------
/opt/airflow/dags/sec_edgar_dag.py                           1           0  0.56s           2026-02-14T18:47:54
/opt/airflow/dags/test_dag.py                                1           0  0.24s           2026-02-14T18:47:39
================================================================================
[2026-02-14T18:48:33.158+0000] {manager.py:879} INFO - 
================================================================================
DAG File Processing Stats

File Path                           PID    Runtime      # DAGs    # Errors  Last Runtime    Last Run
----------------------------------  -----  ---------  --------  ----------  --------------  -------------------
/opt/airflow/dags/sec_edgar_dag.py                           1           0  0.57s           2026-02-14T18:48:26
/opt/airflow/dags/test_dag.py                                1           0  0.26s           2026-02-14T18:48:09
================================================================================
[2026-02-14T18:49:03.643+0000] {manager.py:879} INFO - 
================================================================================
DAG File Processing Stats

File Path                           PID    Runtime      # DAGs    # Errors  Last Runtime    Last Run
----------------------------------  -----  ---------  --------  ----------  --------------  -------------------
/opt/airflow/dags/sec_edgar_dag.py                           1           0  0.48s           2026-02-14T18:48:56
/opt/airflow/dags/test_dag.py                                1           0  0.22s           2026-02-14T18:48:40
================================================================================
[2026-02-14T18:49:34.123+0000] {manager.py:879} INFO - 
================================================================================
DAG File Processing Stats

File Path                           PID    Runtime      # DAGs    # Errors  Last Runtime    Last Run
----------------------------------  -----  ---------  --------  ----------  --------------  -------------------
/opt/airflow/dags/sec_edgar_dag.py                           1           0  0.52s           2026-02-14T18:49:27
/opt/airflow/dags/test_dag.py                                1           0  0.22s           2026-02-14T18:49:10
================================================================================
[2026-02-14T18:50:04.623+0000] {manager.py:879} INFO - 
================================================================================
DAG File Processing Stats

File Path                           PID    Runtime      # DAGs    # Errors  Last Runtime    Last Run
----------------------------------  -----  ---------  --------  ----------  --------------  -------------------
/opt/airflow/dags/sec_edgar_dag.py                           1           0  0.68s           2026-02-14T18:49:59
/opt/airflow/dags/test_dag.py                                1           0  0.25s           2026-02-14T18:49:41
================================================================================
[2026-02-14T18:50:34.792+0000] {manager.py:879} INFO - 
================================================================================
DAG File Processing Stats

File Path                           PID    Runtime      # DAGs    # Errors  Last Runtime    Last Run
----------------------------------  -----  ---------  --------  ----------  --------------  -------------------
/opt/airflow/dags/sec_edgar_dag.py                           1           0  0.65s           2026-02-14T18:50:29
/opt/airflow/dags/test_dag.py                                1           0  0.25s           2026-02-14T18:50:11
================================================================================
[2026-02-14T18:50:49.282+0000] {manager.py:738} INFO - Searching for files in /opt/airflow/dags
[2026-02-14T18:50:49.330+0000] {manager.py:741} INFO - There are 2 files in /opt/airflow/dags
[2026-02-14T18:51:05.335+0000] {manager.py:879} INFO - 
================================================================================
DAG File Processing Stats

File Path                           PID    Runtime      # DAGs    # Errors  Last Runtime    Last Run
----------------------------------  -----  ---------  --------  ----------  --------------  -------------------
/opt/airflow/dags/sec_edgar_dag.py                           1           0  0.83s           2026-02-14T18:51:01
/opt/airflow/dags/test_dag.py                                1           0  0.23s           2026-02-14T18:50:42
================================================================================
[2026-02-14T18:54:19.481+0000] {manager.py:879} INFO - 
================================================================================
DAG File Processing Stats

File Path                           PID    Runtime      # DAGs    # Errors  Last Runtime    Last Run
----------------------------------  -----  ---------  --------  ----------  --------------  -------------------
/opt/airflow/dags/sec_edgar_dag.py                           1           0  0.54s           2026-02-14T18:54:15
/opt/airflow/dags/test_dag.py                                1           0  0.23s           2026-02-14T18:54:15
================================================================================
[2026-02-14T18:54:49.974+0000] {manager.py:879} INFO - 
================================================================================
DAG File Processing Stats

File Path                           PID    Runtime      # DAGs    # Errors  Last Runtime    Last Run
----------------------------------  -----  ---------  --------  ----------  --------------  -------------------
/opt/airflow/dags/sec_edgar_dag.py                           1           0  0.55s           2026-02-14T18:54:46
/opt/airflow/dags/test_dag.py                                1           0  0.18s           2026-02-14T18:54:45
================================================================================
[2026-02-14T18:55:20.046+0000] {manager.py:879} INFO - 
================================================================================
DAG File Processing Stats

File Path                           PID    Runtime      # DAGs    # Errors  Last Runtime    Last Run
----------------------------------  -----  ---------  --------  ----------  --------------  -------------------
/opt/airflow/dags/sec_edgar_dag.py                           1           0  0.53s           2026-02-14T18:55:17
/opt/airflow/dags/test_dag.py                                1           0  0.24s           2026-02-14T18:55:16
================================================================================
[2026-02-14T18:59:42.822+0000] {manager.py:738} INFO - Searching for files in /opt/airflow/dags
[2026-02-14T18:59:42.877+0000] {manager.py:741} INFO - There are 2 files in /opt/airflow/dags
[2026-02-14T18:59:55.312+0000] {manager.py:879} INFO - 
================================================================================
DAG File Processing Stats

File Path                           PID    Runtime      # DAGs    # Errors  Last Runtime    Last Run
----------------------------------  -----  ---------  --------  ----------  --------------  -------------------
/opt/airflow/dags/sec_edgar_dag.py                           1           0  1.45s           2026-02-14T18:59:44
/opt/airflow/dags/test_dag.py                                1           0  0.22s           2026-02-14T18:59:43
================================================================================
[2026-02-14T19:04:43.053+0000] {manager.py:738} INFO - Searching for files in /opt/airflow/dags
[2026-02-14T19:04:43.104+0000] {manager.py:741} INFO - There are 2 files in /opt/airflow/dags
[2026-02-14T19:04:48.174+0000] {manager.py:879} INFO - 
================================================================================
DAG File Processing Stats

File Path                           PID    Runtime      # DAGs    # Errors  Last Runtime    Last Run
----------------------------------  -----  ---------  --------  ----------  --------------  -------------------
/opt/airflow/dags/sec_edgar_dag.py                           1           0  0.68s           2026-02-14T19:04:23
/opt/airflow/dags/test_dag.py                                1           0  0.27s           2026-02-14T19:04:23
================================================================================
[2026-02-14T19:05:19.035+0000] {manager.py:879} INFO - 
================================================================================
DAG File Processing Stats

File Path                           PID    Runtime      # DAGs    # Errors  Last Runtime    Last Run
----------------------------------  -----  ---------  --------  ----------  --------------  -------------------
/opt/airflow/dags/sec_edgar_dag.py                           1           0  0.84s           2026-02-14T19:04:54
/opt/airflow/dags/test_dag.py                                1           0  0.18s           2026-02-14T19:04:53
================================================================================
[2026-02-14T19:36:24.149+0000] {manager.py:738} INFO - Searching for files in /opt/airflow/dags
[2026-02-14T19:36:24.622+0000] {manager.py:741} INFO - There are 2 files in /opt/airflow/dags
[2026-02-14T19:37:54.424+0000] {manager.py:1201} ERROR - Processor for /opt/airflow/dags/sec_edgar_dag.py with PID 1029 started at 2026-02-14T19:36:24.732986+00:00 has timed out, killing it.
[2026-02-14T19:37:58.729+0000] {manager.py:879} INFO - 
================================================================================
DAG File Processing Stats

File Path                           PID    Runtime      # DAGs    # Errors  Last Runtime    Last Run
----------------------------------  -----  ---------  --------  ----------  --------------  -------------------
/opt/airflow/dags/sec_edgar_dag.py                           0           1  89.69s          2026-02-14T19:37:54
/opt/airflow/dags/test_dag.py                                1           0  0.45s           2026-02-14T19:37:55
================================================================================
[2026-02-14T19:38:28.759+0000] {manager.py:879} INFO - 
================================================================================
DAG File Processing Stats

File Path                           PID    Runtime      # DAGs    # Errors  Last Runtime    Last Run
----------------------------------  -----  ---------  --------  ----------  --------------  -------------------
/opt/airflow/dags/sec_edgar_dag.py                           1           0  1.16s           2026-02-14T19:38:26
/opt/airflow/dags/test_dag.py                                1           0  0.29s           2026-02-14T19:38:25
================================================================================
[2026-02-14T19:38:59.028+0000] {manager.py:879} INFO - 
================================================================================
DAG File Processing Stats

File Path                           PID    Runtime      # DAGs    # Errors  Last Runtime    Last Run
----------------------------------  -----  ---------  --------  ----------  --------------  -------------------
/opt/airflow/dags/sec_edgar_dag.py                           1           0  0.76s           2026-02-14T19:38:57
/opt/airflow/dags/test_dag.py                                1           0  0.24s           2026-02-14T19:38:56
================================================================================
[2026-02-14T19:39:29.512+0000] {manager.py:879} INFO - 
================================================================================
DAG File Processing Stats

File Path                             PID  Runtime      # DAGs    # Errors  Last Runtime    Last Run
----------------------------------  -----  ---------  --------  ----------  --------------  -------------------
/opt/airflow/dags/sec_edgar_dag.py   1085  1.14s             1           0  0.76s           2026-02-14T19:38:57
/opt/airflow/dags/test_dag.py                                1           0  0.46s           2026-02-14T19:39:28
================================================================================
[2026-02-14T20:11:14.090+0000] {manager.py:738} INFO - Searching for files in /opt/airflow/dags
[2026-02-14T20:11:14.182+0000] {manager.py:741} INFO - There are 2 files in /opt/airflow/dags
[2026-02-14T20:11:40.924+0000] {manager.py:879} INFO - 
================================================================================
DAG File Processing Stats

File Path                           PID    Runtime      # DAGs    # Errors  Last Runtime    Last Run
----------------------------------  -----  ---------  --------  ----------  --------------  -------------------
/opt/airflow/dags/sec_edgar_dag.py                           1           0  1.44s           2026-02-14T20:11:15
/opt/airflow/dags/test_dag.py                                1           0  0.99s           2026-02-14T20:11:15
================================================================================
[2026-02-14T20:12:11.224+0000] {manager.py:879} INFO - 
================================================================================
DAG File Processing Stats

File Path                           PID    Runtime      # DAGs    # Errors  Last Runtime    Last Run
----------------------------------  -----  ---------  --------  ----------  --------------  -------------------
/opt/airflow/dags/sec_edgar_dag.py                           1           0  0.75s           2026-02-14T20:11:46
/opt/airflow/dags/test_dag.py                                1           0  0.18s           2026-02-14T20:11:46
================================================================================
[2026-02-14T20:12:41.738+0000] {manager.py:879} INFO - 
================================================================================
DAG File Processing Stats

File Path                           PID    Runtime      # DAGs    # Errors  Last Runtime    Last Run
----------------------------------  -----  ---------  --------  ----------  --------------  -------------------
/opt/airflow/dags/sec_edgar_dag.py                           1           0  0.44s           2026-02-14T20:12:17
/opt/airflow/dags/test_dag.py                                1           0  0.24s           2026-02-14T20:12:16
================================================================================
[2026-02-14T20:13:12.152+0000] {manager.py:879} INFO - 
================================================================================
DAG File Processing Stats

File Path                           PID    Runtime      # DAGs    # Errors  Last Runtime    Last Run
----------------------------------  -----  ---------  --------  ----------  --------------  -------------------
/opt/airflow/dags/sec_edgar_dag.py                           1           0  0.68s           2026-02-14T20:12:48
/opt/airflow/dags/test_dag.py                                1           0  0.17s           2026-02-14T20:12:46
================================================================================
[2026-02-14T20:13:42.266+0000] {manager.py:879} INFO - 
================================================================================
DAG File Processing Stats

File Path                           PID    Runtime      # DAGs    # Errors  Last Runtime    Last Run
----------------------------------  -----  ---------  --------  ----------  --------------  -------------------
/opt/airflow/dags/sec_edgar_dag.py                           1           0  0.84s           2026-02-14T20:13:20
/opt/airflow/dags/test_dag.py                                1           0  0.19s           2026-02-14T20:13:17
================================================================================
[2026-02-14T20:14:12.577+0000] {manager.py:879} INFO - 
================================================================================
DAG File Processing Stats

File Path                           PID    Runtime      # DAGs    # Errors  Last Runtime    Last Run
----------------------------------  -----  ---------  --------  ----------  --------------  -------------------
/opt/airflow/dags/sec_edgar_dag.py                           1           0  0.71s           2026-02-14T20:13:51
/opt/airflow/dags/test_dag.py                                1           0  0.26s           2026-02-14T20:13:47
================================================================================
[2026-02-14T20:14:43.395+0000] {manager.py:879} INFO - 
================================================================================
DAG File Processing Stats

File Path                           PID    Runtime      # DAGs    # Errors  Last Runtime    Last Run
----------------------------------  -----  ---------  --------  ----------  --------------  -------------------
/opt/airflow/dags/sec_edgar_dag.py                           1           0  0.77s           2026-02-14T20:14:22
/opt/airflow/dags/test_dag.py                                1           0  0.25s           2026-02-14T20:14:18
================================================================================
[2026-02-14T20:15:13.494+0000] {manager.py:879} INFO - 
================================================================================
DAG File Processing Stats

File Path                           PID    Runtime      # DAGs    # Errors  Last Runtime    Last Run
----------------------------------  -----  ---------  --------  ----------  --------------  -------------------
/opt/airflow/dags/sec_edgar_dag.py                           1           0  0.79s           2026-02-14T20:14:53
/opt/airflow/dags/test_dag.py                                1           0  0.22s           2026-02-14T20:14:48
================================================================================
[2026-02-14T20:15:43.875+0000] {manager.py:879} INFO - 
================================================================================
DAG File Processing Stats

File Path                           PID    Runtime      # DAGs    # Errors  Last Runtime    Last Run
----------------------------------  -----  ---------  --------  ----------  --------------  -------------------
/opt/airflow/dags/sec_edgar_dag.py                           1           0  0.73s           2026-02-14T20:15:24
/opt/airflow/dags/test_dag.py                                1           0  0.21s           2026-02-14T20:15:19
================================================================================
[2026-02-14T20:16:14.447+0000] {manager.py:738} INFO - Searching for files in /opt/airflow/dags
[2026-02-14T20:16:14.490+0000] {manager.py:741} INFO - There are 2 files in /opt/airflow/dags
[2026-02-14T20:16:14.515+0000] {manager.py:879} INFO - 
================================================================================
DAG File Processing Stats

File Path                           PID    Runtime      # DAGs    # Errors  Last Runtime    Last Run
----------------------------------  -----  ---------  --------  ----------  --------------  -------------------
/opt/airflow/dags/sec_edgar_dag.py                           1           0  0.83s           2026-02-14T20:15:56
/opt/airflow/dags/test_dag.py                                1           0  0.23s           2026-02-14T20:15:49
================================================================================
[2026-02-14T20:16:45.003+0000] {manager.py:879} INFO - 
================================================================================
DAG File Processing Stats

File Path                           PID    Runtime      # DAGs    # Errors  Last Runtime    Last Run
----------------------------------  -----  ---------  --------  ----------  --------------  -------------------
/opt/airflow/dags/sec_edgar_dag.py                           1           0  0.91s           2026-02-14T20:16:27
/opt/airflow/dags/test_dag.py                                1           0  0.20s           2026-02-14T20:16:20
================================================================================
[2026-02-14T20:17:15.147+0000] {manager.py:879} INFO - 
================================================================================
DAG File Processing Stats

File Path                           PID    Runtime      # DAGs    # Errors  Last Runtime    Last Run
----------------------------------  -----  ---------  --------  ----------  --------------  -------------------
/opt/airflow/dags/sec_edgar_dag.py                           1           0  0.69s           2026-02-14T20:16:59
/opt/airflow/dags/test_dag.py                                1           0  0.21s           2026-02-14T20:16:50
================================================================================
[2026-02-14T20:17:45.208+0000] {manager.py:879} INFO - 
================================================================================
DAG File Processing Stats

File Path                           PID    Runtime      # DAGs    # Errors  Last Runtime    Last Run
----------------------------------  -----  ---------  --------  ----------  --------------  -------------------
/opt/airflow/dags/sec_edgar_dag.py                           1           0  0.75s           2026-02-14T20:17:30
/opt/airflow/dags/test_dag.py                                1           0  0.25s           2026-02-14T20:17:21
================================================================================
[2026-02-14T20:18:15.639+0000] {manager.py:879} INFO - 
================================================================================
DAG File Processing Stats

File Path                           PID    Runtime      # DAGs    # Errors  Last Runtime    Last Run
----------------------------------  -----  ---------  --------  ----------  --------------  -------------------
/opt/airflow/dags/sec_edgar_dag.py                           1           0  0.70s           2026-02-14T20:18:01
/opt/airflow/dags/test_dag.py                                1           0  0.21s           2026-02-14T20:17:51
================================================================================
[2026-02-14T20:18:46.314+0000] {manager.py:879} INFO - 
================================================================================
DAG File Processing Stats

File Path                           PID    Runtime      # DAGs    # Errors  Last Runtime    Last Run
----------------------------------  -----  ---------  --------  ----------  --------------  -------------------
/opt/airflow/dags/sec_edgar_dag.py                           1           0  0.89s           2026-02-14T20:18:33
/opt/airflow/dags/test_dag.py                                1           0  0.24s           2026-02-14T20:18:22
================================================================================
[2026-02-14T20:19:16.800+0000] {manager.py:879} INFO - 
================================================================================
DAG File Processing Stats

File Path                           PID    Runtime      # DAGs    # Errors  Last Runtime    Last Run
----------------------------------  -----  ---------  --------  ----------  --------------  -------------------
/opt/airflow/dags/sec_edgar_dag.py                           1           0  0.87s           2026-02-14T20:19:04
/opt/airflow/dags/test_dag.py                                1           0  0.24s           2026-02-14T20:18:52
================================================================================
[2026-02-14T20:19:47.309+0000] {manager.py:879} INFO - 
================================================================================
DAG File Processing Stats

File Path                           PID    Runtime      # DAGs    # Errors  Last Runtime    Last Run
----------------------------------  -----  ---------  --------  ----------  --------------  -------------------
/opt/airflow/dags/sec_edgar_dag.py                           1           0  0.86s           2026-02-14T20:19:36
/opt/airflow/dags/test_dag.py                                1           0  0.20s           2026-02-14T20:19:23
================================================================================
[2026-02-14T20:20:17.901+0000] {manager.py:879} INFO - 
================================================================================
DAG File Processing Stats

File Path                           PID    Runtime      # DAGs    # Errors  Last Runtime    Last Run
----------------------------------  -----  ---------  --------  ----------  --------------  -------------------
/opt/airflow/dags/sec_edgar_dag.py                           1           0  0.75s           2026-02-14T20:20:07
/opt/airflow/dags/test_dag.py                                1           0  0.56s           2026-02-14T20:19:54
================================================================================
[2026-02-14T20:20:48.396+0000] {manager.py:879} INFO - 
================================================================================
DAG File Processing Stats

File Path                           PID    Runtime      # DAGs    # Errors  Last Runtime    Last Run
----------------------------------  -----  ---------  --------  ----------  --------------  -------------------
/opt/airflow/dags/sec_edgar_dag.py                           1           0  0.89s           2026-02-14T20:20:38
/opt/airflow/dags/test_dag.py                                1           0  0.24s           2026-02-14T20:20:24
================================================================================
[2026-02-14T20:21:14.961+0000] {manager.py:738} INFO - Searching for files in /opt/airflow/dags
[2026-02-14T20:21:15.029+0000] {manager.py:741} INFO - There are 2 files in /opt/airflow/dags
[2026-02-14T20:21:18.406+0000] {manager.py:879} INFO - 
================================================================================
DAG File Processing Stats

File Path                           PID    Runtime      # DAGs    # Errors  Last Runtime    Last Run
----------------------------------  -----  ---------  --------  ----------  --------------  -------------------
/opt/airflow/dags/sec_edgar_dag.py                           1           0  0.53s           2026-02-14T20:21:09
/opt/airflow/dags/test_dag.py                                1           0  0.55s           2026-02-14T20:20:55
================================================================================
[2026-02-14T20:21:48.928+0000] {manager.py:879} INFO - 
================================================================================
DAG File Processing Stats

File Path                           PID    Runtime      # DAGs    # Errors  Last Runtime    Last Run
----------------------------------  -----  ---------  --------  ----------  --------------  -------------------
/opt/airflow/dags/sec_edgar_dag.py                           1           0  0.63s           2026-02-14T20:21:40
/opt/airflow/dags/test_dag.py                                1           0  0.24s           2026-02-14T20:21:25
================================================================================
[2026-02-14T20:22:19.032+0000] {manager.py:879} INFO - 
================================================================================
DAG File Processing Stats

File Path                           PID    Runtime      # DAGs    # Errors  Last Runtime    Last Run
----------------------------------  -----  ---------  --------  ----------  --------------  -------------------
/opt/airflow/dags/sec_edgar_dag.py                           1           0  0.52s           2026-02-14T20:22:10
/opt/airflow/dags/test_dag.py                                1           0  0.26s           2026-02-14T20:21:56
================================================================================
[2026-02-14T20:22:49.551+0000] {manager.py:879} INFO - 
================================================================================
DAG File Processing Stats

File Path                           PID    Runtime      # DAGs    # Errors  Last Runtime    Last Run
----------------------------------  -----  ---------  --------  ----------  --------------  -------------------
/opt/airflow/dags/sec_edgar_dag.py                           1           0  0.52s           2026-02-14T20:22:41
/opt/airflow/dags/test_dag.py                                1           0  0.24s           2026-02-14T20:22:27
================================================================================
[2026-02-14T20:23:19.669+0000] {manager.py:879} INFO - 
================================================================================
DAG File Processing Stats

File Path                           PID    Runtime      # DAGs    # Errors  Last Runtime    Last Run
----------------------------------  -----  ---------  --------  ----------  --------------  -------------------
/opt/airflow/dags/sec_edgar_dag.py                           1           0  0.55s           2026-02-14T20:23:12
/opt/airflow/dags/test_dag.py                                1           0  0.29s           2026-02-14T20:22:57
================================================================================
[2026-02-14T20:23:49.963+0000] {manager.py:879} INFO - 
================================================================================
DAG File Processing Stats

File Path                           PID    Runtime      # DAGs    # Errors  Last Runtime    Last Run
----------------------------------  -----  ---------  --------  ----------  --------------  -------------------
/opt/airflow/dags/sec_edgar_dag.py                           1           0  0.53s           2026-02-14T20:23:43
/opt/airflow/dags/test_dag.py                                1           0  0.21s           2026-02-14T20:23:28
================================================================================
[2026-02-14T20:24:20.097+0000] {manager.py:879} INFO - 
================================================================================
DAG File Processing Stats

File Path                           PID    Runtime      # DAGs    # Errors  Last Runtime    Last Run
----------------------------------  -----  ---------  --------  ----------  --------------  -------------------
/opt/airflow/dags/sec_edgar_dag.py                           1           0  0.50s           2026-02-14T20:24:14
/opt/airflow/dags/test_dag.py                                1           0  0.19s           2026-02-14T20:23:58
================================================================================
[2026-02-14T20:24:50.164+0000] {manager.py:879} INFO - 
================================================================================
DAG File Processing Stats

File Path                           PID    Runtime      # DAGs    # Errors  Last Runtime    Last Run
----------------------------------  -----  ---------  --------  ----------  --------------  -------------------
/opt/airflow/dags/sec_edgar_dag.py                           1           0  0.51s           2026-02-14T20:24:45
/opt/airflow/dags/test_dag.py                                1           0  0.26s           2026-02-14T20:24:29
================================================================================
[2026-02-14T20:25:20.246+0000] {manager.py:879} INFO - 
================================================================================
DAG File Processing Stats

File Path                           PID    Runtime      # DAGs    # Errors  Last Runtime    Last Run
----------------------------------  -----  ---------  --------  ----------  --------------  -------------------
/opt/airflow/dags/sec_edgar_dag.py                           1           0  0.48s           2026-02-14T20:25:15
/opt/airflow/dags/test_dag.py                                1           0  0.26s           2026-02-14T20:25:00
================================================================================
[2026-02-14T20:25:50.717+0000] {manager.py:879} INFO - 
================================================================================
DAG File Processing Stats

File Path                           PID    Runtime      # DAGs    # Errors  Last Runtime    Last Run
----------------------------------  -----  ---------  --------  ----------  --------------  -------------------
/opt/airflow/dags/sec_edgar_dag.py                           1           0  0.53s           2026-02-14T20:25:47
/opt/airflow/dags/test_dag.py                                1           0  0.20s           2026-02-14T20:25:30
================================================================================
[2026-02-14T20:26:15.180+0000] {manager.py:738} INFO - Searching for files in /opt/airflow/dags
[2026-02-14T20:26:15.236+0000] {manager.py:741} INFO - There are 2 files in /opt/airflow/dags
[2026-02-14T20:26:20.837+0000] {manager.py:879} INFO - 
================================================================================
DAG File Processing Stats

File Path                           PID    Runtime      # DAGs    # Errors  Last Runtime    Last Run
----------------------------------  -----  ---------  --------  ----------  --------------  -------------------
/opt/airflow/dags/sec_edgar_dag.py                           1           0  0.52s           2026-02-14T20:26:17
/opt/airflow/dags/test_dag.py                                1           0  0.25s           2026-02-14T20:26:01
================================================================================
[2026-02-14T20:26:50.882+0000] {manager.py:879} INFO - 
================================================================================
DAG File Processing Stats

File Path                           PID    Runtime      # DAGs    # Errors  Last Runtime    Last Run
----------------------------------  -----  ---------  --------  ----------  --------------  -------------------
/opt/airflow/dags/sec_edgar_dag.py                           1           0  0.54s           2026-02-14T20:26:48
/opt/airflow/dags/test_dag.py                                1           0  0.28s           2026-02-14T20:26:31
================================================================================
[2026-02-14T20:27:21.382+0000] {manager.py:879} INFO - 
================================================================================
DAG File Processing Stats

File Path                           PID    Runtime      # DAGs    # Errors  Last Runtime    Last Run
----------------------------------  -----  ---------  --------  ----------  --------------  -------------------
/opt/airflow/dags/sec_edgar_dag.py                           1           0  0.49s           2026-02-14T20:27:19
/opt/airflow/dags/test_dag.py                                1           0  0.26s           2026-02-14T20:27:02
================================================================================
[2026-02-14T20:27:51.601+0000] {manager.py:879} INFO - 
================================================================================
DAG File Processing Stats

File Path                           PID    Runtime      # DAGs    # Errors  Last Runtime    Last Run
----------------------------------  -----  ---------  --------  ----------  --------------  -------------------
/opt/airflow/dags/sec_edgar_dag.py                           1           0  0.69s           2026-02-14T20:27:50
/opt/airflow/dags/test_dag.py                                1           0  0.24s           2026-02-14T20:27:32
================================================================================
[2026-02-14T20:28:21.811+0000] {manager.py:879} INFO - 
================================================================================
DAG File Processing Stats

File Path                           PID    Runtime      # DAGs    # Errors  Last Runtime    Last Run
----------------------------------  -----  ---------  --------  ----------  --------------  -------------------
/opt/airflow/dags/sec_edgar_dag.py                           1           0  0.59s           2026-02-14T20:28:21
/opt/airflow/dags/test_dag.py                                1           0  0.24s           2026-02-14T20:28:03
================================================================================
[2026-02-14T20:28:51.971+0000] {manager.py:879} INFO - 
================================================================================
DAG File Processing Stats

File Path                             PID  Runtime      # DAGs    # Errors  Last Runtime    Last Run
----------------------------------  -----  ---------  --------  ----------  --------------  -------------------
/opt/airflow/dags/sec_edgar_dag.py   1660  0.01s             1           0  0.59s           2026-02-14T20:28:21
/opt/airflow/dags/test_dag.py                                1           0  0.24s           2026-02-14T20:28:33
================================================================================
[2026-02-14T20:29:22.270+0000] {manager.py:879} INFO - 
================================================================================
DAG File Processing Stats

File Path                           PID    Runtime      # DAGs    # Errors  Last Runtime    Last Run
----------------------------------  -----  ---------  --------  ----------  --------------  -------------------
/opt/airflow/dags/sec_edgar_dag.py                           1           0  0.54s           2026-02-14T20:28:52
/opt/airflow/dags/test_dag.py                                1           0  0.23s           2026-02-14T20:29:04
================================================================================
[2026-02-14T20:29:52.766+0000] {manager.py:879} INFO - 
================================================================================
DAG File Processing Stats

File Path                           PID    Runtime      # DAGs    # Errors  Last Runtime    Last Run
----------------------------------  -----  ---------  --------  ----------  --------------  -------------------
/opt/airflow/dags/sec_edgar_dag.py                           1           0  0.54s           2026-02-14T20:29:23
/opt/airflow/dags/test_dag.py                                1           0  0.22s           2026-02-14T20:29:34
================================================================================
[2026-02-14T20:30:23.276+0000] {manager.py:879} INFO - 
================================================================================
DAG File Processing Stats

File Path                           PID    Runtime      # DAGs    # Errors  Last Runtime    Last Run
----------------------------------  -----  ---------  --------  ----------  --------------  -------------------
/opt/airflow/dags/sec_edgar_dag.py                           1           0  0.57s           2026-02-14T20:29:54
/opt/airflow/dags/test_dag.py                                1           0  0.22s           2026-02-14T20:30:05
================================================================================
[2026-02-14T20:30:53.752+0000] {manager.py:879} INFO - 
================================================================================
DAG File Processing Stats

File Path                           PID    Runtime      # DAGs    # Errors  Last Runtime    Last Run
----------------------------------  -----  ---------  --------  ----------  --------------  -------------------
/opt/airflow/dags/sec_edgar_dag.py                           1           0  0.49s           2026-02-14T20:30:25
/opt/airflow/dags/test_dag.py                                1           0  0.28s           2026-02-14T20:30:35
================================================================================
[2026-02-14T20:31:15.232+0000] {manager.py:738} INFO - Searching for files in /opt/airflow/dags
[2026-02-14T20:31:15.292+0000] {manager.py:741} INFO - There are 2 files in /opt/airflow/dags
[2026-02-14T20:31:24.402+0000] {manager.py:879} INFO - 
================================================================================
DAG File Processing Stats

File Path                           PID    Runtime      # DAGs    # Errors  Last Runtime    Last Run
----------------------------------  -----  ---------  --------  ----------  --------------  -------------------
/opt/airflow/dags/sec_edgar_dag.py                           1           0  0.53s           2026-02-14T20:30:56
/opt/airflow/dags/test_dag.py                                1           0  0.18s           2026-02-14T20:31:06
================================================================================
[2026-02-14T20:31:54.769+0000] {manager.py:879} INFO - 
================================================================================
DAG File Processing Stats

File Path                           PID    Runtime      # DAGs    # Errors  Last Runtime    Last Run
----------------------------------  -----  ---------  --------  ----------  --------------  -------------------
/opt/airflow/dags/sec_edgar_dag.py                           1           0  0.52s           2026-02-14T20:31:27
/opt/airflow/dags/test_dag.py                                1           0  0.20s           2026-02-14T20:31:36
================================================================================
[2026-02-14T20:32:25.216+0000] {manager.py:879} INFO - 
================================================================================
DAG File Processing Stats

File Path                           PID    Runtime      # DAGs    # Errors  Last Runtime    Last Run
----------------------------------  -----  ---------  --------  ----------  --------------  -------------------
/opt/airflow/dags/sec_edgar_dag.py                           1           0  0.54s           2026-02-14T20:31:58
/opt/airflow/dags/test_dag.py                                1           0  0.23s           2026-02-14T20:32:07
================================================================================
[2026-02-14T20:32:55.554+0000] {manager.py:879} INFO - 
================================================================================
DAG File Processing Stats

File Path                           PID    Runtime      # DAGs    # Errors  Last Runtime    Last Run
----------------------------------  -----  ---------  --------  ----------  --------------  -------------------
/opt/airflow/dags/sec_edgar_dag.py                           1           0  0.59s           2026-02-14T20:32:29
/opt/airflow/dags/test_dag.py                                1           0  0.24s           2026-02-14T20:32:37
================================================================================
[2026-02-14T20:33:26.051+0000] {manager.py:879} INFO - 
================================================================================
DAG File Processing Stats

File Path                           PID    Runtime      # DAGs    # Errors  Last Runtime    Last Run
----------------------------------  -----  ---------  --------  ----------  --------------  -------------------
/opt/airflow/dags/sec_edgar_dag.py                           1           0  0.54s           2026-02-14T20:33:01
/opt/airflow/dags/test_dag.py                                1           0  0.21s           2026-02-14T20:33:08
================================================================================
[2026-02-14T20:33:56.560+0000] {manager.py:879} INFO - 
================================================================================
DAG File Processing Stats

File Path                           PID    Runtime      # DAGs    # Errors  Last Runtime    Last Run
----------------------------------  -----  ---------  --------  ----------  --------------  -------------------
/opt/airflow/dags/sec_edgar_dag.py                           1           0  0.51s           2026-02-14T20:33:31
/opt/airflow/dags/test_dag.py                                1           0  0.24s           2026-02-14T20:33:38
================================================================================
[2026-02-14T20:34:27.084+0000] {manager.py:879} INFO - 
================================================================================
DAG File Processing Stats

File Path                           PID    Runtime      # DAGs    # Errors  Last Runtime    Last Run
----------------------------------  -----  ---------  --------  ----------  --------------  -------------------
/opt/airflow/dags/sec_edgar_dag.py                           1           0  0.52s           2026-02-14T20:34:02
/opt/airflow/dags/test_dag.py                                1           0  0.26s           2026-02-14T20:34:09
================================================================================
[2026-02-14T20:34:57.646+0000] {manager.py:879} INFO - 
================================================================================
DAG File Processing Stats

File Path                           PID    Runtime      # DAGs    # Errors  Last Runtime    Last Run
----------------------------------  -----  ---------  --------  ----------  --------------  -------------------
/opt/airflow/dags/sec_edgar_dag.py                           1           0  0.51s           2026-02-14T20:34:32
/opt/airflow/dags/test_dag.py                                1           0  0.20s           2026-02-14T20:34:39
================================================================================
[2026-02-14T20:35:28.107+0000] {manager.py:879} INFO - 
================================================================================
DAG File Processing Stats

File Path                           PID    Runtime      # DAGs    # Errors  Last Runtime    Last Run
----------------------------------  -----  ---------  --------  ----------  --------------  -------------------
/opt/airflow/dags/sec_edgar_dag.py                           1           0  0.58s           2026-02-14T20:35:04
/opt/airflow/dags/test_dag.py                                1           0  0.22s           2026-02-14T20:35:10
================================================================================
[2026-02-14T20:35:58.622+0000] {manager.py:879} INFO - 
================================================================================
DAG File Processing Stats

File Path                           PID    Runtime      # DAGs    # Errors  Last Runtime    Last Run
----------------------------------  -----  ---------  --------  ----------  --------------  -------------------
/opt/airflow/dags/sec_edgar_dag.py                           1           0  0.48s           2026-02-14T20:35:34
/opt/airflow/dags/test_dag.py                                1           0  0.22s           2026-02-14T20:35:40
================================================================================
[2026-02-14T20:36:15.999+0000] {manager.py:738} INFO - Searching for files in /opt/airflow/dags
[2026-02-14T20:36:16.053+0000] {manager.py:741} INFO - There are 2 files in /opt/airflow/dags
[2026-02-14T20:36:29.184+0000] {manager.py:879} INFO - 
================================================================================
DAG File Processing Stats

File Path                           PID    Runtime      # DAGs    # Errors  Last Runtime    Last Run
----------------------------------  -----  ---------  --------  ----------  --------------  -------------------
/opt/airflow/dags/sec_edgar_dag.py                           1           0  0.48s           2026-02-14T20:36:05
/opt/airflow/dags/test_dag.py                                1           0  0.18s           2026-02-14T20:36:11
================================================================================
[2026-02-14T20:36:59.554+0000] {manager.py:879} INFO - 
================================================================================
DAG File Processing Stats

File Path                           PID    Runtime      # DAGs    # Errors  Last Runtime    Last Run
----------------------------------  -----  ---------  --------  ----------  --------------  -------------------
/opt/airflow/dags/sec_edgar_dag.py                           1           0  0.55s           2026-02-14T20:36:36
/opt/airflow/dags/test_dag.py                                1           0  0.23s           2026-02-14T20:36:41
================================================================================
[2026-02-14T20:37:30.165+0000] {manager.py:879} INFO - 
================================================================================
DAG File Processing Stats

File Path                           PID    Runtime      # DAGs    # Errors  Last Runtime    Last Run
----------------------------------  -----  ---------  --------  ----------  --------------  -------------------
/opt/airflow/dags/sec_edgar_dag.py                           1           0  0.59s           2026-02-14T20:37:08
/opt/airflow/dags/test_dag.py                                1           0  0.25s           2026-02-14T20:37:12
================================================================================
[2026-02-14T20:38:00.491+0000] {manager.py:879} INFO - 
================================================================================
DAG File Processing Stats

File Path                           PID    Runtime      # DAGs    # Errors  Last Runtime    Last Run
----------------------------------  -----  ---------  --------  ----------  --------------  -------------------
/opt/airflow/dags/sec_edgar_dag.py                           1           0  0.56s           2026-02-14T20:37:38
/opt/airflow/dags/test_dag.py                                1           0  0.16s           2026-02-14T20:37:42
================================================================================
[2026-02-14T20:38:30.918+0000] {manager.py:879} INFO - 
================================================================================
DAG File Processing Stats

File Path                           PID    Runtime      # DAGs    # Errors  Last Runtime    Last Run
----------------------------------  -----  ---------  --------  ----------  --------------  -------------------
/opt/airflow/dags/sec_edgar_dag.py                           1           0  0.52s           2026-02-14T20:38:10
/opt/airflow/dags/test_dag.py                                1           0  0.22s           2026-02-14T20:38:12
================================================================================
[2026-02-14T20:39:01.429+0000] {manager.py:879} INFO - 
================================================================================
DAG File Processing Stats

File Path                           PID    Runtime      # DAGs    # Errors  Last Runtime    Last Run
----------------------------------  -----  ---------  --------  ----------  --------------  -------------------
/opt/airflow/dags/sec_edgar_dag.py                           1           0  0.52s           2026-02-14T20:38:40
/opt/airflow/dags/test_dag.py                                1           0  0.25s           2026-02-14T20:38:43
================================================================================
[2026-02-14T20:39:31.947+0000] {manager.py:879} INFO - 
================================================================================
DAG File Processing Stats

File Path                           PID    Runtime      # DAGs    # Errors  Last Runtime    Last Run
----------------------------------  -----  ---------  --------  ----------  --------------  -------------------
/opt/airflow/dags/sec_edgar_dag.py                           1           0  0.53s           2026-02-14T20:39:12
/opt/airflow/dags/test_dag.py                                1           0  0.24s           2026-02-14T20:39:14
================================================================================
[2026-02-14T20:40:02.489+0000] {manager.py:879} INFO - 
================================================================================
DAG File Processing Stats

File Path                           PID    Runtime      # DAGs    # Errors  Last Runtime    Last Run
----------------------------------  -----  ---------  --------  ----------  --------------  -------------------
/opt/airflow/dags/sec_edgar_dag.py                           1           0  0.53s           2026-02-14T20:39:42
/opt/airflow/dags/test_dag.py                                1           0  0.22s           2026-02-14T20:39:44
================================================================================
[2026-02-14T20:40:32.972+0000] {manager.py:879} INFO - 
================================================================================
DAG File Processing Stats

File Path                           PID    Runtime      # DAGs    # Errors  Last Runtime    Last Run
----------------------------------  -----  ---------  --------  ----------  --------------  -------------------
/opt/airflow/dags/sec_edgar_dag.py                           1           0  0.52s           2026-02-14T20:40:14
/opt/airflow/dags/test_dag.py                                1           0  0.20s           2026-02-14T20:40:14
================================================================================
[2026-02-14T20:41:03.441+0000] {manager.py:879} INFO - 
================================================================================
DAG File Processing Stats

File Path                           PID    Runtime      # DAGs    # Errors  Last Runtime    Last Run
----------------------------------  -----  ---------  --------  ----------  --------------  -------------------
/opt/airflow/dags/sec_edgar_dag.py                           1           0  0.52s           2026-02-14T20:40:44
/opt/airflow/dags/test_dag.py                                1           0  0.21s           2026-02-14T20:40:45
================================================================================
[2026-02-14T20:41:16.160+0000] {manager.py:738} INFO - Searching for files in /opt/airflow/dags
[2026-02-14T20:41:16.218+0000] {manager.py:741} INFO - There are 2 files in /opt/airflow/dags
[2026-02-14T20:41:33.987+0000] {manager.py:879} INFO - 
================================================================================
DAG File Processing Stats

File Path                           PID    Runtime      # DAGs    # Errors  Last Runtime    Last Run
----------------------------------  -----  ---------  --------  ----------  --------------  -------------------
/opt/airflow/dags/sec_edgar_dag.py                           1           0  0.58s           2026-02-14T20:41:16
/opt/airflow/dags/test_dag.py                                1           0  0.23s           2026-02-14T20:41:15
================================================================================
[2026-02-14T20:42:04.051+0000] {manager.py:879} INFO - 
================================================================================
DAG File Processing Stats

File Path                           PID    Runtime      # DAGs    # Errors  Last Runtime    Last Run
----------------------------------  -----  ---------  --------  ----------  --------------  -------------------
/opt/airflow/dags/sec_edgar_dag.py                           1           0  0.54s           2026-02-14T20:41:46
/opt/airflow/dags/test_dag.py                                1           0  0.22s           2026-02-14T20:41:46
================================================================================
[2026-02-14T20:42:34.507+0000] {manager.py:879} INFO - 
================================================================================
DAG File Processing Stats

File Path                           PID    Runtime      # DAGs    # Errors  Last Runtime    Last Run
----------------------------------  -----  ---------  --------  ----------  --------------  -------------------
/opt/airflow/dags/sec_edgar_dag.py                           1           0  0.48s           2026-02-14T20:42:18
/opt/airflow/dags/test_dag.py                                1           0  0.23s           2026-02-14T20:42:16
================================================================================
[2026-02-14T20:43:05.033+0000] {manager.py:879} INFO - 
================================================================================
DAG File Processing Stats

File Path                           PID    Runtime      # DAGs    # Errors  Last Runtime    Last Run
----------------------------------  -----  ---------  --------  ----------  --------------  -------------------
/opt/airflow/dags/sec_edgar_dag.py                           1           0  0.52s           2026-02-14T20:42:49
/opt/airflow/dags/test_dag.py                                1           0  0.23s           2026-02-14T20:42:47
================================================================================
[2026-02-14T20:43:35.158+0000] {manager.py:879} INFO - 
================================================================================
DAG File Processing Stats

File Path                           PID    Runtime      # DAGs    # Errors  Last Runtime    Last Run
----------------------------------  -----  ---------  --------  ----------  --------------  -------------------
/opt/airflow/dags/sec_edgar_dag.py                           1           0  0.56s           2026-02-14T20:43:20
/opt/airflow/dags/test_dag.py                                1           0  0.26s           2026-02-14T20:43:18
================================================================================
[2026-02-14T20:44:05.455+0000] {manager.py:879} INFO - 
================================================================================
DAG File Processing Stats

File Path                           PID    Runtime      # DAGs    # Errors  Last Runtime    Last Run
----------------------------------  -----  ---------  --------  ----------  --------------  -------------------
/opt/airflow/dags/sec_edgar_dag.py                           1           0  0.55s           2026-02-14T20:43:51
/opt/airflow/dags/test_dag.py                                1           0  0.24s           2026-02-14T20:43:48
================================================================================
[2026-02-14T20:44:35.656+0000] {manager.py:879} INFO - 
================================================================================
DAG File Processing Stats

File Path                           PID    Runtime      # DAGs    # Errors  Last Runtime    Last Run
----------------------------------  -----  ---------  --------  ----------  --------------  -------------------
/opt/airflow/dags/sec_edgar_dag.py                           1           0  0.59s           2026-02-14T20:44:22
/opt/airflow/dags/test_dag.py                                1           0  0.23s           2026-02-14T20:44:19
================================================================================
[2026-02-14T20:45:06.170+0000] {manager.py:879} INFO - 
================================================================================
DAG File Processing Stats

File Path                           PID    Runtime      # DAGs    # Errors  Last Runtime    Last Run
----------------------------------  -----  ---------  --------  ----------  --------------  -------------------
/opt/airflow/dags/sec_edgar_dag.py                           1           0  0.57s           2026-02-14T20:44:53
/opt/airflow/dags/test_dag.py                                1           0  0.24s           2026-02-14T20:44:50
================================================================================
[2026-02-14T20:45:36.320+0000] {manager.py:879} INFO - 
================================================================================
DAG File Processing Stats

File Path                           PID    Runtime      # DAGs    # Errors  Last Runtime    Last Run
----------------------------------  -----  ---------  --------  ----------  --------------  -------------------
/opt/airflow/dags/sec_edgar_dag.py                           1           0  0.59s           2026-02-14T20:45:24
/opt/airflow/dags/test_dag.py                                1           0  0.24s           2026-02-14T20:45:20
================================================================================
[2026-02-14T20:46:06.552+0000] {manager.py:879} INFO - 
================================================================================
DAG File Processing Stats

File Path                           PID    Runtime      # DAGs    # Errors  Last Runtime    Last Run
----------------------------------  -----  ---------  --------  ----------  --------------  -------------------
/opt/airflow/dags/sec_edgar_dag.py                           1           0  0.52s           2026-02-14T20:45:55
/opt/airflow/dags/test_dag.py                                1           0  0.23s           2026-02-14T20:45:51
================================================================================
[2026-02-14T20:46:16.316+0000] {manager.py:738} INFO - Searching for files in /opt/airflow/dags
[2026-02-14T20:46:16.357+0000] {manager.py:741} INFO - There are 2 files in /opt/airflow/dags
[2026-02-14T20:46:36.726+0000] {manager.py:879} INFO - 
================================================================================
DAG File Processing Stats

File Path                           PID    Runtime      # DAGs    # Errors  Last Runtime    Last Run
----------------------------------  -----  ---------  --------  ----------  --------------  -------------------
/opt/airflow/dags/sec_edgar_dag.py                           1           0  0.54s           2026-02-14T20:46:26
/opt/airflow/dags/test_dag.py                                1           0  0.16s           2026-02-14T20:46:21
================================================================================
[2026-02-14T20:47:06.882+0000] {manager.py:879} INFO - 
================================================================================
DAG File Processing Stats

File Path                           PID    Runtime      # DAGs    # Errors  Last Runtime    Last Run
----------------------------------  -----  ---------  --------  ----------  --------------  -------------------
/opt/airflow/dags/sec_edgar_dag.py                           1           0  0.60s           2026-02-14T20:46:56
/opt/airflow/dags/test_dag.py                                1           0  0.26s           2026-02-14T20:46:52
================================================================================
[2026-02-14T20:47:37.013+0000] {manager.py:879} INFO - 
================================================================================
DAG File Processing Stats

File Path                           PID    Runtime      # DAGs    # Errors  Last Runtime    Last Run
----------------------------------  -----  ---------  --------  ----------  --------------  -------------------
/opt/airflow/dags/sec_edgar_dag.py                           1           0  0.57s           2026-02-14T20:47:27
/opt/airflow/dags/test_dag.py                                1           0  0.26s           2026-02-14T20:47:23
================================================================================
[2026-02-14T20:48:07.190+0000] {manager.py:879} INFO - 
================================================================================
DAG File Processing Stats

File Path                           PID    Runtime      # DAGs    # Errors  Last Runtime    Last Run
----------------------------------  -----  ---------  --------  ----------  --------------  -------------------
/opt/airflow/dags/sec_edgar_dag.py                           1           0  1.00s           2026-02-14T20:47:59
/opt/airflow/dags/test_dag.py                                1           0  0.24s           2026-02-14T20:47:54
================================================================================
[2026-02-14T20:48:37.441+0000] {manager.py:879} INFO - 
================================================================================
DAG File Processing Stats

File Path                           PID    Runtime      # DAGs    # Errors  Last Runtime    Last Run
----------------------------------  -----  ---------  --------  ----------  --------------  -------------------
/opt/airflow/dags/sec_edgar_dag.py                           1           0  0.63s           2026-02-14T20:48:29
/opt/airflow/dags/test_dag.py                                1           0  0.21s           2026-02-14T20:48:24
================================================================================
[2026-02-14T20:49:07.726+0000] {manager.py:879} INFO - 
================================================================================
DAG File Processing Stats

File Path                           PID    Runtime      # DAGs    # Errors  Last Runtime    Last Run
----------------------------------  -----  ---------  --------  ----------  --------------  -------------------
/opt/airflow/dags/sec_edgar_dag.py                           1           0  0.83s           2026-02-14T20:49:00
/opt/airflow/dags/test_dag.py                                1           0  0.24s           2026-02-14T20:48:54
================================================================================
[2026-02-14T20:49:38.286+0000] {manager.py:879} INFO - 
================================================================================
DAG File Processing Stats

File Path                           PID    Runtime      # DAGs    # Errors  Last Runtime    Last Run
----------------------------------  -----  ---------  --------  ----------  --------------  -------------------
/opt/airflow/dags/sec_edgar_dag.py                           1           0  0.45s           2026-02-14T20:49:31
/opt/airflow/dags/test_dag.py                                1           0  0.25s           2026-02-14T20:49:25
================================================================================
[2026-02-14T20:50:08.533+0000] {manager.py:879} INFO - 
================================================================================
DAG File Processing Stats

File Path                           PID    Runtime      # DAGs    # Errors  Last Runtime    Last Run
----------------------------------  -----  ---------  --------  ----------  --------------  -------------------
/opt/airflow/dags/sec_edgar_dag.py                           1           0  0.76s           2026-02-14T20:50:02
/opt/airflow/dags/test_dag.py                                1           0  0.24s           2026-02-14T20:49:55
================================================================================
[2026-02-14T20:50:38.640+0000] {manager.py:879} INFO - 
================================================================================
DAG File Processing Stats

File Path                           PID    Runtime      # DAGs    # Errors  Last Runtime    Last Run
----------------------------------  -----  ---------  --------  ----------  --------------  -------------------
/opt/airflow/dags/sec_edgar_dag.py                           1           0  0.56s           2026-02-14T20:50:33
/opt/airflow/dags/test_dag.py                                1           0  0.25s           2026-02-14T20:50:26
================================================================================
[2026-02-14T20:51:08.797+0000] {manager.py:879} INFO - 
================================================================================
DAG File Processing Stats

File Path                           PID    Runtime      # DAGs    # Errors  Last Runtime    Last Run
----------------------------------  -----  ---------  --------  ----------  --------------  -------------------
/opt/airflow/dags/sec_edgar_dag.py                           1           0  0.95s           2026-02-14T20:51:04
/opt/airflow/dags/test_dag.py                                1           0  0.24s           2026-02-14T20:50:56
================================================================================
[2026-02-14T20:51:16.661+0000] {manager.py:738} INFO - Searching for files in /opt/airflow/dags
[2026-02-14T20:51:16.730+0000] {manager.py:741} INFO - There are 2 files in /opt/airflow/dags
[2026-02-14T20:51:39.234+0000] {manager.py:879} INFO - 
================================================================================
DAG File Processing Stats

File Path                           PID    Runtime      # DAGs    # Errors  Last Runtime    Last Run
----------------------------------  -----  ---------  --------  ----------  --------------  -------------------
/opt/airflow/dags/sec_edgar_dag.py                           1           0  0.47s           2026-02-14T20:51:35
/opt/airflow/dags/test_dag.py                                1           0  0.27s           2026-02-14T20:51:27
================================================================================
[2026-02-14T20:52:09.520+0000] {manager.py:879} INFO - 
================================================================================
DAG File Processing Stats

File Path                           PID    Runtime      # DAGs    # Errors  Last Runtime    Last Run
----------------------------------  -----  ---------  --------  ----------  --------------  -------------------
/opt/airflow/dags/sec_edgar_dag.py                           1           0  0.95s           2026-02-14T20:52:06
/opt/airflow/dags/test_dag.py                                1           0  0.24s           2026-02-14T20:51:57
================================================================================
[2026-02-14T20:52:39.543+0000] {manager.py:879} INFO - 
================================================================================
DAG File Processing Stats

File Path                           PID    Runtime      # DAGs    # Errors  Last Runtime    Last Run
----------------------------------  -----  ---------  --------  ----------  --------------  -------------------
/opt/airflow/dags/sec_edgar_dag.py                           1           0  0.54s           2026-02-14T20:52:37
/opt/airflow/dags/test_dag.py                                1           0  0.24s           2026-02-14T20:52:28
================================================================================
[2026-02-14T20:53:09.830+0000] {manager.py:879} INFO - 
================================================================================
DAG File Processing Stats

File Path                           PID    Runtime      # DAGs    # Errors  Last Runtime    Last Run
----------------------------------  -----  ---------  --------  ----------  --------------  -------------------
/opt/airflow/dags/sec_edgar_dag.py                           1           0  0.95s           2026-02-14T20:53:09
/opt/airflow/dags/test_dag.py                                1           0  0.24s           2026-02-14T20:52:58
================================================================================
[2026-02-14T20:53:40.378+0000] {manager.py:879} INFO - 
================================================================================
DAG File Processing Stats

File Path                           PID    Runtime      # DAGs    # Errors  Last Runtime    Last Run
----------------------------------  -----  ---------  --------  ----------  --------------  -------------------
/opt/airflow/dags/sec_edgar_dag.py                           1           0  0.52s           2026-02-14T20:53:39
/opt/airflow/dags/test_dag.py                                1           0  0.26s           2026-02-14T20:53:29
================================================================================
[2026-02-14T20:54:10.636+0000] {manager.py:879} INFO - 
================================================================================
DAG File Processing Stats

File Path                           PID    Runtime      # DAGs    # Errors  Last Runtime    Last Run
----------------------------------  -----  ---------  --------  ----------  --------------  -------------------
/opt/airflow/dags/sec_edgar_dag.py                           1           0  0.77s           2026-02-14T20:54:10
/opt/airflow/dags/test_dag.py                                1           0  0.21s           2026-02-14T20:53:59
================================================================================
[2026-02-14T20:54:41.181+0000] {manager.py:879} INFO - 
================================================================================
DAG File Processing Stats

File Path                             PID  Runtime      # DAGs    # Errors  Last Runtime    Last Run
----------------------------------  -----  ---------  --------  ----------  --------------  -------------------
/opt/airflow/dags/sec_edgar_dag.py   2481  0.01s             1           0  0.77s           2026-02-14T20:54:10
/opt/airflow/dags/test_dag.py                                1           0  0.24s           2026-02-14T20:54:30
================================================================================
[2026-02-14T20:55:11.484+0000] {manager.py:879} INFO - 
================================================================================
DAG File Processing Stats

File Path                           PID    Runtime      # DAGs    # Errors  Last Runtime    Last Run
----------------------------------  -----  ---------  --------  ----------  --------------  -------------------
/opt/airflow/dags/sec_edgar_dag.py                           1           0  0.53s           2026-02-14T20:54:41
/opt/airflow/dags/test_dag.py                                1           0  0.23s           2026-02-14T20:55:00
================================================================================
[2026-02-14T20:55:41.879+0000] {manager.py:879} INFO - 
================================================================================
DAG File Processing Stats

File Path                           PID    Runtime      # DAGs    # Errors  Last Runtime    Last Run
----------------------------------  -----  ---------  --------  ----------  --------------  -------------------
/opt/airflow/dags/sec_edgar_dag.py                           1           0  0.90s           2026-02-14T20:55:12
/opt/airflow/dags/test_dag.py                                1           0  0.23s           2026-02-14T20:55:30
================================================================================
[2026-02-14T20:56:12.282+0000] {manager.py:879} INFO - 
================================================================================
DAG File Processing Stats

File Path                           PID    Runtime      # DAGs    # Errors  Last Runtime    Last Run
----------------------------------  -----  ---------  --------  ----------  --------------  -------------------
/opt/airflow/dags/sec_edgar_dag.py                           1           0  0.48s           2026-02-14T20:55:43
/opt/airflow/dags/test_dag.py                                1           0  0.21s           2026-02-14T20:56:01
================================================================================
[2026-02-14T20:56:17.322+0000] {manager.py:738} INFO - Searching for files in /opt/airflow/dags
[2026-02-14T20:56:17.369+0000] {manager.py:741} INFO - There are 2 files in /opt/airflow/dags
[2026-02-14T20:56:42.658+0000] {manager.py:879} INFO - 
================================================================================
DAG File Processing Stats

File Path                           PID    Runtime      # DAGs    # Errors  Last Runtime    Last Run
----------------------------------  -----  ---------  --------  ----------  --------------  -------------------
/opt/airflow/dags/sec_edgar_dag.py                           1           0  0.85s           2026-02-14T20:56:14
/opt/airflow/dags/test_dag.py                                1           0  0.25s           2026-02-14T20:56:31
================================================================================
[2026-02-14T20:57:13.159+0000] {manager.py:879} INFO - 
================================================================================
DAG File Processing Stats

File Path                           PID    Runtime      # DAGs    # Errors  Last Runtime    Last Run
----------------------------------  -----  ---------  --------  ----------  --------------  -------------------
/opt/airflow/dags/sec_edgar_dag.py                           1           0  0.53s           2026-02-14T20:56:45
/opt/airflow/dags/test_dag.py                                1           0  0.25s           2026-02-14T20:57:02
================================================================================
[2026-02-14T20:57:43.648+0000] {manager.py:879} INFO - 
================================================================================
DAG File Processing Stats

File Path                           PID    Runtime      # DAGs    # Errors  Last Runtime    Last Run
----------------------------------  -----  ---------  --------  ----------  --------------  -------------------
/opt/airflow/dags/sec_edgar_dag.py                           1           0  0.93s           2026-02-14T20:57:16
/opt/airflow/dags/test_dag.py                                1           0  0.24s           2026-02-14T20:57:32
================================================================================
[2026-02-14T20:58:14.121+0000] {manager.py:879} INFO - 
================================================================================
DAG File Processing Stats

File Path                           PID    Runtime      # DAGs    # Errors  Last Runtime    Last Run
----------------------------------  -----  ---------  --------  ----------  --------------  -------------------
/opt/airflow/dags/sec_edgar_dag.py                           1           0  0.60s           2026-02-14T20:57:47
/opt/airflow/dags/test_dag.py                                1           0  0.21s           2026-02-14T20:58:03
================================================================================
[2026-02-14T20:58:44.414+0000] {manager.py:879} INFO - 
================================================================================
DAG File Processing Stats

File Path                           PID    Runtime      # DAGs    # Errors  Last Runtime    Last Run
----------------------------------  -----  ---------  --------  ----------  --------------  -------------------
/opt/airflow/dags/sec_edgar_dag.py                           1           0  0.81s           2026-02-14T20:58:18
/opt/airflow/dags/test_dag.py                                1           0  0.24s           2026-02-14T20:58:33
================================================================================
[2026-02-14T20:59:14.934+0000] {manager.py:879} INFO - 
================================================================================
DAG File Processing Stats

File Path                           PID    Runtime      # DAGs    # Errors  Last Runtime    Last Run
----------------------------------  -----  ---------  --------  ----------  --------------  -------------------
/opt/airflow/dags/sec_edgar_dag.py                           1           0  0.58s           2026-02-14T20:58:49
/opt/airflow/dags/test_dag.py                                1           0  0.25s           2026-02-14T20:59:04
================================================================================
[2026-02-14T20:59:45.228+0000] {manager.py:879} INFO - 
================================================================================
DAG File Processing Stats

File Path                           PID    Runtime      # DAGs    # Errors  Last Runtime    Last Run
----------------------------------  -----  ---------  --------  ----------  --------------  -------------------
/opt/airflow/dags/sec_edgar_dag.py                           1           0  0.79s           2026-02-14T20:59:19
/opt/airflow/dags/test_dag.py                                1           0  0.20s           2026-02-14T20:59:34
================================================================================
[2026-02-14T21:00:15.711+0000] {manager.py:879} INFO - 
================================================================================
DAG File Processing Stats

File Path                           PID    Runtime      # DAGs    # Errors  Last Runtime    Last Run
----------------------------------  -----  ---------  --------  ----------  --------------  -------------------
/opt/airflow/dags/sec_edgar_dag.py                           1           0  0.55s           2026-02-14T20:59:50
/opt/airflow/dags/test_dag.py                                1           0  0.17s           2026-02-14T21:00:04
================================================================================
[2026-02-14T21:00:45.899+0000] {manager.py:879} INFO - 
================================================================================
DAG File Processing Stats

File Path                           PID    Runtime      # DAGs    # Errors  Last Runtime    Last Run
----------------------------------  -----  ---------  --------  ----------  --------------  -------------------
/opt/airflow/dags/sec_edgar_dag.py                           1           0  0.77s           2026-02-14T21:00:21
/opt/airflow/dags/test_dag.py                                1           0  0.20s           2026-02-14T21:00:35
================================================================================
[2026-02-14T21:01:16.371+0000] {manager.py:879} INFO - 
================================================================================
DAG File Processing Stats

File Path                           PID    Runtime      # DAGs    # Errors  Last Runtime    Last Run
----------------------------------  -----  ---------  --------  ----------  --------------  -------------------
/opt/airflow/dags/sec_edgar_dag.py                           1           0  0.54s           2026-02-14T21:00:52
/opt/airflow/dags/test_dag.py                                1           0  0.24s           2026-02-14T21:01:05
================================================================================
[2026-02-14T21:01:17.377+0000] {manager.py:738} INFO - Searching for files in /opt/airflow/dags
[2026-02-14T21:01:17.447+0000] {manager.py:741} INFO - There are 2 files in /opt/airflow/dags
[2026-02-14T21:01:46.873+0000] {manager.py:879} INFO - 
================================================================================
DAG File Processing Stats

File Path                           PID    Runtime      # DAGs    # Errors  Last Runtime    Last Run
----------------------------------  -----  ---------  --------  ----------  --------------  -------------------
/opt/airflow/dags/sec_edgar_dag.py                           1           0  0.78s           2026-02-14T21:01:23
/opt/airflow/dags/test_dag.py                                1           0  0.26s           2026-02-14T21:01:36
================================================================================
[2026-02-14T21:02:17.411+0000] {manager.py:879} INFO - 
================================================================================
DAG File Processing Stats

File Path                           PID    Runtime      # DAGs    # Errors  Last Runtime    Last Run
----------------------------------  -----  ---------  --------  ----------  --------------  -------------------
/opt/airflow/dags/sec_edgar_dag.py                           1           0  0.55s           2026-02-14T21:01:54
/opt/airflow/dags/test_dag.py                                1           0  0.23s           2026-02-14T21:02:06
================================================================================
[2026-02-14T21:02:47.564+0000] {manager.py:879} INFO - 
================================================================================
DAG File Processing Stats

File Path                           PID    Runtime      # DAGs    # Errors  Last Runtime    Last Run
----------------------------------  -----  ---------  --------  ----------  --------------  -------------------
/opt/airflow/dags/sec_edgar_dag.py                           1           0  0.91s           2026-02-14T21:02:25
/opt/airflow/dags/test_dag.py                                1           0  0.27s           2026-02-14T21:02:37
================================================================================
[2026-02-14T21:03:18.115+0000] {manager.py:879} INFO - 
================================================================================
DAG File Processing Stats

File Path                           PID    Runtime      # DAGs    # Errors  Last Runtime    Last Run
----------------------------------  -----  ---------  --------  ----------  --------------  -------------------
/opt/airflow/dags/sec_edgar_dag.py                           1           0  0.61s           2026-02-14T21:02:56
/opt/airflow/dags/test_dag.py                                1           0  0.23s           2026-02-14T21:03:08
================================================================================
[2026-02-14T21:03:48.635+0000] {manager.py:879} INFO - 
================================================================================
DAG File Processing Stats

File Path                           PID    Runtime      # DAGs    # Errors  Last Runtime    Last Run
----------------------------------  -----  ---------  --------  ----------  --------------  -------------------
/opt/airflow/dags/sec_edgar_dag.py                           1           0  0.51s           2026-02-14T21:03:26
/opt/airflow/dags/test_dag.py                                1           0  0.21s           2026-02-14T21:03:38
================================================================================
[2026-02-14T21:04:19.117+0000] {manager.py:879} INFO - 
================================================================================
DAG File Processing Stats

File Path                           PID    Runtime      # DAGs    # Errors  Last Runtime    Last Run
----------------------------------  -----  ---------  --------  ----------  --------------  -------------------
/opt/airflow/dags/sec_edgar_dag.py                           1           0  0.52s           2026-02-14T21:03:58
/opt/airflow/dags/test_dag.py                                1           0  0.23s           2026-02-14T21:04:09
================================================================================
[2026-02-14T21:04:49.623+0000] {manager.py:879} INFO - 
================================================================================
DAG File Processing Stats

File Path                           PID    Runtime      # DAGs    # Errors  Last Runtime    Last Run
----------------------------------  -----  ---------  --------  ----------  --------------  -------------------
/opt/airflow/dags/sec_edgar_dag.py                           1           0  0.51s           2026-02-14T21:04:28
/opt/airflow/dags/test_dag.py                                1           0  0.25s           2026-02-14T21:04:39
================================================================================
[2026-02-14T21:05:20.114+0000] {manager.py:879} INFO - 
================================================================================
DAG File Processing Stats

File Path                           PID    Runtime      # DAGs    # Errors  Last Runtime    Last Run
----------------------------------  -----  ---------  --------  ----------  --------------  -------------------
/opt/airflow/dags/sec_edgar_dag.py                           1           0  0.73s           2026-02-14T21:05:00
/opt/airflow/dags/test_dag.py                                1           0  0.20s           2026-02-14T21:05:10
================================================================================
[2026-02-14T21:05:50.586+0000] {manager.py:879} INFO - 
================================================================================
DAG File Processing Stats

File Path                           PID    Runtime      # DAGs    # Errors  Last Runtime    Last Run
----------------------------------  -----  ---------  --------  ----------  --------------  -------------------
/opt/airflow/dags/sec_edgar_dag.py                           1           0  0.57s           2026-02-14T21:05:31
/opt/airflow/dags/test_dag.py                                1           0  0.25s           2026-02-14T21:05:40
================================================================================
[2026-02-14T21:06:17.846+0000] {manager.py:738} INFO - Searching for files in /opt/airflow/dags
[2026-02-14T21:06:17.903+0000] {manager.py:741} INFO - There are 2 files in /opt/airflow/dags
[2026-02-14T21:06:20.953+0000] {manager.py:879} INFO - 
================================================================================
DAG File Processing Stats

File Path                           PID    Runtime      # DAGs    # Errors  Last Runtime    Last Run
----------------------------------  -----  ---------  --------  ----------  --------------  -------------------
/opt/airflow/dags/sec_edgar_dag.py                           1           0  0.77s           2026-02-14T21:06:02
/opt/airflow/dags/test_dag.py                                1           0  0.22s           2026-02-14T21:06:10
================================================================================
[2026-02-14T21:06:51.344+0000] {manager.py:879} INFO - 
================================================================================
DAG File Processing Stats

File Path                           PID    Runtime      # DAGs    # Errors  Last Runtime    Last Run
----------------------------------  -----  ---------  --------  ----------  --------------  -------------------
/opt/airflow/dags/sec_edgar_dag.py                           1           0  0.57s           2026-02-14T21:06:33
/opt/airflow/dags/test_dag.py                                1           0  0.24s           2026-02-14T21:06:41
================================================================================
[2026-02-14T21:07:21.791+0000] {manager.py:879} INFO - 
================================================================================
DAG File Processing Stats

File Path                           PID    Runtime      # DAGs    # Errors  Last Runtime    Last Run
----------------------------------  -----  ---------  --------  ----------  --------------  -------------------
/opt/airflow/dags/sec_edgar_dag.py                           1           0  0.95s           2026-02-14T21:07:04
/opt/airflow/dags/test_dag.py                                1           0  0.19s           2026-02-14T21:07:11
================================================================================
[2026-02-14T21:07:52.082+0000] {manager.py:879} INFO - 
================================================================================
DAG File Processing Stats

File Path                           PID    Runtime      # DAGs    # Errors  Last Runtime    Last Run
----------------------------------  -----  ---------  --------  ----------  --------------  -------------------
/opt/airflow/dags/sec_edgar_dag.py                           1           0  0.61s           2026-02-14T21:07:35
/opt/airflow/dags/test_dag.py                                1           0  0.23s           2026-02-14T21:07:42
================================================================================
[2026-02-14T21:08:22.567+0000] {manager.py:879} INFO - 
================================================================================
DAG File Processing Stats

File Path                           PID    Runtime      # DAGs    # Errors  Last Runtime    Last Run
----------------------------------  -----  ---------  --------  ----------  --------------  -------------------
/opt/airflow/dags/sec_edgar_dag.py                           1           0  0.78s           2026-02-14T21:08:06
/opt/airflow/dags/test_dag.py                                1           0  0.25s           2026-02-14T21:08:12
================================================================================
[2026-02-14T21:08:53.092+0000] {manager.py:879} INFO - 
================================================================================
DAG File Processing Stats

File Path                           PID    Runtime      # DAGs    # Errors  Last Runtime    Last Run
----------------------------------  -----  ---------  --------  ----------  --------------  -------------------
/opt/airflow/dags/sec_edgar_dag.py                           1           0  0.50s           2026-02-14T21:08:38
/opt/airflow/dags/test_dag.py                                1           0  0.26s           2026-02-14T21:08:43
================================================================================
[2026-02-14T21:09:23.380+0000] {manager.py:879} INFO - 
================================================================================
DAG File Processing Stats

File Path                           PID    Runtime      # DAGs    # Errors  Last Runtime    Last Run
----------------------------------  -----  ---------  --------  ----------  --------------  -------------------
/opt/airflow/dags/sec_edgar_dag.py                           1           0  0.78s           2026-02-14T21:09:09
/opt/airflow/dags/test_dag.py                                1           0  0.24s           2026-02-14T21:09:13
================================================================================
[2026-02-14T21:09:53.891+0000] {manager.py:879} INFO - 
================================================================================
DAG File Processing Stats

File Path                           PID    Runtime      # DAGs    # Errors  Last Runtime    Last Run
----------------------------------  -----  ---------  --------  ----------  --------------  -------------------
/opt/airflow/dags/sec_edgar_dag.py                           1           0  0.52s           2026-02-14T21:09:40
/opt/airflow/dags/test_dag.py                                1           0  0.21s           2026-02-14T21:09:44
================================================================================
[2026-02-14T21:10:24.124+0000] {manager.py:879} INFO - 
================================================================================
DAG File Processing Stats

File Path                           PID    Runtime      # DAGs    # Errors  Last Runtime    Last Run
----------------------------------  -----  ---------  --------  ----------  --------------  -------------------
/opt/airflow/dags/sec_edgar_dag.py                           1           0  0.76s           2026-02-14T21:10:10
/opt/airflow/dags/test_dag.py                                1           0  0.21s           2026-02-14T21:10:14
================================================================================
[2026-02-14T21:10:54.617+0000] {manager.py:879} INFO - 
================================================================================
DAG File Processing Stats

File Path                           PID    Runtime      # DAGs    # Errors  Last Runtime    Last Run
----------------------------------  -----  ---------  --------  ----------  --------------  -------------------
/opt/airflow/dags/sec_edgar_dag.py                           1           0  0.54s           2026-02-14T21:10:41
/opt/airflow/dags/test_dag.py                                1           0  0.24s           2026-02-14T21:10:44
================================================================================
[2026-02-14T21:11:17.848+0000] {manager.py:738} INFO - Searching for files in /opt/airflow/dags
[2026-02-14T21:11:17.905+0000] {manager.py:741} INFO - There are 2 files in /opt/airflow/dags
[2026-02-14T21:11:24.989+0000] {manager.py:879} INFO - 
================================================================================
DAG File Processing Stats

File Path                           PID    Runtime      # DAGs    # Errors  Last Runtime    Last Run
----------------------------------  -----  ---------  --------  ----------  --------------  -------------------
/opt/airflow/dags/sec_edgar_dag.py                           1           0  0.79s           2026-02-14T21:11:12
/opt/airflow/dags/test_dag.py                                1           0  0.21s           2026-02-14T21:11:15
================================================================================
[2026-02-14T21:11:55.367+0000] {manager.py:879} INFO - 
================================================================================
DAG File Processing Stats

File Path                           PID    Runtime      # DAGs    # Errors  Last Runtime    Last Run
----------------------------------  -----  ---------  --------  ----------  --------------  -------------------
/opt/airflow/dags/sec_edgar_dag.py                           1           0  0.59s           2026-02-14T21:11:43
/opt/airflow/dags/test_dag.py                                1           0  0.20s           2026-02-14T21:11:45
================================================================================
[2026-02-14T21:12:25.851+0000] {manager.py:879} INFO - 
================================================================================
DAG File Processing Stats

File Path                           PID    Runtime      # DAGs    # Errors  Last Runtime    Last Run
----------------------------------  -----  ---------  --------  ----------  --------------  -------------------
/opt/airflow/dags/sec_edgar_dag.py                           1           0  0.91s           2026-02-14T21:12:15
/opt/airflow/dags/test_dag.py                                1           0  0.22s           2026-02-14T21:12:15
================================================================================
[2026-02-14T21:12:56.590+0000] {manager.py:879} INFO - 
================================================================================
DAG File Processing Stats

File Path                           PID    Runtime      # DAGs    # Errors  Last Runtime    Last Run
----------------------------------  -----  ---------  --------  ----------  --------------  -------------------
/opt/airflow/dags/sec_edgar_dag.py                           1           0  0.80s           2026-02-14T21:12:46
/opt/airflow/dags/test_dag.py                                1           0  0.22s           2026-02-14T21:12:46
================================================================================
[2026-02-14T21:13:26.663+0000] {manager.py:879} INFO - 
================================================================================
DAG File Processing Stats

File Path                           PID    Runtime      # DAGs    # Errors  Last Runtime    Last Run
----------------------------------  -----  ---------  --------  ----------  --------------  -------------------
/opt/airflow/dags/sec_edgar_dag.py                           1           0  0.80s           2026-02-14T21:13:17
/opt/airflow/dags/test_dag.py                                1           0  0.18s           2026-02-14T21:13:16
================================================================================
[2026-02-14T21:13:57.261+0000] {manager.py:879} INFO - 
================================================================================
DAG File Processing Stats

File Path                           PID    Runtime      # DAGs    # Errors  Last Runtime    Last Run
----------------------------------  -----  ---------  --------  ----------  --------------  -------------------
/opt/airflow/dags/sec_edgar_dag.py                           1           0  0.89s           2026-02-14T21:13:49
/opt/airflow/dags/test_dag.py                                1           0  0.23s           2026-02-14T21:13:47
================================================================================
[2026-02-14T21:14:27.715+0000] {manager.py:879} INFO - 
================================================================================
DAG File Processing Stats

File Path                           PID    Runtime      # DAGs    # Errors  Last Runtime    Last Run
----------------------------------  -----  ---------  --------  ----------  --------------  -------------------
/opt/airflow/dags/sec_edgar_dag.py                           1           0  0.85s           2026-02-14T21:14:20
/opt/airflow/dags/test_dag.py                                1           0  0.20s           2026-02-14T21:14:17
================================================================================
[2026-02-14T21:14:58.099+0000] {manager.py:879} INFO - 
================================================================================
DAG File Processing Stats

File Path                           PID    Runtime      # DAGs    # Errors  Last Runtime    Last Run
----------------------------------  -----  ---------  --------  ----------  --------------  -------------------
/opt/airflow/dags/sec_edgar_dag.py                           1           0  0.78s           2026-02-14T21:14:52
/opt/airflow/dags/test_dag.py                                1           0  0.28s           2026-02-14T21:14:48
================================================================================
[2026-02-14T21:15:28.726+0000] {manager.py:879} INFO - 
================================================================================
DAG File Processing Stats

File Path                           PID    Runtime      # DAGs    # Errors  Last Runtime    Last Run
----------------------------------  -----  ---------  --------  ----------  --------------  -------------------
/opt/airflow/dags/sec_edgar_dag.py                           1           0  0.86s           2026-02-14T21:15:23
/opt/airflow/dags/test_dag.py                                1           0  0.25s           2026-02-14T21:15:18
================================================================================
[2026-02-14T21:15:59.115+0000] {manager.py:879} INFO - 
================================================================================
DAG File Processing Stats

File Path                           PID    Runtime      # DAGs    # Errors  Last Runtime    Last Run
----------------------------------  -----  ---------  --------  ----------  --------------  -------------------
/opt/airflow/dags/sec_edgar_dag.py                           1           0  0.75s           2026-02-14T21:15:55
/opt/airflow/dags/test_dag.py                                1           0  0.21s           2026-02-14T21:15:49
================================================================================
[2026-02-14T21:16:18.278+0000] {manager.py:738} INFO - Searching for files in /opt/airflow/dags
[2026-02-14T21:16:18.334+0000] {manager.py:741} INFO - There are 2 files in /opt/airflow/dags
[2026-02-14T21:16:29.822+0000] {manager.py:879} INFO - 
================================================================================
DAG File Processing Stats

File Path                           PID    Runtime      # DAGs    # Errors  Last Runtime    Last Run
----------------------------------  -----  ---------  --------  ----------  --------------  -------------------
/opt/airflow/dags/sec_edgar_dag.py                           1           0  0.52s           2026-02-14T21:16:26
/opt/airflow/dags/test_dag.py                                1           0  0.45s           2026-02-14T21:16:20
================================================================================
[2026-02-14T21:16:59.983+0000] {manager.py:879} INFO - 
================================================================================
DAG File Processing Stats

File Path                           PID    Runtime      # DAGs    # Errors  Last Runtime    Last Run
----------------------------------  -----  ---------  --------  ----------  --------------  -------------------
/opt/airflow/dags/sec_edgar_dag.py                           1           0  0.55s           2026-02-14T21:16:56
/opt/airflow/dags/test_dag.py                                1           0  0.16s           2026-02-14T21:16:50
================================================================================
[2026-02-14T21:17:30.036+0000] {manager.py:879} INFO - 
================================================================================
DAG File Processing Stats

File Path                           PID    Runtime      # DAGs    # Errors  Last Runtime    Last Run
----------------------------------  -----  ---------  --------  ----------  --------------  -------------------
/opt/airflow/dags/sec_edgar_dag.py                           1           0  0.54s           2026-02-14T21:17:27
/opt/airflow/dags/test_dag.py                                1           0  0.19s           2026-02-14T21:17:20
================================================================================
[2026-02-14T21:18:00.292+0000] {manager.py:879} INFO - 
================================================================================
DAG File Processing Stats

File Path                           PID    Runtime      # DAGs    # Errors  Last Runtime    Last Run
----------------------------------  -----  ---------  --------  ----------  --------------  -------------------
/opt/airflow/dags/sec_edgar_dag.py                           1           0  0.53s           2026-02-14T21:17:58
/opt/airflow/dags/test_dag.py                                1           0  0.22s           2026-02-14T21:17:51
================================================================================
[2026-02-14T21:18:30.501+0000] {manager.py:879} INFO - 
================================================================================
DAG File Processing Stats

File Path                           PID    Runtime      # DAGs    # Errors  Last Runtime    Last Run
----------------------------------  -----  ---------  --------  ----------  --------------  -------------------
/opt/airflow/dags/sec_edgar_dag.py                           1           0  0.50s           2026-02-14T21:18:28
/opt/airflow/dags/test_dag.py                                1           0  0.23s           2026-02-14T21:18:22
================================================================================
[2026-02-14T21:19:00.990+0000] {manager.py:879} INFO - 
================================================================================
DAG File Processing Stats

File Path                           PID    Runtime      # DAGs    # Errors  Last Runtime    Last Run
----------------------------------  -----  ---------  --------  ----------  --------------  -------------------
/opt/airflow/dags/sec_edgar_dag.py                           1           0  0.61s           2026-02-14T21:19:00
/opt/airflow/dags/test_dag.py                                1           0  0.21s           2026-02-14T21:18:52
================================================================================
[2026-02-14T21:19:31.064+0000] {manager.py:879} INFO - 
================================================================================
DAG File Processing Stats

File Path                           PID    Runtime      # DAGs    # Errors  Last Runtime    Last Run
----------------------------------  -----  ---------  --------  ----------  --------------  -------------------
/opt/airflow/dags/sec_edgar_dag.py                           1           0  0.53s           2026-02-14T21:19:31
/opt/airflow/dags/test_dag.py                                1           0  0.25s           2026-02-14T21:19:23
================================================================================
[2026-02-14T21:20:01.084+0000] {manager.py:879} INFO - 
================================================================================
DAG File Processing Stats

File Path                             PID  Runtime      # DAGs    # Errors  Last Runtime    Last Run
----------------------------------  -----  ---------  --------  ----------  --------------  -------------------
/opt/airflow/dags/sec_edgar_dag.py   3277  0.01s             1           0  0.53s           2026-02-14T21:19:31
/opt/airflow/dags/test_dag.py                                1           0  0.24s           2026-02-14T21:19:53
================================================================================
[2026-02-14T21:20:31.385+0000] {manager.py:879} INFO - 
================================================================================
DAG File Processing Stats

File Path                           PID    Runtime      # DAGs    # Errors  Last Runtime    Last Run
----------------------------------  -----  ---------  --------  ----------  --------------  -------------------
/opt/airflow/dags/sec_edgar_dag.py                           1           0  0.50s           2026-02-14T21:20:01
/opt/airflow/dags/test_dag.py                                1           0  0.28s           2026-02-14T21:20:24
================================================================================
[2026-02-14T21:21:01.992+0000] {manager.py:879} INFO - 
================================================================================
DAG File Processing Stats

File Path                           PID    Runtime      # DAGs    # Errors  Last Runtime    Last Run
----------------------------------  -----  ---------  --------  ----------  --------------  -------------------
/opt/airflow/dags/sec_edgar_dag.py                           1           0  0.49s           2026-02-14T21:20:32
/opt/airflow/dags/test_dag.py                                1           0  0.24s           2026-02-14T21:20:55
================================================================================
[2026-02-14T21:21:18.388+0000] {manager.py:738} INFO - Searching for files in /opt/airflow/dags
[2026-02-14T21:21:18.443+0000] {manager.py:741} INFO - There are 2 files in /opt/airflow/dags
[2026-02-14T21:21:32.612+0000] {manager.py:879} INFO - 
================================================================================
DAG File Processing Stats

File Path                           PID    Runtime      # DAGs    # Errors  Last Runtime    Last Run
----------------------------------  -----  ---------  --------  ----------  --------------  -------------------
/opt/airflow/dags/sec_edgar_dag.py                           1           0  0.49s           2026-02-14T21:21:02
/opt/airflow/dags/test_dag.py                                1           0  0.23s           2026-02-14T21:21:25
================================================================================
[2026-02-14T21:22:03.156+0000] {manager.py:879} INFO - 
================================================================================
DAG File Processing Stats

File Path                           PID    Runtime      # DAGs    # Errors  Last Runtime    Last Run
----------------------------------  -----  ---------  --------  ----------  --------------  -------------------
/opt/airflow/dags/sec_edgar_dag.py                           1           0  0.52s           2026-02-14T21:21:33
/opt/airflow/dags/test_dag.py                                1           0  0.24s           2026-02-14T21:21:56
================================================================================
[2026-02-14T21:22:33.706+0000] {manager.py:879} INFO - 
================================================================================
DAG File Processing Stats

File Path                           PID    Runtime      # DAGs    # Errors  Last Runtime    Last Run
----------------------------------  -----  ---------  --------  ----------  --------------  -------------------
/opt/airflow/dags/sec_edgar_dag.py                           1           0  0.48s           2026-02-14T21:22:03
/opt/airflow/dags/test_dag.py                                1           0  0.27s           2026-02-14T21:22:26
================================================================================
[2026-02-14T21:43:52.576+0000] {manager.py:738} INFO - Searching for files in /opt/airflow/dags
[2026-02-14T21:43:52.632+0000] {manager.py:741} INFO - There are 2 files in /opt/airflow/dags
[2026-02-14T21:44:09.867+0000] {manager.py:879} INFO - 
================================================================================
DAG File Processing Stats

File Path                           PID    Runtime      # DAGs    # Errors  Last Runtime    Last Run
----------------------------------  -----  ---------  --------  ----------  --------------  -------------------
/opt/airflow/dags/sec_edgar_dag.py                           1           0  1.50s           2026-02-14T21:43:54
/opt/airflow/dags/test_dag.py                                1           0  0.98s           2026-02-14T21:43:53
================================================================================
[2026-02-14T21:44:39.993+0000] {manager.py:879} INFO - 
================================================================================
DAG File Processing Stats

File Path                           PID    Runtime      # DAGs    # Errors  Last Runtime    Last Run
----------------------------------  -----  ---------  --------  ----------  --------------  -------------------
/opt/airflow/dags/sec_edgar_dag.py                           1           0  0.55s           2026-02-14T21:44:24
/opt/airflow/dags/test_dag.py                                1           0  0.27s           2026-02-14T21:44:24
================================================================================
[2026-02-14T21:45:10.231+0000] {manager.py:879} INFO - 
================================================================================
DAG File Processing Stats

File Path                           PID    Runtime      # DAGs    # Errors  Last Runtime    Last Run
----------------------------------  -----  ---------  --------  ----------  --------------  -------------------
/opt/airflow/dags/sec_edgar_dag.py                           1           0  0.52s           2026-02-14T21:44:56
/opt/airflow/dags/test_dag.py                                1           0  0.24s           2026-02-14T21:44:54
================================================================================
[2026-02-14T21:45:40.443+0000] {manager.py:879} INFO - 
================================================================================
DAG File Processing Stats

File Path                           PID    Runtime      # DAGs    # Errors  Last Runtime    Last Run
----------------------------------  -----  ---------  --------  ----------  --------------  -------------------
/opt/airflow/dags/sec_edgar_dag.py                           1           0  0.50s           2026-02-14T21:45:26
/opt/airflow/dags/test_dag.py                                1           0  0.19s           2026-02-14T21:45:25
================================================================================
[2026-02-14T21:46:10.459+0000] {manager.py:879} INFO - 
================================================================================
DAG File Processing Stats

File Path                           PID    Runtime      # DAGs    # Errors  Last Runtime    Last Run
----------------------------------  -----  ---------  --------  ----------  --------------  -------------------
/opt/airflow/dags/sec_edgar_dag.py                           1           0  0.49s           2026-02-14T21:45:57
/opt/airflow/dags/test_dag.py                                1           0  0.24s           2026-02-14T21:45:55
================================================================================
[2026-02-14T21:46:40.516+0000] {manager.py:879} INFO - 
================================================================================
DAG File Processing Stats

File Path                           PID    Runtime      # DAGs    # Errors  Last Runtime    Last Run
----------------------------------  -----  ---------  --------  ----------  --------------  -------------------
/opt/airflow/dags/sec_edgar_dag.py                           1           0  0.56s           2026-02-14T21:46:27
/opt/airflow/dags/test_dag.py                                1           0  0.25s           2026-02-14T21:46:26
================================================================================
[2026-02-14T21:47:11.003+0000] {manager.py:879} INFO - 
================================================================================
DAG File Processing Stats

File Path                           PID    Runtime      # DAGs    # Errors  Last Runtime    Last Run
----------------------------------  -----  ---------  --------  ----------  --------------  -------------------
/opt/airflow/dags/sec_edgar_dag.py                           1           0  0.52s           2026-02-14T21:46:59
/opt/airflow/dags/test_dag.py                                1           0  0.19s           2026-02-14T21:46:56
================================================================================
[2026-02-14T21:47:41.060+0000] {manager.py:879} INFO - 
================================================================================
DAG File Processing Stats

File Path                           PID    Runtime      # DAGs    # Errors  Last Runtime    Last Run
----------------------------------  -----  ---------  --------  ----------  --------------  -------------------
/opt/airflow/dags/sec_edgar_dag.py                           1           0  0.52s           2026-02-14T21:47:29
/opt/airflow/dags/test_dag.py                                1           0  0.24s           2026-02-14T21:47:27
================================================================================
[2026-02-14T21:48:11.110+0000] {manager.py:879} INFO - 
================================================================================
DAG File Processing Stats

File Path                           PID    Runtime      # DAGs    # Errors  Last Runtime    Last Run
----------------------------------  -----  ---------  --------  ----------  --------------  -------------------
/opt/airflow/dags/sec_edgar_dag.py                           1           0  0.50s           2026-02-14T21:48:00
/opt/airflow/dags/test_dag.py                                1           0  0.25s           2026-02-14T21:47:57
================================================================================
[2026-02-14T21:48:41.238+0000] {manager.py:879} INFO - 
================================================================================
DAG File Processing Stats

File Path                           PID    Runtime      # DAGs    # Errors  Last Runtime    Last Run
----------------------------------  -----  ---------  --------  ----------  --------------  -------------------
/opt/airflow/dags/sec_edgar_dag.py                           1           0  0.56s           2026-02-14T21:48:31
/opt/airflow/dags/test_dag.py                                1           0  0.26s           2026-02-14T21:48:28
================================================================================
[2026-02-14T21:48:52.905+0000] {manager.py:738} INFO - Searching for files in /opt/airflow/dags
[2026-02-14T21:48:52.953+0000] {manager.py:741} INFO - There are 2 files in /opt/airflow/dags
[2026-02-14T21:49:11.401+0000] {manager.py:879} INFO - 
================================================================================
DAG File Processing Stats

File Path                           PID    Runtime      # DAGs    # Errors  Last Runtime    Last Run
----------------------------------  -----  ---------  --------  ----------  --------------  -------------------
/opt/airflow/dags/sec_edgar_dag.py                           1           0  0.53s           2026-02-14T21:49:01
/opt/airflow/dags/test_dag.py                                1           0  0.21s           2026-02-14T21:48:59
================================================================================
[2026-02-14T21:49:41.906+0000] {manager.py:879} INFO - 
================================================================================
DAG File Processing Stats

File Path                           PID    Runtime      # DAGs    # Errors  Last Runtime    Last Run
----------------------------------  -----  ---------  --------  ----------  --------------  -------------------
/opt/airflow/dags/sec_edgar_dag.py                           1           0  0.54s           2026-02-14T21:49:33
/opt/airflow/dags/test_dag.py                                1           0  0.23s           2026-02-14T21:49:29
================================================================================
[2026-02-14T21:50:11.962+0000] {manager.py:879} INFO - 
================================================================================
DAG File Processing Stats

File Path                           PID    Runtime      # DAGs    # Errors  Last Runtime    Last Run
----------------------------------  -----  ---------  --------  ----------  --------------  -------------------
/opt/airflow/dags/sec_edgar_dag.py                           1           0  0.51s           2026-02-14T21:50:03
/opt/airflow/dags/test_dag.py                                1           0  0.24s           2026-02-14T21:50:00
================================================================================
[2026-02-14T21:50:41.978+0000] {manager.py:879} INFO - 
================================================================================
DAG File Processing Stats

File Path                           PID    Runtime      # DAGs    # Errors  Last Runtime    Last Run
----------------------------------  -----  ---------  --------  ----------  --------------  -------------------
/opt/airflow/dags/sec_edgar_dag.py                           1           0  0.55s           2026-02-14T21:50:34
/opt/airflow/dags/test_dag.py                                1           0  0.23s           2026-02-14T21:50:30
================================================================================
[2026-02-14T21:51:12.500+0000] {manager.py:879} INFO - 
================================================================================
DAG File Processing Stats

File Path                           PID    Runtime      # DAGs    # Errors  Last Runtime    Last Run
----------------------------------  -----  ---------  --------  ----------  --------------  -------------------
/opt/airflow/dags/sec_edgar_dag.py                           1           0  0.55s           2026-02-14T21:51:05
/opt/airflow/dags/test_dag.py                                1           0  0.24s           2026-02-14T21:51:01
================================================================================
[2026-02-14T21:51:42.600+0000] {manager.py:879} INFO - 
================================================================================
DAG File Processing Stats

File Path                           PID    Runtime      # DAGs    # Errors  Last Runtime    Last Run
----------------------------------  -----  ---------  --------  ----------  --------------  -------------------
/opt/airflow/dags/sec_edgar_dag.py                           1           0  0.57s           2026-02-14T21:51:36
/opt/airflow/dags/test_dag.py                                1           0  0.22s           2026-02-14T21:51:31
================================================================================
[2026-02-14T21:52:12.902+0000] {manager.py:879} INFO - 
================================================================================
DAG File Processing Stats

File Path                           PID    Runtime      # DAGs    # Errors  Last Runtime    Last Run
----------------------------------  -----  ---------  --------  ----------  --------------  -------------------
/opt/airflow/dags/sec_edgar_dag.py                           1           0  0.55s           2026-02-14T21:52:07
/opt/airflow/dags/test_dag.py                                1           0  0.23s           2026-02-14T21:52:02
================================================================================
[2026-02-14T21:52:43.101+0000] {manager.py:879} INFO - 
================================================================================
DAG File Processing Stats

File Path                           PID    Runtime      # DAGs    # Errors  Last Runtime    Last Run
----------------------------------  -----  ---------  --------  ----------  --------------  -------------------
/opt/airflow/dags/sec_edgar_dag.py                           1           0  0.53s           2026-02-14T21:52:38
/opt/airflow/dags/test_dag.py                                1           0  0.24s           2026-02-14T21:52:32
================================================================================
[2026-02-14T21:53:13.582+0000] {manager.py:879} INFO - 
================================================================================
DAG File Processing Stats

File Path                           PID    Runtime      # DAGs    # Errors  Last Runtime    Last Run
----------------------------------  -----  ---------  --------  ----------  --------------  -------------------
/opt/airflow/dags/sec_edgar_dag.py                           1           0  0.57s           2026-02-14T21:53:09
/opt/airflow/dags/test_dag.py                                1           0  0.20s           2026-02-14T21:53:03
================================================================================
[2026-02-14T21:53:43.680+0000] {manager.py:879} INFO - 
================================================================================
DAG File Processing Stats

File Path                           PID    Runtime      # DAGs    # Errors  Last Runtime    Last Run
----------------------------------  -----  ---------  --------  ----------  --------------  -------------------
/opt/airflow/dags/sec_edgar_dag.py                           1           0  0.56s           2026-02-14T21:53:40
/opt/airflow/dags/test_dag.py                                1           0  0.24s           2026-02-14T21:53:34
================================================================================
[2026-02-14T21:53:52.907+0000] {manager.py:738} INFO - Searching for files in /opt/airflow/dags
[2026-02-14T21:53:52.981+0000] {manager.py:741} INFO - There are 2 files in /opt/airflow/dags
[2026-02-14T21:54:13.750+0000] {manager.py:879} INFO - 
================================================================================
DAG File Processing Stats

File Path                           PID    Runtime      # DAGs    # Errors  Last Runtime    Last Run
----------------------------------  -----  ---------  --------  ----------  --------------  -------------------
/opt/airflow/dags/sec_edgar_dag.py                           1           0  0.53s           2026-02-14T21:54:11
/opt/airflow/dags/test_dag.py                                1           0  0.23s           2026-02-14T21:54:04
================================================================================
[2026-02-14T21:54:43.972+0000] {manager.py:879} INFO - 
================================================================================
DAG File Processing Stats

File Path                           PID    Runtime      # DAGs    # Errors  Last Runtime    Last Run
----------------------------------  -----  ---------  --------  ----------  --------------  -------------------
/opt/airflow/dags/sec_edgar_dag.py                           1           0  0.57s           2026-02-14T21:54:42
/opt/airflow/dags/test_dag.py                                1           0  0.24s           2026-02-14T21:54:34
================================================================================
[2026-02-14T21:55:14.497+0000] {manager.py:879} INFO - 
================================================================================
DAG File Processing Stats

File Path                           PID    Runtime      # DAGs    # Errors  Last Runtime    Last Run
----------------------------------  -----  ---------  --------  ----------  --------------  -------------------
/opt/airflow/dags/sec_edgar_dag.py                           1           0  0.57s           2026-02-14T21:55:13
/opt/airflow/dags/test_dag.py                                1           0  0.23s           2026-02-14T21:55:05
================================================================================
[2026-02-14T21:55:44.560+0000] {manager.py:879} INFO - 
================================================================================
DAG File Processing Stats

File Path                           PID    Runtime      # DAGs    # Errors  Last Runtime    Last Run
----------------------------------  -----  ---------  --------  ----------  --------------  -------------------
/opt/airflow/dags/sec_edgar_dag.py                           1           0  0.56s           2026-02-14T21:55:44
/opt/airflow/dags/test_dag.py                                1           0  0.20s           2026-02-14T21:55:35
================================================================================
[2026-02-14T21:56:15.321+0000] {manager.py:879} INFO - 
================================================================================
DAG File Processing Stats

File Path                             PID  Runtime      # DAGs    # Errors  Last Runtime    Last Run
----------------------------------  -----  ---------  --------  ----------  --------------  -------------------
/opt/airflow/dags/sec_edgar_dag.py   3765  0.01s             1           0  0.56s           2026-02-14T21:55:44
/opt/airflow/dags/test_dag.py                                1           0  0.23s           2026-02-14T21:56:06
================================================================================
[2026-02-14T21:56:45.813+0000] {manager.py:879} INFO - 
================================================================================
DAG File Processing Stats

File Path                           PID    Runtime      # DAGs    # Errors  Last Runtime    Last Run
----------------------------------  -----  ---------  --------  ----------  --------------  -------------------
/opt/airflow/dags/sec_edgar_dag.py                           1           0  0.51s           2026-02-14T21:56:15
/opt/airflow/dags/test_dag.py                                1           0  0.23s           2026-02-14T21:56:36
================================================================================
[2026-02-14T21:57:16.338+0000] {manager.py:879} INFO - 
================================================================================
DAG File Processing Stats

File Path                           PID    Runtime      # DAGs    # Errors  Last Runtime    Last Run
----------------------------------  -----  ---------  --------  ----------  --------------  -------------------
/opt/airflow/dags/sec_edgar_dag.py                           1           0  0.57s           2026-02-14T21:56:46
/opt/airflow/dags/test_dag.py                                1           0  0.23s           2026-02-14T21:57:07
================================================================================
[2026-02-14T21:57:46.842+0000] {manager.py:879} INFO - 
================================================================================
DAG File Processing Stats

File Path                           PID    Runtime      # DAGs    # Errors  Last Runtime    Last Run
----------------------------------  -----  ---------  --------  ----------  --------------  -------------------
/opt/airflow/dags/sec_edgar_dag.py                           1           0  0.55s           2026-02-14T21:57:17
/opt/airflow/dags/test_dag.py                                1           0  0.23s           2026-02-14T21:57:37
================================================================================
[2026-02-14T21:58:17.377+0000] {manager.py:879} INFO - 
================================================================================
DAG File Processing Stats

File Path                           PID    Runtime      # DAGs    # Errors  Last Runtime    Last Run
----------------------------------  -----  ---------  --------  ----------  --------------  -------------------
/opt/airflow/dags/sec_edgar_dag.py                           1           0  0.57s           2026-02-14T21:57:48
/opt/airflow/dags/test_dag.py                                1           0  0.23s           2026-02-14T21:58:08
================================================================================
[2026-02-14T21:58:47.890+0000] {manager.py:879} INFO - 
================================================================================
DAG File Processing Stats

File Path                           PID    Runtime      # DAGs    # Errors  Last Runtime    Last Run
----------------------------------  -----  ---------  --------  ----------  --------------  -------------------
/opt/airflow/dags/sec_edgar_dag.py                           1           0  0.65s           2026-02-14T21:58:20
/opt/airflow/dags/test_dag.py                                1           0  0.18s           2026-02-14T21:58:38
================================================================================
[2026-02-14T21:58:53.791+0000] {manager.py:738} INFO - Searching for files in /opt/airflow/dags
[2026-02-14T21:58:53.839+0000] {manager.py:741} INFO - There are 2 files in /opt/airflow/dags
[2026-02-14T21:59:18.126+0000] {manager.py:879} INFO - 
================================================================================
DAG File Processing Stats

File Path                           PID    Runtime      # DAGs    # Errors  Last Runtime    Last Run
----------------------------------  -----  ---------  --------  ----------  --------------  -------------------
/opt/airflow/dags/sec_edgar_dag.py                           1           0  0.48s           2026-02-14T21:58:50
/opt/airflow/dags/test_dag.py                                1           0  0.19s           2026-02-14T21:59:09
================================================================================
[2026-02-14T22:00:38.967+0000] {manager.py:879} INFO - 
================================================================================
DAG File Processing Stats

File Path                           PID    Runtime      # DAGs    # Errors  Last Runtime    Last Run
----------------------------------  -----  ---------  --------  ----------  --------------  -------------------
/opt/airflow/dags/sec_edgar_dag.py                           1           0  0.37s           2026-02-14T22:00:30
/opt/airflow/dags/test_dag.py                                1           0  50.89s          2026-02-14T22:00:30
================================================================================
[2026-02-14T22:01:09.312+0000] {manager.py:879} INFO - 
================================================================================
DAG File Processing Stats

File Path                           PID    Runtime      # DAGs    # Errors  Last Runtime    Last Run
----------------------------------  -----  ---------  --------  ----------  --------------  -------------------
/opt/airflow/dags/sec_edgar_dag.py                           1           0  0.58s           2026-02-14T22:01:01
/opt/airflow/dags/test_dag.py                                1           0  0.41s           2026-02-14T22:01:01
================================================================================
[2026-02-14T22:01:39.433+0000] {manager.py:879} INFO - 
================================================================================
DAG File Processing Stats

File Path                           PID    Runtime      # DAGs    # Errors  Last Runtime    Last Run
----------------------------------  -----  ---------  --------  ----------  --------------  -------------------
/opt/airflow/dags/sec_edgar_dag.py                           1           0  0.57s           2026-02-14T22:01:32
/opt/airflow/dags/test_dag.py                                1           0  0.26s           2026-02-14T22:01:31
================================================================================
[2026-02-14T22:02:09.728+0000] {manager.py:879} INFO - 
================================================================================
DAG File Processing Stats

File Path                           PID    Runtime      # DAGs    # Errors  Last Runtime    Last Run
----------------------------------  -----  ---------  --------  ----------  --------------  -------------------
/opt/airflow/dags/sec_edgar_dag.py                           1           0  0.56s           2026-02-14T22:02:03
/opt/airflow/dags/test_dag.py                                1           0  0.24s           2026-02-14T22:02:02
================================================================================
[2026-02-14T22:02:39.888+0000] {manager.py:879} INFO - 
================================================================================
DAG File Processing Stats

File Path                           PID    Runtime      # DAGs    # Errors  Last Runtime    Last Run
----------------------------------  -----  ---------  --------  ----------  --------------  -------------------
/opt/airflow/dags/sec_edgar_dag.py                           1           0  0.48s           2026-02-14T22:02:34
/opt/airflow/dags/test_dag.py                                1           0  0.21s           2026-02-14T22:02:32
================================================================================
[2026-02-14T22:03:10.031+0000] {manager.py:879} INFO - 
================================================================================
DAG File Processing Stats

File Path                           PID    Runtime      # DAGs    # Errors  Last Runtime    Last Run
----------------------------------  -----  ---------  --------  ----------  --------------  -------------------
/opt/airflow/dags/sec_edgar_dag.py                           1           0  0.59s           2026-02-14T22:03:04
/opt/airflow/dags/test_dag.py                                1           0  0.26s           2026-02-14T22:03:03
================================================================================
[2026-02-14T22:03:40.301+0000] {manager.py:879} INFO - 
================================================================================
DAG File Processing Stats

File Path                           PID    Runtime      # DAGs    # Errors  Last Runtime    Last Run
----------------------------------  -----  ---------  --------  ----------  --------------  -------------------
/opt/airflow/dags/sec_edgar_dag.py                           1           0  0.58s           2026-02-14T22:03:36
/opt/airflow/dags/test_dag.py                                1           0  0.23s           2026-02-14T22:03:33
================================================================================
[2026-02-14T22:03:54.036+0000] {manager.py:738} INFO - Searching for files in /opt/airflow/dags
[2026-02-14T22:03:54.091+0000] {manager.py:741} INFO - There are 2 files in /opt/airflow/dags
[2026-02-14T22:04:10.536+0000] {manager.py:879} INFO - 
================================================================================
DAG File Processing Stats

File Path                           PID    Runtime      # DAGs    # Errors  Last Runtime    Last Run
----------------------------------  -----  ---------  --------  ----------  --------------  -------------------
/opt/airflow/dags/sec_edgar_dag.py                           1           0  0.52s           2026-02-14T22:04:07
/opt/airflow/dags/test_dag.py                                1           0  0.24s           2026-02-14T22:04:04
================================================================================
[2026-02-14T22:04:40.954+0000] {manager.py:879} INFO - 
================================================================================
DAG File Processing Stats

File Path                           PID    Runtime      # DAGs    # Errors  Last Runtime    Last Run
----------------------------------  -----  ---------  --------  ----------  --------------  -------------------
/opt/airflow/dags/sec_edgar_dag.py                           1           0  0.52s           2026-02-14T22:04:38
/opt/airflow/dags/test_dag.py                                1           0  0.17s           2026-02-14T22:04:34
================================================================================
[2026-02-14T22:05:11.029+0000] {manager.py:879} INFO - 
================================================================================
DAG File Processing Stats

File Path                           PID    Runtime      # DAGs    # Errors  Last Runtime    Last Run
----------------------------------  -----  ---------  --------  ----------  --------------  -------------------
/opt/airflow/dags/sec_edgar_dag.py                           1           0  0.56s           2026-02-14T22:05:09
/opt/airflow/dags/test_dag.py                                1           0  0.25s           2026-02-14T22:05:05
================================================================================
[2026-02-14T22:05:41.537+0000] {manager.py:879} INFO - 
================================================================================
DAG File Processing Stats

File Path                           PID    Runtime      # DAGs    # Errors  Last Runtime    Last Run
----------------------------------  -----  ---------  --------  ----------  --------------  -------------------
/opt/airflow/dags/sec_edgar_dag.py                           1           0  0.47s           2026-02-14T22:05:39
/opt/airflow/dags/test_dag.py                                1           0  0.20s           2026-02-14T22:05:36
================================================================================
[2026-02-14T22:06:11.599+0000] {manager.py:879} INFO - 
================================================================================
DAG File Processing Stats

File Path                           PID    Runtime      # DAGs    # Errors  Last Runtime    Last Run
----------------------------------  -----  ---------  --------  ----------  --------------  -------------------
/opt/airflow/dags/sec_edgar_dag.py                           1           0  0.53s           2026-02-14T22:06:10
/opt/airflow/dags/test_dag.py                                1           0  0.24s           2026-02-14T22:06:07
================================================================================
[2026-02-14T22:06:41.634+0000] {manager.py:879} INFO - 
================================================================================
DAG File Processing Stats

File Path                           PID    Runtime      # DAGs    # Errors  Last Runtime    Last Run
----------------------------------  -----  ---------  --------  ----------  --------------  -------------------
/opt/airflow/dags/sec_edgar_dag.py                           1           0  0.52s           2026-02-14T22:06:41
/opt/airflow/dags/test_dag.py                                1           0  0.24s           2026-02-14T22:06:37
================================================================================
[2026-02-14T22:07:11.961+0000] {manager.py:879} INFO - 
================================================================================
DAG File Processing Stats

File Path                             PID  Runtime      # DAGs    # Errors  Last Runtime    Last Run
----------------------------------  -----  ---------  --------  ----------  --------------  -------------------
/opt/airflow/dags/sec_edgar_dag.py   4088  0.02s             1           0  0.52s           2026-02-14T22:06:41
/opt/airflow/dags/test_dag.py                                1           0  0.19s           2026-02-14T22:07:08
================================================================================
[2026-02-14T22:07:42.381+0000] {manager.py:879} INFO - 
================================================================================
DAG File Processing Stats

File Path                           PID    Runtime      # DAGs    # Errors  Last Runtime    Last Run
----------------------------------  -----  ---------  --------  ----------  --------------  -------------------
/opt/airflow/dags/sec_edgar_dag.py                           1           0  0.58s           2026-02-14T22:07:12
/opt/airflow/dags/test_dag.py                                1           0  0.29s           2026-02-14T22:07:38
================================================================================
[2026-02-14T22:08:12.989+0000] {manager.py:879} INFO - 
================================================================================
DAG File Processing Stats

File Path                           PID    Runtime      # DAGs    # Errors  Last Runtime    Last Run
----------------------------------  -----  ---------  --------  ----------  --------------  -------------------
/opt/airflow/dags/sec_edgar_dag.py                           1           0  0.52s           2026-02-14T22:07:43
/opt/airflow/dags/test_dag.py                                1           0  0.32s           2026-02-14T22:08:09
================================================================================
[2026-02-14T22:08:43.605+0000] {manager.py:879} INFO - 
================================================================================
DAG File Processing Stats

File Path                           PID    Runtime      # DAGs    # Errors  Last Runtime    Last Run
----------------------------------  -----  ---------  --------  ----------  --------------  -------------------
/opt/airflow/dags/sec_edgar_dag.py                           1           0  0.54s           2026-02-14T22:08:13
/opt/airflow/dags/test_dag.py                                1           0  0.22s           2026-02-14T22:08:39
================================================================================
[2026-02-14T22:08:54.262+0000] {manager.py:738} INFO - Searching for files in /opt/airflow/dags
[2026-02-14T22:08:54.302+0000] {manager.py:741} INFO - There are 2 files in /opt/airflow/dags
[2026-02-14T22:09:14.090+0000] {manager.py:879} INFO - 
================================================================================
DAG File Processing Stats

File Path                           PID    Runtime      # DAGs    # Errors  Last Runtime    Last Run
----------------------------------  -----  ---------  --------  ----------  --------------  -------------------
/opt/airflow/dags/sec_edgar_dag.py                           1           0  0.55s           2026-02-14T22:08:45
/opt/airflow/dags/test_dag.py                                1           0  0.23s           2026-02-14T22:09:10
================================================================================
[2026-02-14T22:09:44.619+0000] {manager.py:879} INFO - 
================================================================================
DAG File Processing Stats

File Path                           PID    Runtime      # DAGs    # Errors  Last Runtime    Last Run
----------------------------------  -----  ---------  --------  ----------  --------------  -------------------
/opt/airflow/dags/sec_edgar_dag.py                           1           0  0.54s           2026-02-14T22:09:15
/opt/airflow/dags/test_dag.py                                1           0  0.23s           2026-02-14T22:09:40
================================================================================
[2026-02-14T22:10:15.109+0000] {manager.py:879} INFO - 
================================================================================
DAG File Processing Stats

File Path                           PID    Runtime      # DAGs    # Errors  Last Runtime    Last Run
----------------------------------  -----  ---------  --------  ----------  --------------  -------------------
/opt/airflow/dags/sec_edgar_dag.py                           1           0  0.70s           2026-02-14T22:09:47
/opt/airflow/dags/test_dag.py                                1           0  0.27s           2026-02-14T22:10:11
================================================================================
[2026-02-14T22:10:45.318+0000] {manager.py:879} INFO - 
================================================================================
DAG File Processing Stats

File Path                           PID    Runtime      # DAGs    # Errors  Last Runtime    Last Run
----------------------------------  -----  ---------  --------  ----------  --------------  -------------------
/opt/airflow/dags/sec_edgar_dag.py                           1           0  0.55s           2026-02-14T22:10:17
/opt/airflow/dags/test_dag.py                                1           0  0.24s           2026-02-14T22:10:42
================================================================================
[2026-02-14T22:11:15.811+0000] {manager.py:879} INFO - 
================================================================================
DAG File Processing Stats

File Path                           PID    Runtime      # DAGs    # Errors  Last Runtime    Last Run
----------------------------------  -----  ---------  --------  ----------  --------------  -------------------
/opt/airflow/dags/sec_edgar_dag.py                           1           0  0.57s           2026-02-14T22:10:48
/opt/airflow/dags/test_dag.py                                1           0  0.24s           2026-02-14T22:11:13
================================================================================
[2026-02-14T22:11:46.350+0000] {manager.py:879} INFO - 
================================================================================
DAG File Processing Stats

File Path                           PID    Runtime      # DAGs    # Errors  Last Runtime    Last Run
----------------------------------  -----  ---------  --------  ----------  --------------  -------------------
/opt/airflow/dags/sec_edgar_dag.py                           1           0  0.57s           2026-02-14T22:11:19
/opt/airflow/dags/test_dag.py                                1           0  0.16s           2026-02-14T22:11:43
================================================================================
[2026-02-14T22:12:16.799+0000] {manager.py:879} INFO - 
================================================================================
DAG File Processing Stats

File Path                           PID    Runtime      # DAGs    # Errors  Last Runtime    Last Run
----------------------------------  -----  ---------  --------  ----------  --------------  -------------------
/opt/airflow/dags/sec_edgar_dag.py                           1           0  0.55s           2026-02-14T22:11:50
/opt/airflow/dags/test_dag.py                                1           0  0.20s           2026-02-14T22:12:13
================================================================================
[2026-02-14T22:12:47.297+0000] {manager.py:879} INFO - 
================================================================================
DAG File Processing Stats

File Path                           PID    Runtime      # DAGs    # Errors  Last Runtime    Last Run
----------------------------------  -----  ---------  --------  ----------  --------------  -------------------
/opt/airflow/dags/sec_edgar_dag.py                           1           0  0.57s           2026-02-14T22:12:21
/opt/airflow/dags/test_dag.py                                1           0  0.27s           2026-02-14T22:12:44
================================================================================
[2026-02-14T22:13:17.809+0000] {manager.py:879} INFO - 
================================================================================
DAG File Processing Stats

File Path                           PID    Runtime      # DAGs    # Errors  Last Runtime    Last Run
----------------------------------  -----  ---------  --------  ----------  --------------  -------------------
/opt/airflow/dags/sec_edgar_dag.py                           1           0  0.53s           2026-02-14T22:12:52
/opt/airflow/dags/test_dag.py                                1           0  0.21s           2026-02-14T22:13:14
================================================================================
[2026-02-14T22:13:48.302+0000] {manager.py:879} INFO - 
================================================================================
DAG File Processing Stats

File Path                           PID    Runtime      # DAGs    # Errors  Last Runtime    Last Run
----------------------------------  -----  ---------  --------  ----------  --------------  -------------------
/opt/airflow/dags/sec_edgar_dag.py                           1           0  0.55s           2026-02-14T22:13:23
/opt/airflow/dags/test_dag.py                                1           0  0.16s           2026-02-14T22:13:45
================================================================================
[2026-02-14T22:13:54.358+0000] {manager.py:738} INFO - Searching for files in /opt/airflow/dags
[2026-02-14T22:13:54.416+0000] {manager.py:741} INFO - There are 2 files in /opt/airflow/dags
[2026-02-14T22:14:18.744+0000] {manager.py:879} INFO - 
================================================================================
DAG File Processing Stats

File Path                           PID    Runtime      # DAGs    # Errors  Last Runtime    Last Run
----------------------------------  -----  ---------  --------  ----------  --------------  -------------------
/opt/airflow/dags/sec_edgar_dag.py                           1           0  0.55s           2026-02-14T22:13:55
/opt/airflow/dags/test_dag.py                                1           0  0.19s           2026-02-14T22:14:15
================================================================================
[2026-02-14T22:14:49.178+0000] {manager.py:879} INFO - 
================================================================================
DAG File Processing Stats

File Path                           PID    Runtime      # DAGs    # Errors  Last Runtime    Last Run
----------------------------------  -----  ---------  --------  ----------  --------------  -------------------
/opt/airflow/dags/sec_edgar_dag.py                           1           0  0.54s           2026-02-14T22:14:26
/opt/airflow/dags/test_dag.py                                1           0  0.23s           2026-02-14T22:14:46
================================================================================
[2026-02-14T22:15:19.822+0000] {manager.py:879} INFO - 
================================================================================
DAG File Processing Stats

File Path                           PID    Runtime      # DAGs    # Errors  Last Runtime    Last Run
----------------------------------  -----  ---------  --------  ----------  --------------  -------------------
/opt/airflow/dags/sec_edgar_dag.py                           1           0  0.58s           2026-02-14T22:14:57
/opt/airflow/dags/test_dag.py                                1           0  0.25s           2026-02-14T22:15:16
================================================================================
[2026-02-15T14:46:23.761+0000] {manager.py:738} INFO - Searching for files in /opt/airflow/dags
[2026-02-15T14:46:26.679+0000] {manager.py:741} INFO - There are 2 files in /opt/airflow/dags
[2026-02-15T14:46:49.183+0000] {manager.py:879} INFO - 
================================================================================
DAG File Processing Stats

File Path                           PID    Runtime      # DAGs    # Errors  Last Runtime    Last Run
----------------------------------  -----  ---------  --------  ----------  --------------  -------------------
/opt/airflow/dags/sec_edgar_dag.py                           1           0  2.01s           2026-02-15T14:46:28
/opt/airflow/dags/test_dag.py                                1           0  0.36s           2026-02-15T14:46:27
================================================================================
[2026-02-15T14:47:19.626+0000] {manager.py:879} INFO - 
================================================================================
DAG File Processing Stats

File Path                           PID    Runtime      # DAGs    # Errors  Last Runtime    Last Run
----------------------------------  -----  ---------  --------  ----------  --------------  -------------------
/opt/airflow/dags/sec_edgar_dag.py                           1           0  0.44s           2026-02-15T14:46:59
/opt/airflow/dags/test_dag.py                                1           0  0.23s           2026-02-15T14:46:57
================================================================================
[2026-02-15T14:47:49.905+0000] {manager.py:879} INFO - 
================================================================================
DAG File Processing Stats

File Path                           PID    Runtime      # DAGs    # Errors  Last Runtime    Last Run
----------------------------------  -----  ---------  --------  ----------  --------------  -------------------
/opt/airflow/dags/sec_edgar_dag.py                           1           0  0.25s           2026-02-15T14:47:30
/opt/airflow/dags/test_dag.py                                1           0  0.11s           2026-02-15T14:47:27
================================================================================
[2026-02-15T14:48:20.366+0000] {manager.py:879} INFO - 
================================================================================
DAG File Processing Stats

File Path                           PID    Runtime      # DAGs    # Errors  Last Runtime    Last Run
----------------------------------  -----  ---------  --------  ----------  --------------  -------------------
/opt/airflow/dags/sec_edgar_dag.py                           1           0  0.50s           2026-02-15T14:48:01
/opt/airflow/dags/test_dag.py                                1           0  0.19s           2026-02-15T14:47:58
================================================================================
[2026-02-15T14:48:50.472+0000] {manager.py:879} INFO - 
================================================================================
DAG File Processing Stats

File Path                           PID    Runtime      # DAGs    # Errors  Last Runtime    Last Run
----------------------------------  -----  ---------  --------  ----------  --------------  -------------------
/opt/airflow/dags/sec_edgar_dag.py                           1           0  0.54s           2026-02-15T14:48:32
/opt/airflow/dags/test_dag.py                                1           0  0.22s           2026-02-15T14:48:28
================================================================================
[2026-02-15T14:49:20.628+0000] {manager.py:879} INFO - 
================================================================================
DAG File Processing Stats

File Path                           PID    Runtime      # DAGs    # Errors  Last Runtime    Last Run
----------------------------------  -----  ---------  --------  ----------  --------------  -------------------
/opt/airflow/dags/sec_edgar_dag.py                           1           0  0.49s           2026-02-15T14:49:03
/opt/airflow/dags/test_dag.py                                1           0  0.19s           2026-02-15T14:48:59
================================================================================
[2026-02-15T14:49:50.745+0000] {manager.py:879} INFO - 
================================================================================
DAG File Processing Stats

File Path                           PID    Runtime      # DAGs    # Errors  Last Runtime    Last Run
----------------------------------  -----  ---------  --------  ----------  --------------  -------------------
/opt/airflow/dags/sec_edgar_dag.py                           1           0  0.50s           2026-02-15T14:49:34
/opt/airflow/dags/test_dag.py                                1           0  0.15s           2026-02-15T14:49:29
================================================================================
[2026-02-15T14:50:21.187+0000] {manager.py:879} INFO - 
================================================================================
DAG File Processing Stats

File Path                           PID    Runtime      # DAGs    # Errors  Last Runtime    Last Run
----------------------------------  -----  ---------  --------  ----------  --------------  -------------------
/opt/airflow/dags/sec_edgar_dag.py                           1           0  0.50s           2026-02-15T14:50:05
/opt/airflow/dags/test_dag.py                                1           0  0.18s           2026-02-15T14:50:00
================================================================================
[2026-02-15T14:50:51.632+0000] {manager.py:879} INFO - 
================================================================================
DAG File Processing Stats

File Path                           PID    Runtime      # DAGs    # Errors  Last Runtime    Last Run
----------------------------------  -----  ---------  --------  ----------  --------------  -------------------
/opt/airflow/dags/sec_edgar_dag.py                           1           0  0.47s           2026-02-15T14:50:35
/opt/airflow/dags/test_dag.py                                1           0  0.16s           2026-02-15T14:50:30
================================================================================
[2026-02-15T14:51:22.045+0000] {manager.py:879} INFO - 
================================================================================
DAG File Processing Stats

File Path                           PID    Runtime      # DAGs    # Errors  Last Runtime    Last Run
----------------------------------  -----  ---------  --------  ----------  --------------  -------------------
/opt/airflow/dags/sec_edgar_dag.py                           1           0  0.45s           2026-02-15T14:51:07
/opt/airflow/dags/test_dag.py                                1           0  0.16s           2026-02-15T14:51:00
================================================================================
[2026-02-15T14:51:24.060+0000] {manager.py:738} INFO - Searching for files in /opt/airflow/dags
[2026-02-15T14:51:24.137+0000] {manager.py:741} INFO - There are 2 files in /opt/airflow/dags
[2026-02-15T14:51:52.134+0000] {manager.py:879} INFO - 
================================================================================
DAG File Processing Stats

File Path                           PID    Runtime      # DAGs    # Errors  Last Runtime    Last Run
----------------------------------  -----  ---------  --------  ----------  --------------  -------------------
/opt/airflow/dags/sec_edgar_dag.py                           1           0  1.71s           2026-02-15T14:51:39
/opt/airflow/dags/test_dag.py                                1           0  0.18s           2026-02-15T14:51:31
================================================================================
[2026-02-15T14:52:22.362+0000] {manager.py:879} INFO - 
================================================================================
DAG File Processing Stats

File Path                           PID    Runtime      # DAGs    # Errors  Last Runtime    Last Run
----------------------------------  -----  ---------  --------  ----------  --------------  -------------------
/opt/airflow/dags/sec_edgar_dag.py                           1           0  0.50s           2026-02-15T14:52:10
/opt/airflow/dags/test_dag.py                                1           0  0.19s           2026-02-15T14:52:01
================================================================================
[2026-02-15T14:52:52.520+0000] {manager.py:879} INFO - 
================================================================================
DAG File Processing Stats

File Path                           PID    Runtime      # DAGs    # Errors  Last Runtime    Last Run
----------------------------------  -----  ---------  --------  ----------  --------------  -------------------
/opt/airflow/dags/sec_edgar_dag.py                           1           0  0.76s           2026-02-15T14:52:41
/opt/airflow/dags/test_dag.py                                1           0  0.22s           2026-02-15T14:52:32
================================================================================
[2026-02-15T14:53:22.821+0000] {manager.py:879} INFO - 
================================================================================
DAG File Processing Stats

File Path                           PID    Runtime      # DAGs    # Errors  Last Runtime    Last Run
----------------------------------  -----  ---------  --------  ----------  --------------  -------------------
/opt/airflow/dags/sec_edgar_dag.py                           1           0  0.60s           2026-02-15T14:53:12
/opt/airflow/dags/test_dag.py                                1           0  0.20s           2026-02-15T14:53:02
================================================================================
[2026-02-15T14:53:52.951+0000] {manager.py:879} INFO - 
================================================================================
DAG File Processing Stats

File Path                           PID    Runtime      # DAGs    # Errors  Last Runtime    Last Run
----------------------------------  -----  ---------  --------  ----------  --------------  -------------------
/opt/airflow/dags/sec_edgar_dag.py                           1           0  0.76s           2026-02-15T14:53:43
/opt/airflow/dags/test_dag.py                                1           0  0.18s           2026-02-15T14:53:33
================================================================================
[2026-02-15T14:54:23.002+0000] {manager.py:879} INFO - 
================================================================================
DAG File Processing Stats

File Path                           PID    Runtime      # DAGs    # Errors  Last Runtime    Last Run
----------------------------------  -----  ---------  --------  ----------  --------------  -------------------
/opt/airflow/dags/sec_edgar_dag.py                           1           0  0.45s           2026-02-15T14:54:14
/opt/airflow/dags/test_dag.py                                1           0  0.18s           2026-02-15T14:54:03
================================================================================
[2026-02-15T14:54:53.135+0000] {manager.py:879} INFO - 
================================================================================
DAG File Processing Stats

File Path                           PID    Runtime      # DAGs    # Errors  Last Runtime    Last Run
----------------------------------  -----  ---------  --------  ----------  --------------  -------------------
/opt/airflow/dags/sec_edgar_dag.py                           1           0  0.67s           2026-02-15T14:54:45
/opt/airflow/dags/test_dag.py                                1           0  0.16s           2026-02-15T14:54:33
================================================================================
[2026-02-15T14:55:23.213+0000] {manager.py:879} INFO - 
================================================================================
DAG File Processing Stats

File Path                           PID    Runtime      # DAGs    # Errors  Last Runtime    Last Run
----------------------------------  -----  ---------  --------  ----------  --------------  -------------------
/opt/airflow/dags/sec_edgar_dag.py                           1           0  0.79s           2026-02-15T14:55:17
/opt/airflow/dags/test_dag.py                                1           0  0.18s           2026-02-15T14:55:04
================================================================================
[2026-02-15T14:55:53.704+0000] {manager.py:879} INFO - 
================================================================================
DAG File Processing Stats

File Path                           PID    Runtime      # DAGs    # Errors  Last Runtime    Last Run
----------------------------------  -----  ---------  --------  ----------  --------------  -------------------
/opt/airflow/dags/sec_edgar_dag.py                           1           0  0.80s           2026-02-15T14:55:48
/opt/airflow/dags/test_dag.py                                1           0  0.20s           2026-02-15T14:55:34
================================================================================
[2026-02-15T14:56:24.009+0000] {manager.py:879} INFO - 
================================================================================
DAG File Processing Stats

File Path                           PID    Runtime      # DAGs    # Errors  Last Runtime    Last Run
----------------------------------  -----  ---------  --------  ----------  --------------  -------------------
/opt/airflow/dags/sec_edgar_dag.py                           1           0  0.66s           2026-02-15T14:56:19
/opt/airflow/dags/test_dag.py                                1           0  0.17s           2026-02-15T14:56:05
================================================================================
[2026-02-15T14:56:24.482+0000] {manager.py:738} INFO - Searching for files in /opt/airflow/dags
[2026-02-15T14:56:24.542+0000] {manager.py:741} INFO - There are 2 files in /opt/airflow/dags
[2026-02-15T14:56:54.648+0000] {manager.py:879} INFO - 
================================================================================
DAG File Processing Stats

File Path                           PID    Runtime      # DAGs    # Errors  Last Runtime    Last Run
----------------------------------  -----  ---------  --------  ----------  --------------  -------------------
/opt/airflow/dags/sec_edgar_dag.py                           1           0  0.79s           2026-02-15T14:56:51
/opt/airflow/dags/test_dag.py                                1           0  0.16s           2026-02-15T14:56:35
================================================================================
[2026-02-15T14:57:25.016+0000] {manager.py:879} INFO - 
================================================================================
DAG File Processing Stats

File Path                           PID    Runtime      # DAGs    # Errors  Last Runtime    Last Run
----------------------------------  -----  ---------  --------  ----------  --------------  -------------------
/opt/airflow/dags/sec_edgar_dag.py                           1           0  0.80s           2026-02-15T14:57:22
/opt/airflow/dags/test_dag.py                                1           0  0.18s           2026-02-15T14:57:06
================================================================================
[2026-02-15T14:57:55.496+0000] {manager.py:879} INFO - 
================================================================================
DAG File Processing Stats

File Path                           PID    Runtime      # DAGs    # Errors  Last Runtime    Last Run
----------------------------------  -----  ---------  --------  ----------  --------------  -------------------
/opt/airflow/dags/sec_edgar_dag.py                           1           0  0.82s           2026-02-15T14:57:54
/opt/airflow/dags/test_dag.py                                1           0  0.20s           2026-02-15T14:57:36
================================================================================
[2026-02-15T14:58:25.987+0000] {manager.py:879} INFO - 
================================================================================
DAG File Processing Stats

File Path                           PID    Runtime      # DAGs    # Errors  Last Runtime    Last Run
----------------------------------  -----  ---------  --------  ----------  --------------  -------------------
/opt/airflow/dags/sec_edgar_dag.py                           1           0  0.77s           2026-02-15T14:58:25
/opt/airflow/dags/test_dag.py                                1           0  0.19s           2026-02-15T14:58:07
================================================================================
[2026-02-15T14:58:56.176+0000] {manager.py:879} INFO - 
================================================================================
DAG File Processing Stats

File Path                             PID  Runtime      # DAGs    # Errors  Last Runtime    Last Run
----------------------------------  -----  ---------  --------  ----------  --------------  -------------------
/opt/airflow/dags/sec_edgar_dag.py   4755  0.01s             1           0  0.77s           2026-02-15T14:58:25
/opt/airflow/dags/test_dag.py                                1           0  0.49s           2026-02-15T14:58:37
================================================================================
[2026-02-15T14:59:26.303+0000] {manager.py:879} INFO - 
================================================================================
DAG File Processing Stats

File Path                           PID    Runtime      # DAGs    # Errors  Last Runtime    Last Run
----------------------------------  -----  ---------  --------  ----------  --------------  -------------------
/opt/airflow/dags/sec_edgar_dag.py                           1           0  0.83s           2026-02-15T14:58:56
/opt/airflow/dags/test_dag.py                                1           0  0.46s           2026-02-15T14:59:08
================================================================================
[2026-02-15T14:59:56.311+0000] {manager.py:879} INFO - 
================================================================================
DAG File Processing Stats

File Path                           PID    Runtime      # DAGs    # Errors  Last Runtime    Last Run
----------------------------------  -----  ---------  --------  ----------  --------------  -------------------
/opt/airflow/dags/sec_edgar_dag.py                           1           0  0.51s           2026-02-15T14:59:27
/opt/airflow/dags/test_dag.py                                1           0  0.20s           2026-02-15T14:59:39
================================================================================
[2026-02-15T15:00:26.605+0000] {manager.py:879} INFO - 
================================================================================
DAG File Processing Stats

File Path                           PID    Runtime      # DAGs    # Errors  Last Runtime    Last Run
----------------------------------  -----  ---------  --------  ----------  --------------  -------------------
/opt/airflow/dags/sec_edgar_dag.py                           1           0  0.43s           2026-02-15T14:59:58
/opt/airflow/dags/test_dag.py                                1           0  0.19s           2026-02-15T15:00:09
================================================================================
[2026-02-15T15:00:57.025+0000] {manager.py:879} INFO - 
================================================================================
DAG File Processing Stats

File Path                           PID    Runtime      # DAGs    # Errors  Last Runtime    Last Run
----------------------------------  -----  ---------  --------  ----------  --------------  -------------------
/opt/airflow/dags/sec_edgar_dag.py                           1           0  0.45s           2026-02-15T15:00:29
/opt/airflow/dags/test_dag.py                                1           0  0.16s           2026-02-15T15:00:40
================================================================================
[2026-02-15T15:01:24.582+0000] {manager.py:738} INFO - Searching for files in /opt/airflow/dags
[2026-02-15T15:01:24.669+0000] {manager.py:741} INFO - There are 2 files in /opt/airflow/dags
[2026-02-15T15:01:27.452+0000] {manager.py:879} INFO - 
================================================================================
DAG File Processing Stats

File Path                           PID    Runtime      # DAGs    # Errors  Last Runtime    Last Run
----------------------------------  -----  ---------  --------  ----------  --------------  -------------------
/opt/airflow/dags/sec_edgar_dag.py                           1           0  0.48s           2026-02-15T15:00:59
/opt/airflow/dags/test_dag.py                                1           0  0.16s           2026-02-15T15:01:10
================================================================================
[2026-02-15T15:01:57.992+0000] {manager.py:879} INFO - 
================================================================================
DAG File Processing Stats

File Path                           PID    Runtime      # DAGs    # Errors  Last Runtime    Last Run
----------------------------------  -----  ---------  --------  ----------  --------------  -------------------
/opt/airflow/dags/sec_edgar_dag.py                           1           0  0.44s           2026-02-15T15:01:30
/opt/airflow/dags/test_dag.py                                1           0  0.19s           2026-02-15T15:01:41
================================================================================
[2026-02-15T15:02:28.420+0000] {manager.py:879} INFO - 
================================================================================
DAG File Processing Stats

File Path                           PID    Runtime      # DAGs    # Errors  Last Runtime    Last Run
----------------------------------  -----  ---------  --------  ----------  --------------  -------------------
/opt/airflow/dags/sec_edgar_dag.py                           1           0  0.50s           2026-02-15T15:02:01
/opt/airflow/dags/test_dag.py                                1           0  0.21s           2026-02-15T15:02:11
================================================================================
[2026-02-15T15:02:58.895+0000] {manager.py:879} INFO - 
================================================================================
DAG File Processing Stats

File Path                           PID    Runtime      # DAGs    # Errors  Last Runtime    Last Run
----------------------------------  -----  ---------  --------  ----------  --------------  -------------------
/opt/airflow/dags/sec_edgar_dag.py                           1           0  0.43s           2026-02-15T15:02:32
/opt/airflow/dags/test_dag.py                                1           0  0.27s           2026-02-15T15:02:42
================================================================================
[2026-02-15T15:03:29.453+0000] {manager.py:879} INFO - 
================================================================================
DAG File Processing Stats

File Path                           PID    Runtime      # DAGs    # Errors  Last Runtime    Last Run
----------------------------------  -----  ---------  --------  ----------  --------------  -------------------
/opt/airflow/dags/sec_edgar_dag.py                           1           0  0.49s           2026-02-15T15:03:02
/opt/airflow/dags/test_dag.py                                1           0  0.19s           2026-02-15T15:03:12
================================================================================
[2026-02-15T15:03:59.905+0000] {manager.py:879} INFO - 
================================================================================
DAG File Processing Stats

File Path                           PID    Runtime      # DAGs    # Errors  Last Runtime    Last Run
----------------------------------  -----  ---------  --------  ----------  --------------  -------------------
/opt/airflow/dags/sec_edgar_dag.py                           1           0  0.51s           2026-02-15T15:03:34
/opt/airflow/dags/test_dag.py                                1           0  0.18s           2026-02-15T15:03:42
================================================================================
[2026-02-15T15:04:30.342+0000] {manager.py:879} INFO - 
================================================================================
DAG File Processing Stats

File Path                           PID    Runtime      # DAGs    # Errors  Last Runtime    Last Run
----------------------------------  -----  ---------  --------  ----------  --------------  -------------------
/opt/airflow/dags/sec_edgar_dag.py                           1           0  0.49s           2026-02-15T15:04:04
/opt/airflow/dags/test_dag.py                                1           0  0.21s           2026-02-15T15:04:13
================================================================================
[2026-02-15T15:05:00.837+0000] {manager.py:879} INFO - 
================================================================================
DAG File Processing Stats

File Path                           PID    Runtime      # DAGs    # Errors  Last Runtime    Last Run
----------------------------------  -----  ---------  --------  ----------  --------------  -------------------
/opt/airflow/dags/sec_edgar_dag.py                           1           0  0.50s           2026-02-15T15:04:35
/opt/airflow/dags/test_dag.py                                1           0  0.20s           2026-02-15T15:04:43
================================================================================
[2026-02-15T15:05:31.303+0000] {manager.py:879} INFO - 
================================================================================
DAG File Processing Stats

File Path                           PID    Runtime      # DAGs    # Errors  Last Runtime    Last Run
----------------------------------  -----  ---------  --------  ----------  --------------  -------------------
/opt/airflow/dags/sec_edgar_dag.py                           1           0  0.48s           2026-02-15T15:05:06
/opt/airflow/dags/test_dag.py                                1           0  0.19s           2026-02-15T15:05:14
================================================================================
[2026-02-15T15:06:01.786+0000] {manager.py:879} INFO - 
================================================================================
DAG File Processing Stats

File Path                           PID    Runtime      # DAGs    # Errors  Last Runtime    Last Run
----------------------------------  -----  ---------  --------  ----------  --------------  -------------------
/opt/airflow/dags/sec_edgar_dag.py                           1           0  0.49s           2026-02-15T15:05:37
/opt/airflow/dags/test_dag.py                                1           0  0.20s           2026-02-15T15:05:44
================================================================================
[2026-02-15T15:06:25.181+0000] {manager.py:738} INFO - Searching for files in /opt/airflow/dags
[2026-02-15T15:06:25.232+0000] {manager.py:741} INFO - There are 2 files in /opt/airflow/dags
[2026-02-15T15:06:32.312+0000] {manager.py:879} INFO - 
================================================================================
DAG File Processing Stats

File Path                           PID    Runtime      # DAGs    # Errors  Last Runtime    Last Run
----------------------------------  -----  ---------  --------  ----------  --------------  -------------------
/opt/airflow/dags/sec_edgar_dag.py                           1           0  0.46s           2026-02-15T15:06:08
/opt/airflow/dags/test_dag.py                                1           0  0.19s           2026-02-15T15:06:15
================================================================================
[2026-02-15T15:07:02.746+0000] {manager.py:879} INFO - 
================================================================================
DAG File Processing Stats

File Path                           PID    Runtime      # DAGs    # Errors  Last Runtime    Last Run
----------------------------------  -----  ---------  --------  ----------  --------------  -------------------
/opt/airflow/dags/sec_edgar_dag.py                           1           0  0.50s           2026-02-15T15:06:39
/opt/airflow/dags/test_dag.py                                1           0  0.21s           2026-02-15T15:06:45
================================================================================
[2026-02-15T15:07:33.190+0000] {manager.py:879} INFO - 
================================================================================
DAG File Processing Stats

File Path                           PID    Runtime      # DAGs    # Errors  Last Runtime    Last Run
----------------------------------  -----  ---------  --------  ----------  --------------  -------------------
/opt/airflow/dags/sec_edgar_dag.py                           1           0  0.49s           2026-02-15T15:07:10
/opt/airflow/dags/test_dag.py                                1           0  0.18s           2026-02-15T15:07:16
================================================================================
[2026-02-15T15:08:03.666+0000] {manager.py:879} INFO - 
================================================================================
DAG File Processing Stats

File Path                           PID    Runtime      # DAGs    # Errors  Last Runtime    Last Run
----------------------------------  -----  ---------  --------  ----------  --------------  -------------------
/opt/airflow/dags/sec_edgar_dag.py                           1           0  0.55s           2026-02-15T15:07:40
/opt/airflow/dags/test_dag.py                                1           0  0.20s           2026-02-15T15:07:46
================================================================================
[2026-02-15T15:08:34.186+0000] {manager.py:879} INFO - 
================================================================================
DAG File Processing Stats

File Path                           PID    Runtime      # DAGs    # Errors  Last Runtime    Last Run
----------------------------------  -----  ---------  --------  ----------  --------------  -------------------
/opt/airflow/dags/sec_edgar_dag.py                           1           0  0.68s           2026-02-15T15:08:12
/opt/airflow/dags/test_dag.py                                1           0  0.34s           2026-02-15T15:08:17
================================================================================
[2026-02-15T15:09:04.799+0000] {manager.py:879} INFO - 
================================================================================
DAG File Processing Stats

File Path                           PID    Runtime      # DAGs    # Errors  Last Runtime    Last Run
----------------------------------  -----  ---------  --------  ----------  --------------  -------------------
/opt/airflow/dags/sec_edgar_dag.py                           1           0  0.62s           2026-02-15T15:08:43
/opt/airflow/dags/test_dag.py                                1           0  0.18s           2026-02-15T15:08:47
================================================================================
[2026-02-15T15:09:35.194+0000] {manager.py:879} INFO - 
================================================================================
DAG File Processing Stats

File Path                           PID    Runtime      # DAGs    # Errors  Last Runtime    Last Run
----------------------------------  -----  ---------  --------  ----------  --------------  -------------------
/opt/airflow/dags/sec_edgar_dag.py                           1           0  0.68s           2026-02-15T15:09:14
/opt/airflow/dags/test_dag.py                                1           0  0.17s           2026-02-15T15:09:18
================================================================================
[2026-02-15T15:10:05.598+0000] {manager.py:879} INFO - 
================================================================================
DAG File Processing Stats

File Path                           PID    Runtime      # DAGs    # Errors  Last Runtime    Last Run
----------------------------------  -----  ---------  --------  ----------  --------------  -------------------
/opt/airflow/dags/sec_edgar_dag.py                           1           0  0.48s           2026-02-15T15:09:45
/opt/airflow/dags/test_dag.py                                1           0  0.17s           2026-02-15T15:09:48
================================================================================
[2026-02-15T15:10:36.027+0000] {manager.py:879} INFO - 
================================================================================
DAG File Processing Stats

File Path                           PID    Runtime      # DAGs    # Errors  Last Runtime    Last Run
----------------------------------  -----  ---------  --------  ----------  --------------  -------------------
/opt/airflow/dags/sec_edgar_dag.py                           1           0  0.50s           2026-02-15T15:10:16
/opt/airflow/dags/test_dag.py                                1           0  0.15s           2026-02-15T15:10:19
================================================================================
[2026-02-15T15:11:06.394+0000] {manager.py:879} INFO - 
================================================================================
DAG File Processing Stats

File Path                           PID    Runtime      # DAGs    # Errors  Last Runtime    Last Run
----------------------------------  -----  ---------  --------  ----------  --------------  -------------------
/opt/airflow/dags/sec_edgar_dag.py                           1           0  0.55s           2026-02-15T15:10:47
/opt/airflow/dags/test_dag.py                                1           0  0.17s           2026-02-15T15:10:49
================================================================================
[2026-02-15T15:11:25.714+0000] {manager.py:738} INFO - Searching for files in /opt/airflow/dags
[2026-02-15T15:11:25.768+0000] {manager.py:741} INFO - There are 2 files in /opt/airflow/dags
[2026-02-15T15:11:36.873+0000] {manager.py:879} INFO - 
================================================================================
DAG File Processing Stats

File Path                           PID    Runtime      # DAGs    # Errors  Last Runtime    Last Run
----------------------------------  -----  ---------  --------  ----------  --------------  -------------------
/opt/airflow/dags/sec_edgar_dag.py                           1           0  0.52s           2026-02-15T15:11:19
/opt/airflow/dags/test_dag.py                                1           0  0.18s           2026-02-15T15:11:19
================================================================================
[2026-02-15T15:12:07.229+0000] {manager.py:879} INFO - 
================================================================================
DAG File Processing Stats

File Path                           PID    Runtime      # DAGs    # Errors  Last Runtime    Last Run
----------------------------------  -----  ---------  --------  ----------  --------------  -------------------
/opt/airflow/dags/sec_edgar_dag.py                           1           0  0.52s           2026-02-15T15:11:49
/opt/airflow/dags/test_dag.py                                1           0  0.19s           2026-02-15T15:11:50
================================================================================
[2026-02-15T15:12:37.676+0000] {manager.py:879} INFO - 
================================================================================
DAG File Processing Stats

File Path                           PID    Runtime      # DAGs    # Errors  Last Runtime    Last Run
----------------------------------  -----  ---------  --------  ----------  --------------  -------------------
/opt/airflow/dags/sec_edgar_dag.py                           1           0  0.54s           2026-02-15T15:12:20
/opt/airflow/dags/test_dag.py                                1           0  0.18s           2026-02-15T15:12:20
================================================================================
[2026-02-15T15:13:07.752+0000] {manager.py:879} INFO - 
================================================================================
DAG File Processing Stats

File Path                           PID    Runtime      # DAGs    # Errors  Last Runtime    Last Run
----------------------------------  -----  ---------  --------  ----------  --------------  -------------------
/opt/airflow/dags/sec_edgar_dag.py                           1           0  0.57s           2026-02-15T15:12:51
/opt/airflow/dags/test_dag.py                                1           0  0.17s           2026-02-15T15:12:50
================================================================================
[2026-02-15T15:13:37.911+0000] {manager.py:879} INFO - 
================================================================================
DAG File Processing Stats

File Path                           PID    Runtime      # DAGs    # Errors  Last Runtime    Last Run
----------------------------------  -----  ---------  --------  ----------  --------------  -------------------
/opt/airflow/dags/sec_edgar_dag.py                           1           0  0.47s           2026-02-15T15:13:22
/opt/airflow/dags/test_dag.py                                1           0  0.25s           2026-02-15T15:13:21
================================================================================
[2026-02-15T15:14:08.090+0000] {manager.py:879} INFO - 
================================================================================
DAG File Processing Stats

File Path                           PID    Runtime      # DAGs    # Errors  Last Runtime    Last Run
----------------------------------  -----  ---------  --------  ----------  --------------  -------------------
/opt/airflow/dags/sec_edgar_dag.py                           1           0  0.48s           2026-02-15T15:13:53
/opt/airflow/dags/test_dag.py                                1           0  0.15s           2026-02-15T15:13:51
================================================================================
[2026-02-15T15:14:38.481+0000] {manager.py:879} INFO - 
================================================================================
DAG File Processing Stats

File Path                           PID    Runtime      # DAGs    # Errors  Last Runtime    Last Run
----------------------------------  -----  ---------  --------  ----------  --------------  -------------------
/opt/airflow/dags/sec_edgar_dag.py                           1           0  0.48s           2026-02-15T15:14:24
/opt/airflow/dags/test_dag.py                                1           0  0.16s           2026-02-15T15:14:22
================================================================================
[2026-02-15T15:15:08.906+0000] {manager.py:879} INFO - 
================================================================================
DAG File Processing Stats

File Path                           PID    Runtime      # DAGs    # Errors  Last Runtime    Last Run
----------------------------------  -----  ---------  --------  ----------  --------------  -------------------
/opt/airflow/dags/sec_edgar_dag.py                           1           0  0.47s           2026-02-15T15:14:55
/opt/airflow/dags/test_dag.py                                1           0  0.15s           2026-02-15T15:14:52
================================================================================
[2026-02-15T15:15:39.335+0000] {manager.py:879} INFO - 
================================================================================
DAG File Processing Stats

File Path                           PID    Runtime      # DAGs    # Errors  Last Runtime    Last Run
----------------------------------  -----  ---------  --------  ----------  --------------  -------------------
/opt/airflow/dags/sec_edgar_dag.py                           1           0  0.49s           2026-02-15T15:15:26
/opt/airflow/dags/test_dag.py                                1           0  0.19s           2026-02-15T15:15:23
================================================================================
[2026-02-15T15:16:09.742+0000] {manager.py:879} INFO - 
================================================================================
DAG File Processing Stats

File Path                           PID    Runtime      # DAGs    # Errors  Last Runtime    Last Run
----------------------------------  -----  ---------  --------  ----------  --------------  -------------------
/opt/airflow/dags/sec_edgar_dag.py                           1           0  0.46s           2026-02-15T15:15:57
/opt/airflow/dags/test_dag.py                                1           0  0.15s           2026-02-15T15:15:53
================================================================================
[2026-02-15T15:16:25.882+0000] {manager.py:738} INFO - Searching for files in /opt/airflow/dags
[2026-02-15T15:16:25.947+0000] {manager.py:741} INFO - There are 2 files in /opt/airflow/dags
[2026-02-15T15:16:40.178+0000] {manager.py:879} INFO - 
================================================================================
DAG File Processing Stats

File Path                           PID    Runtime      # DAGs    # Errors  Last Runtime    Last Run
----------------------------------  -----  ---------  --------  ----------  --------------  -------------------
/opt/airflow/dags/sec_edgar_dag.py                           1           0  0.44s           2026-02-15T15:16:28
/opt/airflow/dags/test_dag.py                                1           0  0.19s           2026-02-15T15:16:24
================================================================================
[2026-02-15T15:17:10.581+0000] {manager.py:879} INFO - 
================================================================================
DAG File Processing Stats

File Path                           PID    Runtime      # DAGs    # Errors  Last Runtime    Last Run
----------------------------------  -----  ---------  --------  ----------  --------------  -------------------
/opt/airflow/dags/sec_edgar_dag.py                           1           0  0.47s           2026-02-15T15:16:58
/opt/airflow/dags/test_dag.py                                1           0  0.15s           2026-02-15T15:16:54
================================================================================
[2026-02-15T15:17:40.656+0000] {manager.py:879} INFO - 
================================================================================
DAG File Processing Stats

File Path                           PID    Runtime      # DAGs    # Errors  Last Runtime    Last Run
----------------------------------  -----  ---------  --------  ----------  --------------  -------------------
/opt/airflow/dags/sec_edgar_dag.py                           1           0  0.49s           2026-02-15T15:17:29
/opt/airflow/dags/test_dag.py                                1           0  0.17s           2026-02-15T15:17:24
================================================================================
[2026-02-15T15:18:11.045+0000] {manager.py:879} INFO - 
================================================================================
DAG File Processing Stats

File Path                           PID    Runtime      # DAGs    # Errors  Last Runtime    Last Run
----------------------------------  -----  ---------  --------  ----------  --------------  -------------------
/opt/airflow/dags/sec_edgar_dag.py                           1           0  0.62s           2026-02-15T15:18:00
/opt/airflow/dags/test_dag.py                                1           0  0.16s           2026-02-15T15:17:55
================================================================================
[2026-02-15T15:18:41.329+0000] {manager.py:879} INFO - 
================================================================================
DAG File Processing Stats

File Path                           PID    Runtime      # DAGs    # Errors  Last Runtime    Last Run
----------------------------------  -----  ---------  --------  ----------  --------------  -------------------
/opt/airflow/dags/sec_edgar_dag.py                           1           0  0.48s           2026-02-15T15:18:32
/opt/airflow/dags/test_dag.py                                1           0  0.16s           2026-02-15T15:18:25
================================================================================
[2026-02-15T15:19:11.459+0000] {manager.py:879} INFO - 
================================================================================
DAG File Processing Stats

File Path                           PID    Runtime      # DAGs    # Errors  Last Runtime    Last Run
----------------------------------  -----  ---------  --------  ----------  --------------  -------------------
/opt/airflow/dags/sec_edgar_dag.py                           1           0  1.18s           2026-02-15T15:19:03
/opt/airflow/dags/test_dag.py                                1           0  0.19s           2026-02-15T15:18:56
================================================================================
[2026-02-15T15:19:41.906+0000] {manager.py:879} INFO - 
================================================================================
DAG File Processing Stats

File Path                           PID    Runtime      # DAGs    # Errors  Last Runtime    Last Run
----------------------------------  -----  ---------  --------  ----------  --------------  -------------------
/opt/airflow/dags/sec_edgar_dag.py                           1           0  0.53s           2026-02-15T15:19:34
/opt/airflow/dags/test_dag.py                                1           0  0.20s           2026-02-15T15:19:26
================================================================================
[2026-02-15T15:20:11.964+0000] {manager.py:879} INFO - 
================================================================================
DAG File Processing Stats

File Path                           PID    Runtime      # DAGs    # Errors  Last Runtime    Last Run
----------------------------------  -----  ---------  --------  ----------  --------------  -------------------
/opt/airflow/dags/sec_edgar_dag.py                           1           0  0.53s           2026-02-15T15:20:04
/opt/airflow/dags/test_dag.py                                1           0  0.24s           2026-02-15T15:19:57
================================================================================
[2026-02-15T15:20:42.029+0000] {manager.py:879} INFO - 
================================================================================
DAG File Processing Stats

File Path                           PID    Runtime      # DAGs    # Errors  Last Runtime    Last Run
----------------------------------  -----  ---------  --------  ----------  --------------  -------------------
/opt/airflow/dags/sec_edgar_dag.py                           1           0  0.51s           2026-02-15T15:20:35
/opt/airflow/dags/test_dag.py                                1           0  0.28s           2026-02-15T15:20:27
================================================================================
[2026-02-15T15:21:12.450+0000] {manager.py:879} INFO - 
================================================================================
DAG File Processing Stats

File Path                           PID    Runtime      # DAGs    # Errors  Last Runtime    Last Run
----------------------------------  -----  ---------  --------  ----------  --------------  -------------------
/opt/airflow/dags/sec_edgar_dag.py                           1           0  0.53s           2026-02-15T15:21:06
/opt/airflow/dags/test_dag.py                                1           0  0.17s           2026-02-15T15:20:58
================================================================================
[2026-02-15T15:21:25.924+0000] {manager.py:738} INFO - Searching for files in /opt/airflow/dags
[2026-02-15T15:21:25.985+0000] {manager.py:741} INFO - There are 2 files in /opt/airflow/dags
[2026-02-15T15:21:42.910+0000] {manager.py:879} INFO - 
================================================================================
DAG File Processing Stats

File Path                           PID    Runtime      # DAGs    # Errors  Last Runtime    Last Run
----------------------------------  -----  ---------  --------  ----------  --------------  -------------------
/opt/airflow/dags/sec_edgar_dag.py                           1           0  0.51s           2026-02-15T15:21:37
/opt/airflow/dags/test_dag.py                                1           0  0.21s           2026-02-15T15:21:28
================================================================================
[2026-02-15T15:22:13.364+0000] {manager.py:879} INFO - 
================================================================================
DAG File Processing Stats

File Path                           PID    Runtime      # DAGs    # Errors  Last Runtime    Last Run
----------------------------------  -----  ---------  --------  ----------  --------------  -------------------
/opt/airflow/dags/sec_edgar_dag.py                           1           0  0.52s           2026-02-15T15:22:08
/opt/airflow/dags/test_dag.py                                1           0  0.21s           2026-02-15T15:21:59
================================================================================
[2026-02-15T15:22:43.371+0000] {manager.py:879} INFO - 
================================================================================
DAG File Processing Stats

File Path                           PID    Runtime      # DAGs    # Errors  Last Runtime    Last Run
----------------------------------  -----  ---------  --------  ----------  --------------  -------------------
/opt/airflow/dags/sec_edgar_dag.py                           1           0  0.52s           2026-02-15T15:22:39
/opt/airflow/dags/test_dag.py                                1           0  0.22s           2026-02-15T15:22:29
================================================================================
[2026-02-15T15:23:13.598+0000] {manager.py:879} INFO - 
================================================================================
DAG File Processing Stats

File Path                           PID    Runtime      # DAGs    # Errors  Last Runtime    Last Run
----------------------------------  -----  ---------  --------  ----------  --------------  -------------------
/opt/airflow/dags/sec_edgar_dag.py                           1           0  0.50s           2026-02-15T15:23:10
/opt/airflow/dags/test_dag.py                                1           0  0.19s           2026-02-15T15:23:00
================================================================================
[2026-02-15T15:23:43.753+0000] {manager.py:879} INFO - 
================================================================================
DAG File Processing Stats

File Path                           PID    Runtime      # DAGs    # Errors  Last Runtime    Last Run
----------------------------------  -----  ---------  --------  ----------  --------------  -------------------
/opt/airflow/dags/sec_edgar_dag.py                           1           0  0.54s           2026-02-15T15:23:41
/opt/airflow/dags/test_dag.py                                1           0  0.21s           2026-02-15T15:23:30
================================================================================
[2026-02-15T15:24:14.211+0000] {manager.py:879} INFO - 
================================================================================
DAG File Processing Stats

File Path                           PID    Runtime      # DAGs    # Errors  Last Runtime    Last Run
----------------------------------  -----  ---------  --------  ----------  --------------  -------------------
/opt/airflow/dags/sec_edgar_dag.py                           1           0  0.45s           2026-02-15T15:24:12
/opt/airflow/dags/test_dag.py                                1           0  0.22s           2026-02-15T15:24:01
================================================================================
[2026-02-15T15:24:44.692+0000] {manager.py:879} INFO - 
================================================================================
DAG File Processing Stats

File Path                           PID    Runtime      # DAGs    # Errors  Last Runtime    Last Run
----------------------------------  -----  ---------  --------  ----------  --------------  -------------------
/opt/airflow/dags/sec_edgar_dag.py                           1           0  0.50s           2026-02-15T15:24:43
/opt/airflow/dags/test_dag.py                                1           0  0.23s           2026-02-15T15:24:31
================================================================================
[2026-02-15T15:25:15.141+0000] {manager.py:879} INFO - 
================================================================================
DAG File Processing Stats

File Path                           PID    Runtime      # DAGs    # Errors  Last Runtime    Last Run
----------------------------------  -----  ---------  --------  ----------  --------------  -------------------
/opt/airflow/dags/sec_edgar_dag.py                           1           0  0.51s           2026-02-15T15:25:14
/opt/airflow/dags/test_dag.py                                1           0  0.21s           2026-02-15T15:25:02
================================================================================
[2026-02-15T15:25:45.145+0000] {manager.py:879} INFO - 
================================================================================
DAG File Processing Stats

File Path                           PID    Runtime      # DAGs    # Errors  Last Runtime    Last Run
----------------------------------  -----  ---------  --------  ----------  --------------  -------------------
/opt/airflow/dags/sec_edgar_dag.py                           1           0  0.52s           2026-02-15T15:25:45
/opt/airflow/dags/test_dag.py                                1           0  0.22s           2026-02-15T15:25:32
================================================================================
[2026-02-15T15:26:15.909+0000] {manager.py:879} INFO - 
================================================================================
DAG File Processing Stats

File Path                             PID  Runtime      # DAGs    # Errors  Last Runtime    Last Run
----------------------------------  -----  ---------  --------  ----------  --------------  -------------------
/opt/airflow/dags/sec_edgar_dag.py   5628  0.01s             1           0  0.52s           2026-02-15T15:25:45
/opt/airflow/dags/test_dag.py                                1           0  0.21s           2026-02-15T15:26:02
================================================================================
[2026-02-15T15:26:26.161+0000] {manager.py:738} INFO - Searching for files in /opt/airflow/dags
[2026-02-15T15:26:26.235+0000] {manager.py:741} INFO - There are 2 files in /opt/airflow/dags
[2026-02-15T15:26:46.457+0000] {manager.py:879} INFO - 
================================================================================
DAG File Processing Stats

File Path                             PID  Runtime      # DAGs    # Errors  Last Runtime    Last Run
----------------------------------  -----  ---------  --------  ----------  --------------  -------------------
/opt/airflow/dags/sec_edgar_dag.py   5644  0.01s             1           0  0.51s           2026-02-15T15:26:16
/opt/airflow/dags/test_dag.py                                1           0  0.21s           2026-02-15T15:26:33
================================================================================
[2026-02-15T15:27:16.888+0000] {manager.py:879} INFO - 
================================================================================
DAG File Processing Stats

File Path                           PID    Runtime      # DAGs    # Errors  Last Runtime    Last Run
----------------------------------  -----  ---------  --------  ----------  --------------  -------------------
/opt/airflow/dags/sec_edgar_dag.py                           1           0  0.50s           2026-02-15T15:26:46
/opt/airflow/dags/test_dag.py                                1           0  0.22s           2026-02-15T15:27:03
================================================================================
[2026-02-15T15:27:47.392+0000] {manager.py:879} INFO - 
================================================================================
DAG File Processing Stats

File Path                           PID    Runtime      # DAGs    # Errors  Last Runtime    Last Run
----------------------------------  -----  ---------  --------  ----------  --------------  -------------------
/opt/airflow/dags/sec_edgar_dag.py                           1           0  0.54s           2026-02-15T15:27:17
/opt/airflow/dags/test_dag.py                                1           0  0.22s           2026-02-15T15:27:34
================================================================================
[2026-02-15T15:28:17.865+0000] {manager.py:879} INFO - 
================================================================================
DAG File Processing Stats

File Path                           PID    Runtime      # DAGs    # Errors  Last Runtime    Last Run
----------------------------------  -----  ---------  --------  ----------  --------------  -------------------
/opt/airflow/dags/sec_edgar_dag.py                           1           0  0.50s           2026-02-15T15:27:48
/opt/airflow/dags/test_dag.py                                1           0  0.22s           2026-02-15T15:28:04
================================================================================
[2026-02-15T15:28:48.387+0000] {manager.py:879} INFO - 
================================================================================
DAG File Processing Stats

File Path                           PID    Runtime      # DAGs    # Errors  Last Runtime    Last Run
----------------------------------  -----  ---------  --------  ----------  --------------  -------------------
/opt/airflow/dags/sec_edgar_dag.py                           1           0  0.48s           2026-02-15T15:28:19
/opt/airflow/dags/test_dag.py                                1           0  0.26s           2026-02-15T15:28:35
================================================================================
[2026-02-15T15:29:18.953+0000] {manager.py:879} INFO - 
================================================================================
DAG File Processing Stats

File Path                           PID    Runtime      # DAGs    # Errors  Last Runtime    Last Run
----------------------------------  -----  ---------  --------  ----------  --------------  -------------------
/opt/airflow/dags/sec_edgar_dag.py                           1           0  0.57s           2026-02-15T15:28:50
/opt/airflow/dags/test_dag.py                                1           0  0.24s           2026-02-15T15:29:06
================================================================================
[2026-02-15T15:29:49.437+0000] {manager.py:879} INFO - 
================================================================================
DAG File Processing Stats

File Path                           PID    Runtime      # DAGs    # Errors  Last Runtime    Last Run
----------------------------------  -----  ---------  --------  ----------  --------------  -------------------
/opt/airflow/dags/sec_edgar_dag.py                           1           0  0.55s           2026-02-15T15:29:21
/opt/airflow/dags/test_dag.py                                1           0  0.27s           2026-02-15T15:29:36
================================================================================
[2026-02-15T15:30:20.014+0000] {manager.py:879} INFO - 
================================================================================
DAG File Processing Stats

File Path                           PID    Runtime      # DAGs    # Errors  Last Runtime    Last Run
----------------------------------  -----  ---------  --------  ----------  --------------  -------------------
/opt/airflow/dags/sec_edgar_dag.py                           1           0  0.57s           2026-02-15T15:29:52
/opt/airflow/dags/test_dag.py                                1           0  0.24s           2026-02-15T15:30:07
================================================================================
[2026-02-15T15:30:50.492+0000] {manager.py:879} INFO - 
================================================================================
DAG File Processing Stats

File Path                           PID    Runtime      # DAGs    # Errors  Last Runtime    Last Run
----------------------------------  -----  ---------  --------  ----------  --------------  -------------------
/opt/airflow/dags/sec_edgar_dag.py                           1           0  0.56s           2026-02-15T15:30:23
/opt/airflow/dags/test_dag.py                                1           0  0.18s           2026-02-15T15:30:37
================================================================================
[2026-02-15T15:31:20.952+0000] {manager.py:879} INFO - 
================================================================================
DAG File Processing Stats

File Path                           PID    Runtime      # DAGs    # Errors  Last Runtime    Last Run
----------------------------------  -----  ---------  --------  ----------  --------------  -------------------
/opt/airflow/dags/sec_edgar_dag.py                           1           0  0.52s           2026-02-15T15:30:54
/opt/airflow/dags/test_dag.py                                1           0  0.22s           2026-02-15T15:31:08
================================================================================
[2026-02-15T15:31:26.193+0000] {manager.py:738} INFO - Searching for files in /opt/airflow/dags
[2026-02-15T15:31:26.252+0000] {manager.py:741} INFO - There are 2 files in /opt/airflow/dags
[2026-02-15T15:31:51.739+0000] {manager.py:879} INFO - 
================================================================================
DAG File Processing Stats

File Path                           PID    Runtime      # DAGs    # Errors  Last Runtime    Last Run
----------------------------------  -----  ---------  --------  ----------  --------------  -------------------
/opt/airflow/dags/sec_edgar_dag.py                           1           0  0.51s           2026-02-15T15:31:25
/opt/airflow/dags/test_dag.py                                1           0  0.25s           2026-02-15T15:31:38
================================================================================
[2026-02-15T15:32:22.074+0000] {manager.py:879} INFO - 
================================================================================
DAG File Processing Stats

File Path                           PID    Runtime      # DAGs    # Errors  Last Runtime    Last Run
----------------------------------  -----  ---------  --------  ----------  --------------  -------------------
/opt/airflow/dags/sec_edgar_dag.py                           1           0  0.59s           2026-02-15T15:31:56
/opt/airflow/dags/test_dag.py                                1           0  0.19s           2026-02-15T15:32:09
================================================================================
[2026-02-15T15:32:52.511+0000] {manager.py:879} INFO - 
================================================================================
DAG File Processing Stats

File Path                           PID    Runtime      # DAGs    # Errors  Last Runtime    Last Run
----------------------------------  -----  ---------  --------  ----------  --------------  -------------------
/opt/airflow/dags/sec_edgar_dag.py                           1           0  0.60s           2026-02-15T15:32:27
/opt/airflow/dags/test_dag.py                                1           0  0.21s           2026-02-15T15:32:39
================================================================================
[2026-02-15T15:33:22.975+0000] {manager.py:879} INFO - 
================================================================================
DAG File Processing Stats

File Path                           PID    Runtime      # DAGs    # Errors  Last Runtime    Last Run
----------------------------------  -----  ---------  --------  ----------  --------------  -------------------
/opt/airflow/dags/sec_edgar_dag.py                           1           0  0.52s           2026-02-15T15:32:58
/opt/airflow/dags/test_dag.py                                1           0  0.21s           2026-02-15T15:33:10
================================================================================
[2026-02-15T15:33:53.429+0000] {manager.py:879} INFO - 
================================================================================
DAG File Processing Stats

File Path                           PID    Runtime      # DAGs    # Errors  Last Runtime    Last Run
----------------------------------  -----  ---------  --------  ----------  --------------  -------------------
/opt/airflow/dags/sec_edgar_dag.py                           1           0  0.54s           2026-02-15T15:33:29
/opt/airflow/dags/test_dag.py                                1           0  0.19s           2026-02-15T15:33:40
================================================================================
[2026-02-15T15:34:23.907+0000] {manager.py:879} INFO - 
================================================================================
DAG File Processing Stats

File Path                           PID    Runtime      # DAGs    # Errors  Last Runtime    Last Run
----------------------------------  -----  ---------  --------  ----------  --------------  -------------------
/opt/airflow/dags/sec_edgar_dag.py                           1           0  0.57s           2026-02-15T15:34:00
/opt/airflow/dags/test_dag.py                                1           0  0.22s           2026-02-15T15:34:11
================================================================================
[2026-02-15T15:34:54.380+0000] {manager.py:879} INFO - 
================================================================================
DAG File Processing Stats

File Path                           PID    Runtime      # DAGs    # Errors  Last Runtime    Last Run
----------------------------------  -----  ---------  --------  ----------  --------------  -------------------
/opt/airflow/dags/sec_edgar_dag.py                           1           0  0.54s           2026-02-15T15:34:31
/opt/airflow/dags/test_dag.py                                1           0  0.21s           2026-02-15T15:34:41
================================================================================
[2026-02-15T15:35:24.867+0000] {manager.py:879} INFO - 
================================================================================
DAG File Processing Stats

File Path                           PID    Runtime      # DAGs    # Errors  Last Runtime    Last Run
----------------------------------  -----  ---------  --------  ----------  --------------  -------------------
/opt/airflow/dags/sec_edgar_dag.py                           1           0  0.49s           2026-02-15T15:35:02
/opt/airflow/dags/test_dag.py                                1           0  0.22s           2026-02-15T15:35:11
================================================================================
[2026-02-15T15:35:55.347+0000] {manager.py:879} INFO - 
================================================================================
DAG File Processing Stats

File Path                           PID    Runtime      # DAGs    # Errors  Last Runtime    Last Run
----------------------------------  -----  ---------  --------  ----------  --------------  -------------------
/opt/airflow/dags/sec_edgar_dag.py                           1           0  0.53s           2026-02-15T15:35:33
/opt/airflow/dags/test_dag.py                                1           0  0.22s           2026-02-15T15:35:42
================================================================================
[2026-02-15T15:36:25.865+0000] {manager.py:879} INFO - 
================================================================================
DAG File Processing Stats

File Path                           PID    Runtime      # DAGs    # Errors  Last Runtime    Last Run
----------------------------------  -----  ---------  --------  ----------  --------------  -------------------
/opt/airflow/dags/sec_edgar_dag.py                           1           0  0.54s           2026-02-15T15:36:04
/opt/airflow/dags/test_dag.py                                1           0  0.23s           2026-02-15T15:36:12
================================================================================
[2026-02-15T15:36:26.873+0000] {manager.py:738} INFO - Searching for files in /opt/airflow/dags
[2026-02-15T15:36:26.959+0000] {manager.py:741} INFO - There are 2 files in /opt/airflow/dags
[2026-02-15T15:36:56.356+0000] {manager.py:879} INFO - 
================================================================================
DAG File Processing Stats

File Path                           PID    Runtime      # DAGs    # Errors  Last Runtime    Last Run
----------------------------------  -----  ---------  --------  ----------  --------------  -------------------
/opt/airflow/dags/sec_edgar_dag.py                           1           0  0.52s           2026-02-15T15:36:35
/opt/airflow/dags/test_dag.py                                1           0  0.17s           2026-02-15T15:36:43
================================================================================
[2026-02-15T15:37:26.777+0000] {manager.py:879} INFO - 
================================================================================
DAG File Processing Stats

File Path                           PID    Runtime      # DAGs    # Errors  Last Runtime    Last Run
----------------------------------  -----  ---------  --------  ----------  --------------  -------------------
/opt/airflow/dags/sec_edgar_dag.py                           1           0  0.56s           2026-02-15T15:37:07
/opt/airflow/dags/test_dag.py                                1           0  0.17s           2026-02-15T15:37:13
================================================================================
[2026-02-15T15:37:57.202+0000] {manager.py:879} INFO - 
================================================================================
DAG File Processing Stats

File Path                           PID    Runtime      # DAGs    # Errors  Last Runtime    Last Run
----------------------------------  -----  ---------  --------  ----------  --------------  -------------------
/opt/airflow/dags/sec_edgar_dag.py                           1           0  0.57s           2026-02-15T15:37:38
/opt/airflow/dags/test_dag.py                                1           0  0.23s           2026-02-15T15:37:44
================================================================================
[2026-02-15T15:38:27.663+0000] {manager.py:879} INFO - 
================================================================================
DAG File Processing Stats

File Path                           PID    Runtime      # DAGs    # Errors  Last Runtime    Last Run
----------------------------------  -----  ---------  --------  ----------  --------------  -------------------
/opt/airflow/dags/sec_edgar_dag.py                           1           0  0.60s           2026-02-15T15:38:09
/opt/airflow/dags/test_dag.py                                1           0  0.17s           2026-02-15T15:38:14
================================================================================
[2026-02-15T15:38:58.103+0000] {manager.py:879} INFO - 
================================================================================
DAG File Processing Stats

File Path                           PID    Runtime      # DAGs    # Errors  Last Runtime    Last Run
----------------------------------  -----  ---------  --------  ----------  --------------  -------------------
/opt/airflow/dags/sec_edgar_dag.py                           1           0  0.58s           2026-02-15T15:38:40
/opt/airflow/dags/test_dag.py                                1           0  0.28s           2026-02-15T15:38:45
================================================================================
[2026-02-15T15:39:28.659+0000] {manager.py:879} INFO - 
================================================================================
DAG File Processing Stats

File Path                           PID    Runtime      # DAGs    # Errors  Last Runtime    Last Run
----------------------------------  -----  ---------  --------  ----------  --------------  -------------------
/opt/airflow/dags/sec_edgar_dag.py                           1           0  0.66s           2026-02-15T15:39:11
/opt/airflow/dags/test_dag.py                                1           0  0.17s           2026-02-15T15:39:15
================================================================================
[2026-02-15T15:39:59.060+0000] {manager.py:879} INFO - 
================================================================================
DAG File Processing Stats

File Path                           PID    Runtime      # DAGs    # Errors  Last Runtime    Last Run
----------------------------------  -----  ---------  --------  ----------  --------------  -------------------
/opt/airflow/dags/sec_edgar_dag.py                           1           0  0.54s           2026-02-15T15:39:42
/opt/airflow/dags/test_dag.py                                1           0  0.21s           2026-02-15T15:39:46
================================================================================
[2026-02-15T15:40:29.531+0000] {manager.py:879} INFO - 
================================================================================
DAG File Processing Stats

File Path                           PID    Runtime      # DAGs    # Errors  Last Runtime    Last Run
----------------------------------  -----  ---------  --------  ----------  --------------  -------------------
/opt/airflow/dags/sec_edgar_dag.py                           1           0  0.55s           2026-02-15T15:40:12
/opt/airflow/dags/test_dag.py                                1           0  0.21s           2026-02-15T15:40:16
================================================================================
[2026-02-15T15:41:00.015+0000] {manager.py:879} INFO - 
================================================================================
DAG File Processing Stats

File Path                           PID    Runtime      # DAGs    # Errors  Last Runtime    Last Run
----------------------------------  -----  ---------  --------  ----------  --------------  -------------------
/opt/airflow/dags/sec_edgar_dag.py                           1           0  0.55s           2026-02-15T15:40:44
/opt/airflow/dags/test_dag.py                                1           0  0.25s           2026-02-15T15:40:47
================================================================================
[2026-02-15T15:41:27.535+0000] {manager.py:738} INFO - Searching for files in /opt/airflow/dags
[2026-02-15T15:41:27.595+0000] {manager.py:741} INFO - There are 2 files in /opt/airflow/dags
[2026-02-15T15:41:30.646+0000] {manager.py:879} INFO - 
================================================================================
DAG File Processing Stats

File Path                           PID    Runtime      # DAGs    # Errors  Last Runtime    Last Run
----------------------------------  -----  ---------  --------  ----------  --------------  -------------------
/opt/airflow/dags/sec_edgar_dag.py                           1           0  0.54s           2026-02-15T15:41:14
/opt/airflow/dags/test_dag.py                                1           0  0.23s           2026-02-15T15:41:17
================================================================================
[2026-02-15T15:42:01.066+0000] {manager.py:879} INFO - 
================================================================================
DAG File Processing Stats

File Path                           PID    Runtime      # DAGs    # Errors  Last Runtime    Last Run
----------------------------------  -----  ---------  --------  ----------  --------------  -------------------
/opt/airflow/dags/sec_edgar_dag.py                           1           0  0.56s           2026-02-15T15:41:46
/opt/airflow/dags/test_dag.py                                1           0  0.24s           2026-02-15T15:41:48
================================================================================
[2026-02-15T15:42:31.615+0000] {manager.py:879} INFO - 
================================================================================
DAG File Processing Stats

File Path                           PID    Runtime      # DAGs    # Errors  Last Runtime    Last Run
----------------------------------  -----  ---------  --------  ----------  --------------  -------------------
/opt/airflow/dags/sec_edgar_dag.py                           1           0  0.50s           2026-02-15T15:42:16
/opt/airflow/dags/test_dag.py                                1           0  0.25s           2026-02-15T15:42:18
================================================================================
[2026-02-15T15:43:02.167+0000] {manager.py:879} INFO - 
================================================================================
DAG File Processing Stats

File Path                           PID    Runtime      # DAGs    # Errors  Last Runtime    Last Run
----------------------------------  -----  ---------  --------  ----------  --------------  -------------------
/opt/airflow/dags/sec_edgar_dag.py                           1           0  0.52s           2026-02-15T15:42:47
/opt/airflow/dags/test_dag.py                                1           0  0.20s           2026-02-15T15:42:49
================================================================================
[2026-02-15T15:43:32.636+0000] {manager.py:879} INFO - 
================================================================================
DAG File Processing Stats

File Path                           PID    Runtime      # DAGs    # Errors  Last Runtime    Last Run
----------------------------------  -----  ---------  --------  ----------  --------------  -------------------
/opt/airflow/dags/sec_edgar_dag.py                           1           0  0.53s           2026-02-15T15:43:18
/opt/airflow/dags/test_dag.py                                1           0  0.18s           2026-02-15T15:43:19
================================================================================
[2026-02-15T16:01:23.950+0000] {manager.py:738} INFO - Searching for files in /opt/airflow/dags
[2026-02-15T16:01:26.071+0000] {manager.py:741} INFO - There are 2 files in /opt/airflow/dags
[2026-02-15T16:01:26.438+0000] {manager.py:879} INFO - 
================================================================================
DAG File Processing Stats

File Path                             PID  Runtime      # DAGs    # Errors  Last Runtime    Last Run
----------------------------------  -----  ---------  --------  ----------  --------------  -------------------
/opt/airflow/dags/sec_edgar_dag.py   6191  0.13s             1           0  0.53s           2026-02-15T15:43:49
/opt/airflow/dags/test_dag.py        6194  0.01s             1           0  0.16s           2026-02-15T15:43:50
================================================================================
[2026-02-15T16:01:56.811+0000] {manager.py:879} INFO - 
================================================================================
DAG File Processing Stats

File Path                           PID    Runtime      # DAGs    # Errors  Last Runtime    Last Run
----------------------------------  -----  ---------  --------  ----------  --------------  -------------------
/opt/airflow/dags/sec_edgar_dag.py                           1           0  1.56s           2026-02-15T16:01:27
/opt/airflow/dags/test_dag.py                                1           0  0.71s           2026-02-15T16:01:27
================================================================================
[2026-02-15T16:02:26.883+0000] {manager.py:879} INFO - 
================================================================================
DAG File Processing Stats

File Path                           PID    Runtime      # DAGs    # Errors  Last Runtime    Last Run
----------------------------------  -----  ---------  --------  ----------  --------------  -------------------
/opt/airflow/dags/sec_edgar_dag.py                           1           0  0.58s           2026-02-15T16:01:58
/opt/airflow/dags/test_dag.py                                1           0  0.24s           2026-02-15T16:01:58
================================================================================
[2026-02-15T16:02:57.149+0000] {manager.py:879} INFO - 
================================================================================
DAG File Processing Stats

File Path                           PID    Runtime      # DAGs    # Errors  Last Runtime    Last Run
----------------------------------  -----  ---------  --------  ----------  --------------  -------------------
/opt/airflow/dags/sec_edgar_dag.py                           1           0  0.55s           2026-02-15T16:02:29
/opt/airflow/dags/test_dag.py                                1           0  0.19s           2026-02-15T16:02:28
================================================================================
[2026-02-15T16:03:27.379+0000] {manager.py:879} INFO - 
================================================================================
DAG File Processing Stats

File Path                           PID    Runtime      # DAGs    # Errors  Last Runtime    Last Run
----------------------------------  -----  ---------  --------  ----------  --------------  -------------------
/opt/airflow/dags/sec_edgar_dag.py                           1           0  0.57s           2026-02-15T16:03:00
/opt/airflow/dags/test_dag.py                                1           0  0.27s           2026-02-15T16:02:59
================================================================================
[2026-02-15T16:03:57.890+0000] {manager.py:879} INFO - 
================================================================================
DAG File Processing Stats

File Path                           PID    Runtime      # DAGs    # Errors  Last Runtime    Last Run
----------------------------------  -----  ---------  --------  ----------  --------------  -------------------
/opt/airflow/dags/sec_edgar_dag.py                           1           0  0.60s           2026-02-15T16:03:32
/opt/airflow/dags/test_dag.py                                1           0  0.23s           2026-02-15T16:03:29
================================================================================
[2026-02-15T16:04:27.943+0000] {manager.py:879} INFO - 
================================================================================
DAG File Processing Stats

File Path                           PID    Runtime      # DAGs    # Errors  Last Runtime    Last Run
----------------------------------  -----  ---------  --------  ----------  --------------  -------------------
/opt/airflow/dags/sec_edgar_dag.py                           1           0  0.54s           2026-02-15T16:04:02
/opt/airflow/dags/test_dag.py                                1           0  0.22s           2026-02-15T16:04:00
================================================================================
[2026-02-15T16:04:57.985+0000] {manager.py:879} INFO - 
================================================================================
DAG File Processing Stats

File Path                           PID    Runtime      # DAGs    # Errors  Last Runtime    Last Run
----------------------------------  -----  ---------  --------  ----------  --------------  -------------------
/opt/airflow/dags/sec_edgar_dag.py                           1           0  0.50s           2026-02-15T16:04:33
/opt/airflow/dags/test_dag.py                                1           0  0.26s           2026-02-15T16:04:30
================================================================================
[2026-02-15T16:05:28.106+0000] {manager.py:879} INFO - 
================================================================================
DAG File Processing Stats

File Path                           PID    Runtime      # DAGs    # Errors  Last Runtime    Last Run
----------------------------------  -----  ---------  --------  ----------  --------------  -------------------
/opt/airflow/dags/sec_edgar_dag.py                           1           0  0.55s           2026-02-15T16:05:03
/opt/airflow/dags/test_dag.py                                1           0  0.25s           2026-02-15T16:05:01
================================================================================
[2026-02-15T16:05:58.386+0000] {manager.py:879} INFO - 
================================================================================
DAG File Processing Stats

File Path                           PID    Runtime      # DAGs    # Errors  Last Runtime    Last Run
----------------------------------  -----  ---------  --------  ----------  --------------  -------------------
/opt/airflow/dags/sec_edgar_dag.py                           1           0  0.52s           2026-02-15T16:05:35
/opt/airflow/dags/test_dag.py                                1           0  0.24s           2026-02-15T16:05:31
================================================================================
[2026-02-15T16:06:24.226+0000] {manager.py:738} INFO - Searching for files in /opt/airflow/dags
[2026-02-15T16:06:24.293+0000] {manager.py:741} INFO - There are 2 files in /opt/airflow/dags
[2026-02-15T16:06:29.365+0000] {manager.py:879} INFO - 
================================================================================
DAG File Processing Stats

File Path                           PID    Runtime      # DAGs    # Errors  Last Runtime    Last Run
----------------------------------  -----  ---------  --------  ----------  --------------  -------------------
/opt/airflow/dags/sec_edgar_dag.py                           1           0  0.54s           2026-02-15T16:06:05
/opt/airflow/dags/test_dag.py                                1           0  0.22s           2026-02-15T16:06:02
================================================================================
[2026-02-15T16:06:59.853+0000] {manager.py:879} INFO - 
================================================================================
DAG File Processing Stats

File Path                           PID    Runtime      # DAGs    # Errors  Last Runtime    Last Run
----------------------------------  -----  ---------  --------  ----------  --------------  -------------------
/opt/airflow/dags/sec_edgar_dag.py                           1           0  0.57s           2026-02-15T16:06:37
/opt/airflow/dags/test_dag.py                                1           0  0.22s           2026-02-15T16:06:32
================================================================================
[2026-02-15T16:07:29.918+0000] {manager.py:879} INFO - 
================================================================================
DAG File Processing Stats

File Path                           PID    Runtime      # DAGs    # Errors  Last Runtime    Last Run
----------------------------------  -----  ---------  --------  ----------  --------------  -------------------
/opt/airflow/dags/sec_edgar_dag.py                           1           0  0.55s           2026-02-15T16:07:07
/opt/airflow/dags/test_dag.py                                1           0  0.21s           2026-02-15T16:07:03
================================================================================
[2026-02-15T16:07:59.942+0000] {manager.py:879} INFO - 
================================================================================
DAG File Processing Stats

File Path                           PID    Runtime      # DAGs    # Errors  Last Runtime    Last Run
----------------------------------  -----  ---------  --------  ----------  --------------  -------------------
/opt/airflow/dags/sec_edgar_dag.py                           1           0  0.59s           2026-02-15T16:07:38
/opt/airflow/dags/test_dag.py                                1           0  0.25s           2026-02-15T16:07:33
================================================================================
[2026-02-15T16:08:30.497+0000] {manager.py:879} INFO - 
================================================================================
DAG File Processing Stats

File Path                           PID    Runtime      # DAGs    # Errors  Last Runtime    Last Run
----------------------------------  -----  ---------  --------  ----------  --------------  -------------------
/opt/airflow/dags/sec_edgar_dag.py                           1           0  0.53s           2026-02-15T16:08:09
/opt/airflow/dags/test_dag.py                                1           0  0.28s           2026-02-15T16:08:04
================================================================================
[2026-02-15T16:09:00.984+0000] {manager.py:879} INFO - 
================================================================================
DAG File Processing Stats

File Path                           PID    Runtime      # DAGs    # Errors  Last Runtime    Last Run
----------------------------------  -----  ---------  --------  ----------  --------------  -------------------
/opt/airflow/dags/sec_edgar_dag.py                           1           0  0.53s           2026-02-15T16:08:40
/opt/airflow/dags/test_dag.py                                1           0  0.20s           2026-02-15T16:08:34
================================================================================
[2026-02-15T16:09:31.027+0000] {manager.py:879} INFO - 
================================================================================
DAG File Processing Stats

File Path                           PID    Runtime      # DAGs    # Errors  Last Runtime    Last Run
----------------------------------  -----  ---------  --------  ----------  --------------  -------------------
/opt/airflow/dags/sec_edgar_dag.py                           1           0  0.54s           2026-02-15T16:09:10
/opt/airflow/dags/test_dag.py                                1           0  0.21s           2026-02-15T16:09:05
================================================================================
[2026-02-15T16:10:01.059+0000] {manager.py:879} INFO - 
================================================================================
DAG File Processing Stats

File Path                           PID    Runtime      # DAGs    # Errors  Last Runtime    Last Run
----------------------------------  -----  ---------  --------  ----------  --------------  -------------------
/opt/airflow/dags/sec_edgar_dag.py                           1           0  0.57s           2026-02-15T16:09:41
/opt/airflow/dags/test_dag.py                                1           0  0.26s           2026-02-15T16:09:35
================================================================================
[2026-02-15T16:10:31.573+0000] {manager.py:879} INFO - 
================================================================================
DAG File Processing Stats

File Path                           PID    Runtime      # DAGs    # Errors  Last Runtime    Last Run
----------------------------------  -----  ---------  --------  ----------  --------------  -------------------
/opt/airflow/dags/sec_edgar_dag.py                           1           0  0.52s           2026-02-15T16:10:12
/opt/airflow/dags/test_dag.py                                1           0  0.24s           2026-02-15T16:10:06
================================================================================
[2026-02-15T16:11:01.614+0000] {manager.py:879} INFO - 
================================================================================
DAG File Processing Stats

File Path                           PID    Runtime      # DAGs    # Errors  Last Runtime    Last Run
----------------------------------  -----  ---------  --------  ----------  --------------  -------------------
/opt/airflow/dags/sec_edgar_dag.py                           1           0  0.54s           2026-02-15T16:10:43
/opt/airflow/dags/test_dag.py                                1           0  0.17s           2026-02-15T16:10:36
================================================================================
[2026-02-15T16:11:25.576+0000] {manager.py:738} INFO - Searching for files in /opt/airflow/dags
[2026-02-15T16:11:25.693+0000] {manager.py:741} INFO - There are 2 files in /opt/airflow/dags
[2026-02-15T16:11:31.775+0000] {manager.py:879} INFO - 
================================================================================
DAG File Processing Stats

File Path                           PID    Runtime      # DAGs    # Errors  Last Runtime    Last Run
----------------------------------  -----  ---------  --------  ----------  --------------  -------------------
/opt/airflow/dags/sec_edgar_dag.py                           1           0  0.57s           2026-02-15T16:11:14
/opt/airflow/dags/test_dag.py                                1           0  0.25s           2026-02-15T16:11:07
================================================================================
[2026-02-15T16:12:02.317+0000] {manager.py:879} INFO - 
================================================================================
DAG File Processing Stats

File Path                           PID    Runtime      # DAGs    # Errors  Last Runtime    Last Run
----------------------------------  -----  ---------  --------  ----------  --------------  -------------------
/opt/airflow/dags/sec_edgar_dag.py                           1           0  0.53s           2026-02-15T16:11:45
/opt/airflow/dags/test_dag.py                                1           0  0.25s           2026-02-15T16:11:38
================================================================================
[2026-02-15T16:12:32.400+0000] {manager.py:879} INFO - 
================================================================================
DAG File Processing Stats

File Path                           PID    Runtime      # DAGs    # Errors  Last Runtime    Last Run
----------------------------------  -----  ---------  --------  ----------  --------------  -------------------
/opt/airflow/dags/sec_edgar_dag.py                           1           0  0.53s           2026-02-15T16:12:16
/opt/airflow/dags/test_dag.py                                1           0  0.26s           2026-02-15T16:12:08
================================================================================
[2026-02-15T16:13:02.726+0000] {manager.py:879} INFO - 
================================================================================
DAG File Processing Stats

File Path                           PID    Runtime      # DAGs    # Errors  Last Runtime    Last Run
----------------------------------  -----  ---------  --------  ----------  --------------  -------------------
/opt/airflow/dags/sec_edgar_dag.py                           1           0  0.56s           2026-02-15T16:12:47
/opt/airflow/dags/test_dag.py                                1           0  0.27s           2026-02-15T16:12:39
================================================================================
[2026-02-15T16:13:32.907+0000] {manager.py:879} INFO - 
================================================================================
DAG File Processing Stats

File Path                           PID    Runtime      # DAGs    # Errors  Last Runtime    Last Run
----------------------------------  -----  ---------  --------  ----------  --------------  -------------------
/opt/airflow/dags/sec_edgar_dag.py                           1           0  0.52s           2026-02-15T16:13:18
/opt/airflow/dags/test_dag.py                                1           0  0.22s           2026-02-15T16:13:09
================================================================================
[2026-02-15T16:14:03.372+0000] {manager.py:879} INFO - 
================================================================================
DAG File Processing Stats

File Path                           PID    Runtime      # DAGs    # Errors  Last Runtime    Last Run
----------------------------------  -----  ---------  --------  ----------  --------------  -------------------
/opt/airflow/dags/sec_edgar_dag.py                           1           0  0.47s           2026-02-15T16:13:49
/opt/airflow/dags/test_dag.py                                1           0  0.21s           2026-02-15T16:13:40
================================================================================
[2026-02-15T16:14:33.467+0000] {manager.py:879} INFO - 
================================================================================
DAG File Processing Stats

File Path                           PID    Runtime      # DAGs    # Errors  Last Runtime    Last Run
----------------------------------  -----  ---------  --------  ----------  --------------  -------------------
/opt/airflow/dags/sec_edgar_dag.py                           1           0  0.57s           2026-02-15T16:14:20
/opt/airflow/dags/test_dag.py                                1           0  0.23s           2026-02-15T16:14:10
================================================================================
[2026-02-15T16:15:03.648+0000] {manager.py:879} INFO - 
================================================================================
DAG File Processing Stats

File Path                           PID    Runtime      # DAGs    # Errors  Last Runtime    Last Run
----------------------------------  -----  ---------  --------  ----------  --------------  -------------------
/opt/airflow/dags/sec_edgar_dag.py                           1           0  0.50s           2026-02-15T16:14:51
/opt/airflow/dags/test_dag.py                                1           0  0.18s           2026-02-15T16:14:41
================================================================================
[2026-02-15T16:15:33.866+0000] {manager.py:879} INFO - 
================================================================================
DAG File Processing Stats

File Path                           PID    Runtime      # DAGs    # Errors  Last Runtime    Last Run
----------------------------------  -----  ---------  --------  ----------  --------------  -------------------
/opt/airflow/dags/sec_edgar_dag.py                           1           0  0.54s           2026-02-15T16:15:22
/opt/airflow/dags/test_dag.py                                1           0  0.25s           2026-02-15T16:15:11
================================================================================
[2026-02-15T16:16:04.307+0000] {manager.py:879} INFO - 
================================================================================
DAG File Processing Stats

File Path                           PID    Runtime      # DAGs    # Errors  Last Runtime    Last Run
----------------------------------  -----  ---------  --------  ----------  --------------  -------------------
/opt/airflow/dags/sec_edgar_dag.py                           1           0  0.46s           2026-02-15T16:15:53
/opt/airflow/dags/test_dag.py                                1           0  0.19s           2026-02-15T16:15:42
================================================================================
[2026-02-15T16:16:25.749+0000] {manager.py:738} INFO - Searching for files in /opt/airflow/dags
[2026-02-15T16:16:27.557+0000] {manager.py:741} INFO - There are 2 files in /opt/airflow/dags
[2026-02-15T16:16:34.635+0000] {manager.py:879} INFO - 
================================================================================
DAG File Processing Stats

File Path                           PID    Runtime      # DAGs    # Errors  Last Runtime    Last Run
----------------------------------  -----  ---------  --------  ----------  --------------  -------------------
/opt/airflow/dags/sec_edgar_dag.py                           1           0  0.46s           2026-02-15T16:16:24
/opt/airflow/dags/test_dag.py                                1           0  0.23s           2026-02-15T16:16:12
================================================================================
[2026-02-15T16:17:05.105+0000] {manager.py:879} INFO - 
================================================================================
DAG File Processing Stats

File Path                           PID    Runtime      # DAGs    # Errors  Last Runtime    Last Run
----------------------------------  -----  ---------  --------  ----------  --------------  -------------------
/opt/airflow/dags/sec_edgar_dag.py                           1           0  0.55s           2026-02-15T16:16:55
/opt/airflow/dags/test_dag.py                                1           0  0.23s           2026-02-15T16:16:42
================================================================================
[2026-02-15T16:17:35.134+0000] {manager.py:879} INFO - 
================================================================================
DAG File Processing Stats

File Path                           PID    Runtime      # DAGs    # Errors  Last Runtime    Last Run
----------------------------------  -----  ---------  --------  ----------  --------------  -------------------
/opt/airflow/dags/sec_edgar_dag.py                           1           0  0.53s           2026-02-15T16:17:26
/opt/airflow/dags/test_dag.py                                1           0  0.23s           2026-02-15T16:17:13
================================================================================
[2026-02-15T16:18:05.446+0000] {manager.py:879} INFO - 
================================================================================
DAG File Processing Stats

File Path                           PID    Runtime      # DAGs    # Errors  Last Runtime    Last Run
----------------------------------  -----  ---------  --------  ----------  --------------  -------------------
/opt/airflow/dags/sec_edgar_dag.py                           1           0  0.57s           2026-02-15T16:17:57
/opt/airflow/dags/test_dag.py                                1           0  0.20s           2026-02-15T16:17:43
================================================================================
[2026-02-15T16:18:35.495+0000] {manager.py:879} INFO - 
================================================================================
DAG File Processing Stats

File Path                           PID    Runtime      # DAGs    # Errors  Last Runtime    Last Run
----------------------------------  -----  ---------  --------  ----------  --------------  -------------------
/opt/airflow/dags/sec_edgar_dag.py                           1           0  0.57s           2026-02-15T16:18:27
/opt/airflow/dags/test_dag.py                                1           0  0.20s           2026-02-15T16:18:14
================================================================================
[2026-02-15T16:19:05.884+0000] {manager.py:879} INFO - 
================================================================================
DAG File Processing Stats

File Path                           PID    Runtime      # DAGs    # Errors  Last Runtime    Last Run
----------------------------------  -----  ---------  --------  ----------  --------------  -------------------
/opt/airflow/dags/sec_edgar_dag.py                           1           0  0.51s           2026-02-15T16:18:59
/opt/airflow/dags/test_dag.py                                1           0  0.16s           2026-02-15T16:18:44
================================================================================
[2026-02-15T16:19:36.395+0000] {manager.py:879} INFO - 
================================================================================
DAG File Processing Stats

File Path                           PID    Runtime      # DAGs    # Errors  Last Runtime    Last Run
----------------------------------  -----  ---------  --------  ----------  --------------  -------------------
/opt/airflow/dags/sec_edgar_dag.py                           1           0  0.49s           2026-02-15T16:19:29
/opt/airflow/dags/test_dag.py                                1           0  0.21s           2026-02-15T16:19:15
================================================================================
[2026-02-15T16:20:06.486+0000] {manager.py:879} INFO - 
================================================================================
DAG File Processing Stats

File Path                           PID    Runtime      # DAGs    # Errors  Last Runtime    Last Run
----------------------------------  -----  ---------  --------  ----------  --------------  -------------------
/opt/airflow/dags/sec_edgar_dag.py                           1           0  0.56s           2026-02-15T16:20:00
/opt/airflow/dags/test_dag.py                                1           0  0.24s           2026-02-15T16:19:45
================================================================================
[2026-02-15T16:20:36.762+0000] {manager.py:879} INFO - 
================================================================================
DAG File Processing Stats

File Path                           PID    Runtime      # DAGs    # Errors  Last Runtime    Last Run
----------------------------------  -----  ---------  --------  ----------  --------------  -------------------
/opt/airflow/dags/sec_edgar_dag.py                           1           0  0.52s           2026-02-15T16:20:31
/opt/airflow/dags/test_dag.py                                1           0  0.16s           2026-02-15T16:20:16
================================================================================
[2026-02-15T16:21:06.886+0000] {manager.py:879} INFO - 
================================================================================
DAG File Processing Stats

File Path                           PID    Runtime      # DAGs    # Errors  Last Runtime    Last Run
----------------------------------  -----  ---------  --------  ----------  --------------  -------------------
/opt/airflow/dags/sec_edgar_dag.py                           1           0  0.55s           2026-02-15T16:21:02
/opt/airflow/dags/test_dag.py                                1           0  0.25s           2026-02-15T16:20:46
================================================================================
[2026-02-15T16:21:26.044+0000] {manager.py:738} INFO - Searching for files in /opt/airflow/dags
[2026-02-15T16:21:26.107+0000] {manager.py:741} INFO - There are 2 files in /opt/airflow/dags
[2026-02-15T16:21:36.988+0000] {manager.py:879} INFO - 
================================================================================
DAG File Processing Stats

File Path                           PID    Runtime      # DAGs    # Errors  Last Runtime    Last Run
----------------------------------  -----  ---------  --------  ----------  --------------  -------------------
/opt/airflow/dags/sec_edgar_dag.py                           1           0  0.54s           2026-02-15T16:21:32
/opt/airflow/dags/test_dag.py                                1           0  0.21s           2026-02-15T16:21:17
================================================================================
[2026-02-15T16:22:07.026+0000] {manager.py:879} INFO - 
================================================================================
DAG File Processing Stats

File Path                           PID    Runtime      # DAGs    # Errors  Last Runtime    Last Run
----------------------------------  -----  ---------  --------  ----------  --------------  -------------------
/opt/airflow/dags/sec_edgar_dag.py                           1           0  0.51s           2026-02-15T16:22:03
/opt/airflow/dags/test_dag.py                                1           0  0.26s           2026-02-15T16:21:47
================================================================================
[2026-02-15T16:22:37.159+0000] {manager.py:879} INFO - 
================================================================================
DAG File Processing Stats

File Path                           PID    Runtime      # DAGs    # Errors  Last Runtime    Last Run
----------------------------------  -----  ---------  --------  ----------  --------------  -------------------
/opt/airflow/dags/sec_edgar_dag.py                           1           0  0.58s           2026-02-15T16:22:34
/opt/airflow/dags/test_dag.py                                1           0  0.25s           2026-02-15T16:22:18
================================================================================
[2026-02-15T16:23:07.366+0000] {manager.py:879} INFO - 
================================================================================
DAG File Processing Stats

File Path                           PID    Runtime      # DAGs    # Errors  Last Runtime    Last Run
----------------------------------  -----  ---------  --------  ----------  --------------  -------------------
/opt/airflow/dags/sec_edgar_dag.py                           1           0  0.50s           2026-02-15T16:23:05
/opt/airflow/dags/test_dag.py                                1           0  0.23s           2026-02-15T16:22:48
================================================================================
[2026-02-15T16:23:37.551+0000] {manager.py:879} INFO - 
================================================================================
DAG File Processing Stats

File Path                           PID    Runtime      # DAGs    # Errors  Last Runtime    Last Run
----------------------------------  -----  ---------  --------  ----------  --------------  -------------------
/opt/airflow/dags/sec_edgar_dag.py                           1           0  0.52s           2026-02-15T16:23:36
/opt/airflow/dags/test_dag.py                                1           0  0.23s           2026-02-15T16:23:19
================================================================================
[2026-02-15T16:24:08.057+0000] {manager.py:879} INFO - 
================================================================================
DAG File Processing Stats

File Path                           PID    Runtime      # DAGs    # Errors  Last Runtime    Last Run
----------------------------------  -----  ---------  --------  ----------  --------------  -------------------
/opt/airflow/dags/sec_edgar_dag.py                           1           0  0.47s           2026-02-15T16:24:07
/opt/airflow/dags/test_dag.py                                1           0  0.26s           2026-02-15T16:23:49
================================================================================
[2026-02-15T16:24:38.538+0000] {manager.py:879} INFO - 
================================================================================
DAG File Processing Stats

File Path                           PID    Runtime      # DAGs    # Errors  Last Runtime    Last Run
----------------------------------  -----  ---------  --------  ----------  --------------  -------------------
/opt/airflow/dags/sec_edgar_dag.py                           1           0  0.52s           2026-02-15T16:24:37
/opt/airflow/dags/test_dag.py                                1           0  0.22s           2026-02-15T16:24:20
================================================================================
[2026-02-15T16:25:08.554+0000] {manager.py:879} INFO - 
================================================================================
DAG File Processing Stats

File Path                           PID    Runtime      # DAGs    # Errors  Last Runtime    Last Run
----------------------------------  -----  ---------  --------  ----------  --------------  -------------------
/opt/airflow/dags/sec_edgar_dag.py                           1           0  0.51s           2026-02-15T16:25:08
/opt/airflow/dags/test_dag.py                                1           0  0.25s           2026-02-15T16:24:50
================================================================================
[2026-02-15T16:25:39.342+0000] {manager.py:879} INFO - 
================================================================================
DAG File Processing Stats

File Path                             PID  Runtime      # DAGs    # Errors  Last Runtime    Last Run
----------------------------------  -----  ---------  --------  ----------  --------------  -------------------
/opt/airflow/dags/sec_edgar_dag.py   6957  0.01s             1           0  0.51s           2026-02-15T16:25:08
/opt/airflow/dags/test_dag.py                                1           0  0.24s           2026-02-15T16:25:21
================================================================================
[2026-02-15T16:26:09.785+0000] {manager.py:879} INFO - 
================================================================================
DAG File Processing Stats

File Path                           PID    Runtime      # DAGs    # Errors  Last Runtime    Last Run
----------------------------------  -----  ---------  --------  ----------  --------------  -------------------
/opt/airflow/dags/sec_edgar_dag.py                           1           0  0.52s           2026-02-15T16:25:39
/opt/airflow/dags/test_dag.py                                1           0  0.21s           2026-02-15T16:25:51
================================================================================
[2026-02-15T16:26:26.163+0000] {manager.py:738} INFO - Searching for files in /opt/airflow/dags
[2026-02-15T16:26:26.235+0000] {manager.py:741} INFO - There are 2 files in /opt/airflow/dags
[2026-02-15T16:26:39.801+0000] {manager.py:879} INFO - 
================================================================================
DAG File Processing Stats

File Path                           PID    Runtime      # DAGs    # Errors  Last Runtime    Last Run
----------------------------------  -----  ---------  --------  ----------  --------------  -------------------
/opt/airflow/dags/sec_edgar_dag.py                           1           0  0.53s           2026-02-15T16:26:10
/opt/airflow/dags/test_dag.py                                1           0  0.17s           2026-02-15T16:26:22
================================================================================
[2026-02-15T16:27:10.567+0000] {manager.py:879} INFO - 
================================================================================
DAG File Processing Stats

File Path                           PID    Runtime      # DAGs    # Errors  Last Runtime    Last Run
----------------------------------  -----  ---------  --------  ----------  --------------  -------------------
/opt/airflow/dags/sec_edgar_dag.py                           1           0  0.47s           2026-02-15T16:26:41
/opt/airflow/dags/test_dag.py                                1           0  0.22s           2026-02-15T16:26:52
================================================================================
[2026-02-15T16:27:41.060+0000] {manager.py:879} INFO - 
================================================================================
DAG File Processing Stats

File Path                           PID    Runtime      # DAGs    # Errors  Last Runtime    Last Run
----------------------------------  -----  ---------  --------  ----------  --------------  -------------------
/opt/airflow/dags/sec_edgar_dag.py                           1           0  0.53s           2026-02-15T16:27:12
/opt/airflow/dags/test_dag.py                                1           0  0.21s           2026-02-15T16:27:23
================================================================================
[2026-02-15T16:28:11.514+0000] {manager.py:879} INFO - 
================================================================================
DAG File Processing Stats

File Path                           PID    Runtime      # DAGs    # Errors  Last Runtime    Last Run
----------------------------------  -----  ---------  --------  ----------  --------------  -------------------
/opt/airflow/dags/sec_edgar_dag.py                           1           0  0.53s           2026-02-15T16:27:42
/opt/airflow/dags/test_dag.py                                1           0  0.17s           2026-02-15T16:27:53
================================================================================
[2026-02-15T16:28:41.954+0000] {manager.py:879} INFO - 
================================================================================
DAG File Processing Stats

File Path                           PID    Runtime      # DAGs    # Errors  Last Runtime    Last Run
----------------------------------  -----  ---------  --------  ----------  --------------  -------------------
/opt/airflow/dags/sec_edgar_dag.py                           1           0  0.54s           2026-02-15T16:28:14
/opt/airflow/dags/test_dag.py                                1           0  0.21s           2026-02-15T16:28:23
================================================================================
[2026-02-15T16:29:12.459+0000] {manager.py:879} INFO - 
================================================================================
DAG File Processing Stats

File Path                           PID    Runtime      # DAGs    # Errors  Last Runtime    Last Run
----------------------------------  -----  ---------  --------  ----------  --------------  -------------------
/opt/airflow/dags/sec_edgar_dag.py                           1           0  0.55s           2026-02-15T16:28:44
/opt/airflow/dags/test_dag.py                                1           0  0.23s           2026-02-15T16:28:54
================================================================================
[2026-02-15T16:29:42.951+0000] {manager.py:879} INFO - 
================================================================================
DAG File Processing Stats

File Path                           PID    Runtime      # DAGs    # Errors  Last Runtime    Last Run
----------------------------------  -----  ---------  --------  ----------  --------------  -------------------
/opt/airflow/dags/sec_edgar_dag.py                           1           0  0.53s           2026-02-15T16:29:16
/opt/airflow/dags/test_dag.py                                1           0  0.22s           2026-02-15T16:29:25
================================================================================
[2026-02-15T16:30:13.416+0000] {manager.py:879} INFO - 
================================================================================
DAG File Processing Stats

File Path                           PID    Runtime      # DAGs    # Errors  Last Runtime    Last Run
----------------------------------  -----  ---------  --------  ----------  --------------  -------------------
/opt/airflow/dags/sec_edgar_dag.py                           1           0  0.50s           2026-02-15T16:29:46
/opt/airflow/dags/test_dag.py                                1           0  0.22s           2026-02-15T16:29:55
================================================================================
[2026-02-15T16:30:43.852+0000] {manager.py:879} INFO - 
================================================================================
DAG File Processing Stats

File Path                           PID    Runtime      # DAGs    # Errors  Last Runtime    Last Run
----------------------------------  -----  ---------  --------  ----------  --------------  -------------------
/opt/airflow/dags/sec_edgar_dag.py                           1           0  0.53s           2026-02-15T16:30:17
/opt/airflow/dags/test_dag.py                                1           0  0.19s           2026-02-15T16:30:25
================================================================================
[2026-02-15T16:31:14.297+0000] {manager.py:879} INFO - 
================================================================================
DAG File Processing Stats

File Path                           PID    Runtime      # DAGs    # Errors  Last Runtime    Last Run
----------------------------------  -----  ---------  --------  ----------  --------------  -------------------
/opt/airflow/dags/sec_edgar_dag.py                           1           0  0.50s           2026-02-15T16:30:48
/opt/airflow/dags/test_dag.py                                1           0  0.20s           2026-02-15T16:30:56
================================================================================
[2026-02-15T16:31:26.575+0000] {manager.py:738} INFO - Searching for files in /opt/airflow/dags
[2026-02-15T16:31:26.638+0000] {manager.py:741} INFO - There are 2 files in /opt/airflow/dags
[2026-02-15T16:31:44.695+0000] {manager.py:879} INFO - 
================================================================================
DAG File Processing Stats

File Path                           PID    Runtime      # DAGs    # Errors  Last Runtime    Last Run
----------------------------------  -----  ---------  --------  ----------  --------------  -------------------
/opt/airflow/dags/sec_edgar_dag.py                           1           0  0.58s           2026-02-15T16:31:19
/opt/airflow/dags/test_dag.py                                1           0  0.18s           2026-02-15T16:31:26
================================================================================
[2026-02-15T16:32:14.782+0000] {manager.py:879} INFO - 
================================================================================
DAG File Processing Stats

File Path                           PID    Runtime      # DAGs    # Errors  Last Runtime    Last Run
----------------------------------  -----  ---------  --------  ----------  --------------  -------------------
/opt/airflow/dags/sec_edgar_dag.py                           1           0  0.56s           2026-02-15T16:31:51
/opt/airflow/dags/test_dag.py                                1           0  0.24s           2026-02-15T16:31:57
================================================================================
[2026-02-15T16:32:45.070+0000] {manager.py:879} INFO - 
================================================================================
DAG File Processing Stats

File Path                           PID    Runtime      # DAGs    # Errors  Last Runtime    Last Run
----------------------------------  -----  ---------  --------  ----------  --------------  -------------------
/opt/airflow/dags/sec_edgar_dag.py                           1           0  0.54s           2026-02-15T16:32:22
/opt/airflow/dags/test_dag.py                                1           0  0.19s           2026-02-15T16:32:28
================================================================================
[2026-02-15T16:33:15.519+0000] {manager.py:879} INFO - 
================================================================================
DAG File Processing Stats

File Path                           PID    Runtime      # DAGs    # Errors  Last Runtime    Last Run
----------------------------------  -----  ---------  --------  ----------  --------------  -------------------
/opt/airflow/dags/sec_edgar_dag.py                           1           0  0.60s           2026-02-15T16:32:52
/opt/airflow/dags/test_dag.py                                1           0  0.21s           2026-02-15T16:32:58
================================================================================
[2026-02-15T16:33:45.983+0000] {manager.py:879} INFO - 
================================================================================
DAG File Processing Stats

File Path                           PID    Runtime      # DAGs    # Errors  Last Runtime    Last Run
----------------------------------  -----  ---------  --------  ----------  --------------  -------------------
/opt/airflow/dags/sec_edgar_dag.py                           1           0  0.46s           2026-02-15T16:33:24
/opt/airflow/dags/test_dag.py                                1           0  0.23s           2026-02-15T16:33:29
================================================================================
[2026-02-15T16:34:16.496+0000] {manager.py:879} INFO - 
================================================================================
DAG File Processing Stats

File Path                           PID    Runtime      # DAGs    # Errors  Last Runtime    Last Run
----------------------------------  -----  ---------  --------  ----------  --------------  -------------------
/opt/airflow/dags/sec_edgar_dag.py                           1           0  0.52s           2026-02-15T16:33:54
/opt/airflow/dags/test_dag.py                                1           0  0.20s           2026-02-15T16:33:59
================================================================================
[2026-02-15T16:34:46.929+0000] {manager.py:879} INFO - 
================================================================================
DAG File Processing Stats

File Path                           PID    Runtime      # DAGs    # Errors  Last Runtime    Last Run
----------------------------------  -----  ---------  --------  ----------  --------------  -------------------
/opt/airflow/dags/sec_edgar_dag.py                           1           0  0.48s           2026-02-15T16:34:26
/opt/airflow/dags/test_dag.py                                1           0  0.20s           2026-02-15T16:34:29
================================================================================
[2026-02-15T16:35:17.414+0000] {manager.py:879} INFO - 
================================================================================
DAG File Processing Stats

File Path                           PID    Runtime      # DAGs    # Errors  Last Runtime    Last Run
----------------------------------  -----  ---------  --------  ----------  --------------  -------------------
/opt/airflow/dags/sec_edgar_dag.py                           1           0  0.57s           2026-02-15T16:34:56
/opt/airflow/dags/test_dag.py                                1           0  0.22s           2026-02-15T16:35:00
================================================================================
[2026-02-15T16:35:47.876+0000] {manager.py:879} INFO - 
================================================================================
DAG File Processing Stats

File Path                           PID    Runtime      # DAGs    # Errors  Last Runtime    Last Run
----------------------------------  -----  ---------  --------  ----------  --------------  -------------------
/opt/airflow/dags/sec_edgar_dag.py                           1           0  0.55s           2026-02-15T16:35:28
/opt/airflow/dags/test_dag.py                                1           0  0.25s           2026-02-15T16:35:30
================================================================================
[2026-02-15T16:36:18.401+0000] {manager.py:879} INFO - 
================================================================================
DAG File Processing Stats

File Path                           PID    Runtime      # DAGs    # Errors  Last Runtime    Last Run
----------------------------------  -----  ---------  --------  ----------  --------------  -------------------
/opt/airflow/dags/sec_edgar_dag.py                           1           0  0.46s           2026-02-15T16:35:58
/opt/airflow/dags/test_dag.py                                1           0  0.26s           2026-02-15T16:36:01
================================================================================
[2026-02-15T16:36:26.697+0000] {manager.py:738} INFO - Searching for files in /opt/airflow/dags
[2026-02-15T16:36:26.758+0000] {manager.py:741} INFO - There are 2 files in /opt/airflow/dags
[2026-02-15T16:36:48.559+0000] {manager.py:879} INFO - 
================================================================================
DAG File Processing Stats

File Path                           PID    Runtime      # DAGs    # Errors  Last Runtime    Last Run
----------------------------------  -----  ---------  --------  ----------  --------------  -------------------
/opt/airflow/dags/sec_edgar_dag.py                           1           0  0.61s           2026-02-15T16:36:29
/opt/airflow/dags/test_dag.py                                1           0  0.17s           2026-02-15T16:36:32
================================================================================
[2026-02-15T16:37:19.329+0000] {manager.py:879} INFO - 
================================================================================
DAG File Processing Stats

File Path                           PID    Runtime      # DAGs    # Errors  Last Runtime    Last Run
----------------------------------  -----  ---------  --------  ----------  --------------  -------------------
/opt/airflow/dags/sec_edgar_dag.py                           1           0  0.46s           2026-02-15T16:37:00
/opt/airflow/dags/test_dag.py                                1           0  0.25s           2026-02-15T16:37:02
================================================================================
[2026-02-15T16:37:49.805+0000] {manager.py:879} INFO - 
================================================================================
DAG File Processing Stats

File Path                           PID    Runtime      # DAGs    # Errors  Last Runtime    Last Run
----------------------------------  -----  ---------  --------  ----------  --------------  -------------------
/opt/airflow/dags/sec_edgar_dag.py                           1           0  0.51s           2026-02-15T16:37:30
/opt/airflow/dags/test_dag.py                                1           0  0.22s           2026-02-15T16:37:32
================================================================================
[2026-02-15T16:38:20.286+0000] {manager.py:879} INFO - 
================================================================================
DAG File Processing Stats

File Path                           PID    Runtime      # DAGs    # Errors  Last Runtime    Last Run
----------------------------------  -----  ---------  --------  ----------  --------------  -------------------
/opt/airflow/dags/sec_edgar_dag.py                           1           0  0.48s           2026-02-15T16:38:01
/opt/airflow/dags/test_dag.py                                1           0  0.23s           2026-02-15T16:38:03
================================================================================
[2026-02-15T16:38:50.750+0000] {manager.py:879} INFO - 
================================================================================
DAG File Processing Stats

File Path                           PID    Runtime      # DAGs    # Errors  Last Runtime    Last Run
----------------------------------  -----  ---------  --------  ----------  --------------  -------------------
/opt/airflow/dags/sec_edgar_dag.py                           1           0  0.50s           2026-02-15T16:38:32
/opt/airflow/dags/test_dag.py                                1           0  0.21s           2026-02-15T16:38:33
================================================================================
[2026-02-15T16:39:21.236+0000] {manager.py:879} INFO - 
================================================================================
DAG File Processing Stats

File Path                           PID    Runtime      # DAGs    # Errors  Last Runtime    Last Run
----------------------------------  -----  ---------  --------  ----------  --------------  -------------------
/opt/airflow/dags/sec_edgar_dag.py                           1           0  0.53s           2026-02-15T16:39:03
/opt/airflow/dags/test_dag.py                                1           0  0.21s           2026-02-15T16:39:04
================================================================================
[2026-02-15T16:39:51.757+0000] {manager.py:879} INFO - 
================================================================================
DAG File Processing Stats

File Path                           PID    Runtime      # DAGs    # Errors  Last Runtime    Last Run
----------------------------------  -----  ---------  --------  ----------  --------------  -------------------
/opt/airflow/dags/sec_edgar_dag.py                           1           0  0.52s           2026-02-15T16:39:34
/opt/airflow/dags/test_dag.py                                1           0  0.21s           2026-02-15T16:39:34
================================================================================
[2026-02-15T16:40:22.236+0000] {manager.py:879} INFO - 
================================================================================
DAG File Processing Stats

File Path                           PID    Runtime      # DAGs    # Errors  Last Runtime    Last Run
----------------------------------  -----  ---------  --------  ----------  --------------  -------------------
/opt/airflow/dags/sec_edgar_dag.py                           1           0  0.52s           2026-02-15T16:40:05
/opt/airflow/dags/test_dag.py                                1           0  0.20s           2026-02-15T16:40:05
================================================================================
[2026-02-15T16:40:52.760+0000] {manager.py:879} INFO - 
================================================================================
DAG File Processing Stats

File Path                           PID    Runtime      # DAGs    # Errors  Last Runtime    Last Run
----------------------------------  -----  ---------  --------  ----------  --------------  -------------------
/opt/airflow/dags/sec_edgar_dag.py                           1           0  0.61s           2026-02-15T16:40:37
/opt/airflow/dags/test_dag.py                                1           0  0.24s           2026-02-15T16:40:35
================================================================================
[2026-02-15T16:41:22.775+0000] {manager.py:879} INFO - 
================================================================================
DAG File Processing Stats

File Path                           PID    Runtime      # DAGs    # Errors  Last Runtime    Last Run
----------------------------------  -----  ---------  --------  ----------  --------------  -------------------
/opt/airflow/dags/sec_edgar_dag.py                           1           0  0.55s           2026-02-15T16:41:07
/opt/airflow/dags/test_dag.py                                1           0  0.19s           2026-02-15T16:41:06
================================================================================
[2026-02-15T16:41:26.802+0000] {manager.py:738} INFO - Searching for files in /opt/airflow/dags
[2026-02-15T16:41:26.860+0000] {manager.py:741} INFO - There are 2 files in /opt/airflow/dags
[2026-02-15T16:41:53.207+0000] {manager.py:879} INFO - 
================================================================================
DAG File Processing Stats

File Path                           PID    Runtime      # DAGs    # Errors  Last Runtime    Last Run
----------------------------------  -----  ---------  --------  ----------  --------------  -------------------
/opt/airflow/dags/sec_edgar_dag.py                           1           0  0.46s           2026-02-15T16:41:38
/opt/airflow/dags/test_dag.py                                1           0  0.21s           2026-02-15T16:41:38
================================================================================
[2026-02-15T16:42:23.708+0000] {manager.py:879} INFO - 
================================================================================
DAG File Processing Stats

File Path                           PID    Runtime      # DAGs    # Errors  Last Runtime    Last Run
----------------------------------  -----  ---------  --------  ----------  --------------  -------------------
/opt/airflow/dags/sec_edgar_dag.py                           1           0  0.53s           2026-02-15T16:42:08
/opt/airflow/dags/test_dag.py                                1           0  0.21s           2026-02-15T16:42:08
================================================================================
[2026-02-15T16:42:53.796+0000] {manager.py:879} INFO - 
================================================================================
DAG File Processing Stats

File Path                           PID    Runtime      # DAGs    # Errors  Last Runtime    Last Run
----------------------------------  -----  ---------  --------  ----------  --------------  -------------------
/opt/airflow/dags/sec_edgar_dag.py                           1           0  0.58s           2026-02-15T16:42:39
/opt/airflow/dags/test_dag.py                                1           0  0.21s           2026-02-15T16:42:39
================================================================================
[2026-02-15T16:43:24.435+0000] {manager.py:879} INFO - 
================================================================================
DAG File Processing Stats

File Path                           PID    Runtime      # DAGs    # Errors  Last Runtime    Last Run
----------------------------------  -----  ---------  --------  ----------  --------------  -------------------
/opt/airflow/dags/sec_edgar_dag.py                           1           0  0.91s           2026-02-15T16:43:11
/opt/airflow/dags/test_dag.py                                1           0  0.20s           2026-02-15T16:43:09
================================================================================
[2026-02-15T16:43:54.935+0000] {manager.py:879} INFO - 
================================================================================
DAG File Processing Stats

File Path                           PID    Runtime      # DAGs    # Errors  Last Runtime    Last Run
----------------------------------  -----  ---------  --------  ----------  --------------  -------------------
/opt/airflow/dags/sec_edgar_dag.py                           1           0  0.54s           2026-02-15T16:43:42
/opt/airflow/dags/test_dag.py                                1           0  0.22s           2026-02-15T16:43:39
================================================================================
[2026-02-15T16:44:25.443+0000] {manager.py:879} INFO - 
================================================================================
DAG File Processing Stats

File Path                           PID    Runtime      # DAGs    # Errors  Last Runtime    Last Run
----------------------------------  -----  ---------  --------  ----------  --------------  -------------------
/opt/airflow/dags/sec_edgar_dag.py                           1           0  0.48s           2026-02-15T16:44:12
/opt/airflow/dags/test_dag.py                                1           0  0.22s           2026-02-15T16:44:10
================================================================================
[2026-02-15T16:44:55.534+0000] {manager.py:879} INFO - 
================================================================================
DAG File Processing Stats

File Path                           PID    Runtime      # DAGs    # Errors  Last Runtime    Last Run
----------------------------------  -----  ---------  --------  ----------  --------------  -------------------
/opt/airflow/dags/sec_edgar_dag.py                           1           0  0.58s           2026-02-15T16:44:43
/opt/airflow/dags/test_dag.py                                1           0  0.23s           2026-02-15T16:44:40
================================================================================
[2026-02-15T16:45:25.704+0000] {manager.py:879} INFO - 
================================================================================
DAG File Processing Stats

File Path                           PID    Runtime      # DAGs    # Errors  Last Runtime    Last Run
----------------------------------  -----  ---------  --------  ----------  --------------  -------------------
/opt/airflow/dags/sec_edgar_dag.py                           1           0  0.47s           2026-02-15T16:45:14
/opt/airflow/dags/test_dag.py                                1           0  0.19s           2026-02-15T16:45:11
================================================================================
[2026-02-15T16:45:55.951+0000] {manager.py:879} INFO - 
================================================================================
DAG File Processing Stats

File Path                           PID    Runtime      # DAGs    # Errors  Last Runtime    Last Run
----------------------------------  -----  ---------  --------  ----------  --------------  -------------------
/opt/airflow/dags/sec_edgar_dag.py                           1           0  0.57s           2026-02-15T16:45:45
/opt/airflow/dags/test_dag.py                                1           0  0.25s           2026-02-15T16:45:41
================================================================================
[2026-02-15T16:46:26.460+0000] {manager.py:879} INFO - 
================================================================================
DAG File Processing Stats

File Path                           PID    Runtime      # DAGs    # Errors  Last Runtime    Last Run
----------------------------------  -----  ---------  --------  ----------  --------------  -------------------
/opt/airflow/dags/sec_edgar_dag.py                           1           0  0.61s           2026-02-15T16:46:16
/opt/airflow/dags/test_dag.py                                1           0  0.23s           2026-02-15T16:46:12
================================================================================
[2026-02-15T16:46:26.856+0000] {manager.py:738} INFO - Searching for files in /opt/airflow/dags
[2026-02-15T16:46:26.936+0000] {manager.py:741} INFO - There are 2 files in /opt/airflow/dags
[2026-02-15T16:46:56.488+0000] {manager.py:879} INFO - 
================================================================================
DAG File Processing Stats

File Path                           PID    Runtime      # DAGs    # Errors  Last Runtime    Last Run
----------------------------------  -----  ---------  --------  ----------  --------------  -------------------
/opt/airflow/dags/sec_edgar_dag.py                           1           0  0.59s           2026-02-15T16:46:47
/opt/airflow/dags/test_dag.py                                1           0  0.21s           2026-02-15T16:46:42
================================================================================
[2026-02-15T16:47:26.611+0000] {manager.py:879} INFO - 
================================================================================
DAG File Processing Stats

File Path                           PID    Runtime      # DAGs    # Errors  Last Runtime    Last Run
----------------------------------  -----  ---------  --------  ----------  --------------  -------------------
/opt/airflow/dags/sec_edgar_dag.py                           1           0  0.61s           2026-02-15T16:47:18
/opt/airflow/dags/test_dag.py                                1           0  0.25s           2026-02-15T16:47:13
================================================================================
[2026-02-15T16:47:57.127+0000] {manager.py:879} INFO - 
================================================================================
DAG File Processing Stats

File Path                           PID    Runtime      # DAGs    # Errors  Last Runtime    Last Run
----------------------------------  -----  ---------  --------  ----------  --------------  -------------------
/opt/airflow/dags/sec_edgar_dag.py                           1           0  0.60s           2026-02-15T16:47:49
/opt/airflow/dags/test_dag.py                                1           0  0.24s           2026-02-15T16:47:44
================================================================================
[2026-02-15T16:48:27.207+0000] {manager.py:879} INFO - 
================================================================================
DAG File Processing Stats

File Path                           PID    Runtime      # DAGs    # Errors  Last Runtime    Last Run
----------------------------------  -----  ---------  --------  ----------  --------------  -------------------
/opt/airflow/dags/sec_edgar_dag.py                           1           0  0.58s           2026-02-15T16:48:20
/opt/airflow/dags/test_dag.py                                1           0  0.21s           2026-02-15T16:48:14
================================================================================
[2026-02-15T16:48:57.432+0000] {manager.py:879} INFO - 
================================================================================
DAG File Processing Stats

File Path                           PID    Runtime      # DAGs    # Errors  Last Runtime    Last Run
----------------------------------  -----  ---------  --------  ----------  --------------  -------------------
/opt/airflow/dags/sec_edgar_dag.py                           1           0  0.51s           2026-02-15T16:48:51
/opt/airflow/dags/test_dag.py                                1           0  0.22s           2026-02-15T16:48:44
================================================================================
[2026-02-15T16:49:27.615+0000] {manager.py:879} INFO - 
================================================================================
DAG File Processing Stats

File Path                           PID    Runtime      # DAGs    # Errors  Last Runtime    Last Run
----------------------------------  -----  ---------  --------  ----------  --------------  -------------------
/opt/airflow/dags/sec_edgar_dag.py                           1           0  0.65s           2026-02-15T16:49:22
/opt/airflow/dags/test_dag.py                                1           0  0.23s           2026-02-15T16:49:15
================================================================================
[2026-02-15T16:49:58.086+0000] {manager.py:879} INFO - 
================================================================================
DAG File Processing Stats

File Path                           PID    Runtime      # DAGs    # Errors  Last Runtime    Last Run
----------------------------------  -----  ---------  --------  ----------  --------------  -------------------
/opt/airflow/dags/sec_edgar_dag.py                           1           0  0.47s           2026-02-15T16:49:53
/opt/airflow/dags/test_dag.py                                1           0  0.22s           2026-02-15T16:49:45
================================================================================
[2026-02-15T16:50:28.573+0000] {manager.py:879} INFO - 
================================================================================
DAG File Processing Stats

File Path                           PID    Runtime      # DAGs    # Errors  Last Runtime    Last Run
----------------------------------  -----  ---------  --------  ----------  --------------  -------------------
/opt/airflow/dags/sec_edgar_dag.py                           1           0  0.58s           2026-02-15T16:50:23
/opt/airflow/dags/test_dag.py                                1           0  0.21s           2026-02-15T16:50:16
================================================================================
[2026-02-15T16:50:58.618+0000] {manager.py:879} INFO - 
================================================================================
DAG File Processing Stats

File Path                           PID    Runtime      # DAGs    # Errors  Last Runtime    Last Run
----------------------------------  -----  ---------  --------  ----------  --------------  -------------------
/opt/airflow/dags/sec_edgar_dag.py                           1           0  0.53s           2026-02-15T16:50:54
/opt/airflow/dags/test_dag.py                                1           0  0.23s           2026-02-15T16:50:46
================================================================================
[2026-02-15T16:51:26.921+0000] {manager.py:738} INFO - Searching for files in /opt/airflow/dags
[2026-02-15T16:51:26.982+0000] {manager.py:741} INFO - There are 2 files in /opt/airflow/dags
[2026-02-15T16:51:29.022+0000] {manager.py:879} INFO - 
================================================================================
DAG File Processing Stats

File Path                           PID    Runtime      # DAGs    # Errors  Last Runtime    Last Run
----------------------------------  -----  ---------  --------  ----------  --------------  -------------------
/opt/airflow/dags/sec_edgar_dag.py                           1           0  0.56s           2026-02-15T16:51:25
/opt/airflow/dags/test_dag.py                                1           0  0.24s           2026-02-15T16:51:17
================================================================================
[2026-02-15T16:51:59.584+0000] {manager.py:879} INFO - 
================================================================================
DAG File Processing Stats

File Path                           PID    Runtime      # DAGs    # Errors  Last Runtime    Last Run
----------------------------------  -----  ---------  --------  ----------  --------------  -------------------
/opt/airflow/dags/sec_edgar_dag.py                           1           0  0.59s           2026-02-15T16:51:56
/opt/airflow/dags/test_dag.py                                1           0  0.20s           2026-02-15T16:51:47
================================================================================
[2026-02-15T16:52:29.883+0000] {manager.py:879} INFO - 
================================================================================
DAG File Processing Stats

File Path                           PID    Runtime      # DAGs    # Errors  Last Runtime    Last Run
----------------------------------  -----  ---------  --------  ----------  --------------  -------------------
/opt/airflow/dags/sec_edgar_dag.py                           1           0  0.58s           2026-02-15T16:52:27
/opt/airflow/dags/test_dag.py                                1           0  0.24s           2026-02-15T16:52:18
================================================================================
[2026-02-15T16:53:00.057+0000] {manager.py:879} INFO - 
================================================================================
DAG File Processing Stats

File Path                           PID    Runtime      # DAGs    # Errors  Last Runtime    Last Run
----------------------------------  -----  ---------  --------  ----------  --------------  -------------------
/opt/airflow/dags/sec_edgar_dag.py                           1           0  0.56s           2026-02-15T16:52:58
/opt/airflow/dags/test_dag.py                                1           0  0.25s           2026-02-15T16:52:48
================================================================================
[2026-02-15T16:53:30.566+0000] {manager.py:879} INFO - 
================================================================================
DAG File Processing Stats

File Path                           PID    Runtime      # DAGs    # Errors  Last Runtime    Last Run
----------------------------------  -----  ---------  --------  ----------  --------------  -------------------
/opt/airflow/dags/sec_edgar_dag.py                           1           0  0.50s           2026-02-15T16:53:29
/opt/airflow/dags/test_dag.py                                1           0  0.25s           2026-02-15T16:53:19
================================================================================
[2026-02-15T16:54:01.089+0000] {manager.py:879} INFO - 
================================================================================
DAG File Processing Stats

File Path                           PID    Runtime      # DAGs    # Errors  Last Runtime    Last Run
----------------------------------  -----  ---------  --------  ----------  --------------  -------------------
/opt/airflow/dags/sec_edgar_dag.py                           1           0  0.50s           2026-02-15T16:54:00
/opt/airflow/dags/test_dag.py                                1           0  0.25s           2026-02-15T16:53:49
================================================================================
[2026-02-15T16:54:31.208+0000] {manager.py:879} INFO - 
================================================================================
DAG File Processing Stats

File Path                           PID    Runtime      # DAGs    # Errors  Last Runtime    Last Run
----------------------------------  -----  ---------  --------  ----------  --------------  -------------------
/opt/airflow/dags/sec_edgar_dag.py                           1           0  0.58s           2026-02-15T16:54:31
/opt/airflow/dags/test_dag.py                                1           0  0.25s           2026-02-15T16:54:20
================================================================================
[2026-02-15T16:55:01.962+0000] {manager.py:879} INFO - 
================================================================================
DAG File Processing Stats

File Path                             PID  Runtime      # DAGs    # Errors  Last Runtime    Last Run
----------------------------------  -----  ---------  --------  ----------  --------------  -------------------
/opt/airflow/dags/sec_edgar_dag.py   7891  0.02s             1           0  0.58s           2026-02-15T16:54:31
/opt/airflow/dags/test_dag.py                                1           0  0.23s           2026-02-15T16:54:51
================================================================================
[2026-02-15T16:55:32.428+0000] {manager.py:879} INFO - 
================================================================================
DAG File Processing Stats

File Path                           PID    Runtime      # DAGs    # Errors  Last Runtime    Last Run
----------------------------------  -----  ---------  --------  ----------  --------------  -------------------
/opt/airflow/dags/sec_edgar_dag.py                           1           0  0.58s           2026-02-15T16:55:02
/opt/airflow/dags/test_dag.py                                1           0  0.21s           2026-02-15T16:55:21
================================================================================
[2026-02-15T16:56:02.945+0000] {manager.py:879} INFO - 
================================================================================
DAG File Processing Stats

File Path                           PID    Runtime      # DAGs    # Errors  Last Runtime    Last Run
----------------------------------  -----  ---------  --------  ----------  --------------  -------------------
/opt/airflow/dags/sec_edgar_dag.py                           1           0  0.50s           2026-02-15T16:55:33
/opt/airflow/dags/test_dag.py                                1           0  0.26s           2026-02-15T16:55:52
================================================================================
[2026-02-15T16:56:27.433+0000] {manager.py:738} INFO - Searching for files in /opt/airflow/dags
[2026-02-15T16:56:27.487+0000] {manager.py:741} INFO - There are 2 files in /opt/airflow/dags
[2026-02-15T16:56:33.566+0000] {manager.py:879} INFO - 
================================================================================
DAG File Processing Stats

File Path                           PID    Runtime      # DAGs    # Errors  Last Runtime    Last Run
----------------------------------  -----  ---------  --------  ----------  --------------  -------------------
/opt/airflow/dags/sec_edgar_dag.py                           1           0  0.55s           2026-02-15T16:56:03
/opt/airflow/dags/test_dag.py                                1           0  0.22s           2026-02-15T16:56:22
================================================================================
[2026-02-15T16:57:04.154+0000] {manager.py:879} INFO - 
================================================================================
DAG File Processing Stats

File Path                           PID    Runtime      # DAGs    # Errors  Last Runtime    Last Run
----------------------------------  -----  ---------  --------  ----------  --------------  -------------------
/opt/airflow/dags/sec_edgar_dag.py                           1           0  0.56s           2026-02-15T16:56:35
/opt/airflow/dags/test_dag.py                                1           0  0.25s           2026-02-15T16:56:53
================================================================================
[2026-02-15T16:57:34.669+0000] {manager.py:879} INFO - 
================================================================================
DAG File Processing Stats

File Path                           PID    Runtime      # DAGs    # Errors  Last Runtime    Last Run
----------------------------------  -----  ---------  --------  ----------  --------------  -------------------
/opt/airflow/dags/sec_edgar_dag.py                           1           0  0.59s           2026-02-15T16:57:05
/opt/airflow/dags/test_dag.py                                1           0  0.24s           2026-02-15T16:57:23
================================================================================
[2026-02-15T16:58:05.207+0000] {manager.py:879} INFO - 
================================================================================
DAG File Processing Stats

File Path                           PID    Runtime      # DAGs    # Errors  Last Runtime    Last Run
----------------------------------  -----  ---------  --------  ----------  --------------  -------------------
/opt/airflow/dags/sec_edgar_dag.py                           1           0  0.60s           2026-02-15T16:57:36
/opt/airflow/dags/test_dag.py                                1           0  0.22s           2026-02-15T16:57:54
================================================================================
[2026-02-15T16:58:35.703+0000] {manager.py:879} INFO - 
================================================================================
DAG File Processing Stats

File Path                           PID    Runtime      # DAGs    # Errors  Last Runtime    Last Run
----------------------------------  -----  ---------  --------  ----------  --------------  -------------------
/opt/airflow/dags/sec_edgar_dag.py                           1           0  0.54s           2026-02-15T16:58:07
/opt/airflow/dags/test_dag.py                                1           0  0.23s           2026-02-15T16:58:24
================================================================================
[2026-02-15T16:59:06.230+0000] {manager.py:879} INFO - 
================================================================================
DAG File Processing Stats

File Path                           PID    Runtime      # DAGs    # Errors  Last Runtime    Last Run
----------------------------------  -----  ---------  --------  ----------  --------------  -------------------
/opt/airflow/dags/sec_edgar_dag.py                           1           0  0.50s           2026-02-15T16:58:38
/opt/airflow/dags/test_dag.py                                1           0  0.25s           2026-02-15T16:58:55
================================================================================
[2026-02-15T16:59:36.756+0000] {manager.py:879} INFO - 
================================================================================
DAG File Processing Stats

File Path                           PID    Runtime      # DAGs    # Errors  Last Runtime    Last Run
----------------------------------  -----  ---------  --------  ----------  --------------  -------------------
/opt/airflow/dags/sec_edgar_dag.py                           1           0  0.53s           2026-02-15T16:59:09
/opt/airflow/dags/test_dag.py                                1           0  0.21s           2026-02-15T16:59:25
================================================================================
[2026-02-15T17:00:07.262+0000] {manager.py:879} INFO - 
================================================================================
DAG File Processing Stats

File Path                           PID    Runtime      # DAGs    # Errors  Last Runtime    Last Run
----------------------------------  -----  ---------  --------  ----------  --------------  -------------------
/opt/airflow/dags/sec_edgar_dag.py                           1           0  0.52s           2026-02-15T16:59:40
/opt/airflow/dags/test_dag.py                                1           0  0.29s           2026-02-15T16:59:56
================================================================================
[2026-02-15T17:00:37.837+0000] {manager.py:879} INFO - 
================================================================================
DAG File Processing Stats

File Path                           PID    Runtime      # DAGs    # Errors  Last Runtime    Last Run
----------------------------------  -----  ---------  --------  ----------  --------------  -------------------
/opt/airflow/dags/sec_edgar_dag.py                           1           0  0.55s           2026-02-15T17:00:11
/opt/airflow/dags/test_dag.py                                1           0  0.19s           2026-02-15T17:00:26
================================================================================
[2026-02-15T17:01:08.310+0000] {manager.py:879} INFO - 
================================================================================
DAG File Processing Stats

File Path                           PID    Runtime      # DAGs    # Errors  Last Runtime    Last Run
----------------------------------  -----  ---------  --------  ----------  --------------  -------------------
/opt/airflow/dags/sec_edgar_dag.py                           1           0  0.60s           2026-02-15T17:00:42
/opt/airflow/dags/test_dag.py                                1           0  0.23s           2026-02-15T17:00:57
================================================================================
[2026-02-15T17:01:27.700+0000] {manager.py:738} INFO - Searching for files in /opt/airflow/dags
[2026-02-15T17:01:27.756+0000] {manager.py:741} INFO - There are 2 files in /opt/airflow/dags
[2026-02-15T17:01:38.898+0000] {manager.py:879} INFO - 
================================================================================
DAG File Processing Stats

File Path                           PID    Runtime      # DAGs    # Errors  Last Runtime    Last Run
----------------------------------  -----  ---------  --------  ----------  --------------  -------------------
/opt/airflow/dags/sec_edgar_dag.py                           1           0  0.54s           2026-02-15T17:01:13
/opt/airflow/dags/test_dag.py                                1           0  0.22s           2026-02-15T17:01:28
================================================================================
[2026-02-15T17:02:09.082+0000] {manager.py:879} INFO - 
================================================================================
DAG File Processing Stats

File Path                           PID    Runtime      # DAGs    # Errors  Last Runtime    Last Run
----------------------------------  -----  ---------  --------  ----------  --------------  -------------------
/opt/airflow/dags/sec_edgar_dag.py                           1           0  0.59s           2026-02-15T17:01:43
/opt/airflow/dags/test_dag.py                                1           0  0.23s           2026-02-15T17:01:59
================================================================================
[2026-02-15T17:02:39.581+0000] {manager.py:879} INFO - 
================================================================================
DAG File Processing Stats

File Path                           PID    Runtime      # DAGs    # Errors  Last Runtime    Last Run
----------------------------------  -----  ---------  --------  ----------  --------------  -------------------
/opt/airflow/dags/sec_edgar_dag.py                           1           0  0.55s           2026-02-15T17:02:14
/opt/airflow/dags/test_dag.py                                1           0  0.23s           2026-02-15T17:02:29
================================================================================
[2026-02-15T17:03:10.105+0000] {manager.py:879} INFO - 
================================================================================
DAG File Processing Stats

File Path                           PID    Runtime      # DAGs    # Errors  Last Runtime    Last Run
----------------------------------  -----  ---------  --------  ----------  --------------  -------------------
/opt/airflow/dags/sec_edgar_dag.py                           1           0  0.55s           2026-02-15T17:02:45
/opt/airflow/dags/test_dag.py                                1           0  0.16s           2026-02-15T17:03:00
================================================================================
[2026-02-15T17:03:40.534+0000] {manager.py:879} INFO - 
================================================================================
DAG File Processing Stats

File Path                           PID    Runtime      # DAGs    # Errors  Last Runtime    Last Run
----------------------------------  -----  ---------  --------  ----------  --------------  -------------------
/opt/airflow/dags/sec_edgar_dag.py                           1           0  0.52s           2026-02-15T17:03:16
/opt/airflow/dags/test_dag.py                                1           0  0.23s           2026-02-15T17:03:30
================================================================================
[2026-02-15T17:04:11.054+0000] {manager.py:879} INFO - 
================================================================================
DAG File Processing Stats

File Path                           PID    Runtime      # DAGs    # Errors  Last Runtime    Last Run
----------------------------------  -----  ---------  --------  ----------  --------------  -------------------
/opt/airflow/dags/sec_edgar_dag.py                           1           0  0.57s           2026-02-15T17:03:47
/opt/airflow/dags/test_dag.py                                1           0  0.23s           2026-02-15T17:04:01
================================================================================
[2026-02-15T17:04:41.569+0000] {manager.py:879} INFO - 
================================================================================
DAG File Processing Stats

File Path                           PID    Runtime      # DAGs    # Errors  Last Runtime    Last Run
----------------------------------  -----  ---------  --------  ----------  --------------  -------------------
/opt/airflow/dags/sec_edgar_dag.py                           1           0  0.56s           2026-02-15T17:04:18
/opt/airflow/dags/test_dag.py                                1           0  0.24s           2026-02-15T17:04:31
================================================================================
[2026-02-15T17:05:12.111+0000] {manager.py:879} INFO - 
================================================================================
DAG File Processing Stats

File Path                           PID    Runtime      # DAGs    # Errors  Last Runtime    Last Run
----------------------------------  -----  ---------  --------  ----------  --------------  -------------------
/opt/airflow/dags/sec_edgar_dag.py                           1           0  0.56s           2026-02-15T17:04:49
/opt/airflow/dags/test_dag.py                                1           0  0.31s           2026-02-15T17:05:02
================================================================================
[2026-02-15T17:05:42.721+0000] {manager.py:879} INFO - 
================================================================================
DAG File Processing Stats

File Path                           PID    Runtime      # DAGs    # Errors  Last Runtime    Last Run
----------------------------------  -----  ---------  --------  ----------  --------------  -------------------
/opt/airflow/dags/sec_edgar_dag.py                           1           0  0.57s           2026-02-15T17:05:20
/opt/airflow/dags/test_dag.py                                1           0  0.24s           2026-02-15T17:05:32
================================================================================
[2026-02-15T17:06:13.234+0000] {manager.py:879} INFO - 
================================================================================
DAG File Processing Stats

File Path                           PID    Runtime      # DAGs    # Errors  Last Runtime    Last Run
----------------------------------  -----  ---------  --------  ----------  --------------  -------------------
/opt/airflow/dags/sec_edgar_dag.py                           1           0  0.61s           2026-02-15T17:05:51
/opt/airflow/dags/test_dag.py                                1           0  0.25s           2026-02-15T17:06:03
================================================================================
[2026-02-15T17:06:28.246+0000] {manager.py:738} INFO - Searching for files in /opt/airflow/dags
[2026-02-15T17:06:28.308+0000] {manager.py:741} INFO - There are 2 files in /opt/airflow/dags
[2026-02-15T17:06:43.773+0000] {manager.py:879} INFO - 
================================================================================
DAG File Processing Stats

File Path                           PID    Runtime      # DAGs    # Errors  Last Runtime    Last Run
----------------------------------  -----  ---------  --------  ----------  --------------  -------------------
/opt/airflow/dags/sec_edgar_dag.py                           1           0  0.65s           2026-02-15T17:06:22
/opt/airflow/dags/test_dag.py                                1           0  0.24s           2026-02-15T17:06:33
================================================================================
[2026-02-15T17:07:14.045+0000] {manager.py:879} INFO - 
================================================================================
DAG File Processing Stats

File Path                           PID    Runtime      # DAGs    # Errors  Last Runtime    Last Run
----------------------------------  -----  ---------  --------  ----------  --------------  -------------------
/opt/airflow/dags/sec_edgar_dag.py                           1           0  0.47s           2026-02-15T17:06:53
/opt/airflow/dags/test_dag.py                                1           0  0.21s           2026-02-15T17:07:04
================================================================================
[2026-02-15T17:07:44.534+0000] {manager.py:879} INFO - 
================================================================================
DAG File Processing Stats

File Path                           PID    Runtime      # DAGs    # Errors  Last Runtime    Last Run
----------------------------------  -----  ---------  --------  ----------  --------------  -------------------
/opt/airflow/dags/sec_edgar_dag.py                           1           0  0.50s           2026-02-15T17:07:23
/opt/airflow/dags/test_dag.py                                1           0  0.24s           2026-02-15T17:07:34
================================================================================
[2026-02-15T17:08:15.068+0000] {manager.py:879} INFO - 
================================================================================
DAG File Processing Stats

File Path                           PID    Runtime      # DAGs    # Errors  Last Runtime    Last Run
----------------------------------  -----  ---------  --------  ----------  --------------  -------------------
/opt/airflow/dags/sec_edgar_dag.py                           1           0  0.57s           2026-02-15T17:07:54
/opt/airflow/dags/test_dag.py                                1           0  0.21s           2026-02-15T17:08:05
================================================================================
[2026-02-15T17:08:45.566+0000] {manager.py:879} INFO - 
================================================================================
DAG File Processing Stats

File Path                           PID    Runtime      # DAGs    # Errors  Last Runtime    Last Run
----------------------------------  -----  ---------  --------  ----------  --------------  -------------------
/opt/airflow/dags/sec_edgar_dag.py                           1           0  0.52s           2026-02-15T17:08:25
/opt/airflow/dags/test_dag.py                                1           0  0.24s           2026-02-15T17:08:35
================================================================================
[2026-02-15T17:09:16.106+0000] {manager.py:879} INFO - 
================================================================================
DAG File Processing Stats

File Path                           PID    Runtime      # DAGs    # Errors  Last Runtime    Last Run
----------------------------------  -----  ---------  --------  ----------  --------------  -------------------
/opt/airflow/dags/sec_edgar_dag.py                           1           0  0.56s           2026-02-15T17:08:56
/opt/airflow/dags/test_dag.py                                1           0  0.23s           2026-02-15T17:09:06
================================================================================
[2026-02-15T17:09:46.603+0000] {manager.py:879} INFO - 
================================================================================
DAG File Processing Stats

File Path                           PID    Runtime      # DAGs    # Errors  Last Runtime    Last Run
----------------------------------  -----  ---------  --------  ----------  --------------  -------------------
/opt/airflow/dags/sec_edgar_dag.py                           1           0  0.56s           2026-02-15T17:09:27
/opt/airflow/dags/test_dag.py                                1           0  0.22s           2026-02-15T17:09:36
================================================================================
[2026-02-15T17:10:17.147+0000] {manager.py:879} INFO - 
================================================================================
DAG File Processing Stats

File Path                           PID    Runtime      # DAGs    # Errors  Last Runtime    Last Run
----------------------------------  -----  ---------  --------  ----------  --------------  -------------------
/opt/airflow/dags/sec_edgar_dag.py                           1           0  0.52s           2026-02-15T17:09:58
/opt/airflow/dags/test_dag.py                                1           0  0.23s           2026-02-15T17:10:07
================================================================================
[2026-02-15T17:10:47.675+0000] {manager.py:879} INFO - 
================================================================================
DAG File Processing Stats

File Path                           PID    Runtime      # DAGs    # Errors  Last Runtime    Last Run
----------------------------------  -----  ---------  --------  ----------  --------------  -------------------
/opt/airflow/dags/sec_edgar_dag.py                           1           0  0.54s           2026-02-15T17:10:29
/opt/airflow/dags/test_dag.py                                1           0  0.20s           2026-02-15T17:10:37
================================================================================
[2026-02-15T17:11:18.163+0000] {manager.py:879} INFO - 
================================================================================
DAG File Processing Stats

File Path                           PID    Runtime      # DAGs    # Errors  Last Runtime    Last Run
----------------------------------  -----  ---------  --------  ----------  --------------  -------------------
/opt/airflow/dags/sec_edgar_dag.py                           1           0  0.58s           2026-02-15T17:11:00
/opt/airflow/dags/test_dag.py                                1           0  0.23s           2026-02-15T17:11:08
================================================================================
[2026-02-15T17:11:28.253+0000] {manager.py:738} INFO - Searching for files in /opt/airflow/dags
[2026-02-15T17:11:28.321+0000] {manager.py:741} INFO - There are 2 files in /opt/airflow/dags
[2026-02-15T17:11:49.987+0000] {manager.py:879} INFO - 
================================================================================
DAG File Processing Stats

File Path                           PID    Runtime      # DAGs    # Errors  Last Runtime    Last Run
----------------------------------  -----  ---------  --------  ----------  --------------  -------------------
/opt/airflow/dags/sec_edgar_dag.py                           1           0  0.54s           2026-02-15T17:11:31
/opt/airflow/dags/test_dag.py                                1           0  0.25s           2026-02-15T17:11:38
================================================================================
[2026-02-15T17:12:20.343+0000] {manager.py:879} INFO - 
================================================================================
DAG File Processing Stats

File Path                           PID    Runtime      # DAGs    # Errors  Last Runtime    Last Run
----------------------------------  -----  ---------  --------  ----------  --------------  -------------------
/opt/airflow/dags/sec_edgar_dag.py                           1           0  0.50s           2026-02-15T17:12:01
/opt/airflow/dags/test_dag.py                                1           0  0.25s           2026-02-15T17:12:09
================================================================================
[2026-02-15T17:12:50.875+0000] {manager.py:879} INFO - 
================================================================================
DAG File Processing Stats

File Path                           PID    Runtime      # DAGs    # Errors  Last Runtime    Last Run
----------------------------------  -----  ---------  --------  ----------  --------------  -------------------
/opt/airflow/dags/sec_edgar_dag.py                           1           0  0.55s           2026-02-15T17:12:32
/opt/airflow/dags/test_dag.py                                1           0  0.24s           2026-02-15T17:12:40
================================================================================
[2026-02-15T17:13:21.343+0000] {manager.py:879} INFO - 
================================================================================
DAG File Processing Stats

File Path                           PID    Runtime      # DAGs    # Errors  Last Runtime    Last Run
----------------------------------  -----  ---------  --------  ----------  --------------  -------------------
/opt/airflow/dags/sec_edgar_dag.py                           1           0  2.19s           2026-02-15T17:13:05
/opt/airflow/dags/test_dag.py                                1           0  0.24s           2026-02-15T17:13:10
================================================================================
[2026-02-15T17:13:51.713+0000] {manager.py:879} INFO - 
================================================================================
DAG File Processing Stats

File Path                           PID    Runtime      # DAGs    # Errors  Last Runtime    Last Run
----------------------------------  -----  ---------  --------  ----------  --------------  -------------------
/opt/airflow/dags/sec_edgar_dag.py                           1           0  0.55s           2026-02-15T17:13:36
/opt/airflow/dags/test_dag.py                                1           0  0.24s           2026-02-15T17:13:40
================================================================================
[2026-02-15T17:14:22.095+0000] {manager.py:879} INFO - 
================================================================================
DAG File Processing Stats

File Path                           PID    Runtime      # DAGs    # Errors  Last Runtime    Last Run
----------------------------------  -----  ---------  --------  ----------  --------------  -------------------
/opt/airflow/dags/sec_edgar_dag.py                           1           0  0.89s           2026-02-15T17:14:06
/opt/airflow/dags/test_dag.py                                1           0  0.23s           2026-02-15T17:14:11
================================================================================
[2026-02-15T17:14:52.483+0000] {manager.py:879} INFO - 
================================================================================
DAG File Processing Stats

File Path                           PID    Runtime      # DAGs    # Errors  Last Runtime    Last Run
----------------------------------  -----  ---------  --------  ----------  --------------  -------------------
/opt/airflow/dags/sec_edgar_dag.py                           1           0  0.52s           2026-02-15T17:14:37
/opt/airflow/dags/test_dag.py                                1           0  0.24s           2026-02-15T17:14:41
================================================================================
[2026-02-15T17:15:23.105+0000] {manager.py:879} INFO - 
================================================================================
DAG File Processing Stats

File Path                           PID    Runtime      # DAGs    # Errors  Last Runtime    Last Run
----------------------------------  -----  ---------  --------  ----------  --------------  -------------------
/opt/airflow/dags/sec_edgar_dag.py                           1           0  1.13s           2026-02-15T17:15:08
/opt/airflow/dags/test_dag.py                                1           0  0.23s           2026-02-15T17:15:12
================================================================================
[2026-02-15T17:15:53.505+0000] {manager.py:879} INFO - 
================================================================================
DAG File Processing Stats

File Path                           PID    Runtime      # DAGs    # Errors  Last Runtime    Last Run
----------------------------------  -----  ---------  --------  ----------  --------------  -------------------
/opt/airflow/dags/sec_edgar_dag.py                           1           0  0.55s           2026-02-15T17:15:39
/opt/airflow/dags/test_dag.py                                1           0  0.24s           2026-02-15T17:15:42
================================================================================
[2026-02-15T17:16:24.002+0000] {manager.py:879} INFO - 
================================================================================
DAG File Processing Stats

File Path                           PID    Runtime      # DAGs    # Errors  Last Runtime    Last Run
----------------------------------  -----  ---------  --------  ----------  --------------  -------------------
/opt/airflow/dags/sec_edgar_dag.py                           1           0  1.01s           2026-02-15T17:16:10
/opt/airflow/dags/test_dag.py                                1           0  0.23s           2026-02-15T17:16:12
================================================================================
[2026-02-15T17:16:29.043+0000] {manager.py:738} INFO - Searching for files in /opt/airflow/dags
[2026-02-15T17:16:29.100+0000] {manager.py:741} INFO - There are 2 files in /opt/airflow/dags
[2026-02-15T17:16:54.948+0000] {manager.py:879} INFO - 
================================================================================
DAG File Processing Stats

File Path                           PID    Runtime      # DAGs    # Errors  Last Runtime    Last Run
----------------------------------  -----  ---------  --------  ----------  --------------  -------------------
/opt/airflow/dags/sec_edgar_dag.py                           1           0  0.57s           2026-02-15T17:16:41
/opt/airflow/dags/test_dag.py                                1           0  0.24s           2026-02-15T17:16:43
================================================================================
[2026-02-15T17:17:25.389+0000] {manager.py:879} INFO - 
================================================================================
DAG File Processing Stats

File Path                           PID    Runtime      # DAGs    # Errors  Last Runtime    Last Run
----------------------------------  -----  ---------  --------  ----------  --------------  -------------------
/opt/airflow/dags/sec_edgar_dag.py                           1           0  1.15s           2026-02-15T17:17:13
/opt/airflow/dags/test_dag.py                                1           0  0.21s           2026-02-15T17:17:14
================================================================================
[2026-02-15T17:17:55.792+0000] {manager.py:879} INFO - 
================================================================================
DAG File Processing Stats

File Path                           PID    Runtime      # DAGs    # Errors  Last Runtime    Last Run
----------------------------------  -----  ---------  --------  ----------  --------------  -------------------
/opt/airflow/dags/sec_edgar_dag.py                           1           0  1.11s           2026-02-15T17:17:44
/opt/airflow/dags/test_dag.py                                1           0  0.23s           2026-02-15T17:17:44
================================================================================
[2026-02-15T17:18:26.187+0000] {manager.py:879} INFO - 
================================================================================
DAG File Processing Stats

File Path                           PID    Runtime      # DAGs    # Errors  Last Runtime    Last Run
----------------------------------  -----  ---------  --------  ----------  --------------  -------------------
/opt/airflow/dags/sec_edgar_dag.py                           1           0  1.28s           2026-02-15T17:18:16
/opt/airflow/dags/test_dag.py                                1           0  0.27s           2026-02-15T17:18:15
================================================================================
[2026-02-15T17:18:56.634+0000] {manager.py:879} INFO - 
================================================================================
DAG File Processing Stats

File Path                           PID    Runtime      # DAGs    # Errors  Last Runtime    Last Run
----------------------------------  -----  ---------  --------  ----------  --------------  -------------------
/opt/airflow/dags/sec_edgar_dag.py                           1           0  1.09s           2026-02-15T17:18:47
/opt/airflow/dags/test_dag.py                                1           0  0.26s           2026-02-15T17:18:45
================================================================================
[2026-02-15T17:19:26.972+0000] {manager.py:879} INFO - 
================================================================================
DAG File Processing Stats

File Path                           PID    Runtime      # DAGs    # Errors  Last Runtime    Last Run
----------------------------------  -----  ---------  --------  ----------  --------------  -------------------
/opt/airflow/dags/sec_edgar_dag.py                           1           0  1.05s           2026-02-15T17:19:18
/opt/airflow/dags/test_dag.py                                1           0  0.23s           2026-02-15T17:19:16
================================================================================
[2026-02-15T17:19:57.307+0000] {manager.py:879} INFO - 
================================================================================
DAG File Processing Stats

File Path                           PID    Runtime      # DAGs    # Errors  Last Runtime    Last Run
----------------------------------  -----  ---------  --------  ----------  --------------  -------------------
/opt/airflow/dags/sec_edgar_dag.py                           1           0  1.13s           2026-02-15T17:19:50
/opt/airflow/dags/test_dag.py                                1           0  0.23s           2026-02-15T17:19:46
================================================================================
[2026-02-15T17:20:27.700+0000] {manager.py:879} INFO - 
================================================================================
DAG File Processing Stats

File Path                           PID    Runtime      # DAGs    # Errors  Last Runtime    Last Run
----------------------------------  -----  ---------  --------  ----------  --------------  -------------------
/opt/airflow/dags/sec_edgar_dag.py                           1           0  1.10s           2026-02-15T17:20:21
/opt/airflow/dags/test_dag.py                                1           0  0.23s           2026-02-15T17:20:16
================================================================================
[2026-02-15T17:20:57.949+0000] {manager.py:879} INFO - 
================================================================================
DAG File Processing Stats

File Path                           PID    Runtime      # DAGs    # Errors  Last Runtime    Last Run
----------------------------------  -----  ---------  --------  ----------  --------------  -------------------
/opt/airflow/dags/sec_edgar_dag.py                           1           0  0.90s           2026-02-15T17:20:52
/opt/airflow/dags/test_dag.py                                1           0  0.20s           2026-02-15T17:20:47
================================================================================
[2026-02-15T17:21:28.346+0000] {manager.py:879} INFO - 
================================================================================
DAG File Processing Stats

File Path                           PID    Runtime      # DAGs    # Errors  Last Runtime    Last Run
----------------------------------  -----  ---------  --------  ----------  --------------  -------------------
/opt/airflow/dags/sec_edgar_dag.py                           1           0  0.88s           2026-02-15T17:21:24
/opt/airflow/dags/test_dag.py                                1           0  0.24s           2026-02-15T17:21:17
================================================================================
[2026-02-15T17:21:29.354+0000] {manager.py:738} INFO - Searching for files in /opt/airflow/dags
[2026-02-15T17:21:29.415+0000] {manager.py:741} INFO - There are 2 files in /opt/airflow/dags
[2026-02-15T17:21:58.728+0000] {manager.py:879} INFO - 
================================================================================
DAG File Processing Stats

File Path                           PID    Runtime      # DAGs    # Errors  Last Runtime    Last Run
----------------------------------  -----  ---------  --------  ----------  --------------  -------------------
/opt/airflow/dags/sec_edgar_dag.py                           1           0  0.82s           2026-02-15T17:21:55
/opt/airflow/dags/test_dag.py                                1           0  0.27s           2026-02-15T17:21:47
================================================================================
[2026-02-15T17:22:29.052+0000] {manager.py:879} INFO - 
================================================================================
DAG File Processing Stats

File Path                           PID    Runtime      # DAGs    # Errors  Last Runtime    Last Run
----------------------------------  -----  ---------  --------  ----------  --------------  -------------------
/opt/airflow/dags/sec_edgar_dag.py                           1           0  0.84s           2026-02-15T17:22:27
/opt/airflow/dags/test_dag.py                                1           0  0.25s           2026-02-15T17:22:18
================================================================================
[2026-02-15T17:22:59.420+0000] {manager.py:879} INFO - 
================================================================================
DAG File Processing Stats

File Path                           PID    Runtime      # DAGs    # Errors  Last Runtime    Last Run
----------------------------------  -----  ---------  --------  ----------  --------------  -------------------
/opt/airflow/dags/sec_edgar_dag.py                           1           0  0.88s           2026-02-15T17:22:58
/opt/airflow/dags/test_dag.py                                1           0  0.22s           2026-02-15T17:22:48
================================================================================
[2026-02-15T17:23:29.668+0000] {manager.py:879} INFO - 
================================================================================
DAG File Processing Stats

File Path                           PID    Runtime      # DAGs    # Errors  Last Runtime    Last Run
----------------------------------  -----  ---------  --------  ----------  --------------  -------------------
/opt/airflow/dags/sec_edgar_dag.py                           1           0  0.83s           2026-02-15T17:23:29
/opt/airflow/dags/test_dag.py                                1           0  0.24s           2026-02-15T17:23:18
================================================================================
[2026-02-15T17:24:00.254+0000] {manager.py:879} INFO - 
================================================================================
DAG File Processing Stats

File Path                             PID  Runtime      # DAGs    # Errors  Last Runtime    Last Run
----------------------------------  -----  ---------  --------  ----------  --------------  -------------------
/opt/airflow/dags/sec_edgar_dag.py   8810  0.01s             1           0  0.83s           2026-02-15T17:23:29
/opt/airflow/dags/test_dag.py                                1           0  0.22s           2026-02-15T17:23:49
================================================================================
[2026-02-15T17:24:30.706+0000] {manager.py:879} INFO - 
================================================================================
DAG File Processing Stats

File Path                           PID    Runtime      # DAGs    # Errors  Last Runtime    Last Run
----------------------------------  -----  ---------  --------  ----------  --------------  -------------------
/opt/airflow/dags/sec_edgar_dag.py                           1           0  0.71s           2026-02-15T17:24:00
/opt/airflow/dags/test_dag.py                                1           0  0.27s           2026-02-15T17:24:19
================================================================================
[2026-02-15T17:31:59.208+0000] {manager.py:738} INFO - Searching for files in /opt/airflow/dags
[2026-02-15T17:31:59.405+0000] {manager.py:741} INFO - There are 2 files in /opt/airflow/dags
[2026-02-15T17:32:14.165+0000] {manager.py:879} INFO - 
================================================================================
DAG File Processing Stats

File Path                           PID    Runtime      # DAGs    # Errors  Last Runtime    Last Run
----------------------------------  -----  ---------  --------  ----------  --------------  -------------------
/opt/airflow/dags/sec_edgar_dag.py                           1           0  1.73s           2026-02-15T17:32:01
/opt/airflow/dags/test_dag.py                                1           0  0.46s           2026-02-15T17:31:59
================================================================================
[2026-02-15T17:32:44.537+0000] {manager.py:879} INFO - 
================================================================================
DAG File Processing Stats

File Path                           PID    Runtime      # DAGs    # Errors  Last Runtime    Last Run
----------------------------------  -----  ---------  --------  ----------  --------------  -------------------
/opt/airflow/dags/sec_edgar_dag.py                           1           0  0.95s           2026-02-15T17:32:32
/opt/airflow/dags/test_dag.py                                1           0  0.40s           2026-02-15T17:32:30
================================================================================
[2026-02-15T17:33:15.117+0000] {manager.py:879} INFO - 
================================================================================
DAG File Processing Stats

File Path                           PID    Runtime      # DAGs    # Errors  Last Runtime    Last Run
----------------------------------  -----  ---------  --------  ----------  --------------  -------------------
/opt/airflow/dags/sec_edgar_dag.py                           1           0  0.96s           2026-02-15T17:33:04
/opt/airflow/dags/test_dag.py                                1           0  0.21s           2026-02-15T17:33:01
================================================================================
[2026-02-15T17:33:45.409+0000] {manager.py:879} INFO - 
================================================================================
DAG File Processing Stats

File Path                           PID    Runtime      # DAGs    # Errors  Last Runtime    Last Run
----------------------------------  -----  ---------  --------  ----------  --------------  -------------------
/opt/airflow/dags/sec_edgar_dag.py                           1           0  0.78s           2026-02-15T17:33:35
/opt/airflow/dags/test_dag.py                                1           0  0.20s           2026-02-15T17:33:31
================================================================================
[2026-02-15T17:34:15.767+0000] {manager.py:879} INFO - 
================================================================================
DAG File Processing Stats

File Path                           PID    Runtime      # DAGs    # Errors  Last Runtime    Last Run
----------------------------------  -----  ---------  --------  ----------  --------------  -------------------
/opt/airflow/dags/sec_edgar_dag.py                           1           0  0.82s           2026-02-15T17:34:06
/opt/airflow/dags/test_dag.py                                1           0  0.17s           2026-02-15T17:34:01
================================================================================
[2026-02-15T17:34:46.221+0000] {manager.py:879} INFO - 
================================================================================
DAG File Processing Stats

File Path                           PID    Runtime      # DAGs    # Errors  Last Runtime    Last Run
----------------------------------  -----  ---------  --------  ----------  --------------  -------------------
/opt/airflow/dags/sec_edgar_dag.py                           1           0  0.78s           2026-02-15T17:34:38
/opt/airflow/dags/test_dag.py                                1           0  0.18s           2026-02-15T17:34:32
================================================================================
[2026-02-15T17:35:16.742+0000] {manager.py:879} INFO - 
================================================================================
DAG File Processing Stats

File Path                           PID    Runtime      # DAGs    # Errors  Last Runtime    Last Run
----------------------------------  -----  ---------  --------  ----------  --------------  -------------------
/opt/airflow/dags/sec_edgar_dag.py                           1           0  0.87s           2026-02-15T17:35:09
/opt/airflow/dags/test_dag.py                                1           0  0.18s           2026-02-15T17:35:02
================================================================================
[2026-02-15T17:35:47.168+0000] {manager.py:879} INFO - 
================================================================================
DAG File Processing Stats

File Path                           PID    Runtime      # DAGs    # Errors  Last Runtime    Last Run
----------------------------------  -----  ---------  --------  ----------  --------------  -------------------
/opt/airflow/dags/sec_edgar_dag.py                           1           0  0.86s           2026-02-15T17:35:41
/opt/airflow/dags/test_dag.py                                1           0  0.19s           2026-02-15T17:35:33
================================================================================
[2026-02-15T17:36:17.594+0000] {manager.py:879} INFO - 
================================================================================
DAG File Processing Stats

File Path                           PID    Runtime      # DAGs    # Errors  Last Runtime    Last Run
----------------------------------  -----  ---------  --------  ----------  --------------  -------------------
/opt/airflow/dags/sec_edgar_dag.py                           1           0  0.78s           2026-02-15T17:36:12
/opt/airflow/dags/test_dag.py                                1           0  0.18s           2026-02-15T17:36:03
================================================================================
[2026-02-15T17:36:47.914+0000] {manager.py:879} INFO - 
================================================================================
DAG File Processing Stats

File Path                           PID    Runtime      # DAGs    # Errors  Last Runtime    Last Run
----------------------------------  -----  ---------  --------  ----------  --------------  -------------------
/opt/airflow/dags/sec_edgar_dag.py                           1           0  0.73s           2026-02-15T17:36:43
/opt/airflow/dags/test_dag.py                                1           0  0.17s           2026-02-15T17:36:34
================================================================================
[2026-02-15T17:36:59.952+0000] {manager.py:738} INFO - Searching for files in /opt/airflow/dags
[2026-02-15T17:37:00.010+0000] {manager.py:741} INFO - There are 2 files in /opt/airflow/dags
[2026-02-15T17:37:18.012+0000] {manager.py:879} INFO - 
================================================================================
DAG File Processing Stats

File Path                           PID    Runtime      # DAGs    # Errors  Last Runtime    Last Run
----------------------------------  -----  ---------  --------  ----------  --------------  -------------------
/opt/airflow/dags/sec_edgar_dag.py                           1           0  0.79s           2026-02-15T17:37:14
/opt/airflow/dags/test_dag.py                                1           0  0.17s           2026-02-15T17:37:05
================================================================================
[2026-02-15T17:37:48.365+0000] {manager.py:879} INFO - 
================================================================================
DAG File Processing Stats

File Path                           PID    Runtime      # DAGs    # Errors  Last Runtime    Last Run
----------------------------------  -----  ---------  --------  ----------  --------------  -------------------
/opt/airflow/dags/sec_edgar_dag.py                           1           0  0.75s           2026-02-15T17:37:46
/opt/airflow/dags/test_dag.py                                1           0  0.19s           2026-02-15T17:37:35
================================================================================
[2026-02-15T17:38:18.918+0000] {manager.py:879} INFO - 
================================================================================
DAG File Processing Stats

File Path                           PID    Runtime      # DAGs    # Errors  Last Runtime    Last Run
----------------------------------  -----  ---------  --------  ----------  --------------  -------------------
/opt/airflow/dags/sec_edgar_dag.py                           1           0  0.85s           2026-02-15T17:38:17
/opt/airflow/dags/test_dag.py                                1           0  0.18s           2026-02-15T17:38:06
================================================================================
[2026-02-15T17:38:49.313+0000] {manager.py:879} INFO - 
================================================================================
DAG File Processing Stats

File Path                           PID    Runtime      # DAGs    # Errors  Last Runtime    Last Run
----------------------------------  -----  ---------  --------  ----------  --------------  -------------------
/opt/airflow/dags/sec_edgar_dag.py                           1           0  0.84s           2026-02-15T17:38:49
/opt/airflow/dags/test_dag.py                                1           0  0.18s           2026-02-15T17:38:36
================================================================================
[2026-02-15T17:39:19.920+0000] {manager.py:879} INFO - 
================================================================================
DAG File Processing Stats

File Path                             PID  Runtime      # DAGs    # Errors  Last Runtime    Last Run
----------------------------------  -----  ---------  --------  ----------  --------------  -------------------
/opt/airflow/dags/sec_edgar_dag.py   9069  0.01s             1           0  0.84s           2026-02-15T17:38:49
/opt/airflow/dags/test_dag.py                                1           0  0.17s           2026-02-15T17:39:06
================================================================================
[2026-02-15T17:39:50.322+0000] {manager.py:879} INFO - 
================================================================================
DAG File Processing Stats

File Path                           PID    Runtime      # DAGs    # Errors  Last Runtime    Last Run
----------------------------------  -----  ---------  --------  ----------  --------------  -------------------
/opt/airflow/dags/sec_edgar_dag.py                           1           0  0.79s           2026-02-15T17:39:20
/opt/airflow/dags/test_dag.py                                1           0  0.17s           2026-02-15T17:39:37
================================================================================
[2026-02-15T17:40:20.729+0000] {manager.py:879} INFO - 
================================================================================
DAG File Processing Stats

File Path                           PID    Runtime      # DAGs    # Errors  Last Runtime    Last Run
----------------------------------  -----  ---------  --------  ----------  --------------  -------------------
/opt/airflow/dags/sec_edgar_dag.py                           1           0  0.73s           2026-02-15T17:39:52
/opt/airflow/dags/test_dag.py                                1           0  0.19s           2026-02-15T17:40:07
================================================================================
[2026-02-15T17:40:51.172+0000] {manager.py:879} INFO - 
================================================================================
DAG File Processing Stats

File Path                           PID    Runtime      # DAGs    # Errors  Last Runtime    Last Run
----------------------------------  -----  ---------  --------  ----------  --------------  -------------------
/opt/airflow/dags/sec_edgar_dag.py                           1           0  0.67s           2026-02-15T17:40:23
/opt/airflow/dags/test_dag.py                                1           0  0.15s           2026-02-15T17:40:38
================================================================================
[2026-02-15T17:41:21.565+0000] {manager.py:879} INFO - 
================================================================================
DAG File Processing Stats

File Path                           PID    Runtime      # DAGs    # Errors  Last Runtime    Last Run
----------------------------------  -----  ---------  --------  ----------  --------------  -------------------
/opt/airflow/dags/sec_edgar_dag.py                           1           0  0.73s           2026-02-15T17:40:54
/opt/airflow/dags/test_dag.py                                1           0  0.16s           2026-02-15T17:41:08
================================================================================
[2026-02-15T17:41:51.990+0000] {manager.py:879} INFO - 
================================================================================
DAG File Processing Stats

File Path                           PID    Runtime      # DAGs    # Errors  Last Runtime    Last Run
----------------------------------  -----  ---------  --------  ----------  --------------  -------------------
/opt/airflow/dags/sec_edgar_dag.py                           1           0  0.66s           2026-02-15T17:41:26
/opt/airflow/dags/test_dag.py                                1           0  0.15s           2026-02-15T17:41:39
================================================================================
[2026-02-15T17:42:00.568+0000] {manager.py:738} INFO - Searching for files in /opt/airflow/dags
[2026-02-15T17:42:00.624+0000] {manager.py:741} INFO - There are 2 files in /opt/airflow/dags
[2026-02-15T17:42:22.834+0000] {manager.py:879} INFO - 
================================================================================
DAG File Processing Stats

File Path                           PID    Runtime      # DAGs    # Errors  Last Runtime    Last Run
----------------------------------  -----  ---------  --------  ----------  --------------  -------------------
/opt/airflow/dags/sec_edgar_dag.py                           1           0  0.74s           2026-02-15T17:41:58
/opt/airflow/dags/test_dag.py                                1           0  0.16s           2026-02-15T17:42:09
================================================================================
[2026-02-15T17:42:53.248+0000] {manager.py:879} INFO - 
================================================================================
DAG File Processing Stats

File Path                           PID    Runtime      # DAGs    # Errors  Last Runtime    Last Run
----------------------------------  -----  ---------  --------  ----------  --------------  -------------------
/opt/airflow/dags/sec_edgar_dag.py                           1           0  0.81s           2026-02-15T17:42:29
/opt/airflow/dags/test_dag.py                                1           0  0.18s           2026-02-15T17:42:40
================================================================================
[2026-02-15T17:43:23.661+0000] {manager.py:879} INFO - 
================================================================================
DAG File Processing Stats

File Path                           PID    Runtime      # DAGs    # Errors  Last Runtime    Last Run
----------------------------------  -----  ---------  --------  ----------  --------------  -------------------
/opt/airflow/dags/sec_edgar_dag.py                           1           0  0.75s           2026-02-15T17:43:01
/opt/airflow/dags/test_dag.py                                1           0  0.17s           2026-02-15T17:43:10
================================================================================
[2026-02-15T17:43:54.035+0000] {manager.py:879} INFO - 
================================================================================
DAG File Processing Stats

File Path                           PID    Runtime      # DAGs    # Errors  Last Runtime    Last Run
----------------------------------  -----  ---------  --------  ----------  --------------  -------------------
/opt/airflow/dags/sec_edgar_dag.py                           1           0  0.73s           2026-02-15T17:43:32
/opt/airflow/dags/test_dag.py                                1           0  0.17s           2026-02-15T17:43:41
================================================================================
[2026-02-15T17:44:24.438+0000] {manager.py:879} INFO - 
================================================================================
DAG File Processing Stats

File Path                           PID    Runtime      # DAGs    # Errors  Last Runtime    Last Run
----------------------------------  -----  ---------  --------  ----------  --------------  -------------------
/opt/airflow/dags/sec_edgar_dag.py                           1           0  0.69s           2026-02-15T17:44:03
/opt/airflow/dags/test_dag.py                                1           0  0.16s           2026-02-15T17:44:11
================================================================================
[2026-02-15T17:44:54.842+0000] {manager.py:879} INFO - 
================================================================================
DAG File Processing Stats

File Path                           PID    Runtime      # DAGs    # Errors  Last Runtime    Last Run
----------------------------------  -----  ---------  --------  ----------  --------------  -------------------
/opt/airflow/dags/sec_edgar_dag.py                           1           0  0.71s           2026-02-15T17:44:35
/opt/airflow/dags/test_dag.py                                1           0  0.16s           2026-02-15T17:44:41
================================================================================
[2026-02-15T17:45:25.221+0000] {manager.py:879} INFO - 
================================================================================
DAG File Processing Stats

File Path                           PID    Runtime      # DAGs    # Errors  Last Runtime    Last Run
----------------------------------  -----  ---------  --------  ----------  --------------  -------------------
/opt/airflow/dags/sec_edgar_dag.py                           1           0  0.76s           2026-02-15T17:45:06
/opt/airflow/dags/test_dag.py                                1           0  0.16s           2026-02-15T17:45:12
================================================================================
[2026-02-15T17:45:55.617+0000] {manager.py:879} INFO - 
================================================================================
DAG File Processing Stats

File Path                           PID    Runtime      # DAGs    # Errors  Last Runtime    Last Run
----------------------------------  -----  ---------  --------  ----------  --------------  -------------------
/opt/airflow/dags/sec_edgar_dag.py                           1           0  0.76s           2026-02-15T17:45:38
/opt/airflow/dags/test_dag.py                                1           0  0.17s           2026-02-15T17:45:42
================================================================================
[2026-02-15T17:46:26.052+0000] {manager.py:879} INFO - 
================================================================================
DAG File Processing Stats

File Path                           PID    Runtime      # DAGs    # Errors  Last Runtime    Last Run
----------------------------------  -----  ---------  --------  ----------  --------------  -------------------
/opt/airflow/dags/sec_edgar_dag.py                           1           0  0.86s           2026-02-15T17:46:09
/opt/airflow/dags/test_dag.py                                1           0  0.20s           2026-02-15T17:46:13
================================================================================
[2026-02-15T17:46:56.542+0000] {manager.py:879} INFO - 
================================================================================
DAG File Processing Stats

File Path                           PID    Runtime      # DAGs    # Errors  Last Runtime    Last Run
----------------------------------  -----  ---------  --------  ----------  --------------  -------------------
/opt/airflow/dags/sec_edgar_dag.py                           1           0  0.69s           2026-02-15T17:46:40
/opt/airflow/dags/test_dag.py                                1           0  0.16s           2026-02-15T17:46:43
================================================================================
[2026-02-15T17:47:00.736+0000] {manager.py:738} INFO - Searching for files in /opt/airflow/dags
[2026-02-15T17:47:00.791+0000] {manager.py:741} INFO - There are 2 files in /opt/airflow/dags
[2026-02-15T17:47:26.758+0000] {manager.py:879} INFO - 
================================================================================
DAG File Processing Stats

File Path                           PID    Runtime      # DAGs    # Errors  Last Runtime    Last Run
----------------------------------  -----  ---------  --------  ----------  --------------  -------------------
/opt/airflow/dags/sec_edgar_dag.py                           1           0  0.70s           2026-02-15T17:47:11
/opt/airflow/dags/test_dag.py                                1           0  0.17s           2026-02-15T17:47:13
================================================================================
[2026-02-15T17:47:57.170+0000] {manager.py:879} INFO - 
================================================================================
DAG File Processing Stats

File Path                           PID    Runtime      # DAGs    # Errors  Last Runtime    Last Run
----------------------------------  -----  ---------  --------  ----------  --------------  -------------------
/opt/airflow/dags/sec_edgar_dag.py                           1           0  0.70s           2026-02-15T17:47:42
/opt/airflow/dags/test_dag.py                                1           0  0.14s           2026-02-15T17:47:44
================================================================================
[2026-02-15T17:48:27.558+0000] {manager.py:879} INFO - 
================================================================================
DAG File Processing Stats

File Path                           PID    Runtime      # DAGs    # Errors  Last Runtime    Last Run
----------------------------------  -----  ---------  --------  ----------  --------------  -------------------
/opt/airflow/dags/sec_edgar_dag.py                           1           0  0.72s           2026-02-15T17:48:14
/opt/airflow/dags/test_dag.py                                1           0  0.18s           2026-02-15T17:48:14
================================================================================
[2026-02-15T17:48:58.023+0000] {manager.py:879} INFO - 
================================================================================
DAG File Processing Stats

File Path                           PID    Runtime      # DAGs    # Errors  Last Runtime    Last Run
----------------------------------  -----  ---------  --------  ----------  --------------  -------------------
/opt/airflow/dags/sec_edgar_dag.py                           1           0  0.71s           2026-02-15T17:48:45
/opt/airflow/dags/test_dag.py                                1           0  0.19s           2026-02-15T17:48:44
================================================================================
[2026-02-15T17:49:28.416+0000] {manager.py:879} INFO - 
================================================================================
DAG File Processing Stats

File Path                           PID    Runtime      # DAGs    # Errors  Last Runtime    Last Run
----------------------------------  -----  ---------  --------  ----------  --------------  -------------------
/opt/airflow/dags/sec_edgar_dag.py                           1           0  0.72s           2026-02-15T17:49:16
/opt/airflow/dags/test_dag.py                                1           0  0.16s           2026-02-15T17:49:15
================================================================================
[2026-02-15T17:49:58.916+0000] {manager.py:879} INFO - 
================================================================================
DAG File Processing Stats

File Path                           PID    Runtime      # DAGs    # Errors  Last Runtime    Last Run
----------------------------------  -----  ---------  --------  ----------  --------------  -------------------
/opt/airflow/dags/sec_edgar_dag.py                           1           0  0.72s           2026-02-15T17:49:48
/opt/airflow/dags/test_dag.py                                1           0  0.18s           2026-02-15T17:49:45
================================================================================
[2026-02-15T17:50:29.085+0000] {manager.py:879} INFO - 
================================================================================
DAG File Processing Stats

File Path                           PID    Runtime      # DAGs    # Errors  Last Runtime    Last Run
----------------------------------  -----  ---------  --------  ----------  --------------  -------------------
/opt/airflow/dags/sec_edgar_dag.py                           1           0  0.89s           2026-02-15T17:50:20
/opt/airflow/dags/test_dag.py                                1           0  0.18s           2026-02-15T17:50:16
================================================================================
[2026-02-15T17:50:59.372+0000] {manager.py:879} INFO - 
================================================================================
DAG File Processing Stats

File Path                           PID    Runtime      # DAGs    # Errors  Last Runtime    Last Run
----------------------------------  -----  ---------  --------  ----------  --------------  -------------------
/opt/airflow/dags/sec_edgar_dag.py                           1           0  0.77s           2026-02-15T17:50:51
/opt/airflow/dags/test_dag.py                                1           0  0.18s           2026-02-15T17:50:46
================================================================================
[2026-02-15T17:51:29.831+0000] {manager.py:879} INFO - 
================================================================================
DAG File Processing Stats

File Path                           PID    Runtime      # DAGs    # Errors  Last Runtime    Last Run
----------------------------------  -----  ---------  --------  ----------  --------------  -------------------
/opt/airflow/dags/sec_edgar_dag.py                           1           0  0.76s           2026-02-15T17:51:22
/opt/airflow/dags/test_dag.py                                1           0  0.20s           2026-02-15T17:51:17
================================================================================
[2026-02-15T17:52:02.014+0000] {manager.py:738} INFO - Searching for files in /opt/airflow/dags
[2026-02-15T17:52:02.104+0000] {manager.py:741} INFO - There are 2 files in /opt/airflow/dags
[2026-02-15T17:52:02.121+0000] {manager.py:879} INFO - 
================================================================================
DAG File Processing Stats

File Path                           PID    Runtime      # DAGs    # Errors  Last Runtime    Last Run
----------------------------------  -----  ---------  --------  ----------  --------------  -------------------
/opt/airflow/dags/sec_edgar_dag.py                           1           0  1.16s           2026-02-15T17:51:54
/opt/airflow/dags/test_dag.py                                1           0  0.18s           2026-02-15T17:51:47
================================================================================
[2026-02-15T17:52:32.171+0000] {manager.py:879} INFO - 
================================================================================
DAG File Processing Stats

File Path                           PID    Runtime      # DAGs    # Errors  Last Runtime    Last Run
----------------------------------  -----  ---------  --------  ----------  --------------  -------------------
/opt/airflow/dags/sec_edgar_dag.py                           1           0  0.72s           2026-02-15T17:52:26
/opt/airflow/dags/test_dag.py                                1           0  0.16s           2026-02-15T17:52:18
================================================================================
[2026-02-15T17:53:02.524+0000] {manager.py:879} INFO - 
================================================================================
DAG File Processing Stats

File Path                           PID    Runtime      # DAGs    # Errors  Last Runtime    Last Run
----------------------------------  -----  ---------  --------  ----------  --------------  -------------------
/opt/airflow/dags/sec_edgar_dag.py                           1           0  0.71s           2026-02-15T17:52:57
/opt/airflow/dags/test_dag.py                                1           0  0.19s           2026-02-15T17:52:48
================================================================================
[2026-02-15T17:53:33.124+0000] {manager.py:879} INFO - 
================================================================================
DAG File Processing Stats

File Path                           PID    Runtime      # DAGs    # Errors  Last Runtime    Last Run
----------------------------------  -----  ---------  --------  ----------  --------------  -------------------
/opt/airflow/dags/sec_edgar_dag.py                           1           0  0.79s           2026-02-15T17:53:29
/opt/airflow/dags/test_dag.py                                1           0  0.16s           2026-02-15T17:53:19
================================================================================
[2026-02-15T17:54:03.523+0000] {manager.py:879} INFO - 
================================================================================
DAG File Processing Stats

File Path                           PID    Runtime      # DAGs    # Errors  Last Runtime    Last Run
----------------------------------  -----  ---------  --------  ----------  --------------  -------------------
/opt/airflow/dags/sec_edgar_dag.py                           1           0  0.84s           2026-02-15T17:54:00
/opt/airflow/dags/test_dag.py                                1           0  0.21s           2026-02-15T17:53:49
================================================================================
[2026-02-15T17:54:33.916+0000] {manager.py:879} INFO - 
================================================================================
DAG File Processing Stats

File Path                           PID    Runtime      # DAGs    # Errors  Last Runtime    Last Run
----------------------------------  -----  ---------  --------  ----------  --------------  -------------------
/opt/airflow/dags/sec_edgar_dag.py                           1           0  0.78s           2026-02-15T17:54:31
/opt/airflow/dags/test_dag.py                                1           0  0.20s           2026-02-15T17:54:20
================================================================================
[2026-02-15T17:55:04.412+0000] {manager.py:879} INFO - 
================================================================================
DAG File Processing Stats

File Path                           PID    Runtime      # DAGs    # Errors  Last Runtime    Last Run
----------------------------------  -----  ---------  --------  ----------  --------------  -------------------
/opt/airflow/dags/sec_edgar_dag.py                           1           0  0.79s           2026-02-15T17:55:03
/opt/airflow/dags/test_dag.py                                1           0  0.19s           2026-02-15T17:54:50
================================================================================
[2026-02-15T17:55:34.853+0000] {manager.py:879} INFO - 
================================================================================
DAG File Processing Stats

File Path                           PID    Runtime      # DAGs    # Errors  Last Runtime    Last Run
----------------------------------  -----  ---------  --------  ----------  --------------  -------------------
/opt/airflow/dags/sec_edgar_dag.py                           1           0  0.82s           2026-02-15T17:55:34
/opt/airflow/dags/test_dag.py                                1           0  0.18s           2026-02-15T17:55:21
================================================================================
[2026-02-15T17:56:05.524+0000] {manager.py:879} INFO - 
================================================================================
DAG File Processing Stats

File Path                             PID  Runtime      # DAGs    # Errors  Last Runtime    Last Run
----------------------------------  -----  ---------  --------  ----------  --------------  -------------------
/opt/airflow/dags/sec_edgar_dag.py   9593  0.01s             1           0  0.82s           2026-02-15T17:55:34
/opt/airflow/dags/test_dag.py                                1           0  0.18s           2026-02-15T17:55:51
================================================================================
[2026-02-15T17:56:35.934+0000] {manager.py:879} INFO - 
================================================================================
DAG File Processing Stats

File Path                           PID    Runtime      # DAGs    # Errors  Last Runtime    Last Run
----------------------------------  -----  ---------  --------  ----------  --------------  -------------------
/opt/airflow/dags/sec_edgar_dag.py                           1           0  0.76s           2026-02-15T17:56:06
/opt/airflow/dags/test_dag.py                                1           0  0.19s           2026-02-15T17:56:21
================================================================================
[2026-02-15T17:57:03.881+0000] {manager.py:738} INFO - Searching for files in /opt/airflow/dags
[2026-02-15T17:57:04.070+0000] {manager.py:741} INFO - There are 2 files in /opt/airflow/dags
[2026-02-15T17:57:06.105+0000] {manager.py:879} INFO - 
================================================================================
DAG File Processing Stats

File Path                           PID    Runtime      # DAGs    # Errors  Last Runtime    Last Run
----------------------------------  -----  ---------  --------  ----------  --------------  -------------------
/opt/airflow/dags/sec_edgar_dag.py                           1           0  0.79s           2026-02-15T17:56:37
/opt/airflow/dags/test_dag.py                                1           0  0.18s           2026-02-15T17:56:52
================================================================================
[2026-02-15T17:57:36.228+0000] {manager.py:879} INFO - 
================================================================================
DAG File Processing Stats

File Path                           PID    Runtime      # DAGs    # Errors  Last Runtime    Last Run
----------------------------------  -----  ---------  --------  ----------  --------------  -------------------
/opt/airflow/dags/sec_edgar_dag.py                           1           0  0.84s           2026-02-15T17:57:08
/opt/airflow/dags/test_dag.py                                1           0  0.16s           2026-02-15T17:57:23
================================================================================
[2026-02-15T17:58:06.658+0000] {manager.py:879} INFO - 
================================================================================
DAG File Processing Stats

File Path                           PID    Runtime      # DAGs    # Errors  Last Runtime    Last Run
----------------------------------  -----  ---------  --------  ----------  --------------  -------------------
/opt/airflow/dags/sec_edgar_dag.py                           1           0  0.81s           2026-02-15T17:57:40
/opt/airflow/dags/test_dag.py                                1           0  0.19s           2026-02-15T17:57:53
================================================================================
[2026-02-15T17:58:37.080+0000] {manager.py:879} INFO - 
================================================================================
DAG File Processing Stats

File Path                           PID    Runtime      # DAGs    # Errors  Last Runtime    Last Run
----------------------------------  -----  ---------  --------  ----------  --------------  -------------------
/opt/airflow/dags/sec_edgar_dag.py                           1           0  0.80s           2026-02-15T17:58:11
/opt/airflow/dags/test_dag.py                                1           0  0.16s           2026-02-15T17:58:24
================================================================================
[2026-02-15T17:59:07.458+0000] {manager.py:879} INFO - 
================================================================================
DAG File Processing Stats

File Path                           PID    Runtime      # DAGs    # Errors  Last Runtime    Last Run
----------------------------------  -----  ---------  --------  ----------  --------------  -------------------
/opt/airflow/dags/sec_edgar_dag.py                           1           0  0.72s           2026-02-15T17:58:42
/opt/airflow/dags/test_dag.py                                1           0  0.16s           2026-02-15T17:58:54
================================================================================
[2026-02-15T17:59:37.915+0000] {manager.py:879} INFO - 
================================================================================
DAG File Processing Stats

File Path                           PID    Runtime      # DAGs    # Errors  Last Runtime    Last Run
----------------------------------  -----  ---------  --------  ----------  --------------  -------------------
/opt/airflow/dags/sec_edgar_dag.py                           1           0  0.77s           2026-02-15T17:59:14
/opt/airflow/dags/test_dag.py                                1           0  0.18s           2026-02-15T17:59:24
================================================================================
[2026-02-15T18:00:08.337+0000] {manager.py:879} INFO - 
================================================================================
DAG File Processing Stats

File Path                           PID    Runtime      # DAGs    # Errors  Last Runtime    Last Run
----------------------------------  -----  ---------  --------  ----------  --------------  -------------------
/opt/airflow/dags/sec_edgar_dag.py                           1           0  0.76s           2026-02-15T17:59:45
/opt/airflow/dags/test_dag.py                                1           0  0.19s           2026-02-15T17:59:55
================================================================================
[2026-02-15T18:00:38.774+0000] {manager.py:879} INFO - 
================================================================================
DAG File Processing Stats

File Path                           PID    Runtime      # DAGs    # Errors  Last Runtime    Last Run
----------------------------------  -----  ---------  --------  ----------  --------------  -------------------
/opt/airflow/dags/sec_edgar_dag.py                           1           0  0.78s           2026-02-15T18:00:17
/opt/airflow/dags/test_dag.py                                1           0  0.20s           2026-02-15T18:00:25
================================================================================
[2026-02-15T18:01:09.213+0000] {manager.py:879} INFO - 
================================================================================
DAG File Processing Stats

File Path                           PID    Runtime      # DAGs    # Errors  Last Runtime    Last Run
----------------------------------  -----  ---------  --------  ----------  --------------  -------------------
/opt/airflow/dags/sec_edgar_dag.py                           1           0  0.79s           2026-02-15T18:00:48
/opt/airflow/dags/test_dag.py                                1           0  0.16s           2026-02-15T18:00:56
================================================================================
[2026-02-15T18:01:39.619+0000] {manager.py:879} INFO - 
================================================================================
DAG File Processing Stats

File Path                           PID    Runtime      # DAGs    # Errors  Last Runtime    Last Run
----------------------------------  -----  ---------  --------  ----------  --------------  -------------------
/opt/airflow/dags/sec_edgar_dag.py                           1           0  0.75s           2026-02-15T18:01:20
/opt/airflow/dags/test_dag.py                                1           0  0.18s           2026-02-15T18:01:26
================================================================================
[2026-02-15T18:02:04.007+0000] {manager.py:738} INFO - Searching for files in /opt/airflow/dags
[2026-02-15T18:02:04.066+0000] {manager.py:741} INFO - There are 2 files in /opt/airflow/dags
[2026-02-15T18:02:09.963+0000] {manager.py:879} INFO - 
================================================================================
DAG File Processing Stats

File Path                           PID    Runtime      # DAGs    # Errors  Last Runtime    Last Run
----------------------------------  -----  ---------  --------  ----------  --------------  -------------------
/opt/airflow/dags/sec_edgar_dag.py                           1           0  0.79s           2026-02-15T18:01:51
/opt/airflow/dags/test_dag.py                                1           0  0.18s           2026-02-15T18:01:57
================================================================================
[2026-02-15T18:02:40.413+0000] {manager.py:879} INFO - 
================================================================================
DAG File Processing Stats

File Path                           PID    Runtime      # DAGs    # Errors  Last Runtime    Last Run
----------------------------------  -----  ---------  --------  ----------  --------------  -------------------
/opt/airflow/dags/sec_edgar_dag.py                           1           0  0.76s           2026-02-15T18:02:22
/opt/airflow/dags/test_dag.py                                1           0  0.17s           2026-02-15T18:02:27
================================================================================
[2026-02-15T18:03:10.705+0000] {manager.py:879} INFO - 
================================================================================
DAG File Processing Stats

File Path                           PID    Runtime      # DAGs    # Errors  Last Runtime    Last Run
----------------------------------  -----  ---------  --------  ----------  --------------  -------------------
/opt/airflow/dags/sec_edgar_dag.py                           1           0  1.02s           2026-02-15T18:02:54
/opt/airflow/dags/test_dag.py                                1           0  0.15s           2026-02-15T18:02:57
================================================================================
[2026-02-15T18:03:41.084+0000] {manager.py:879} INFO - 
================================================================================
DAG File Processing Stats

File Path                           PID    Runtime      # DAGs    # Errors  Last Runtime    Last Run
----------------------------------  -----  ---------  --------  ----------  --------------  -------------------
/opt/airflow/dags/sec_edgar_dag.py                           1           0  0.70s           2026-02-15T18:03:25
/opt/airflow/dags/test_dag.py                                1           0  0.16s           2026-02-15T18:03:28
================================================================================
[2026-02-15T18:04:11.487+0000] {manager.py:879} INFO - 
================================================================================
DAG File Processing Stats

File Path                           PID    Runtime      # DAGs    # Errors  Last Runtime    Last Run
----------------------------------  -----  ---------  --------  ----------  --------------  -------------------
/opt/airflow/dags/sec_edgar_dag.py                           1           0  0.77s           2026-02-15T18:03:56
/opt/airflow/dags/test_dag.py                                1           0  0.17s           2026-02-15T18:03:58
================================================================================
[2026-02-15T18:04:41.891+0000] {manager.py:879} INFO - 
================================================================================
DAG File Processing Stats

File Path                           PID    Runtime      # DAGs    # Errors  Last Runtime    Last Run
----------------------------------  -----  ---------  --------  ----------  --------------  -------------------
/opt/airflow/dags/sec_edgar_dag.py                           1           0  0.70s           2026-02-15T18:04:28
/opt/airflow/dags/test_dag.py                                1           0  0.17s           2026-02-15T18:04:28
================================================================================
[2026-02-15T18:05:12.320+0000] {manager.py:879} INFO - 
================================================================================
DAG File Processing Stats

File Path                           PID    Runtime      # DAGs    # Errors  Last Runtime    Last Run
----------------------------------  -----  ---------  --------  ----------  --------------  -------------------
/opt/airflow/dags/sec_edgar_dag.py                           1           0  0.74s           2026-02-15T18:04:59
/opt/airflow/dags/test_dag.py                                1           0  0.16s           2026-02-15T18:04:59
================================================================================
[2026-02-15T18:05:42.529+0000] {manager.py:879} INFO - 
================================================================================
DAG File Processing Stats

File Path                           PID    Runtime      # DAGs    # Errors  Last Runtime    Last Run
----------------------------------  -----  ---------  --------  ----------  --------------  -------------------
/opt/airflow/dags/sec_edgar_dag.py                           1           0  0.91s           2026-02-15T18:05:31
/opt/airflow/dags/test_dag.py                                1           0  0.19s           2026-02-15T18:05:29
================================================================================
[2026-02-15T18:07:46.525+0000] {manager.py:738} INFO - Searching for files in /opt/airflow/dags
[2026-02-15T18:07:46.559+0000] {manager.py:741} INFO - There are 2 files in /opt/airflow/dags
[2026-02-15T18:07:52.661+0000] {manager.py:879} INFO - 
================================================================================
DAG File Processing Stats

File Path                           PID    Runtime      # DAGs    # Errors  Last Runtime    Last Run
----------------------------------  -----  ---------  --------  ----------  --------------  -------------------
/opt/airflow/dags/sec_edgar_dag.py                           1           0  1.07s           2026-02-15T18:07:47
/opt/airflow/dags/test_dag.py                                1           0  0.26s           2026-02-15T18:07:46
================================================================================
[2026-02-15T18:08:22.774+0000] {manager.py:879} INFO - 
================================================================================
DAG File Processing Stats

File Path                           PID    Runtime      # DAGs    # Errors  Last Runtime    Last Run
----------------------------------  -----  ---------  --------  ----------  --------------  -------------------
/opt/airflow/dags/sec_edgar_dag.py                           1           0  0.77s           2026-02-15T18:08:18
/opt/airflow/dags/test_dag.py                                1           0  0.22s           2026-02-15T18:08:17
================================================================================
[2026-02-15T18:08:53.226+0000] {manager.py:879} INFO - 
================================================================================
DAG File Processing Stats

File Path                           PID    Runtime      # DAGs    # Errors  Last Runtime    Last Run
----------------------------------  -----  ---------  --------  ----------  --------------  -------------------
/opt/airflow/dags/sec_edgar_dag.py                           1           0  0.79s           2026-02-15T18:08:50
/opt/airflow/dags/test_dag.py                                1           0  0.19s           2026-02-15T18:08:47
================================================================================
[2026-02-15T18:09:23.659+0000] {manager.py:879} INFO - 
================================================================================
DAG File Processing Stats

File Path                           PID    Runtime      # DAGs    # Errors  Last Runtime    Last Run
----------------------------------  -----  ---------  --------  ----------  --------------  -------------------
/opt/airflow/dags/sec_edgar_dag.py                           1           0  0.79s           2026-02-15T18:09:21
/opt/airflow/dags/test_dag.py                                1           0  0.16s           2026-02-15T18:09:17
================================================================================
[2026-02-15T18:09:54.068+0000] {manager.py:879} INFO - 
================================================================================
DAG File Processing Stats

File Path                           PID    Runtime      # DAGs    # Errors  Last Runtime    Last Run
----------------------------------  -----  ---------  --------  ----------  --------------  -------------------
/opt/airflow/dags/sec_edgar_dag.py                           1           0  0.78s           2026-02-15T18:09:53
/opt/airflow/dags/test_dag.py                                1           0  0.18s           2026-02-15T18:09:48
================================================================================
[2026-02-15T18:10:24.528+0000] {manager.py:879} INFO - 
================================================================================
DAG File Processing Stats

File Path                           PID    Runtime      # DAGs    # Errors  Last Runtime    Last Run
----------------------------------  -----  ---------  --------  ----------  --------------  -------------------
/opt/airflow/dags/sec_edgar_dag.py                           1           0  0.77s           2026-02-15T18:10:24
/opt/airflow/dags/test_dag.py                                1           0  0.17s           2026-02-15T18:10:18
================================================================================
[2026-02-15T18:10:55.189+0000] {manager.py:879} INFO - 
================================================================================
DAG File Processing Stats

File Path                             PID  Runtime      # DAGs    # Errors  Last Runtime    Last Run
----------------------------------  -----  ---------  --------  ----------  --------------  -------------------
/opt/airflow/dags/sec_edgar_dag.py  10025  0.01s             1           0  0.77s           2026-02-15T18:10:24
/opt/airflow/dags/test_dag.py                                1           0  0.45s           2026-02-15T18:10:49
================================================================================
[2026-02-15T18:11:25.995+0000] {manager.py:879} INFO - 
================================================================================
DAG File Processing Stats

File Path                             PID  Runtime      # DAGs    # Errors  Last Runtime    Last Run
----------------------------------  -----  ---------  --------  ----------  --------------  -------------------
/opt/airflow/dags/sec_edgar_dag.py  10041  0.01s             1           0  0.44s           2026-02-15T18:10:55
/opt/airflow/dags/test_dag.py                                1           0  0.21s           2026-02-15T18:11:20
================================================================================
[2026-02-15T18:11:56.429+0000] {manager.py:879} INFO - 
================================================================================
DAG File Processing Stats

File Path                           PID    Runtime      # DAGs    # Errors  Last Runtime    Last Run
----------------------------------  -----  ---------  --------  ----------  --------------  -------------------
/opt/airflow/dags/sec_edgar_dag.py                           1           0  0.44s           2026-02-15T18:11:26
/opt/airflow/dags/test_dag.py                                1           0  0.16s           2026-02-15T18:11:50
================================================================================
[2026-02-15T18:12:26.888+0000] {manager.py:879} INFO - 
================================================================================
DAG File Processing Stats

File Path                           PID    Runtime      # DAGs    # Errors  Last Runtime    Last Run
----------------------------------  -----  ---------  --------  ----------  --------------  -------------------
/opt/airflow/dags/sec_edgar_dag.py                           1           0  0.46s           2026-02-15T18:11:57
/opt/airflow/dags/test_dag.py                                1           0  0.17s           2026-02-15T18:12:20
================================================================================
[2026-02-15T18:12:47.342+0000] {manager.py:738} INFO - Searching for files in /opt/airflow/dags
[2026-02-15T18:12:47.400+0000] {manager.py:741} INFO - There are 2 files in /opt/airflow/dags
[2026-02-15T18:12:57.525+0000] {manager.py:879} INFO - 
================================================================================
DAG File Processing Stats

File Path                           PID    Runtime      # DAGs    # Errors  Last Runtime    Last Run
----------------------------------  -----  ---------  --------  ----------  --------------  -------------------
/opt/airflow/dags/sec_edgar_dag.py                           1           0  0.48s           2026-02-15T18:12:28
/opt/airflow/dags/test_dag.py                                1           0  0.15s           2026-02-15T18:12:51
================================================================================
[2026-02-15T18:13:27.948+0000] {manager.py:879} INFO - 
================================================================================
DAG File Processing Stats

File Path                           PID    Runtime      # DAGs    # Errors  Last Runtime    Last Run
----------------------------------  -----  ---------  --------  ----------  --------------  -------------------
/opt/airflow/dags/sec_edgar_dag.py                           1           0  0.46s           2026-02-15T18:12:59
/opt/airflow/dags/test_dag.py                                1           0  0.17s           2026-02-15T18:13:22
================================================================================
[2026-02-15T18:13:58.438+0000] {manager.py:879} INFO - 
================================================================================
DAG File Processing Stats

File Path                           PID    Runtime      # DAGs    # Errors  Last Runtime    Last Run
----------------------------------  -----  ---------  --------  ----------  --------------  -------------------
/opt/airflow/dags/sec_edgar_dag.py                           1           0  0.49s           2026-02-15T18:13:29
/opt/airflow/dags/test_dag.py                                1           0  0.23s           2026-02-15T18:13:52
================================================================================
[2026-02-15T18:14:29.100+0000] {manager.py:879} INFO - 
================================================================================
DAG File Processing Stats

File Path                           PID    Runtime      # DAGs    # Errors  Last Runtime    Last Run
----------------------------------  -----  ---------  --------  ----------  --------------  -------------------
/opt/airflow/dags/sec_edgar_dag.py                           1           0  0.53s           2026-02-15T18:14:00
/opt/airflow/dags/test_dag.py                                1           0  0.18s           2026-02-15T18:14:23
================================================================================
[2026-02-15T18:14:59.595+0000] {manager.py:879} INFO - 
================================================================================
DAG File Processing Stats

File Path                           PID    Runtime      # DAGs    # Errors  Last Runtime    Last Run
----------------------------------  -----  ---------  --------  ----------  --------------  -------------------
/opt/airflow/dags/sec_edgar_dag.py                           1           0  0.50s           2026-02-15T18:14:30
/opt/airflow/dags/test_dag.py                                1           0  0.22s           2026-02-15T18:14:53
================================================================================
[2026-02-15T18:15:30.074+0000] {manager.py:879} INFO - 
================================================================================
DAG File Processing Stats

File Path                           PID    Runtime      # DAGs    # Errors  Last Runtime    Last Run
----------------------------------  -----  ---------  --------  ----------  --------------  -------------------
/opt/airflow/dags/sec_edgar_dag.py                           1           0  0.48s           2026-02-15T18:15:01
/opt/airflow/dags/test_dag.py                                1           0  0.17s           2026-02-15T18:15:24
================================================================================
[2026-02-15T18:16:00.520+0000] {manager.py:879} INFO - 
================================================================================
DAG File Processing Stats

File Path                           PID    Runtime      # DAGs    # Errors  Last Runtime    Last Run
----------------------------------  -----  ---------  --------  ----------  --------------  -------------------
/opt/airflow/dags/sec_edgar_dag.py                           1           0  0.56s           2026-02-15T18:15:32
/opt/airflow/dags/test_dag.py                                1           0  0.15s           2026-02-15T18:15:54
================================================================================
[2026-02-15T18:16:31.012+0000] {manager.py:879} INFO - 
================================================================================
DAG File Processing Stats

File Path                           PID    Runtime      # DAGs    # Errors  Last Runtime    Last Run
----------------------------------  -----  ---------  --------  ----------  --------------  -------------------
/opt/airflow/dags/sec_edgar_dag.py                           1           0  0.43s           2026-02-15T18:16:03
/opt/airflow/dags/test_dag.py                                1           0  0.22s           2026-02-15T18:16:25
================================================================================
[2026-02-15T18:17:01.497+0000] {manager.py:879} INFO - 
================================================================================
DAG File Processing Stats

File Path                           PID    Runtime      # DAGs    # Errors  Last Runtime    Last Run
----------------------------------  -----  ---------  --------  ----------  --------------  -------------------
/opt/airflow/dags/sec_edgar_dag.py                           1           0  0.51s           2026-02-15T18:16:33
/opt/airflow/dags/test_dag.py                                1           0  0.20s           2026-02-15T18:16:55
================================================================================
[2026-02-15T18:17:31.996+0000] {manager.py:879} INFO - 
================================================================================
DAG File Processing Stats

File Path                           PID    Runtime      # DAGs    # Errors  Last Runtime    Last Run
----------------------------------  -----  ---------  --------  ----------  --------------  -------------------
/opt/airflow/dags/sec_edgar_dag.py                           1           0  0.45s           2026-02-15T18:17:04
/opt/airflow/dags/test_dag.py                                1           0  0.15s           2026-02-15T18:17:26
================================================================================
[2026-02-15T18:17:48.232+0000] {manager.py:738} INFO - Searching for files in /opt/airflow/dags
[2026-02-15T18:17:48.374+0000] {manager.py:741} INFO - There are 2 files in /opt/airflow/dags
[2026-02-15T18:18:02.536+0000] {manager.py:879} INFO - 
================================================================================
DAG File Processing Stats

File Path                           PID    Runtime      # DAGs    # Errors  Last Runtime    Last Run
----------------------------------  -----  ---------  --------  ----------  --------------  -------------------
/opt/airflow/dags/sec_edgar_dag.py                           1           0  0.47s           2026-02-15T18:17:35
/opt/airflow/dags/test_dag.py                                1           0  0.18s           2026-02-15T18:17:56
================================================================================
[2026-02-15T18:18:32.948+0000] {manager.py:879} INFO - 
================================================================================
DAG File Processing Stats

File Path                           PID    Runtime      # DAGs    # Errors  Last Runtime    Last Run
----------------------------------  -----  ---------  --------  ----------  --------------  -------------------
/opt/airflow/dags/sec_edgar_dag.py                           1           0  0.44s           2026-02-15T18:18:06
/opt/airflow/dags/test_dag.py                                1           0  0.17s           2026-02-15T18:18:27
================================================================================
[2026-02-15T22:01:17.672+0000] {manager.py:738} INFO - Searching for files in /opt/airflow/dags
[2026-02-15T22:01:17.976+0000] {manager.py:741} INFO - There are 2 files in /opt/airflow/dags
[2026-02-15T22:01:19.335+0000] {manager.py:879} INFO - 
================================================================================
DAG File Processing Stats

File Path                             PID  Runtime      # DAGs    # Errors  Last Runtime    Last Run
----------------------------------  -----  ---------  --------  ----------  --------------  -------------------
/opt/airflow/dags/sec_edgar_dag.py  10283  1.17s             1           0  0.48s           2026-02-15T18:18:36
/opt/airflow/dags/test_dag.py                                1           0  0.64s           2026-02-15T22:01:18
================================================================================
[2026-02-15T22:01:50.058+0000] {manager.py:879} INFO - 
================================================================================
DAG File Processing Stats

File Path                             PID  Runtime      # DAGs    # Errors  Last Runtime    Last Run
----------------------------------  -----  ---------  --------  ----------  --------------  -------------------
/opt/airflow/dags/sec_edgar_dag.py  10304  0.02s             1           0  1.60s           2026-02-15T22:01:19
/opt/airflow/dags/test_dag.py                                1           0  0.17s           2026-02-15T22:01:49
================================================================================
[2026-02-15T22:02:20.451+0000] {manager.py:879} INFO - 
================================================================================
DAG File Processing Stats

File Path                           PID    Runtime      # DAGs    # Errors  Last Runtime    Last Run
----------------------------------  -----  ---------  --------  ----------  --------------  -------------------
/opt/airflow/dags/sec_edgar_dag.py                           1           0  0.49s           2026-02-15T22:01:50
/opt/airflow/dags/test_dag.py                                1           0  0.18s           2026-02-15T22:02:19
================================================================================
[2026-02-15T22:02:50.899+0000] {manager.py:879} INFO - 
================================================================================
DAG File Processing Stats

File Path                           PID    Runtime      # DAGs    # Errors  Last Runtime    Last Run
----------------------------------  -----  ---------  --------  ----------  --------------  -------------------
/opt/airflow/dags/sec_edgar_dag.py                           1           0  0.46s           2026-02-15T22:02:21
/opt/airflow/dags/test_dag.py                                1           0  0.15s           2026-02-15T22:02:50
================================================================================
[2026-02-15T22:03:21.326+0000] {manager.py:879} INFO - 
================================================================================
DAG File Processing Stats

File Path                           PID    Runtime      # DAGs    # Errors  Last Runtime    Last Run
----------------------------------  -----  ---------  --------  ----------  --------------  -------------------
/opt/airflow/dags/sec_edgar_dag.py                           1           0  0.43s           2026-02-15T22:02:52
/opt/airflow/dags/test_dag.py                                1           0  0.15s           2026-02-15T22:03:20
================================================================================
[2026-02-15T22:03:52.140+0000] {manager.py:879} INFO - 
================================================================================
DAG File Processing Stats

File Path                           PID    Runtime      # DAGs    # Errors  Last Runtime    Last Run
----------------------------------  -----  ---------  --------  ----------  --------------  -------------------
/opt/airflow/dags/sec_edgar_dag.py                           1           0  0.43s           2026-02-15T22:03:22
/opt/airflow/dags/test_dag.py                                1           0  0.44s           2026-02-15T22:03:51
================================================================================
[2026-02-15T22:04:22.497+0000] {manager.py:879} INFO - 
================================================================================
DAG File Processing Stats

File Path                           PID    Runtime      # DAGs    # Errors  Last Runtime    Last Run
----------------------------------  -----  ---------  --------  ----------  --------------  -------------------
/opt/airflow/dags/sec_edgar_dag.py                           1           0  0.54s           2026-02-15T22:03:53
/opt/airflow/dags/test_dag.py                                1           0  0.19s           2026-02-15T22:04:21
================================================================================
[2026-02-15T22:04:52.933+0000] {manager.py:879} INFO - 
================================================================================
DAG File Processing Stats

File Path                           PID    Runtime      # DAGs    # Errors  Last Runtime    Last Run
----------------------------------  -----  ---------  --------  ----------  --------------  -------------------
/opt/airflow/dags/sec_edgar_dag.py                           1           0  0.49s           2026-02-15T22:04:25
/opt/airflow/dags/test_dag.py                                1           0  0.18s           2026-02-15T22:04:52
================================================================================
[2026-02-15T22:05:23.403+0000] {manager.py:879} INFO - 
================================================================================
DAG File Processing Stats

File Path                           PID    Runtime      # DAGs    # Errors  Last Runtime    Last Run
----------------------------------  -----  ---------  --------  ----------  --------------  -------------------
/opt/airflow/dags/sec_edgar_dag.py                           1           0  0.44s           2026-02-15T22:04:55
/opt/airflow/dags/test_dag.py                                1           0  0.17s           2026-02-15T22:05:22
================================================================================
[2026-02-15T22:05:53.805+0000] {manager.py:879} INFO - 
================================================================================
DAG File Processing Stats

File Path                           PID    Runtime      # DAGs    # Errors  Last Runtime    Last Run
----------------------------------  -----  ---------  --------  ----------  --------------  -------------------
/opt/airflow/dags/sec_edgar_dag.py                           1           0  0.44s           2026-02-15T22:05:26
/opt/airflow/dags/test_dag.py                                1           0  0.18s           2026-02-15T22:05:52
================================================================================
[2026-02-15T22:06:17.780+0000] {manager.py:738} INFO - Searching for files in /opt/airflow/dags
[2026-02-15T22:06:17.831+0000] {manager.py:741} INFO - There are 2 files in /opt/airflow/dags
[2026-02-15T22:06:23.922+0000] {manager.py:879} INFO - 
================================================================================
DAG File Processing Stats

File Path                             PID  Runtime      # DAGs    # Errors  Last Runtime    Last Run
----------------------------------  -----  ---------  --------  ----------  --------------  -------------------
/opt/airflow/dags/sec_edgar_dag.py                           1           0  0.47s           2026-02-15T22:05:57
/opt/airflow/dags/test_dag.py       10443  0.01s             1           0  0.18s           2026-02-15T22:05:52
================================================================================
[2026-02-15T22:06:54.344+0000] {manager.py:879} INFO - 
================================================================================
DAG File Processing Stats

File Path                             PID  Runtime      # DAGs    # Errors  Last Runtime    Last Run
----------------------------------  -----  ---------  --------  ----------  --------------  -------------------
/opt/airflow/dags/sec_edgar_dag.py                           1           0  0.48s           2026-02-15T22:06:28
/opt/airflow/dags/test_dag.py       10459  0.01s             1           0  0.18s           2026-02-15T22:06:24
================================================================================
[2026-02-15T22:07:24.866+0000] {manager.py:879} INFO - 
================================================================================
DAG File Processing Stats

File Path                             PID  Runtime      # DAGs    # Errors  Last Runtime    Last Run
----------------------------------  -----  ---------  --------  ----------  --------------  -------------------
/opt/airflow/dags/sec_edgar_dag.py                           1           0  0.48s           2026-02-15T22:06:59
/opt/airflow/dags/test_dag.py       10475  0.01s             1           0  0.18s           2026-02-15T22:06:54
================================================================================
[2026-02-15T22:07:55.359+0000] {manager.py:879} INFO - 
================================================================================
DAG File Processing Stats

File Path                             PID  Runtime      # DAGs    # Errors  Last Runtime    Last Run
----------------------------------  -----  ---------  --------  ----------  --------------  -------------------
/opt/airflow/dags/sec_edgar_dag.py                           1           0  0.50s           2026-02-15T22:07:29
/opt/airflow/dags/test_dag.py       10491  0.01s             1           0  0.21s           2026-02-15T22:07:25
================================================================================
[2026-02-15T22:08:25.794+0000] {manager.py:879} INFO - 
================================================================================
DAG File Processing Stats

File Path                             PID  Runtime      # DAGs    # Errors  Last Runtime    Last Run
----------------------------------  -----  ---------  --------  ----------  --------------  -------------------
/opt/airflow/dags/sec_edgar_dag.py                           1           0  0.48s           2026-02-15T22:08:00
/opt/airflow/dags/test_dag.py       10507  0.01s             1           0  0.18s           2026-02-15T22:07:55
================================================================================
[2026-02-15T22:08:56.234+0000] {manager.py:879} INFO - 
================================================================================
DAG File Processing Stats

File Path                             PID  Runtime      # DAGs    # Errors  Last Runtime    Last Run
----------------------------------  -----  ---------  --------  ----------  --------------  -------------------
/opt/airflow/dags/sec_edgar_dag.py                           1           0  0.47s           2026-02-15T22:08:31
/opt/airflow/dags/test_dag.py       10523  0.01s             1           0  0.17s           2026-02-15T22:08:25
================================================================================
[2026-02-15T22:09:26.703+0000] {manager.py:879} INFO - 
================================================================================
DAG File Processing Stats

File Path                             PID  Runtime      # DAGs    # Errors  Last Runtime    Last Run
----------------------------------  -----  ---------  --------  ----------  --------------  -------------------
/opt/airflow/dags/sec_edgar_dag.py                           1           0  0.45s           2026-02-15T22:09:02
/opt/airflow/dags/test_dag.py       10539  0.01s             1           0  0.20s           2026-02-15T22:08:56
================================================================================
[2026-02-15T22:09:57.137+0000] {manager.py:879} INFO - 
================================================================================
DAG File Processing Stats

File Path                             PID  Runtime      # DAGs    # Errors  Last Runtime    Last Run
----------------------------------  -----  ---------  --------  ----------  --------------  -------------------
/opt/airflow/dags/sec_edgar_dag.py                           1           0  0.50s           2026-02-15T22:09:33
/opt/airflow/dags/test_dag.py       10555  0.01s             1           0  0.16s           2026-02-15T22:09:26
================================================================================
[2026-02-15T22:10:27.570+0000] {manager.py:879} INFO - 
================================================================================
DAG File Processing Stats

File Path                             PID  Runtime      # DAGs    # Errors  Last Runtime    Last Run
----------------------------------  -----  ---------  --------  ----------  --------------  -------------------
/opt/airflow/dags/sec_edgar_dag.py                           1           0  0.50s           2026-02-15T22:10:03
/opt/airflow/dags/test_dag.py       10571  0.01s             1           0  0.16s           2026-02-15T22:09:57
================================================================================
[2026-02-15T22:10:58.002+0000] {manager.py:879} INFO - 
================================================================================
DAG File Processing Stats

File Path                             PID  Runtime      # DAGs    # Errors  Last Runtime    Last Run
----------------------------------  -----  ---------  --------  ----------  --------------  -------------------
/opt/airflow/dags/sec_edgar_dag.py                           1           0  0.51s           2026-02-15T22:10:35
/opt/airflow/dags/test_dag.py       10587  0.01s             1           0  0.16s           2026-02-15T22:10:27
================================================================================
[2026-02-15T22:11:18.200+0000] {manager.py:738} INFO - Searching for files in /opt/airflow/dags
[2026-02-15T22:11:18.263+0000] {manager.py:741} INFO - There are 2 files in /opt/airflow/dags
[2026-02-15T22:11:28.386+0000] {manager.py:879} INFO - 
================================================================================
DAG File Processing Stats

File Path                             PID  Runtime      # DAGs    # Errors  Last Runtime    Last Run
----------------------------------  -----  ---------  --------  ----------  --------------  -------------------
/opt/airflow/dags/sec_edgar_dag.py                           1           0  0.52s           2026-02-15T22:11:05
/opt/airflow/dags/test_dag.py       10603  0.01s             1           0  0.17s           2026-02-15T22:10:58
================================================================================
[2026-02-15T22:11:58.817+0000] {manager.py:879} INFO - 
================================================================================
DAG File Processing Stats

File Path                             PID  Runtime      # DAGs    # Errors  Last Runtime    Last Run
----------------------------------  -----  ---------  --------  ----------  --------------  -------------------
/opt/airflow/dags/sec_edgar_dag.py                           1           0  0.46s           2026-02-15T22:11:36
/opt/airflow/dags/test_dag.py       10619  0.01s             1           0  0.16s           2026-02-15T22:11:28
================================================================================
[2026-02-15T22:12:29.233+0000] {manager.py:879} INFO - 
================================================================================
DAG File Processing Stats

File Path                             PID  Runtime      # DAGs    # Errors  Last Runtime    Last Run
----------------------------------  -----  ---------  --------  ----------  --------------  -------------------
/opt/airflow/dags/sec_edgar_dag.py                           1           0  0.45s           2026-02-15T22:12:07
/opt/airflow/dags/test_dag.py       10635  0.02s             1           0  0.16s           2026-02-15T22:11:58
================================================================================
[2026-02-15T22:12:59.663+0000] {manager.py:879} INFO - 
================================================================================
DAG File Processing Stats

File Path                             PID  Runtime      # DAGs    # Errors  Last Runtime    Last Run
----------------------------------  -----  ---------  --------  ----------  --------------  -------------------
/opt/airflow/dags/sec_edgar_dag.py                           1           0  0.50s           2026-02-15T22:12:38
/opt/airflow/dags/test_dag.py       10652  0.01s             1           0  0.19s           2026-02-15T22:12:29
================================================================================
[2026-02-15T22:13:30.168+0000] {manager.py:879} INFO - 
================================================================================
DAG File Processing Stats

File Path                             PID  Runtime      # DAGs    # Errors  Last Runtime    Last Run
----------------------------------  -----  ---------  --------  ----------  --------------  -------------------
/opt/airflow/dags/sec_edgar_dag.py                           1           0  0.48s           2026-02-15T22:13:09
/opt/airflow/dags/test_dag.py       10668  0.01s             1           0  0.18s           2026-02-15T22:12:59
================================================================================
[2026-02-15T22:14:00.617+0000] {manager.py:879} INFO - 
================================================================================
DAG File Processing Stats

File Path                             PID  Runtime      # DAGs    # Errors  Last Runtime    Last Run
----------------------------------  -----  ---------  --------  ----------  --------------  -------------------
/opt/airflow/dags/sec_edgar_dag.py                           1           0  0.52s           2026-02-15T22:13:39
/opt/airflow/dags/test_dag.py       10684  0.01s             1           0  0.18s           2026-02-15T22:13:30
================================================================================
[2026-02-15T22:14:31.042+0000] {manager.py:879} INFO - 
================================================================================
DAG File Processing Stats

File Path                             PID  Runtime      # DAGs    # Errors  Last Runtime    Last Run
----------------------------------  -----  ---------  --------  ----------  --------------  -------------------
/opt/airflow/dags/sec_edgar_dag.py                           1           0  0.50s           2026-02-15T22:14:11
/opt/airflow/dags/test_dag.py       10700  0.01s             1           0  0.18s           2026-02-15T22:14:00
================================================================================
[2026-02-15T22:15:01.484+0000] {manager.py:879} INFO - 
================================================================================
DAG File Processing Stats

File Path                             PID  Runtime      # DAGs    # Errors  Last Runtime    Last Run
----------------------------------  -----  ---------  --------  ----------  --------------  -------------------
/opt/airflow/dags/sec_edgar_dag.py                           1           0  0.53s           2026-02-15T22:14:41
/opt/airflow/dags/test_dag.py       10716  0.01s             1           0  0.17s           2026-02-15T22:14:31
================================================================================
[2026-02-15T22:15:31.990+0000] {manager.py:879} INFO - 
================================================================================
DAG File Processing Stats

File Path                             PID  Runtime      # DAGs    # Errors  Last Runtime    Last Run
----------------------------------  -----  ---------  --------  ----------  --------------  -------------------
/opt/airflow/dags/sec_edgar_dag.py                           1           0  0.47s           2026-02-15T22:15:13
/opt/airflow/dags/test_dag.py       10732  0.01s             1           0  0.16s           2026-02-15T22:15:01
================================================================================
[2026-02-15T22:16:02.399+0000] {manager.py:879} INFO - 
================================================================================
DAG File Processing Stats

File Path                             PID  Runtime      # DAGs    # Errors  Last Runtime    Last Run
----------------------------------  -----  ---------  --------  ----------  --------------  -------------------
/opt/airflow/dags/sec_edgar_dag.py                           1           0  0.47s           2026-02-15T22:15:43
/opt/airflow/dags/test_dag.py       10748  0.01s             1           0  0.18s           2026-02-15T22:15:32
================================================================================
[2026-02-15T22:16:19.036+0000] {manager.py:738} INFO - Searching for files in /opt/airflow/dags
[2026-02-15T22:16:19.138+0000] {manager.py:741} INFO - There are 2 files in /opt/airflow/dags
[2026-02-15T22:16:33.299+0000] {manager.py:879} INFO - 
================================================================================
DAG File Processing Stats

File Path                             PID  Runtime      # DAGs    # Errors  Last Runtime    Last Run
----------------------------------  -----  ---------  --------  ----------  --------------  -------------------
/opt/airflow/dags/sec_edgar_dag.py                           1           0  0.50s           2026-02-15T22:16:14
/opt/airflow/dags/test_dag.py       10764  0.01s             1           0  0.17s           2026-02-15T22:16:02
================================================================================
[2026-02-15T22:17:03.471+0000] {manager.py:879} INFO - 
================================================================================
DAG File Processing Stats

File Path                           PID    Runtime      # DAGs    # Errors  Last Runtime    Last Run
----------------------------------  -----  ---------  --------  ----------  --------------  -------------------
/opt/airflow/dags/sec_edgar_dag.py                           1           0  0.88s           2026-02-15T22:16:45
/opt/airflow/dags/test_dag.py                                1           0  0.21s           2026-02-15T22:16:33
================================================================================
[2026-02-15T22:17:33.508+0000] {manager.py:879} INFO - 
================================================================================
DAG File Processing Stats

File Path                           PID    Runtime      # DAGs    # Errors  Last Runtime    Last Run
----------------------------------  -----  ---------  --------  ----------  --------------  -------------------
/opt/airflow/dags/sec_edgar_dag.py                           1           0  0.44s           2026-02-15T22:17:16
/opt/airflow/dags/test_dag.py                                1           0  0.26s           2026-02-15T22:17:04
================================================================================
[2026-02-15T22:18:03.611+0000] {manager.py:879} INFO - 
================================================================================
DAG File Processing Stats

File Path                           PID    Runtime      # DAGs    # Errors  Last Runtime    Last Run
----------------------------------  -----  ---------  --------  ----------  --------------  -------------------
/opt/airflow/dags/sec_edgar_dag.py                           1           0  0.81s           2026-02-15T22:17:47
/opt/airflow/dags/test_dag.py                                1           0  0.21s           2026-02-15T22:17:34
================================================================================
[2026-02-15T22:18:33.671+0000] {manager.py:879} INFO - 
================================================================================
DAG File Processing Stats

File Path                           PID    Runtime      # DAGs    # Errors  Last Runtime    Last Run
----------------------------------  -----  ---------  --------  ----------  --------------  -------------------
/opt/airflow/dags/sec_edgar_dag.py                           1           0  0.56s           2026-02-15T22:18:18
/opt/airflow/dags/test_dag.py                                1           0  0.25s           2026-02-15T22:18:04
================================================================================
[2026-02-15T22:19:03.676+0000] {manager.py:879} INFO - 
================================================================================
DAG File Processing Stats

File Path                           PID    Runtime      # DAGs    # Errors  Last Runtime    Last Run
----------------------------------  -----  ---------  --------  ----------  --------------  -------------------
/opt/airflow/dags/sec_edgar_dag.py                           1           0  0.73s           2026-02-15T22:18:49
/opt/airflow/dags/test_dag.py                                1           0  0.27s           2026-02-15T22:18:35
================================================================================
[2026-02-15T22:19:34.168+0000] {manager.py:879} INFO - 
================================================================================
DAG File Processing Stats

File Path                           PID    Runtime      # DAGs    # Errors  Last Runtime    Last Run
----------------------------------  -----  ---------  --------  ----------  --------------  -------------------
/opt/airflow/dags/sec_edgar_dag.py                           1           0  0.52s           2026-02-15T22:19:20
/opt/airflow/dags/test_dag.py                                1           0  0.23s           2026-02-15T22:19:05
================================================================================
[2026-02-15T22:20:04.449+0000] {manager.py:879} INFO - 
================================================================================
DAG File Processing Stats

File Path                           PID    Runtime      # DAGs    # Errors  Last Runtime    Last Run
----------------------------------  -----  ---------  --------  ----------  --------------  -------------------
/opt/airflow/dags/sec_edgar_dag.py                           1           0  0.82s           2026-02-15T22:19:51
/opt/airflow/dags/test_dag.py                                1           0  0.21s           2026-02-15T22:19:36
================================================================================
[2026-02-15T22:20:34.951+0000] {manager.py:879} INFO - 
================================================================================
DAG File Processing Stats

File Path                           PID    Runtime      # DAGs    # Errors  Last Runtime    Last Run
----------------------------------  -----  ---------  --------  ----------  --------------  -------------------
/opt/airflow/dags/sec_edgar_dag.py                           1           0  0.57s           2026-02-15T22:20:22
/opt/airflow/dags/test_dag.py                                1           0  0.22s           2026-02-15T22:20:06
================================================================================
[2026-02-15T22:21:05.235+0000] {manager.py:879} INFO - 
================================================================================
DAG File Processing Stats

File Path                           PID    Runtime      # DAGs    # Errors  Last Runtime    Last Run
----------------------------------  -----  ---------  --------  ----------  --------------  -------------------
/opt/airflow/dags/sec_edgar_dag.py                           1           0  0.91s           2026-02-15T22:20:53
/opt/airflow/dags/test_dag.py                                1           0  0.24s           2026-02-15T22:20:37
================================================================================
[2026-02-15T22:21:20.920+0000] {manager.py:738} INFO - Searching for files in /opt/airflow/dags
[2026-02-15T22:21:21.006+0000] {manager.py:741} INFO - There are 2 files in /opt/airflow/dags
[2026-02-15T22:21:36.056+0000] {manager.py:879} INFO - 
================================================================================
DAG File Processing Stats

File Path                           PID    Runtime      # DAGs    # Errors  Last Runtime    Last Run
----------------------------------  -----  ---------  --------  ----------  --------------  -------------------
/opt/airflow/dags/sec_edgar_dag.py                           1           0  0.87s           2026-02-15T22:21:24
/opt/airflow/dags/test_dag.py                                1           0  0.22s           2026-02-15T22:21:07
================================================================================
[2026-02-15T22:22:06.281+0000] {manager.py:879} INFO - 
================================================================================
DAG File Processing Stats

File Path                           PID    Runtime      # DAGs    # Errors  Last Runtime    Last Run
----------------------------------  -----  ---------  --------  ----------  --------------  -------------------
/opt/airflow/dags/sec_edgar_dag.py                           1           0  0.81s           2026-02-15T22:21:56
/opt/airflow/dags/test_dag.py                                1           0  0.24s           2026-02-15T22:21:38
================================================================================
[2026-02-15T22:22:36.630+0000] {manager.py:879} INFO - 
================================================================================
DAG File Processing Stats

File Path                           PID    Runtime      # DAGs    # Errors  Last Runtime    Last Run
----------------------------------  -----  ---------  --------  ----------  --------------  -------------------
/opt/airflow/dags/sec_edgar_dag.py                           1           0  0.79s           2026-02-15T22:22:27
/opt/airflow/dags/test_dag.py                                1           0  0.16s           2026-02-15T22:22:08
================================================================================
[2026-02-15T22:23:07.062+0000] {manager.py:879} INFO - 
================================================================================
DAG File Processing Stats

File Path                           PID    Runtime      # DAGs    # Errors  Last Runtime    Last Run
----------------------------------  -----  ---------  --------  ----------  --------------  -------------------
/opt/airflow/dags/sec_edgar_dag.py                           1           0  0.80s           2026-02-15T22:22:58
/opt/airflow/dags/test_dag.py                                1           0  0.19s           2026-02-15T22:22:39
================================================================================
[2026-02-15T22:23:37.562+0000] {manager.py:879} INFO - 
================================================================================
DAG File Processing Stats

File Path                           PID    Runtime      # DAGs    # Errors  Last Runtime    Last Run
----------------------------------  -----  ---------  --------  ----------  --------------  -------------------
/opt/airflow/dags/sec_edgar_dag.py                           1           0  0.85s           2026-02-15T22:23:30
/opt/airflow/dags/test_dag.py                                1           0  0.21s           2026-02-15T22:23:09
================================================================================
[2026-02-15T22:24:08.157+0000] {manager.py:879} INFO - 
================================================================================
DAG File Processing Stats

File Path                           PID    Runtime      # DAGs    # Errors  Last Runtime    Last Run
----------------------------------  -----  ---------  --------  ----------  --------------  -------------------
/opt/airflow/dags/sec_edgar_dag.py                           1           0  0.80s           2026-02-15T22:24:01
/opt/airflow/dags/test_dag.py                                1           0  0.50s           2026-02-15T22:23:40
================================================================================
[2026-02-15T22:24:38.590+0000] {manager.py:879} INFO - 
================================================================================
DAG File Processing Stats

File Path                           PID    Runtime      # DAGs    # Errors  Last Runtime    Last Run
----------------------------------  -----  ---------  --------  ----------  --------------  -------------------
/opt/airflow/dags/sec_edgar_dag.py                           1           0  0.82s           2026-02-15T22:24:32
/opt/airflow/dags/test_dag.py                                1           0  0.25s           2026-02-15T22:24:10
================================================================================
[2026-02-15T22:25:08.740+0000] {manager.py:879} INFO - 
================================================================================
DAG File Processing Stats

File Path                           PID    Runtime      # DAGs    # Errors  Last Runtime    Last Run
----------------------------------  -----  ---------  --------  ----------  --------------  -------------------
/opt/airflow/dags/sec_edgar_dag.py                           1           0  0.85s           2026-02-15T22:25:03
/opt/airflow/dags/test_dag.py                                1           0  0.61s           2026-02-15T22:24:41
================================================================================
[2026-02-15T22:25:38.835+0000] {manager.py:879} INFO - 
================================================================================
DAG File Processing Stats

File Path                           PID    Runtime      # DAGs    # Errors  Last Runtime    Last Run
----------------------------------  -----  ---------  --------  ----------  --------------  -------------------
/opt/airflow/dags/sec_edgar_dag.py                           1           0  0.51s           2026-02-15T22:25:34
/opt/airflow/dags/test_dag.py                                1           0  0.54s           2026-02-15T22:25:12
================================================================================
[2026-02-15T22:26:08.865+0000] {manager.py:879} INFO - 
================================================================================
DAG File Processing Stats

File Path                           PID    Runtime      # DAGs    # Errors  Last Runtime    Last Run
----------------------------------  -----  ---------  --------  ----------  --------------  -------------------
/opt/airflow/dags/sec_edgar_dag.py                           1           0  0.60s           2026-02-15T22:26:05
/opt/airflow/dags/test_dag.py                                1           0  0.26s           2026-02-15T22:25:42
================================================================================
[2026-02-15T22:26:20.996+0000] {manager.py:738} INFO - Searching for files in /opt/airflow/dags
[2026-02-15T22:26:21.057+0000] {manager.py:741} INFO - There are 2 files in /opt/airflow/dags
[2026-02-15T22:26:38.876+0000] {manager.py:879} INFO - 
================================================================================
DAG File Processing Stats

File Path                           PID    Runtime      # DAGs    # Errors  Last Runtime    Last Run
----------------------------------  -----  ---------  --------  ----------  --------------  -------------------
/opt/airflow/dags/sec_edgar_dag.py                           1           0  0.54s           2026-02-15T22:26:35
/opt/airflow/dags/test_dag.py                                1           0  0.26s           2026-02-15T22:26:13
================================================================================
[2026-02-15T22:27:09.220+0000] {manager.py:879} INFO - 
================================================================================
DAG File Processing Stats

File Path                           PID    Runtime      # DAGs    # Errors  Last Runtime    Last Run
----------------------------------  -----  ---------  --------  ----------  --------------  -------------------
/opt/airflow/dags/sec_edgar_dag.py                           1           0  0.54s           2026-02-15T22:27:07
/opt/airflow/dags/test_dag.py                                1           0  0.21s           2026-02-15T22:26:43
================================================================================
[2026-02-15T22:27:39.398+0000] {manager.py:879} INFO - 
================================================================================
DAG File Processing Stats

File Path                           PID    Runtime      # DAGs    # Errors  Last Runtime    Last Run
----------------------------------  -----  ---------  --------  ----------  --------------  -------------------
/opt/airflow/dags/sec_edgar_dag.py                           1           0  0.46s           2026-02-15T22:27:37
/opt/airflow/dags/test_dag.py                                1           0  0.27s           2026-02-15T22:27:14
================================================================================
[2026-02-15T22:28:09.922+0000] {manager.py:879} INFO - 
================================================================================
DAG File Processing Stats

File Path                           PID    Runtime      # DAGs    # Errors  Last Runtime    Last Run
----------------------------------  -----  ---------  --------  ----------  --------------  -------------------
/opt/airflow/dags/sec_edgar_dag.py                           1           0  0.47s           2026-02-15T22:28:08
/opt/airflow/dags/test_dag.py                                1           0  0.22s           2026-02-15T22:27:44
================================================================================
[2026-02-15T22:28:40.085+0000] {manager.py:879} INFO - 
================================================================================
DAG File Processing Stats

File Path                           PID    Runtime      # DAGs    # Errors  Last Runtime    Last Run
----------------------------------  -----  ---------  --------  ----------  --------------  -------------------
/opt/airflow/dags/sec_edgar_dag.py                           1           0  0.59s           2026-02-15T22:28:39
/opt/airflow/dags/test_dag.py                                1           0  0.28s           2026-02-15T22:28:15
================================================================================
[2026-02-15T22:29:10.383+0000] {manager.py:879} INFO - 
================================================================================
DAG File Processing Stats

File Path                           PID    Runtime      # DAGs    # Errors  Last Runtime    Last Run
----------------------------------  -----  ---------  --------  ----------  --------------  -------------------
/opt/airflow/dags/sec_edgar_dag.py                           1           0  0.58s           2026-02-15T22:29:10
/opt/airflow/dags/test_dag.py                                1           0  0.22s           2026-02-15T22:28:45
================================================================================
[2026-02-15T22:29:40.479+0000] {manager.py:879} INFO - 
================================================================================
DAG File Processing Stats

File Path                             PID  Runtime      # DAGs    # Errors  Last Runtime    Last Run
----------------------------------  -----  ---------  --------  ----------  --------------  -------------------
/opt/airflow/dags/sec_edgar_dag.py  11177  0.01s             1           0  0.58s           2026-02-15T22:29:10
/opt/airflow/dags/test_dag.py                                1           0  0.20s           2026-02-15T22:29:16
================================================================================
[2026-02-15T22:30:10.765+0000] {manager.py:879} INFO - 
================================================================================
DAG File Processing Stats

File Path                           PID    Runtime      # DAGs    # Errors  Last Runtime    Last Run
----------------------------------  -----  ---------  --------  ----------  --------------  -------------------
/opt/airflow/dags/sec_edgar_dag.py                           1           0  0.55s           2026-02-15T22:29:41
/opt/airflow/dags/test_dag.py                                1           0  0.21s           2026-02-15T22:29:46
================================================================================
[2026-02-15T22:30:41.243+0000] {manager.py:879} INFO - 
================================================================================
DAG File Processing Stats

File Path                           PID    Runtime      # DAGs    # Errors  Last Runtime    Last Run
----------------------------------  -----  ---------  --------  ----------  --------------  -------------------
/opt/airflow/dags/sec_edgar_dag.py                           1           0  0.58s           2026-02-15T22:30:12
/opt/airflow/dags/test_dag.py                                1           0  0.22s           2026-02-15T22:30:17
================================================================================
[2026-02-15T22:31:11.766+0000] {manager.py:879} INFO - 
================================================================================
DAG File Processing Stats

File Path                           PID    Runtime      # DAGs    # Errors  Last Runtime    Last Run
----------------------------------  -----  ---------  --------  ----------  --------------  -------------------
/opt/airflow/dags/sec_edgar_dag.py                           1           0  0.55s           2026-02-15T22:30:43
/opt/airflow/dags/test_dag.py                                1           0  0.26s           2026-02-15T22:30:47
================================================================================
[2026-02-15T22:31:21.117+0000] {manager.py:738} INFO - Searching for files in /opt/airflow/dags
[2026-02-15T22:31:21.175+0000] {manager.py:741} INFO - There are 2 files in /opt/airflow/dags
[2026-02-15T22:31:42.225+0000] {manager.py:879} INFO - 
================================================================================
DAG File Processing Stats

File Path                           PID    Runtime      # DAGs    # Errors  Last Runtime    Last Run
----------------------------------  -----  ---------  --------  ----------  --------------  -------------------
/opt/airflow/dags/sec_edgar_dag.py                           1           0  0.66s           2026-02-15T22:31:14
/opt/airflow/dags/test_dag.py                                1           0  0.22s           2026-02-15T22:31:18
================================================================================
[2026-02-15T22:32:12.550+0000] {manager.py:879} INFO - 
================================================================================
DAG File Processing Stats

File Path                           PID    Runtime      # DAGs    # Errors  Last Runtime    Last Run
----------------------------------  -----  ---------  --------  ----------  --------------  -------------------
/opt/airflow/dags/sec_edgar_dag.py                           1           0  0.57s           2026-02-15T22:31:45
/opt/airflow/dags/test_dag.py                                1           0  0.21s           2026-02-15T22:31:48
================================================================================
[2026-02-15T22:32:43.041+0000] {manager.py:879} INFO - 
================================================================================
DAG File Processing Stats

File Path                           PID    Runtime      # DAGs    # Errors  Last Runtime    Last Run
----------------------------------  -----  ---------  --------  ----------  --------------  -------------------
/opt/airflow/dags/sec_edgar_dag.py                           1           0  0.54s           2026-02-15T22:32:17
/opt/airflow/dags/test_dag.py                                1           0  0.19s           2026-02-15T22:32:18
================================================================================
[2026-02-15T22:33:13.599+0000] {manager.py:879} INFO - 
================================================================================
DAG File Processing Stats

File Path                           PID    Runtime      # DAGs    # Errors  Last Runtime    Last Run
----------------------------------  -----  ---------  --------  ----------  --------------  -------------------
/opt/airflow/dags/sec_edgar_dag.py                           1           0  1.09s           2026-02-15T22:32:48
/opt/airflow/dags/test_dag.py                                1           0  0.23s           2026-02-15T22:32:49
================================================================================
[2026-02-15T22:33:44.040+0000] {manager.py:879} INFO - 
================================================================================
DAG File Processing Stats

File Path                           PID    Runtime      # DAGs    # Errors  Last Runtime    Last Run
----------------------------------  -----  ---------  --------  ----------  --------------  -------------------
/opt/airflow/dags/sec_edgar_dag.py                           1           0  0.57s           2026-02-15T22:33:19
/opt/airflow/dags/test_dag.py                                1           0  0.24s           2026-02-15T22:33:20
================================================================================
[2026-02-15T22:34:14.564+0000] {manager.py:879} INFO - 
================================================================================
DAG File Processing Stats

File Path                           PID    Runtime      # DAGs    # Errors  Last Runtime    Last Run
----------------------------------  -----  ---------  --------  ----------  --------------  -------------------
/opt/airflow/dags/sec_edgar_dag.py                           1           0  0.53s           2026-02-15T22:33:49
/opt/airflow/dags/test_dag.py                                1           0  0.23s           2026-02-15T22:33:50
================================================================================
[2026-02-15T22:34:45.084+0000] {manager.py:879} INFO - 
================================================================================
DAG File Processing Stats

File Path                           PID    Runtime      # DAGs    # Errors  Last Runtime    Last Run
----------------------------------  -----  ---------  --------  ----------  --------------  -------------------
/opt/airflow/dags/sec_edgar_dag.py                           1           0  0.51s           2026-02-15T22:34:21
/opt/airflow/dags/test_dag.py                                1           0  0.23s           2026-02-15T22:34:20
================================================================================
[2026-02-15T22:35:15.572+0000] {manager.py:879} INFO - 
================================================================================
DAG File Processing Stats

File Path                           PID    Runtime      # DAGs    # Errors  Last Runtime    Last Run
----------------------------------  -----  ---------  --------  ----------  --------------  -------------------
/opt/airflow/dags/sec_edgar_dag.py                           1           0  0.54s           2026-02-15T22:34:51
/opt/airflow/dags/test_dag.py                                1           0  0.18s           2026-02-15T22:34:51
================================================================================
[2026-02-15T22:35:45.602+0000] {manager.py:879} INFO - 
================================================================================
DAG File Processing Stats

File Path                           PID    Runtime      # DAGs    # Errors  Last Runtime    Last Run
----------------------------------  -----  ---------  --------  ----------  --------------  -------------------
/opt/airflow/dags/sec_edgar_dag.py                           1           0  0.56s           2026-02-15T22:35:22
/opt/airflow/dags/test_dag.py                                1           0  0.20s           2026-02-15T22:35:21
================================================================================
[2026-02-15T22:36:15.851+0000] {manager.py:879} INFO - 
================================================================================
DAG File Processing Stats

File Path                           PID    Runtime      # DAGs    # Errors  Last Runtime    Last Run
----------------------------------  -----  ---------  --------  ----------  --------------  -------------------
/opt/airflow/dags/sec_edgar_dag.py                           1           0  0.50s           2026-02-15T22:35:53
/opt/airflow/dags/test_dag.py                                1           0  0.17s           2026-02-15T22:35:52
================================================================================
[2026-02-15T22:36:21.535+0000] {manager.py:738} INFO - Searching for files in /opt/airflow/dags
[2026-02-15T22:36:21.596+0000] {manager.py:741} INFO - There are 2 files in /opt/airflow/dags
[2026-02-15T22:36:46.195+0000] {manager.py:879} INFO - 
================================================================================
DAG File Processing Stats

File Path                           PID    Runtime      # DAGs    # Errors  Last Runtime    Last Run
----------------------------------  -----  ---------  --------  ----------  --------------  -------------------
/opt/airflow/dags/sec_edgar_dag.py                           1           0  0.51s           2026-02-15T22:36:24
/opt/airflow/dags/test_dag.py                                1           0  0.22s           2026-02-15T22:36:22
================================================================================
[2026-02-15T22:37:16.308+0000] {manager.py:879} INFO - 
================================================================================
DAG File Processing Stats

File Path                           PID    Runtime      # DAGs    # Errors  Last Runtime    Last Run
----------------------------------  -----  ---------  --------  ----------  --------------  -------------------
/opt/airflow/dags/sec_edgar_dag.py                           1           0  0.60s           2026-02-15T22:36:55
/opt/airflow/dags/test_dag.py                                1           0  0.21s           2026-02-15T22:36:53
================================================================================
[2026-02-15T22:37:46.510+0000] {manager.py:879} INFO - 
================================================================================
DAG File Processing Stats

File Path                           PID    Runtime      # DAGs    # Errors  Last Runtime    Last Run
----------------------------------  -----  ---------  --------  ----------  --------------  -------------------
/opt/airflow/dags/sec_edgar_dag.py                           1           0  0.52s           2026-02-15T22:37:26
/opt/airflow/dags/test_dag.py                                1           0  0.24s           2026-02-15T22:37:24
================================================================================
[2026-02-15T22:38:16.796+0000] {manager.py:879} INFO - 
================================================================================
DAG File Processing Stats

File Path                           PID    Runtime      # DAGs    # Errors  Last Runtime    Last Run
----------------------------------  -----  ---------  --------  ----------  --------------  -------------------
/opt/airflow/dags/sec_edgar_dag.py                           1           0  0.56s           2026-02-15T22:37:57
/opt/airflow/dags/test_dag.py                                1           0  0.26s           2026-02-15T22:37:54
================================================================================
[2026-02-15T22:38:46.982+0000] {manager.py:879} INFO - 
================================================================================
DAG File Processing Stats

File Path                           PID    Runtime      # DAGs    # Errors  Last Runtime    Last Run
----------------------------------  -----  ---------  --------  ----------  --------------  -------------------
/opt/airflow/dags/sec_edgar_dag.py                           1           0  0.64s           2026-02-15T22:38:27
/opt/airflow/dags/test_dag.py                                1           0  0.26s           2026-02-15T22:38:25
================================================================================
[2026-02-15T22:39:17.131+0000] {manager.py:879} INFO - 
================================================================================
DAG File Processing Stats

File Path                           PID    Runtime      # DAGs    # Errors  Last Runtime    Last Run
----------------------------------  -----  ---------  --------  ----------  --------------  -------------------
/opt/airflow/dags/sec_edgar_dag.py                           1           0  0.51s           2026-02-15T22:38:58
/opt/airflow/dags/test_dag.py                                1           0  0.17s           2026-02-15T22:38:55
================================================================================
[2026-02-15T22:39:47.280+0000] {manager.py:879} INFO - 
================================================================================
DAG File Processing Stats

File Path                           PID    Runtime      # DAGs    # Errors  Last Runtime    Last Run
----------------------------------  -----  ---------  --------  ----------  --------------  -------------------
/opt/airflow/dags/sec_edgar_dag.py                           1           0  0.53s           2026-02-15T22:39:29
/opt/airflow/dags/test_dag.py                                1           0  0.22s           2026-02-15T22:39:26
================================================================================
[2026-02-15T22:40:17.310+0000] {manager.py:879} INFO - 
================================================================================
DAG File Processing Stats

File Path                           PID    Runtime      # DAGs    # Errors  Last Runtime    Last Run
----------------------------------  -----  ---------  --------  ----------  --------------  -------------------
/opt/airflow/dags/sec_edgar_dag.py                           1           0  0.48s           2026-02-15T22:40:00
/opt/airflow/dags/test_dag.py                                1           0  0.26s           2026-02-15T22:39:56
================================================================================
[2026-02-15T22:40:47.414+0000] {manager.py:879} INFO - 
================================================================================
DAG File Processing Stats

File Path                           PID    Runtime      # DAGs    # Errors  Last Runtime    Last Run
----------------------------------  -----  ---------  --------  ----------  --------------  -------------------
/opt/airflow/dags/sec_edgar_dag.py                           1           0  0.58s           2026-02-15T22:40:30
/opt/airflow/dags/test_dag.py                                1           0  0.26s           2026-02-15T22:40:27
================================================================================
[2026-02-15T22:41:17.910+0000] {manager.py:879} INFO - 
================================================================================
DAG File Processing Stats

File Path                           PID    Runtime      # DAGs    # Errors  Last Runtime    Last Run
----------------------------------  -----  ---------  --------  ----------  --------------  -------------------
/opt/airflow/dags/sec_edgar_dag.py                           1           0  0.58s           2026-02-15T22:41:02
/opt/airflow/dags/test_dag.py                                1           0  0.22s           2026-02-15T22:40:57
================================================================================
[2026-02-15T22:41:21.940+0000] {manager.py:738} INFO - Searching for files in /opt/airflow/dags
[2026-02-15T22:41:22.009+0000] {manager.py:741} INFO - There are 2 files in /opt/airflow/dags
[2026-02-15T22:41:48.295+0000] {manager.py:879} INFO - 
================================================================================
DAG File Processing Stats

File Path                           PID    Runtime      # DAGs    # Errors  Last Runtime    Last Run
----------------------------------  -----  ---------  --------  ----------  --------------  -------------------
/opt/airflow/dags/sec_edgar_dag.py                           1           0  0.59s           2026-02-15T22:41:33
/opt/airflow/dags/test_dag.py                                1           0  0.24s           2026-02-15T22:41:29
================================================================================
[2026-02-15T22:42:18.312+0000] {manager.py:879} INFO - 
================================================================================
DAG File Processing Stats

File Path                           PID    Runtime      # DAGs    # Errors  Last Runtime    Last Run
----------------------------------  -----  ---------  --------  ----------  --------------  -------------------
/opt/airflow/dags/sec_edgar_dag.py                           1           0  0.48s           2026-02-15T22:42:03
/opt/airflow/dags/test_dag.py                                1           0  0.17s           2026-02-15T22:42:00
================================================================================
[2026-02-15T22:42:48.812+0000] {manager.py:879} INFO - 
================================================================================
DAG File Processing Stats

File Path                           PID    Runtime      # DAGs    # Errors  Last Runtime    Last Run
----------------------------------  -----  ---------  --------  ----------  --------------  -------------------
/opt/airflow/dags/sec_edgar_dag.py                           1           0  0.50s           2026-02-15T22:42:34
/opt/airflow/dags/test_dag.py                                1           0  0.21s           2026-02-15T22:42:30
================================================================================
[2026-02-15T22:43:19.278+0000] {manager.py:879} INFO - 
================================================================================
DAG File Processing Stats

File Path                           PID    Runtime      # DAGs    # Errors  Last Runtime    Last Run
----------------------------------  -----  ---------  --------  ----------  --------------  -------------------
/opt/airflow/dags/sec_edgar_dag.py                           1           0  0.47s           2026-02-15T22:43:05
/opt/airflow/dags/test_dag.py                                1           0  0.18s           2026-02-15T22:43:01
================================================================================
[2026-02-15T22:43:49.766+0000] {manager.py:879} INFO - 
================================================================================
DAG File Processing Stats

File Path                           PID    Runtime      # DAGs    # Errors  Last Runtime    Last Run
----------------------------------  -----  ---------  --------  ----------  --------------  -------------------
/opt/airflow/dags/sec_edgar_dag.py                           1           0  0.50s           2026-02-15T22:43:36
/opt/airflow/dags/test_dag.py                                1           0  0.21s           2026-02-15T22:43:31
================================================================================
[2026-02-15T22:44:20.230+0000] {manager.py:879} INFO - 
================================================================================
DAG File Processing Stats

File Path                           PID    Runtime      # DAGs    # Errors  Last Runtime    Last Run
----------------------------------  -----  ---------  --------  ----------  --------------  -------------------
/opt/airflow/dags/sec_edgar_dag.py                           1           0  0.51s           2026-02-15T22:44:07
/opt/airflow/dags/test_dag.py                                1           0  0.20s           2026-02-15T22:44:02
================================================================================
[2026-02-15T22:44:50.707+0000] {manager.py:879} INFO - 
================================================================================
DAG File Processing Stats

File Path                           PID    Runtime      # DAGs    # Errors  Last Runtime    Last Run
----------------------------------  -----  ---------  --------  ----------  --------------  -------------------
/opt/airflow/dags/sec_edgar_dag.py                           1           0  0.51s           2026-02-15T22:44:38
/opt/airflow/dags/test_dag.py                                1           0  0.18s           2026-02-15T22:44:32
================================================================================
[2026-02-15T22:45:21.154+0000] {manager.py:879} INFO - 
================================================================================
DAG File Processing Stats

File Path                           PID    Runtime      # DAGs    # Errors  Last Runtime    Last Run
----------------------------------  -----  ---------  --------  ----------  --------------  -------------------
/opt/airflow/dags/sec_edgar_dag.py                           1           0  0.65s           2026-02-15T22:45:09
/opt/airflow/dags/test_dag.py                                1           0  0.17s           2026-02-15T22:45:02
================================================================================
[2026-02-15T22:45:51.587+0000] {manager.py:879} INFO - 
================================================================================
DAG File Processing Stats

File Path                           PID    Runtime      # DAGs    # Errors  Last Runtime    Last Run
----------------------------------  -----  ---------  --------  ----------  --------------  -------------------
/opt/airflow/dags/sec_edgar_dag.py                           1           0  0.51s           2026-02-15T22:45:40
/opt/airflow/dags/test_dag.py                                1           0  0.19s           2026-02-15T22:45:33
================================================================================
[2026-02-15T22:46:22.060+0000] {manager.py:738} INFO - Searching for files in /opt/airflow/dags
[2026-02-15T22:46:22.112+0000] {manager.py:741} INFO - There are 2 files in /opt/airflow/dags
[2026-02-15T22:46:22.128+0000] {manager.py:879} INFO - 
================================================================================
DAG File Processing Stats

File Path                           PID    Runtime      # DAGs    # Errors  Last Runtime    Last Run
----------------------------------  -----  ---------  --------  ----------  --------------  -------------------
/opt/airflow/dags/sec_edgar_dag.py                           1           0  0.49s           2026-02-15T22:46:11
/opt/airflow/dags/test_dag.py                                1           0  0.17s           2026-02-15T22:46:03
================================================================================
[2026-02-15T22:46:52.129+0000] {manager.py:879} INFO - 
================================================================================
DAG File Processing Stats

File Path                           PID    Runtime      # DAGs    # Errors  Last Runtime    Last Run
----------------------------------  -----  ---------  --------  ----------  --------------  -------------------
/opt/airflow/dags/sec_edgar_dag.py                           1           0  0.49s           2026-02-15T22:46:42
/opt/airflow/dags/test_dag.py                                1           0  0.17s           2026-02-15T22:46:34
================================================================================
[2026-02-15T22:47:22.256+0000] {manager.py:879} INFO - 
================================================================================
DAG File Processing Stats

File Path                           PID    Runtime      # DAGs    # Errors  Last Runtime    Last Run
----------------------------------  -----  ---------  --------  ----------  --------------  -------------------
/opt/airflow/dags/sec_edgar_dag.py                           1           0  0.53s           2026-02-15T22:47:12
/opt/airflow/dags/test_dag.py                                1           0  0.17s           2026-02-15T22:47:05
================================================================================
[2026-02-15T22:47:52.659+0000] {manager.py:879} INFO - 
================================================================================
DAG File Processing Stats

File Path                           PID    Runtime      # DAGs    # Errors  Last Runtime    Last Run
----------------------------------  -----  ---------  --------  ----------  --------------  -------------------
/opt/airflow/dags/sec_edgar_dag.py                           1           0  0.50s           2026-02-15T22:47:43
/opt/airflow/dags/test_dag.py                                1           0  0.16s           2026-02-15T22:47:35
================================================================================
[2026-02-15T22:48:23.172+0000] {manager.py:879} INFO - 
================================================================================
DAG File Processing Stats

File Path                           PID    Runtime      # DAGs    # Errors  Last Runtime    Last Run
----------------------------------  -----  ---------  --------  ----------  --------------  -------------------
/opt/airflow/dags/sec_edgar_dag.py                           1           0  0.46s           2026-02-15T22:48:14
/opt/airflow/dags/test_dag.py                                1           0  0.18s           2026-02-15T22:48:05
================================================================================
[2026-02-15T22:48:53.617+0000] {manager.py:879} INFO - 
================================================================================
DAG File Processing Stats

File Path                           PID    Runtime      # DAGs    # Errors  Last Runtime    Last Run
----------------------------------  -----  ---------  --------  ----------  --------------  -------------------
/opt/airflow/dags/sec_edgar_dag.py                           1           0  0.46s           2026-02-15T22:48:44
/opt/airflow/dags/test_dag.py                                1           0  0.18s           2026-02-15T22:48:36
================================================================================
[2026-02-15T22:49:24.046+0000] {manager.py:879} INFO - 
================================================================================
DAG File Processing Stats

File Path                           PID    Runtime      # DAGs    # Errors  Last Runtime    Last Run
----------------------------------  -----  ---------  --------  ----------  --------------  -------------------
/opt/airflow/dags/sec_edgar_dag.py                           1           0  0.49s           2026-02-15T22:49:16
/opt/airflow/dags/test_dag.py                                1           0  0.17s           2026-02-15T22:49:06
================================================================================
[2026-02-15T22:49:54.560+0000] {manager.py:879} INFO - 
================================================================================
DAG File Processing Stats

File Path                           PID    Runtime      # DAGs    # Errors  Last Runtime    Last Run
----------------------------------  -----  ---------  --------  ----------  --------------  -------------------
/opt/airflow/dags/sec_edgar_dag.py                           1           0  0.46s           2026-02-15T22:49:46
/opt/airflow/dags/test_dag.py                                1           0  0.21s           2026-02-15T22:49:37
================================================================================
[2026-02-15T22:50:25.015+0000] {manager.py:879} INFO - 
================================================================================
DAG File Processing Stats

File Path                           PID    Runtime      # DAGs    # Errors  Last Runtime    Last Run
----------------------------------  -----  ---------  --------  ----------  --------------  -------------------
/opt/airflow/dags/sec_edgar_dag.py                           1           0  0.53s           2026-02-15T22:50:18
/opt/airflow/dags/test_dag.py                                1           0  0.21s           2026-02-15T22:50:07
================================================================================
[2026-02-15T22:50:55.466+0000] {manager.py:879} INFO - 
================================================================================
DAG File Processing Stats

File Path                           PID    Runtime      # DAGs    # Errors  Last Runtime    Last Run
----------------------------------  -----  ---------  --------  ----------  --------------  -------------------
/opt/airflow/dags/sec_edgar_dag.py                           1           0  0.46s           2026-02-15T22:50:48
/opt/airflow/dags/test_dag.py                                1           0  0.17s           2026-02-15T22:50:38
================================================================================
[2026-02-15T22:51:22.224+0000] {manager.py:738} INFO - Searching for files in /opt/airflow/dags
[2026-02-15T22:51:22.277+0000] {manager.py:741} INFO - There are 2 files in /opt/airflow/dags
[2026-02-15T22:51:25.875+0000] {manager.py:879} INFO - 
================================================================================
DAG File Processing Stats

File Path                           PID    Runtime      # DAGs    # Errors  Last Runtime    Last Run
----------------------------------  -----  ---------  --------  ----------  --------------  -------------------
/opt/airflow/dags/sec_edgar_dag.py                           1           0  0.50s           2026-02-15T22:51:20
/opt/airflow/dags/test_dag.py                                1           0  0.16s           2026-02-15T22:51:08
================================================================================
[2026-02-15T22:51:56.051+0000] {manager.py:879} INFO - 
================================================================================
DAG File Processing Stats

File Path                           PID    Runtime      # DAGs    # Errors  Last Runtime    Last Run
----------------------------------  -----  ---------  --------  ----------  --------------  -------------------
/opt/airflow/dags/sec_edgar_dag.py                           1           0  0.51s           2026-02-15T22:51:51
/opt/airflow/dags/test_dag.py                                1           0  0.17s           2026-02-15T22:51:39
================================================================================
[2026-02-15T22:52:26.156+0000] {manager.py:879} INFO - 
================================================================================
DAG File Processing Stats

File Path                           PID    Runtime      # DAGs    # Errors  Last Runtime    Last Run
----------------------------------  -----  ---------  --------  ----------  --------------  -------------------
/opt/airflow/dags/sec_edgar_dag.py                           1           0  0.48s           2026-02-15T22:52:21
/opt/airflow/dags/test_dag.py                                1           0  0.17s           2026-02-15T22:52:09
================================================================================
[2026-02-15T22:52:56.596+0000] {manager.py:879} INFO - 
================================================================================
DAG File Processing Stats

File Path                           PID    Runtime      # DAGs    # Errors  Last Runtime    Last Run
----------------------------------  -----  ---------  --------  ----------  --------------  -------------------
/opt/airflow/dags/sec_edgar_dag.py                           1           0  0.52s           2026-02-15T22:52:52
/opt/airflow/dags/test_dag.py                                1           0  0.18s           2026-02-15T22:52:40
================================================================================
[2026-02-15T22:53:27.036+0000] {manager.py:879} INFO - 
================================================================================
DAG File Processing Stats

File Path                           PID    Runtime      # DAGs    # Errors  Last Runtime    Last Run
----------------------------------  -----  ---------  --------  ----------  --------------  -------------------
/opt/airflow/dags/sec_edgar_dag.py                           1           0  0.47s           2026-02-15T22:53:23
/opt/airflow/dags/test_dag.py                                1           0  0.18s           2026-02-15T22:53:10
================================================================================
[2026-02-15T22:53:57.473+0000] {manager.py:879} INFO - 
================================================================================
DAG File Processing Stats

File Path                           PID    Runtime      # DAGs    # Errors  Last Runtime    Last Run
----------------------------------  -----  ---------  --------  ----------  --------------  -------------------
/opt/airflow/dags/sec_edgar_dag.py                           1           0  0.48s           2026-02-15T22:53:54
/opt/airflow/dags/test_dag.py                                1           0  0.17s           2026-02-15T22:53:41
================================================================================
[2026-02-15T22:54:27.950+0000] {manager.py:879} INFO - 
================================================================================
DAG File Processing Stats

File Path                           PID    Runtime      # DAGs    # Errors  Last Runtime    Last Run
----------------------------------  -----  ---------  --------  ----------  --------------  -------------------
/opt/airflow/dags/sec_edgar_dag.py                           1           0  0.48s           2026-02-15T22:54:25
/opt/airflow/dags/test_dag.py                                1           0  0.18s           2026-02-15T22:54:11
================================================================================
[2026-02-15T22:54:58.402+0000] {manager.py:879} INFO - 
================================================================================
DAG File Processing Stats

File Path                           PID    Runtime      # DAGs    # Errors  Last Runtime    Last Run
----------------------------------  -----  ---------  --------  ----------  --------------  -------------------
/opt/airflow/dags/sec_edgar_dag.py                           1           0  0.45s           2026-02-15T22:54:56
/opt/airflow/dags/test_dag.py                                1           0  0.20s           2026-02-15T22:54:42
================================================================================
[2026-02-15T22:55:28.848+0000] {manager.py:879} INFO - 
================================================================================
DAG File Processing Stats

File Path                           PID    Runtime      # DAGs    # Errors  Last Runtime    Last Run
----------------------------------  -----  ---------  --------  ----------  --------------  -------------------
/opt/airflow/dags/sec_edgar_dag.py                           1           0  0.48s           2026-02-15T22:55:27
/opt/airflow/dags/test_dag.py                                1           0  0.19s           2026-02-15T22:55:12
================================================================================
[2026-02-15T22:55:59.263+0000] {manager.py:879} INFO - 
================================================================================
DAG File Processing Stats

File Path                           PID    Runtime      # DAGs    # Errors  Last Runtime    Last Run
----------------------------------  -----  ---------  --------  ----------  --------------  -------------------
/opt/airflow/dags/sec_edgar_dag.py                           1           0  0.50s           2026-02-15T22:55:58
/opt/airflow/dags/test_dag.py                                1           0  0.17s           2026-02-15T22:55:43
================================================================================
[2026-02-15T22:56:22.454+0000] {manager.py:738} INFO - Searching for files in /opt/airflow/dags
[2026-02-15T22:56:22.506+0000] {manager.py:741} INFO - There are 2 files in /opt/airflow/dags
[2026-02-15T22:56:29.717+0000] {manager.py:879} INFO - 
================================================================================
DAG File Processing Stats

File Path                           PID    Runtime      # DAGs    # Errors  Last Runtime    Last Run
----------------------------------  -----  ---------  --------  ----------  --------------  -------------------
/opt/airflow/dags/sec_edgar_dag.py                           1           0  0.50s           2026-02-15T22:56:29
/opt/airflow/dags/test_dag.py                                1           0  0.19s           2026-02-15T22:56:13
================================================================================
[2026-02-15T22:56:59.861+0000] {manager.py:879} INFO - 
================================================================================
DAG File Processing Stats

File Path                             PID  Runtime      # DAGs    # Errors  Last Runtime    Last Run
----------------------------------  -----  ---------  --------  ----------  --------------  -------------------
/opt/airflow/dags/sec_edgar_dag.py  12045  0.01s             1           0  0.50s           2026-02-15T22:56:29
/opt/airflow/dags/test_dag.py                                1           0  0.15s           2026-02-15T22:56:43
================================================================================
[2026-02-15T22:57:30.225+0000] {manager.py:879} INFO - 
================================================================================
DAG File Processing Stats

File Path                           PID    Runtime      # DAGs    # Errors  Last Runtime    Last Run
----------------------------------  -----  ---------  --------  ----------  --------------  -------------------
/opt/airflow/dags/sec_edgar_dag.py                           1           0  0.51s           2026-02-15T22:57:00
/opt/airflow/dags/test_dag.py                                1           0  0.17s           2026-02-15T22:57:14
================================================================================
[2026-02-15T22:58:00.688+0000] {manager.py:879} INFO - 
================================================================================
DAG File Processing Stats

File Path                           PID    Runtime      # DAGs    # Errors  Last Runtime    Last Run
----------------------------------  -----  ---------  --------  ----------  --------------  -------------------
/opt/airflow/dags/sec_edgar_dag.py                           1           0  0.48s           2026-02-15T22:57:30
/opt/airflow/dags/test_dag.py                                1           0  0.18s           2026-02-15T22:57:44
================================================================================
[2026-02-15T22:58:31.147+0000] {manager.py:879} INFO - 
================================================================================
DAG File Processing Stats

File Path                           PID    Runtime      # DAGs    # Errors  Last Runtime    Last Run
----------------------------------  -----  ---------  --------  ----------  --------------  -------------------
/opt/airflow/dags/sec_edgar_dag.py                           1           0  0.53s           2026-02-15T22:58:02
/opt/airflow/dags/test_dag.py                                1           0  0.26s           2026-02-15T22:58:15
================================================================================
[2026-02-15T22:59:01.647+0000] {manager.py:879} INFO - 
================================================================================
DAG File Processing Stats

File Path                           PID    Runtime      # DAGs    # Errors  Last Runtime    Last Run
----------------------------------  -----  ---------  --------  ----------  --------------  -------------------
/opt/airflow/dags/sec_edgar_dag.py                           1           0  0.49s           2026-02-15T22:58:32
/opt/airflow/dags/test_dag.py                                1           0  0.17s           2026-02-15T22:58:45
================================================================================
[2026-02-15T22:59:32.061+0000] {manager.py:879} INFO - 
================================================================================
DAG File Processing Stats

File Path                           PID    Runtime      # DAGs    # Errors  Last Runtime    Last Run
----------------------------------  -----  ---------  --------  ----------  --------------  -------------------
/opt/airflow/dags/sec_edgar_dag.py                           1           0  0.51s           2026-02-15T22:59:04
/opt/airflow/dags/test_dag.py                                1           0  0.18s           2026-02-15T22:59:16
================================================================================
[2026-02-15T23:00:02.543+0000] {manager.py:879} INFO - 
================================================================================
DAG File Processing Stats

File Path                           PID    Runtime      # DAGs    # Errors  Last Runtime    Last Run
----------------------------------  -----  ---------  --------  ----------  --------------  -------------------
/opt/airflow/dags/sec_edgar_dag.py                           1           0  0.48s           2026-02-15T22:59:34
/opt/airflow/dags/test_dag.py                                1           0  0.18s           2026-02-15T22:59:46
================================================================================
[2026-02-15T23:00:32.989+0000] {manager.py:879} INFO - 
================================================================================
DAG File Processing Stats

File Path                           PID    Runtime      # DAGs    # Errors  Last Runtime    Last Run
----------------------------------  -----  ---------  --------  ----------  --------------  -------------------
/opt/airflow/dags/sec_edgar_dag.py                           1           0  0.47s           2026-02-15T23:00:06
/opt/airflow/dags/test_dag.py                                1           0  0.18s           2026-02-15T23:00:17
================================================================================
[2026-02-15T23:01:03.429+0000] {manager.py:879} INFO - 
================================================================================
DAG File Processing Stats

File Path                           PID    Runtime      # DAGs    # Errors  Last Runtime    Last Run
----------------------------------  -----  ---------  --------  ----------  --------------  -------------------
/opt/airflow/dags/sec_edgar_dag.py                           1           0  0.50s           2026-02-15T23:00:36
/opt/airflow/dags/test_dag.py                                1           0  0.19s           2026-02-15T23:00:47
================================================================================
[2026-02-15T23:01:22.773+0000] {manager.py:738} INFO - Searching for files in /opt/airflow/dags
[2026-02-15T23:01:22.873+0000] {manager.py:741} INFO - There are 2 files in /opt/airflow/dags
[2026-02-15T23:01:33.982+0000] {manager.py:879} INFO - 
================================================================================
DAG File Processing Stats

File Path                           PID    Runtime      # DAGs    # Errors  Last Runtime    Last Run
----------------------------------  -----  ---------  --------  ----------  --------------  -------------------
/opt/airflow/dags/sec_edgar_dag.py                           1           0  0.48s           2026-02-15T23:01:07
/opt/airflow/dags/test_dag.py                                1           0  0.20s           2026-02-15T23:01:17
================================================================================
[2026-02-15T23:02:04.249+0000] {manager.py:879} INFO - 
================================================================================
DAG File Processing Stats

File Path                           PID    Runtime      # DAGs    # Errors  Last Runtime    Last Run
----------------------------------  -----  ---------  --------  ----------  --------------  -------------------
/opt/airflow/dags/sec_edgar_dag.py                           1           0  0.48s           2026-02-15T23:01:38
/opt/airflow/dags/test_dag.py                                1           0  0.21s           2026-02-15T23:01:48
================================================================================
[2026-02-15T23:02:34.700+0000] {manager.py:879} INFO - 
================================================================================
DAG File Processing Stats

File Path                           PID    Runtime      # DAGs    # Errors  Last Runtime    Last Run
----------------------------------  -----  ---------  --------  ----------  --------------  -------------------
/opt/airflow/dags/sec_edgar_dag.py                           1           0  0.54s           2026-02-15T23:02:09
/opt/airflow/dags/test_dag.py                                1           0  0.17s           2026-02-15T23:02:18
================================================================================
[2026-02-15T23:03:05.155+0000] {manager.py:879} INFO - 
================================================================================
DAG File Processing Stats

File Path                           PID    Runtime      # DAGs    # Errors  Last Runtime    Last Run
----------------------------------  -----  ---------  --------  ----------  --------------  -------------------
/opt/airflow/dags/sec_edgar_dag.py                           1           0  0.51s           2026-02-15T23:02:40
/opt/airflow/dags/test_dag.py                                1           0  0.19s           2026-02-15T23:02:49
================================================================================
[2026-02-15T23:03:35.654+0000] {manager.py:879} INFO - 
================================================================================
DAG File Processing Stats

File Path                           PID    Runtime      # DAGs    # Errors  Last Runtime    Last Run
----------------------------------  -----  ---------  --------  ----------  --------------  -------------------
/opt/airflow/dags/sec_edgar_dag.py                           1           0  0.51s           2026-02-15T23:03:11
/opt/airflow/dags/test_dag.py                                1           0  0.18s           2026-02-15T23:03:19
================================================================================
[2026-02-15T23:04:06.075+0000] {manager.py:879} INFO - 
================================================================================
DAG File Processing Stats

File Path                           PID    Runtime      # DAGs    # Errors  Last Runtime    Last Run
----------------------------------  -----  ---------  --------  ----------  --------------  -------------------
/opt/airflow/dags/sec_edgar_dag.py                           1           0  0.53s           2026-02-15T23:03:42
/opt/airflow/dags/test_dag.py                                1           0  0.19s           2026-02-15T23:03:50
================================================================================
[2026-02-15T23:04:36.539+0000] {manager.py:879} INFO - 
================================================================================
DAG File Processing Stats

File Path                           PID    Runtime      # DAGs    # Errors  Last Runtime    Last Run
----------------------------------  -----  ---------  --------  ----------  --------------  -------------------
/opt/airflow/dags/sec_edgar_dag.py                           1           0  0.51s           2026-02-15T23:04:13
/opt/airflow/dags/test_dag.py                                1           0  0.18s           2026-02-15T23:04:20
================================================================================
[2026-02-15T23:05:06.986+0000] {manager.py:879} INFO - 
================================================================================
DAG File Processing Stats

File Path                           PID    Runtime      # DAGs    # Errors  Last Runtime    Last Run
----------------------------------  -----  ---------  --------  ----------  --------------  -------------------
/opt/airflow/dags/sec_edgar_dag.py                           1           0  0.50s           2026-02-15T23:04:44
/opt/airflow/dags/test_dag.py                                1           0  0.19s           2026-02-15T23:04:51
================================================================================
[2026-02-15T23:05:37.453+0000] {manager.py:879} INFO - 
================================================================================
DAG File Processing Stats

File Path                           PID    Runtime      # DAGs    # Errors  Last Runtime    Last Run
----------------------------------  -----  ---------  --------  ----------  --------------  -------------------
/opt/airflow/dags/sec_edgar_dag.py                           1           0  0.72s           2026-02-15T23:05:15
/opt/airflow/dags/test_dag.py                                1           0  0.19s           2026-02-15T23:05:21
================================================================================
[2026-02-15T23:06:07.966+0000] {manager.py:879} INFO - 
================================================================================
DAG File Processing Stats

File Path                           PID    Runtime      # DAGs    # Errors  Last Runtime    Last Run
----------------------------------  -----  ---------  --------  ----------  --------------  -------------------
/opt/airflow/dags/sec_edgar_dag.py                           1           0  0.50s           2026-02-15T23:05:47
/opt/airflow/dags/test_dag.py                                1           0  0.19s           2026-02-15T23:05:51
================================================================================
[2026-02-15T23:06:23.329+0000] {manager.py:738} INFO - Searching for files in /opt/airflow/dags
[2026-02-15T23:06:23.378+0000] {manager.py:741} INFO - There are 2 files in /opt/airflow/dags
[2026-02-15T23:06:39.443+0000] {manager.py:879} INFO - 
================================================================================
DAG File Processing Stats

File Path                           PID    Runtime      # DAGs    # Errors  Last Runtime    Last Run
----------------------------------  -----  ---------  --------  ----------  --------------  -------------------
/opt/airflow/dags/sec_edgar_dag.py                           1           0  0.48s           2026-02-15T23:06:17
/opt/airflow/dags/test_dag.py                                1           0  0.18s           2026-02-15T23:06:22
================================================================================
[2026-02-15T23:07:09.749+0000] {manager.py:879} INFO - 
================================================================================
DAG File Processing Stats

File Path                           PID    Runtime      # DAGs    # Errors  Last Runtime    Last Run
----------------------------------  -----  ---------  --------  ----------  --------------  -------------------
/opt/airflow/dags/sec_edgar_dag.py                           1           0  0.47s           2026-02-15T23:06:49
/opt/airflow/dags/test_dag.py                                1           0  0.19s           2026-02-15T23:06:52
================================================================================
[2026-02-15T23:07:40.187+0000] {manager.py:879} INFO - 
================================================================================
DAG File Processing Stats

File Path                           PID    Runtime      # DAGs    # Errors  Last Runtime    Last Run
----------------------------------  -----  ---------  --------  ----------  --------------  -------------------
/opt/airflow/dags/sec_edgar_dag.py                           1           0  0.48s           2026-02-15T23:07:20
/opt/airflow/dags/test_dag.py                                1           0  0.17s           2026-02-15T23:07:23
================================================================================
[2026-02-15T23:08:10.660+0000] {manager.py:879} INFO - 
================================================================================
DAG File Processing Stats

File Path                           PID    Runtime      # DAGs    # Errors  Last Runtime    Last Run
----------------------------------  -----  ---------  --------  ----------  --------------  -------------------
/opt/airflow/dags/sec_edgar_dag.py                           1           0  0.45s           2026-02-15T23:07:50
/opt/airflow/dags/test_dag.py                                1           0  0.17s           2026-02-15T23:07:53
================================================================================
[2026-02-15T23:08:41.067+0000] {manager.py:879} INFO - 
================================================================================
DAG File Processing Stats

File Path                           PID    Runtime      # DAGs    # Errors  Last Runtime    Last Run
----------------------------------  -----  ---------  --------  ----------  --------------  -------------------
/opt/airflow/dags/sec_edgar_dag.py                           1           0  0.52s           2026-02-15T23:08:22
/opt/airflow/dags/test_dag.py                                1           0  0.17s           2026-02-15T23:08:24
================================================================================
[2026-02-15T23:09:11.523+0000] {manager.py:879} INFO - 
================================================================================
DAG File Processing Stats

File Path                           PID    Runtime      # DAGs    # Errors  Last Runtime    Last Run
----------------------------------  -----  ---------  --------  ----------  --------------  -------------------
/opt/airflow/dags/sec_edgar_dag.py                           1           0  0.48s           2026-02-15T23:08:52
/opt/airflow/dags/test_dag.py                                1           0  0.17s           2026-02-15T23:08:54
================================================================================
[2026-02-15T23:09:41.911+0000] {manager.py:879} INFO - 
================================================================================
DAG File Processing Stats

File Path                           PID    Runtime      # DAGs    # Errors  Last Runtime    Last Run
----------------------------------  -----  ---------  --------  ----------  --------------  -------------------
/opt/airflow/dags/sec_edgar_dag.py                           1           0  0.57s           2026-02-15T23:09:24
/opt/airflow/dags/test_dag.py                                1           0  0.19s           2026-02-15T23:09:24
================================================================================
[2026-02-15T23:10:12.405+0000] {manager.py:879} INFO - 
================================================================================
DAG File Processing Stats

File Path                           PID    Runtime      # DAGs    # Errors  Last Runtime    Last Run
----------------------------------  -----  ---------  --------  ----------  --------------  -------------------
/opt/airflow/dags/sec_edgar_dag.py                           1           0  0.47s           2026-02-15T23:09:55
/opt/airflow/dags/test_dag.py                                1           0  0.16s           2026-02-15T23:09:55
================================================================================
[2026-02-15T23:10:42.854+0000] {manager.py:879} INFO - 
================================================================================
DAG File Processing Stats

File Path                           PID    Runtime      # DAGs    # Errors  Last Runtime    Last Run
----------------------------------  -----  ---------  --------  ----------  --------------  -------------------
/opt/airflow/dags/sec_edgar_dag.py                           1           0  0.50s           2026-02-15T23:10:26
/opt/airflow/dags/test_dag.py                                1           0  0.18s           2026-02-15T23:10:25
================================================================================
[2026-02-15T23:11:13.298+0000] {manager.py:879} INFO - 
================================================================================
DAG File Processing Stats

File Path                           PID    Runtime      # DAGs    # Errors  Last Runtime    Last Run
----------------------------------  -----  ---------  --------  ----------  --------------  -------------------
/opt/airflow/dags/sec_edgar_dag.py                           1           0  0.48s           2026-02-15T23:10:57
/opt/airflow/dags/test_dag.py                                1           0  0.18s           2026-02-15T23:10:56
================================================================================
[2026-02-15T23:11:23.376+0000] {manager.py:738} INFO - Searching for files in /opt/airflow/dags
[2026-02-15T23:11:23.445+0000] {manager.py:741} INFO - There are 2 files in /opt/airflow/dags
[2026-02-15T23:11:43.934+0000] {manager.py:879} INFO - 
================================================================================
DAG File Processing Stats

File Path                           PID    Runtime      # DAGs    # Errors  Last Runtime    Last Run
----------------------------------  -----  ---------  --------  ----------  --------------  -------------------
/opt/airflow/dags/sec_edgar_dag.py                           1           0  0.50s           2026-02-15T23:11:28
/opt/airflow/dags/test_dag.py                                1           0  0.17s           2026-02-15T23:11:26
================================================================================
[2026-02-15T23:12:14.366+0000] {manager.py:879} INFO - 
================================================================================
DAG File Processing Stats

File Path                           PID    Runtime      # DAGs    # Errors  Last Runtime    Last Run
----------------------------------  -----  ---------  --------  ----------  --------------  -------------------
/opt/airflow/dags/sec_edgar_dag.py                           1           0  0.52s           2026-02-15T23:11:58
/opt/airflow/dags/test_dag.py                                1           0  0.18s           2026-02-15T23:11:57
================================================================================
[2026-02-15T23:12:44.817+0000] {manager.py:879} INFO - 
================================================================================
DAG File Processing Stats

File Path                           PID    Runtime      # DAGs    # Errors  Last Runtime    Last Run
----------------------------------  -----  ---------  --------  ----------  --------------  -------------------
/opt/airflow/dags/sec_edgar_dag.py                           1           0  0.48s           2026-02-15T23:12:29
/opt/airflow/dags/test_dag.py                                1           0  0.18s           2026-02-15T23:12:27
================================================================================
[2026-02-15T23:13:15.305+0000] {manager.py:879} INFO - 
================================================================================
DAG File Processing Stats

File Path                           PID    Runtime      # DAGs    # Errors  Last Runtime    Last Run
----------------------------------  -----  ---------  --------  ----------  --------------  -------------------
/opt/airflow/dags/sec_edgar_dag.py                           1           0  0.48s           2026-02-15T23:13:00
/opt/airflow/dags/test_dag.py                                1           0  0.22s           2026-02-15T23:12:58
================================================================================
[2026-02-15T23:13:45.752+0000] {manager.py:879} INFO - 
================================================================================
DAG File Processing Stats

File Path                           PID    Runtime      # DAGs    # Errors  Last Runtime    Last Run
----------------------------------  -----  ---------  --------  ----------  --------------  -------------------
/opt/airflow/dags/sec_edgar_dag.py                           1           0  0.54s           2026-02-15T23:13:31
/opt/airflow/dags/test_dag.py                                1           0  0.18s           2026-02-15T23:13:28
================================================================================
[2026-02-15T23:14:16.170+0000] {manager.py:879} INFO - 
================================================================================
DAG File Processing Stats

File Path                           PID    Runtime      # DAGs    # Errors  Last Runtime    Last Run
----------------------------------  -----  ---------  --------  ----------  --------------  -------------------
/opt/airflow/dags/sec_edgar_dag.py                           1           0  0.45s           2026-02-15T23:14:02
/opt/airflow/dags/test_dag.py                                1           0  0.17s           2026-02-15T23:13:59
================================================================================
[2026-02-15T23:14:46.342+0000] {manager.py:879} INFO - 
================================================================================
DAG File Processing Stats

File Path                           PID    Runtime      # DAGs    # Errors  Last Runtime    Last Run
----------------------------------  -----  ---------  --------  ----------  --------------  -------------------
/opt/airflow/dags/sec_edgar_dag.py                           1           0  0.54s           2026-02-15T23:14:33
/opt/airflow/dags/test_dag.py                                1           0  0.17s           2026-02-15T23:14:29
================================================================================
[2026-02-15T23:15:16.398+0000] {manager.py:879} INFO - 
================================================================================
DAG File Processing Stats

File Path                           PID    Runtime      # DAGs    # Errors  Last Runtime    Last Run
----------------------------------  -----  ---------  --------  ----------  --------------  -------------------
/opt/airflow/dags/sec_edgar_dag.py                           1           0  0.50s           2026-02-15T23:15:04
/opt/airflow/dags/test_dag.py                                1           0  0.17s           2026-02-15T23:14:59
================================================================================
[2026-02-15T23:15:46.545+0000] {manager.py:879} INFO - 
================================================================================
DAG File Processing Stats

File Path                           PID    Runtime      # DAGs    # Errors  Last Runtime    Last Run
----------------------------------  -----  ---------  --------  ----------  --------------  -------------------
/opt/airflow/dags/sec_edgar_dag.py                           1           0  0.49s           2026-02-15T23:15:34
/opt/airflow/dags/test_dag.py                                1           0  0.22s           2026-02-15T23:15:30
================================================================================
[2026-02-15T23:16:17.047+0000] {manager.py:879} INFO - 
================================================================================
DAG File Processing Stats

File Path                           PID    Runtime      # DAGs    # Errors  Last Runtime    Last Run
----------------------------------  -----  ---------  --------  ----------  --------------  -------------------
/opt/airflow/dags/sec_edgar_dag.py                           1           0  0.53s           2026-02-15T23:16:06
/opt/airflow/dags/test_dag.py                                1           0  0.20s           2026-02-15T23:16:00
================================================================================
[2026-02-15T23:16:23.407+0000] {manager.py:738} INFO - Searching for files in /opt/airflow/dags
[2026-02-15T23:16:23.456+0000] {manager.py:741} INFO - There are 2 files in /opt/airflow/dags
[2026-02-15T23:16:47.929+0000] {manager.py:879} INFO - 
================================================================================
DAG File Processing Stats

File Path                           PID    Runtime      # DAGs    # Errors  Last Runtime    Last Run
----------------------------------  -----  ---------  --------  ----------  --------------  -------------------
/opt/airflow/dags/sec_edgar_dag.py                           1           0  0.48s           2026-02-15T23:16:36
/opt/airflow/dags/test_dag.py                                1           0  0.18s           2026-02-15T23:16:31
================================================================================
[2026-02-15T23:17:18.410+0000] {manager.py:879} INFO - 
================================================================================
DAG File Processing Stats

File Path                           PID    Runtime      # DAGs    # Errors  Last Runtime    Last Run
----------------------------------  -----  ---------  --------  ----------  --------------  -------------------
/opt/airflow/dags/sec_edgar_dag.py                           1           0  0.47s           2026-02-15T23:17:07
/opt/airflow/dags/test_dag.py                                1           0  0.17s           2026-02-15T23:17:02
================================================================================
[2026-02-15T23:17:48.920+0000] {manager.py:879} INFO - 
================================================================================
DAG File Processing Stats

File Path                           PID    Runtime      # DAGs    # Errors  Last Runtime    Last Run
----------------------------------  -----  ---------  --------  ----------  --------------  -------------------
/opt/airflow/dags/sec_edgar_dag.py                           1           0  0.51s           2026-02-15T23:17:38
/opt/airflow/dags/test_dag.py                                1           0  0.19s           2026-02-15T23:17:32
================================================================================
[2026-02-15T23:18:19.351+0000] {manager.py:879} INFO - 
================================================================================
DAG File Processing Stats

File Path                           PID    Runtime      # DAGs    # Errors  Last Runtime    Last Run
----------------------------------  -----  ---------  --------  ----------  --------------  -------------------
/opt/airflow/dags/sec_edgar_dag.py                           1           0  0.61s           2026-02-15T23:18:09
/opt/airflow/dags/test_dag.py                                1           0  0.19s           2026-02-15T23:18:03
================================================================================
[2026-02-15T23:18:49.767+0000] {manager.py:879} INFO - 
================================================================================
DAG File Processing Stats

File Path                           PID    Runtime      # DAGs    # Errors  Last Runtime    Last Run
----------------------------------  -----  ---------  --------  ----------  --------------  -------------------
/opt/airflow/dags/sec_edgar_dag.py                           1           0  0.51s           2026-02-15T23:18:41
/opt/airflow/dags/test_dag.py                                1           0  0.17s           2026-02-15T23:18:33
================================================================================
[2026-02-15T23:19:19.849+0000] {manager.py:879} INFO - 
================================================================================
DAG File Processing Stats

File Path                           PID    Runtime      # DAGs    # Errors  Last Runtime    Last Run
----------------------------------  -----  ---------  --------  ----------  --------------  -------------------
/opt/airflow/dags/sec_edgar_dag.py                           1           0  0.58s           2026-02-15T23:19:11
/opt/airflow/dags/test_dag.py                                1           0  0.19s           2026-02-15T23:19:04
================================================================================
[2026-02-15T23:19:50.051+0000] {manager.py:879} INFO - 
================================================================================
DAG File Processing Stats

File Path                           PID    Runtime      # DAGs    # Errors  Last Runtime    Last Run
----------------------------------  -----  ---------  --------  ----------  --------------  -------------------
/opt/airflow/dags/sec_edgar_dag.py                           1           0  0.49s           2026-02-15T23:19:42
/opt/airflow/dags/test_dag.py                                1           0  0.17s           2026-02-15T23:19:34
================================================================================
[2026-02-15T23:20:20.186+0000] {manager.py:879} INFO - 
================================================================================
DAG File Processing Stats

File Path                           PID    Runtime      # DAGs    # Errors  Last Runtime    Last Run
----------------------------------  -----  ---------  --------  ----------  --------------  -------------------
/opt/airflow/dags/sec_edgar_dag.py                           1           0  0.52s           2026-02-15T23:20:13
/opt/airflow/dags/test_dag.py                                1           0  0.20s           2026-02-15T23:20:05
================================================================================
[2026-02-15T23:20:50.615+0000] {manager.py:879} INFO - 
================================================================================
DAG File Processing Stats

File Path                           PID    Runtime      # DAGs    # Errors  Last Runtime    Last Run
----------------------------------  -----  ---------  --------  ----------  --------------  -------------------
/opt/airflow/dags/sec_edgar_dag.py                           1           0  0.53s           2026-02-15T23:20:44
/opt/airflow/dags/test_dag.py                                1           0  0.18s           2026-02-15T23:20:35
================================================================================
[2026-02-15T23:21:20.719+0000] {manager.py:879} INFO - 
================================================================================
DAG File Processing Stats

File Path                           PID    Runtime      # DAGs    # Errors  Last Runtime    Last Run
----------------------------------  -----  ---------  --------  ----------  --------------  -------------------
/opt/airflow/dags/sec_edgar_dag.py                           1           0  0.67s           2026-02-15T23:21:15
/opt/airflow/dags/test_dag.py                                1           0  0.17s           2026-02-15T23:21:05
================================================================================
[2026-02-15T23:21:23.739+0000] {manager.py:738} INFO - Searching for files in /opt/airflow/dags
[2026-02-15T23:21:23.801+0000] {manager.py:741} INFO - There are 2 files in /opt/airflow/dags
[2026-02-15T23:21:50.981+0000] {manager.py:879} INFO - 
================================================================================
DAG File Processing Stats

File Path                           PID    Runtime      # DAGs    # Errors  Last Runtime    Last Run
----------------------------------  -----  ---------  --------  ----------  --------------  -------------------
/opt/airflow/dags/sec_edgar_dag.py                           1           0  0.51s           2026-02-15T23:21:46
/opt/airflow/dags/test_dag.py                                1           0  0.16s           2026-02-15T23:21:36
================================================================================
[2026-02-15T23:22:21.306+0000] {manager.py:879} INFO - 
================================================================================
DAG File Processing Stats

File Path                           PID    Runtime      # DAGs    # Errors  Last Runtime    Last Run
----------------------------------  -----  ---------  --------  ----------  --------------  -------------------
/opt/airflow/dags/sec_edgar_dag.py                           1           0  0.56s           2026-02-15T23:22:17
/opt/airflow/dags/test_dag.py                                1           0  0.16s           2026-02-15T23:22:06
================================================================================
[2026-02-15T23:22:51.637+0000] {manager.py:879} INFO - 
================================================================================
DAG File Processing Stats

File Path                           PID    Runtime      # DAGs    # Errors  Last Runtime    Last Run
----------------------------------  -----  ---------  --------  ----------  --------------  -------------------
/opt/airflow/dags/sec_edgar_dag.py                           1           0  0.49s           2026-02-15T23:22:48
/opt/airflow/dags/test_dag.py                                1           0  0.17s           2026-02-15T23:22:37
================================================================================
[2026-02-15T23:23:21.829+0000] {manager.py:879} INFO - 
================================================================================
DAG File Processing Stats

File Path                           PID    Runtime      # DAGs    # Errors  Last Runtime    Last Run
----------------------------------  -----  ---------  --------  ----------  --------------  -------------------
/opt/airflow/dags/sec_edgar_dag.py                           1           0  0.53s           2026-02-15T23:23:19
/opt/airflow/dags/test_dag.py                                1           0  0.19s           2026-02-15T23:23:07
================================================================================
[2026-02-15T23:23:52.304+0000] {manager.py:879} INFO - 
================================================================================
DAG File Processing Stats

File Path                           PID    Runtime      # DAGs    # Errors  Last Runtime    Last Run
----------------------------------  -----  ---------  --------  ----------  --------------  -------------------
/opt/airflow/dags/sec_edgar_dag.py                           1           0  0.51s           2026-02-15T23:23:49
/opt/airflow/dags/test_dag.py                                1           0  0.17s           2026-02-15T23:23:38
================================================================================
[2026-02-15T23:24:22.729+0000] {manager.py:879} INFO - 
================================================================================
DAG File Processing Stats

File Path                           PID    Runtime      # DAGs    # Errors  Last Runtime    Last Run
----------------------------------  -----  ---------  --------  ----------  --------------  -------------------
/opt/airflow/dags/sec_edgar_dag.py                           1           0  0.67s           2026-02-15T23:24:21
/opt/airflow/dags/test_dag.py                                1           0  0.18s           2026-02-15T23:24:08
================================================================================
[2026-02-15T23:24:53.170+0000] {manager.py:879} INFO - 
================================================================================
DAG File Processing Stats

File Path                           PID    Runtime      # DAGs    # Errors  Last Runtime    Last Run
----------------------------------  -----  ---------  --------  ----------  --------------  -------------------
/opt/airflow/dags/sec_edgar_dag.py                           1           0  0.48s           2026-02-15T23:24:52
/opt/airflow/dags/test_dag.py                                1           0  0.19s           2026-02-15T23:24:39
================================================================================
[2026-02-15T23:25:23.639+0000] {manager.py:879} INFO - 
================================================================================
DAG File Processing Stats

File Path                           PID    Runtime      # DAGs    # Errors  Last Runtime    Last Run
----------------------------------  -----  ---------  --------  ----------  --------------  -------------------
/opt/airflow/dags/sec_edgar_dag.py                           1           0  0.51s           2026-02-15T23:25:23
/opt/airflow/dags/test_dag.py                                1           0  0.16s           2026-02-15T23:25:09
================================================================================
[2026-02-15T23:25:53.926+0000] {manager.py:879} INFO - 
================================================================================
DAG File Processing Stats

File Path                             PID  Runtime      # DAGs    # Errors  Last Runtime    Last Run
----------------------------------  -----  ---------  --------  ----------  --------------  -------------------
/opt/airflow/dags/sec_edgar_dag.py  12963  0.01s             1           0  0.51s           2026-02-15T23:25:23
/opt/airflow/dags/test_dag.py                                1           0  0.16s           2026-02-15T23:25:39
================================================================================
[2026-02-15T23:26:24.376+0000] {manager.py:738} INFO - Searching for files in /opt/airflow/dags
[2026-02-15T23:26:24.426+0000] {manager.py:741} INFO - There are 2 files in /opt/airflow/dags
[2026-02-15T23:26:24.466+0000] {manager.py:879} INFO - 
================================================================================
DAG File Processing Stats

File Path                             PID  Runtime      # DAGs    # Errors  Last Runtime    Last Run
----------------------------------  -----  ---------  --------  ----------  --------------  -------------------
/opt/airflow/dags/sec_edgar_dag.py  12979  0.01s             1           0  0.50s           2026-02-15T23:25:54
/opt/airflow/dags/test_dag.py                                1           0  0.21s           2026-02-15T23:26:10
================================================================================
[2026-02-15T23:26:55.265+0000] {manager.py:879} INFO - 
================================================================================
DAG File Processing Stats

File Path                             PID  Runtime      # DAGs    # Errors  Last Runtime    Last Run
----------------------------------  -----  ---------  --------  ----------  --------------  -------------------
/opt/airflow/dags/sec_edgar_dag.py  12994  0.01s             1           0  0.45s           2026-02-15T23:26:24
/opt/airflow/dags/test_dag.py                                1           0  0.18s           2026-02-15T23:26:40
================================================================================
[2026-02-15T23:27:25.268+0000] {manager.py:879} INFO - 
================================================================================
DAG File Processing Stats

File Path                           PID    Runtime      # DAGs    # Errors  Last Runtime    Last Run
----------------------------------  -----  ---------  --------  ----------  --------------  -------------------
/opt/airflow/dags/sec_edgar_dag.py                           1           0  0.52s           2026-02-15T23:26:55
/opt/airflow/dags/test_dag.py                                1           0  0.23s           2026-02-15T23:27:11
================================================================================
[2026-02-15T23:27:55.528+0000] {manager.py:879} INFO - 
================================================================================
DAG File Processing Stats

File Path                           PID    Runtime      # DAGs    # Errors  Last Runtime    Last Run
----------------------------------  -----  ---------  --------  ----------  --------------  -------------------
/opt/airflow/dags/sec_edgar_dag.py                           1           0  0.51s           2026-02-15T23:27:26
/opt/airflow/dags/test_dag.py                                1           0  0.19s           2026-02-15T23:27:41
================================================================================
[2026-02-15T23:28:26.039+0000] {manager.py:879} INFO - 
================================================================================
DAG File Processing Stats

File Path                           PID    Runtime      # DAGs    # Errors  Last Runtime    Last Run
----------------------------------  -----  ---------  --------  ----------  --------------  -------------------
/opt/airflow/dags/sec_edgar_dag.py                           1           0  0.53s           2026-02-15T23:27:57
/opt/airflow/dags/test_dag.py                                1           0  0.19s           2026-02-15T23:28:12
================================================================================
[2026-02-15T23:28:56.531+0000] {manager.py:879} INFO - 
================================================================================
DAG File Processing Stats

File Path                           PID    Runtime      # DAGs    # Errors  Last Runtime    Last Run
----------------------------------  -----  ---------  --------  ----------  --------------  -------------------
/opt/airflow/dags/sec_edgar_dag.py                           1           0  0.51s           2026-02-15T23:28:28
/opt/airflow/dags/test_dag.py                                1           0  0.20s           2026-02-15T23:28:42
================================================================================
[2026-02-15T23:29:27.031+0000] {manager.py:879} INFO - 
================================================================================
DAG File Processing Stats

File Path                           PID    Runtime      # DAGs    # Errors  Last Runtime    Last Run
----------------------------------  -----  ---------  --------  ----------  --------------  -------------------
/opt/airflow/dags/sec_edgar_dag.py                           1           0  0.58s           2026-02-15T23:28:59
/opt/airflow/dags/test_dag.py                                1           0  0.22s           2026-02-15T23:29:13
================================================================================
[2026-02-15T23:29:57.418+0000] {manager.py:879} INFO - 
================================================================================
DAG File Processing Stats

File Path                           PID    Runtime      # DAGs    # Errors  Last Runtime    Last Run
----------------------------------  -----  ---------  --------  ----------  --------------  -------------------
/opt/airflow/dags/sec_edgar_dag.py                           1           0  0.55s           2026-02-15T23:29:30
/opt/airflow/dags/test_dag.py                                1           0  0.18s           2026-02-15T23:29:43
================================================================================
[2026-02-15T23:30:27.872+0000] {manager.py:879} INFO - 
================================================================================
DAG File Processing Stats

File Path                           PID    Runtime      # DAGs    # Errors  Last Runtime    Last Run
----------------------------------  -----  ---------  --------  ----------  --------------  -------------------
/opt/airflow/dags/sec_edgar_dag.py                           1           0  0.55s           2026-02-15T23:30:02
/opt/airflow/dags/test_dag.py                                1           0  0.19s           2026-02-15T23:30:13
================================================================================
[2026-02-15T23:30:58.320+0000] {manager.py:879} INFO - 
================================================================================
DAG File Processing Stats

File Path                           PID    Runtime      # DAGs    # Errors  Last Runtime    Last Run
----------------------------------  -----  ---------  --------  ----------  --------------  -------------------
/opt/airflow/dags/sec_edgar_dag.py                           1           0  0.54s           2026-02-15T23:30:32
/opt/airflow/dags/test_dag.py                                1           0  0.16s           2026-02-15T23:30:44
================================================================================
[2026-02-15T23:31:24.710+0000] {manager.py:738} INFO - Searching for files in /opt/airflow/dags
[2026-02-15T23:31:24.768+0000] {manager.py:741} INFO - There are 2 files in /opt/airflow/dags
[2026-02-15T23:31:28.828+0000] {manager.py:879} INFO - 
================================================================================
DAG File Processing Stats

File Path                           PID    Runtime      # DAGs    # Errors  Last Runtime    Last Run
----------------------------------  -----  ---------  --------  ----------  --------------  -------------------
/opt/airflow/dags/sec_edgar_dag.py                           1           0  0.49s           2026-02-15T23:31:03
/opt/airflow/dags/test_dag.py                                1           0  0.18s           2026-02-15T23:31:14
================================================================================
[2026-02-15T23:31:59.332+0000] {manager.py:879} INFO - 
================================================================================
DAG File Processing Stats

File Path                           PID    Runtime      # DAGs    # Errors  Last Runtime    Last Run
----------------------------------  -----  ---------  --------  ----------  --------------  -------------------
/opt/airflow/dags/sec_edgar_dag.py                           1           0  0.61s           2026-02-15T23:31:34
/opt/airflow/dags/test_dag.py                                1           0  0.20s           2026-02-15T23:31:45
================================================================================
[2026-02-15T23:32:29.669+0000] {manager.py:879} INFO - 
================================================================================
DAG File Processing Stats

File Path                           PID    Runtime      # DAGs    # Errors  Last Runtime    Last Run
----------------------------------  -----  ---------  --------  ----------  --------------  -------------------
/opt/airflow/dags/sec_edgar_dag.py                           1           0  0.51s           2026-02-15T23:32:05
/opt/airflow/dags/test_dag.py                                1           0  0.25s           2026-02-15T23:32:15
================================================================================
[2026-02-15T23:33:00.186+0000] {manager.py:879} INFO - 
================================================================================
DAG File Processing Stats

File Path                           PID    Runtime      # DAGs    # Errors  Last Runtime    Last Run
----------------------------------  -----  ---------  --------  ----------  --------------  -------------------
/opt/airflow/dags/sec_edgar_dag.py                           1           0  0.57s           2026-02-15T23:32:36
/opt/airflow/dags/test_dag.py                                1           0  0.18s           2026-02-15T23:32:46
================================================================================
[2026-02-15T23:33:30.664+0000] {manager.py:879} INFO - 
================================================================================
DAG File Processing Stats

File Path                           PID    Runtime      # DAGs    # Errors  Last Runtime    Last Run
----------------------------------  -----  ---------  --------  ----------  --------------  -------------------
/opt/airflow/dags/sec_edgar_dag.py                           1           0  0.54s           2026-02-15T23:33:07
/opt/airflow/dags/test_dag.py                                1           0  0.19s           2026-02-15T23:33:16
================================================================================
[2026-02-15T23:34:01.118+0000] {manager.py:879} INFO - 
================================================================================
DAG File Processing Stats

File Path                           PID    Runtime      # DAGs    # Errors  Last Runtime    Last Run
----------------------------------  -----  ---------  --------  ----------  --------------  -------------------
/opt/airflow/dags/sec_edgar_dag.py                           1           0  0.48s           2026-02-15T23:33:38
/opt/airflow/dags/test_dag.py                                1           0  0.20s           2026-02-15T23:33:47
================================================================================
[2026-02-15T23:34:31.590+0000] {manager.py:879} INFO - 
================================================================================
DAG File Processing Stats

File Path                           PID    Runtime      # DAGs    # Errors  Last Runtime    Last Run
----------------------------------  -----  ---------  --------  ----------  --------------  -------------------
/opt/airflow/dags/sec_edgar_dag.py                           1           0  0.52s           2026-02-15T23:34:09
/opt/airflow/dags/test_dag.py                                1           0  0.17s           2026-02-15T23:34:17
================================================================================
[2026-02-15T23:35:02.113+0000] {manager.py:879} INFO - 
================================================================================
DAG File Processing Stats

File Path                           PID    Runtime      # DAGs    # Errors  Last Runtime    Last Run
----------------------------------  -----  ---------  --------  ----------  --------------  -------------------
/opt/airflow/dags/sec_edgar_dag.py                           1           0  0.54s           2026-02-15T23:34:40
/opt/airflow/dags/test_dag.py                                1           0  0.19s           2026-02-15T23:34:48
================================================================================
[2026-02-15T23:35:32.551+0000] {manager.py:879} INFO - 
================================================================================
DAG File Processing Stats

File Path                           PID    Runtime      # DAGs    # Errors  Last Runtime    Last Run
----------------------------------  -----  ---------  --------  ----------  --------------  -------------------
/opt/airflow/dags/sec_edgar_dag.py                           1           0  0.44s           2026-02-15T23:35:11
/opt/airflow/dags/test_dag.py                                1           0  0.14s           2026-02-15T23:35:18
================================================================================
[2026-02-15T23:36:02.967+0000] {manager.py:879} INFO - 
================================================================================
DAG File Processing Stats

File Path                           PID    Runtime      # DAGs    # Errors  Last Runtime    Last Run
----------------------------------  -----  ---------  --------  ----------  --------------  -------------------
/opt/airflow/dags/sec_edgar_dag.py                           1           0  0.46s           2026-02-15T23:35:42
/opt/airflow/dags/test_dag.py                                1           0  0.15s           2026-02-15T23:35:48
================================================================================
[2026-02-15T23:36:25.306+0000] {manager.py:738} INFO - Searching for files in /opt/airflow/dags
[2026-02-15T23:36:25.371+0000] {manager.py:741} INFO - There are 2 files in /opt/airflow/dags
[2026-02-15T23:36:33.459+0000] {manager.py:879} INFO - 
================================================================================
DAG File Processing Stats

File Path                           PID    Runtime      # DAGs    # Errors  Last Runtime    Last Run
----------------------------------  -----  ---------  --------  ----------  --------------  -------------------
/opt/airflow/dags/sec_edgar_dag.py                           1           0  0.54s           2026-02-15T23:36:13
/opt/airflow/dags/test_dag.py                                1           0  0.24s           2026-02-15T23:36:19
================================================================================
[2026-02-15T23:37:04.436+0000] {manager.py:879} INFO - 
================================================================================
DAG File Processing Stats

File Path                           PID    Runtime      # DAGs    # Errors  Last Runtime    Last Run
----------------------------------  -----  ---------  --------  ----------  --------------  -------------------
/opt/airflow/dags/sec_edgar_dag.py                           1           0  0.52s           2026-02-15T23:36:44
/opt/airflow/dags/test_dag.py                                1           0  0.16s           2026-02-15T23:36:49
================================================================================
[2026-02-15T23:37:35.237+0000] {manager.py:879} INFO - 
================================================================================
DAG File Processing Stats

File Path                           PID    Runtime      # DAGs    # Errors  Last Runtime    Last Run
----------------------------------  -----  ---------  --------  ----------  --------------  -------------------
/opt/airflow/dags/sec_edgar_dag.py                           1           0  0.49s           2026-02-15T23:37:15
/opt/airflow/dags/test_dag.py                                1           0  0.21s           2026-02-15T23:37:20
================================================================================
[2026-02-15T23:38:05.705+0000] {manager.py:879} INFO - 
================================================================================
DAG File Processing Stats

File Path                           PID    Runtime      # DAGs    # Errors  Last Runtime    Last Run
----------------------------------  -----  ---------  --------  ----------  --------------  -------------------
/opt/airflow/dags/sec_edgar_dag.py                           1           0  0.55s           2026-02-15T23:37:45
/opt/airflow/dags/test_dag.py                                1           0  0.19s           2026-02-15T23:37:50
================================================================================
[2026-02-15T23:38:36.203+0000] {manager.py:879} INFO - 
================================================================================
DAG File Processing Stats

File Path                           PID    Runtime      # DAGs    # Errors  Last Runtime    Last Run
----------------------------------  -----  ---------  --------  ----------  --------------  -------------------
/opt/airflow/dags/sec_edgar_dag.py                           1           0  0.52s           2026-02-15T23:38:16
/opt/airflow/dags/test_dag.py                                1           0  0.16s           2026-02-15T23:38:21
================================================================================
[2026-02-15T23:39:06.603+0000] {manager.py:879} INFO - 
================================================================================
DAG File Processing Stats

File Path                           PID    Runtime      # DAGs    # Errors  Last Runtime    Last Run
----------------------------------  -----  ---------  --------  ----------  --------------  -------------------
/opt/airflow/dags/sec_edgar_dag.py                           1           0  0.55s           2026-02-15T23:38:47
/opt/airflow/dags/test_dag.py                                1           0  0.15s           2026-02-15T23:38:51
================================================================================
[2026-02-15T23:39:36.994+0000] {manager.py:879} INFO - 
================================================================================
DAG File Processing Stats

File Path                           PID    Runtime      # DAGs    # Errors  Last Runtime    Last Run
----------------------------------  -----  ---------  --------  ----------  --------------  -------------------
/opt/airflow/dags/sec_edgar_dag.py                           1           0  0.54s           2026-02-15T23:39:19
/opt/airflow/dags/test_dag.py                                1           0  0.17s           2026-02-15T23:39:22
================================================================================
[2026-02-15T23:40:07.438+0000] {manager.py:879} INFO - 
================================================================================
DAG File Processing Stats

File Path                           PID    Runtime      # DAGs    # Errors  Last Runtime    Last Run
----------------------------------  -----  ---------  --------  ----------  --------------  -------------------
/opt/airflow/dags/sec_edgar_dag.py                           1           0  0.52s           2026-02-15T23:39:50
/opt/airflow/dags/test_dag.py                                1           0  0.23s           2026-02-15T23:39:52
================================================================================
[2026-02-15T23:40:37.941+0000] {manager.py:879} INFO - 
================================================================================
DAG File Processing Stats

File Path                           PID    Runtime      # DAGs    # Errors  Last Runtime    Last Run
----------------------------------  -----  ---------  --------  ----------  --------------  -------------------
/opt/airflow/dags/sec_edgar_dag.py                           1           0  0.54s           2026-02-15T23:40:21
/opt/airflow/dags/test_dag.py                                1           0  0.20s           2026-02-15T23:40:22
================================================================================
[2026-02-15T23:41:08.381+0000] {manager.py:879} INFO - 
================================================================================
DAG File Processing Stats

File Path                           PID    Runtime      # DAGs    # Errors  Last Runtime    Last Run
----------------------------------  -----  ---------  --------  ----------  --------------  -------------------
/opt/airflow/dags/sec_edgar_dag.py                           1           0  0.59s           2026-02-15T23:40:52
/opt/airflow/dags/test_dag.py                                1           0  0.21s           2026-02-15T23:40:53
================================================================================
[2026-02-15T23:41:25.750+0000] {manager.py:738} INFO - Searching for files in /opt/airflow/dags
[2026-02-15T23:41:25.798+0000] {manager.py:741} INFO - There are 2 files in /opt/airflow/dags
[2026-02-15T23:41:38.932+0000] {manager.py:879} INFO - 
================================================================================
DAG File Processing Stats

File Path                           PID    Runtime      # DAGs    # Errors  Last Runtime    Last Run
----------------------------------  -----  ---------  --------  ----------  --------------  -------------------
/opt/airflow/dags/sec_edgar_dag.py                           1           0  0.57s           2026-02-15T23:41:23
/opt/airflow/dags/test_dag.py                                1           0  0.16s           2026-02-15T23:41:23
================================================================================
[2026-02-15T23:42:09.255+0000] {manager.py:879} INFO - 
================================================================================
DAG File Processing Stats

File Path                           PID    Runtime      # DAGs    # Errors  Last Runtime    Last Run
----------------------------------  -----  ---------  --------  ----------  --------------  -------------------
/opt/airflow/dags/sec_edgar_dag.py                           1           0  0.52s           2026-02-15T23:41:55
/opt/airflow/dags/test_dag.py                                1           0  0.16s           2026-02-15T23:41:55
================================================================================
[2026-02-15T23:42:39.824+0000] {manager.py:879} INFO - 
================================================================================
DAG File Processing Stats

File Path                           PID    Runtime      # DAGs    # Errors  Last Runtime    Last Run
----------------------------------  -----  ---------  --------  ----------  --------------  -------------------
/opt/airflow/dags/sec_edgar_dag.py                           1           0  0.49s           2026-02-15T23:42:25
/opt/airflow/dags/test_dag.py                                1           0  0.21s           2026-02-15T23:42:25
================================================================================
[2026-02-15T23:43:10.278+0000] {manager.py:879} INFO - 
================================================================================
DAG File Processing Stats

File Path                           PID    Runtime      # DAGs    # Errors  Last Runtime    Last Run
----------------------------------  -----  ---------  --------  ----------  --------------  -------------------
/opt/airflow/dags/sec_edgar_dag.py                           1           0  0.47s           2026-02-15T23:42:56
/opt/airflow/dags/test_dag.py                                1           0  0.16s           2026-02-15T23:42:56
================================================================================
[2026-02-15T23:43:40.686+0000] {manager.py:879} INFO - 
================================================================================
DAG File Processing Stats

File Path                           PID    Runtime      # DAGs    # Errors  Last Runtime    Last Run
----------------------------------  -----  ---------  --------  ----------  --------------  -------------------
/opt/airflow/dags/sec_edgar_dag.py                           1           0  0.43s           2026-02-15T23:43:27
/opt/airflow/dags/test_dag.py                                1           0  0.14s           2026-02-15T23:43:26
================================================================================
[2026-02-15T23:44:11.183+0000] {manager.py:879} INFO - 
================================================================================
DAG File Processing Stats

File Path                           PID    Runtime      # DAGs    # Errors  Last Runtime    Last Run
----------------------------------  -----  ---------  --------  ----------  --------------  -------------------
/opt/airflow/dags/sec_edgar_dag.py                           1           0  0.46s           2026-02-15T23:43:57
/opt/airflow/dags/test_dag.py                                1           0  0.21s           2026-02-15T23:43:57
================================================================================
[2026-02-15T23:44:41.657+0000] {manager.py:879} INFO - 
================================================================================
DAG File Processing Stats

File Path                           PID    Runtime      # DAGs    # Errors  Last Runtime    Last Run
----------------------------------  -----  ---------  --------  ----------  --------------  -------------------
/opt/airflow/dags/sec_edgar_dag.py                           1           0  0.47s           2026-02-15T23:44:28
/opt/airflow/dags/test_dag.py                                1           0  0.19s           2026-02-15T23:44:27
================================================================================
[2026-02-15T23:45:12.145+0000] {manager.py:879} INFO - 
================================================================================
DAG File Processing Stats

File Path                           PID    Runtime      # DAGs    # Errors  Last Runtime    Last Run
----------------------------------  -----  ---------  --------  ----------  --------------  -------------------
/opt/airflow/dags/sec_edgar_dag.py                           1           0  0.46s           2026-02-15T23:44:59
/opt/airflow/dags/test_dag.py                                1           0  0.16s           2026-02-15T23:44:57
================================================================================
[2026-02-15T23:45:42.155+0000] {manager.py:879} INFO - 
================================================================================
DAG File Processing Stats

File Path                           PID    Runtime      # DAGs    # Errors  Last Runtime    Last Run
----------------------------------  -----  ---------  --------  ----------  --------------  -------------------
/opt/airflow/dags/sec_edgar_dag.py                           1           0  0.51s           2026-02-15T23:45:30
/opt/airflow/dags/test_dag.py                                1           0  0.20s           2026-02-15T23:45:28
================================================================================
[2026-02-15T23:46:12.424+0000] {manager.py:879} INFO - 
================================================================================
DAG File Processing Stats

File Path                           PID    Runtime      # DAGs    # Errors  Last Runtime    Last Run
----------------------------------  -----  ---------  --------  ----------  --------------  -------------------
/opt/airflow/dags/sec_edgar_dag.py                           1           0  0.51s           2026-02-15T23:46:01
/opt/airflow/dags/test_dag.py                                1           0  0.16s           2026-02-15T23:45:58
================================================================================
[2026-02-15T23:46:26.203+0000] {manager.py:738} INFO - Searching for files in /opt/airflow/dags
[2026-02-15T23:46:26.259+0000] {manager.py:741} INFO - There are 2 files in /opt/airflow/dags
[2026-02-15T23:46:42.622+0000] {manager.py:879} INFO - 
================================================================================
DAG File Processing Stats

File Path                           PID    Runtime      # DAGs    # Errors  Last Runtime    Last Run
----------------------------------  -----  ---------  --------  ----------  --------------  -------------------
/opt/airflow/dags/sec_edgar_dag.py                           1           0  0.57s           2026-02-15T23:46:31
/opt/airflow/dags/test_dag.py                                1           0  0.18s           2026-02-15T23:46:29
================================================================================
[2026-02-15T23:47:13.211+0000] {manager.py:879} INFO - 
================================================================================
DAG File Processing Stats

File Path                           PID    Runtime      # DAGs    # Errors  Last Runtime    Last Run
----------------------------------  -----  ---------  --------  ----------  --------------  -------------------
/opt/airflow/dags/sec_edgar_dag.py                           1           0  0.49s           2026-02-15T23:47:02
/opt/airflow/dags/test_dag.py                                1           0  0.18s           2026-02-15T23:46:59
================================================================================
[2026-02-15T23:47:43.249+0000] {manager.py:879} INFO - 
================================================================================
DAG File Processing Stats

File Path                           PID    Runtime      # DAGs    # Errors  Last Runtime    Last Run
----------------------------------  -----  ---------  --------  ----------  --------------  -------------------
/opt/airflow/dags/sec_edgar_dag.py                           1           0  0.57s           2026-02-15T23:47:33
/opt/airflow/dags/test_dag.py                                1           0  0.20s           2026-02-15T23:47:30
================================================================================
[2026-02-15T23:48:13.637+0000] {manager.py:879} INFO - 
================================================================================
DAG File Processing Stats

File Path                           PID    Runtime      # DAGs    # Errors  Last Runtime    Last Run
----------------------------------  -----  ---------  --------  ----------  --------------  -------------------
/opt/airflow/dags/sec_edgar_dag.py                           1           0  0.48s           2026-02-15T23:48:04
/opt/airflow/dags/test_dag.py                                1           0  0.19s           2026-02-15T23:48:01
================================================================================
[2026-02-15T23:48:43.952+0000] {manager.py:879} INFO - 
================================================================================
DAG File Processing Stats

File Path                           PID    Runtime      # DAGs    # Errors  Last Runtime    Last Run
----------------------------------  -----  ---------  --------  ----------  --------------  -------------------
/opt/airflow/dags/sec_edgar_dag.py                           1           0  0.48s           2026-02-15T23:48:35
/opt/airflow/dags/test_dag.py                                1           0  0.17s           2026-02-15T23:48:31
================================================================================
[2026-02-15T23:49:14.073+0000] {manager.py:879} INFO - 
================================================================================
DAG File Processing Stats

File Path                           PID    Runtime      # DAGs    # Errors  Last Runtime    Last Run
----------------------------------  -----  ---------  --------  ----------  --------------  -------------------
/opt/airflow/dags/sec_edgar_dag.py                           1           0  0.49s           2026-02-15T23:49:06
/opt/airflow/dags/test_dag.py                                1           0  0.18s           2026-02-15T23:49:01
================================================================================
[2026-02-15T23:49:44.497+0000] {manager.py:879} INFO - 
================================================================================
DAG File Processing Stats

File Path                           PID    Runtime      # DAGs    # Errors  Last Runtime    Last Run
----------------------------------  -----  ---------  --------  ----------  --------------  -------------------
/opt/airflow/dags/sec_edgar_dag.py                           1           0  0.50s           2026-02-15T23:49:37
/opt/airflow/dags/test_dag.py                                1           0  0.17s           2026-02-15T23:49:32
================================================================================
[2026-02-15T23:50:14.982+0000] {manager.py:879} INFO - 
================================================================================
DAG File Processing Stats

File Path                           PID    Runtime      # DAGs    # Errors  Last Runtime    Last Run
----------------------------------  -----  ---------  --------  ----------  --------------  -------------------
/opt/airflow/dags/sec_edgar_dag.py                           1           0  0.51s           2026-02-15T23:50:08
/opt/airflow/dags/test_dag.py                                1           0  0.21s           2026-02-15T23:50:02
================================================================================
[2026-02-15T23:50:45.446+0000] {manager.py:879} INFO - 
================================================================================
DAG File Processing Stats

File Path                           PID    Runtime      # DAGs    # Errors  Last Runtime    Last Run
----------------------------------  -----  ---------  --------  ----------  --------------  -------------------
/opt/airflow/dags/sec_edgar_dag.py                           1           0  0.52s           2026-02-15T23:50:39
/opt/airflow/dags/test_dag.py                                1           0  0.20s           2026-02-15T23:50:33
================================================================================
[2026-02-15T23:51:15.872+0000] {manager.py:879} INFO - 
================================================================================
DAG File Processing Stats

File Path                           PID    Runtime      # DAGs    # Errors  Last Runtime    Last Run
----------------------------------  -----  ---------  --------  ----------  --------------  -------------------
/opt/airflow/dags/sec_edgar_dag.py                           1           0  0.46s           2026-02-15T23:51:10
/opt/airflow/dags/test_dag.py                                1           0  0.16s           2026-02-15T23:51:03
================================================================================
[2026-02-15T23:51:26.423+0000] {manager.py:738} INFO - Searching for files in /opt/airflow/dags
[2026-02-15T23:51:26.471+0000] {manager.py:741} INFO - There are 2 files in /opt/airflow/dags
[2026-02-15T23:51:46.303+0000] {manager.py:879} INFO - 
================================================================================
DAG File Processing Stats

File Path                           PID    Runtime      # DAGs    # Errors  Last Runtime    Last Run
----------------------------------  -----  ---------  --------  ----------  --------------  -------------------
/opt/airflow/dags/sec_edgar_dag.py                           1           0  0.48s           2026-02-15T23:51:41
/opt/airflow/dags/test_dag.py                                1           0  0.18s           2026-02-15T23:51:34
================================================================================
[2026-02-15T23:52:16.877+0000] {manager.py:879} INFO - 
================================================================================
DAG File Processing Stats

File Path                           PID    Runtime      # DAGs    # Errors  Last Runtime    Last Run
----------------------------------  -----  ---------  --------  ----------  --------------  -------------------
/opt/airflow/dags/sec_edgar_dag.py                           1           0  1.95s           2026-02-15T23:52:13
/opt/airflow/dags/test_dag.py                                1           0  0.21s           2026-02-15T23:52:04
================================================================================
[2026-02-15T23:52:47.366+0000] {manager.py:879} INFO - 
================================================================================
DAG File Processing Stats

File Path                           PID    Runtime      # DAGs    # Errors  Last Runtime    Last Run
----------------------------------  -----  ---------  --------  ----------  --------------  -------------------
/opt/airflow/dags/sec_edgar_dag.py                           1           0  0.52s           2026-02-15T23:52:44
/opt/airflow/dags/test_dag.py                                1           0  0.21s           2026-02-15T23:52:35
================================================================================
[2026-02-15T23:53:17.784+0000] {manager.py:879} INFO - 
================================================================================
DAG File Processing Stats

File Path                           PID    Runtime      # DAGs    # Errors  Last Runtime    Last Run
----------------------------------  -----  ---------  --------  ----------  --------------  -------------------
/opt/airflow/dags/sec_edgar_dag.py                           1           0  1.30s           2026-02-15T23:53:16
/opt/airflow/dags/test_dag.py                                1           0  0.17s           2026-02-15T23:53:05
================================================================================
[2026-02-15T23:53:48.196+0000] {manager.py:879} INFO - 
================================================================================
DAG File Processing Stats

File Path                           PID    Runtime      # DAGs    # Errors  Last Runtime    Last Run
----------------------------------  -----  ---------  --------  ----------  --------------  -------------------
/opt/airflow/dags/sec_edgar_dag.py                           1           0  0.50s           2026-02-15T23:53:47
/opt/airflow/dags/test_dag.py                                1           0  0.16s           2026-02-15T23:53:36
================================================================================
[2026-02-15T23:54:18.496+0000] {manager.py:879} INFO - 
================================================================================
DAG File Processing Stats

File Path                             PID  Runtime      # DAGs    # Errors  Last Runtime    Last Run
----------------------------------  -----  ---------  --------  ----------  --------------  -------------------
/opt/airflow/dags/sec_edgar_dag.py  13858  0.01s             1           0  0.50s           2026-02-15T23:53:47
/opt/airflow/dags/test_dag.py                                1           0  0.17s           2026-02-15T23:54:06
================================================================================
[2026-02-15T23:54:48.850+0000] {manager.py:879} INFO - 
================================================================================
DAG File Processing Stats

File Path                           PID    Runtime      # DAGs    # Errors  Last Runtime    Last Run
----------------------------------  -----  ---------  --------  ----------  --------------  -------------------
/opt/airflow/dags/sec_edgar_dag.py                           1           0  0.95s           2026-02-15T23:54:19
/opt/airflow/dags/test_dag.py                                1           0  0.17s           2026-02-15T23:54:36
================================================================================
[2026-02-15T23:55:19.132+0000] {manager.py:879} INFO - 
================================================================================
DAG File Processing Stats

File Path                           PID    Runtime      # DAGs    # Errors  Last Runtime    Last Run
----------------------------------  -----  ---------  --------  ----------  --------------  -------------------
/opt/airflow/dags/sec_edgar_dag.py                           1           0  0.48s           2026-02-15T23:54:50
/opt/airflow/dags/test_dag.py                                1           0  0.18s           2026-02-15T23:55:07
================================================================================
[2026-02-15T23:55:49.513+0000] {manager.py:879} INFO - 
================================================================================
DAG File Processing Stats

File Path                           PID    Runtime      # DAGs    # Errors  Last Runtime    Last Run
----------------------------------  -----  ---------  --------  ----------  --------------  -------------------
/opt/airflow/dags/sec_edgar_dag.py                           1           0  0.97s           2026-02-15T23:55:22
/opt/airflow/dags/test_dag.py                                1           0  0.19s           2026-02-15T23:55:37
================================================================================
[2026-02-15T23:56:19.877+0000] {manager.py:879} INFO - 
================================================================================
DAG File Processing Stats

File Path                           PID    Runtime      # DAGs    # Errors  Last Runtime    Last Run
----------------------------------  -----  ---------  --------  ----------  --------------  -------------------
/opt/airflow/dags/sec_edgar_dag.py                           1           0  0.52s           2026-02-15T23:55:53
/opt/airflow/dags/test_dag.py                                1           0  0.18s           2026-02-15T23:56:07
================================================================================
[2026-02-15T23:56:26.775+0000] {manager.py:738} INFO - Searching for files in /opt/airflow/dags
[2026-02-15T23:56:26.822+0000] {manager.py:741} INFO - There are 2 files in /opt/airflow/dags
[2026-02-15T23:56:50.298+0000] {manager.py:879} INFO - 
================================================================================
DAG File Processing Stats

File Path                           PID    Runtime      # DAGs    # Errors  Last Runtime    Last Run
----------------------------------  -----  ---------  --------  ----------  --------------  -------------------
/opt/airflow/dags/sec_edgar_dag.py                           1           0  0.83s           2026-02-15T23:56:24
/opt/airflow/dags/test_dag.py                                1           0  0.17s           2026-02-15T23:56:38
================================================================================
[2026-02-15T23:57:20.436+0000] {manager.py:879} INFO - 
================================================================================
DAG File Processing Stats

File Path                           PID    Runtime      # DAGs    # Errors  Last Runtime    Last Run
----------------------------------  -----  ---------  --------  ----------  --------------  -------------------
/opt/airflow/dags/sec_edgar_dag.py                           1           0  0.81s           2026-02-15T23:56:56
/opt/airflow/dags/test_dag.py                                1           0  0.16s           2026-02-15T23:57:09
================================================================================
[2026-02-15T23:57:50.686+0000] {manager.py:879} INFO - 
================================================================================
DAG File Processing Stats

File Path                           PID    Runtime      # DAGs    # Errors  Last Runtime    Last Run
----------------------------------  -----  ---------  --------  ----------  --------------  -------------------
/opt/airflow/dags/sec_edgar_dag.py                           1           0  0.70s           2026-02-15T23:57:26
/opt/airflow/dags/test_dag.py                                1           0  0.17s           2026-02-15T23:57:39
================================================================================
[2026-02-15T23:58:21.068+0000] {manager.py:879} INFO - 
================================================================================
DAG File Processing Stats

File Path                           PID    Runtime      # DAGs    # Errors  Last Runtime    Last Run
----------------------------------  -----  ---------  --------  ----------  --------------  -------------------
/opt/airflow/dags/sec_edgar_dag.py                           1           0  0.92s           2026-02-15T23:57:58
/opt/airflow/dags/test_dag.py                                1           0  0.20s           2026-02-15T23:58:09
================================================================================
[2026-02-15T23:58:51.109+0000] {manager.py:879} INFO - 
================================================================================
DAG File Processing Stats

File Path                           PID    Runtime      # DAGs    # Errors  Last Runtime    Last Run
----------------------------------  -----  ---------  --------  ----------  --------------  -------------------
/opt/airflow/dags/sec_edgar_dag.py                           1           0  0.76s           2026-02-15T23:58:29
/opt/airflow/dags/test_dag.py                                1           0  0.18s           2026-02-15T23:58:40
================================================================================
[2026-02-15T23:59:21.545+0000] {manager.py:879} INFO - 
================================================================================
DAG File Processing Stats

File Path                           PID    Runtime      # DAGs    # Errors  Last Runtime    Last Run
----------------------------------  -----  ---------  --------  ----------  --------------  -------------------
/opt/airflow/dags/sec_edgar_dag.py                           1           0  0.85s           2026-02-15T23:59:01
/opt/airflow/dags/test_dag.py                                1           0  0.16s           2026-02-15T23:59:10
================================================================================
[2026-02-15T23:59:51.734+0000] {manager.py:879} INFO - 
================================================================================
DAG File Processing Stats

File Path                           PID    Runtime      # DAGs    # Errors  Last Runtime    Last Run
----------------------------------  -----  ---------  --------  ----------  --------------  -------------------
/opt/airflow/dags/sec_edgar_dag.py                           1           0  0.92s           2026-02-15T23:59:32
/opt/airflow/dags/test_dag.py                                1           0  0.18s           2026-02-15T23:59:40
================================================================================
[2026-02-16T00:00:22.029+0000] {manager.py:879} INFO - 
================================================================================
DAG File Processing Stats

File Path                           PID    Runtime      # DAGs    # Errors  Last Runtime    Last Run
----------------------------------  -----  ---------  --------  ----------  --------------  -------------------
/opt/airflow/dags/sec_edgar_dag.py                           1           0  1.06s           2026-02-16T00:00:03
/opt/airflow/dags/test_dag.py                                1           0  0.65s           2026-02-16T00:00:11
================================================================================
[2026-02-16T00:00:52.063+0000] {manager.py:879} INFO - 
================================================================================
DAG File Processing Stats

File Path                           PID    Runtime      # DAGs    # Errors  Last Runtime    Last Run
----------------------------------  -----  ---------  --------  ----------  --------------  -------------------
/opt/airflow/dags/sec_edgar_dag.py                           1           0  0.89s           2026-02-16T00:00:35
/opt/airflow/dags/test_dag.py                                1           0  0.18s           2026-02-16T00:00:41
================================================================================
[2026-02-16T00:01:22.315+0000] {manager.py:879} INFO - 
================================================================================
DAG File Processing Stats

File Path                           PID    Runtime      # DAGs    # Errors  Last Runtime    Last Run
----------------------------------  -----  ---------  --------  ----------  --------------  -------------------
/opt/airflow/dags/sec_edgar_dag.py                           1           0  0.89s           2026-02-16T00:01:06
/opt/airflow/dags/test_dag.py                                1           0  0.70s           2026-02-16T00:01:12
================================================================================
[2026-02-16T00:01:27.054+0000] {manager.py:738} INFO - Searching for files in /opt/airflow/dags
[2026-02-16T00:01:27.110+0000] {manager.py:741} INFO - There are 2 files in /opt/airflow/dags
[2026-02-16T00:01:53.145+0000] {manager.py:879} INFO - 
================================================================================
DAG File Processing Stats

File Path                           PID    Runtime      # DAGs    # Errors  Last Runtime    Last Run
----------------------------------  -----  ---------  --------  ----------  --------------  -------------------
/opt/airflow/dags/sec_edgar_dag.py                           1           0  0.51s           2026-02-16T00:01:38
/opt/airflow/dags/test_dag.py                                1           0  0.18s           2026-02-16T00:01:43
================================================================================
[2026-02-16T00:02:23.810+0000] {manager.py:879} INFO - 
================================================================================
DAG File Processing Stats

File Path                           PID    Runtime      # DAGs    # Errors  Last Runtime    Last Run
----------------------------------  -----  ---------  --------  ----------  --------------  -------------------
/opt/airflow/dags/sec_edgar_dag.py                           1           0  0.67s           2026-02-16T00:02:09
/opt/airflow/dags/test_dag.py                                1           0  0.19s           2026-02-16T00:02:13
================================================================================
[2026-02-16T00:02:54.264+0000] {manager.py:879} INFO - 
================================================================================
DAG File Processing Stats

File Path                           PID    Runtime      # DAGs    # Errors  Last Runtime    Last Run
----------------------------------  -----  ---------  --------  ----------  --------------  -------------------
/opt/airflow/dags/sec_edgar_dag.py                           1           0  0.50s           2026-02-16T00:02:40
/opt/airflow/dags/test_dag.py                                1           0  0.16s           2026-02-16T00:02:44
================================================================================
[2026-02-16T00:03:24.702+0000] {manager.py:879} INFO - 
================================================================================
DAG File Processing Stats

File Path                           PID    Runtime      # DAGs    # Errors  Last Runtime    Last Run
----------------------------------  -----  ---------  --------  ----------  --------------  -------------------
/opt/airflow/dags/sec_edgar_dag.py                           1           0  0.49s           2026-02-16T00:03:11
/opt/airflow/dags/test_dag.py                                1           0  0.17s           2026-02-16T00:03:14
================================================================================
[2026-02-16T00:03:55.178+0000] {manager.py:879} INFO - 
================================================================================
DAG File Processing Stats

File Path                           PID    Runtime      # DAGs    # Errors  Last Runtime    Last Run
----------------------------------  -----  ---------  --------  ----------  --------------  -------------------
/opt/airflow/dags/sec_edgar_dag.py                           1           0  0.51s           2026-02-16T00:03:42
/opt/airflow/dags/test_dag.py                                1           0  0.17s           2026-02-16T00:03:45
================================================================================
[2026-02-16T00:04:25.627+0000] {manager.py:879} INFO - 
================================================================================
DAG File Processing Stats

File Path                           PID    Runtime      # DAGs    # Errors  Last Runtime    Last Run
----------------------------------  -----  ---------  --------  ----------  --------------  -------------------
/opt/airflow/dags/sec_edgar_dag.py                           1           0  0.55s           2026-02-16T00:04:13
/opt/airflow/dags/test_dag.py                                1           0  0.29s           2026-02-16T00:04:15
================================================================================
[2026-02-16T00:04:56.148+0000] {manager.py:879} INFO - 
================================================================================
DAG File Processing Stats

File Path                           PID    Runtime      # DAGs    # Errors  Last Runtime    Last Run
----------------------------------  -----  ---------  --------  ----------  --------------  -------------------
/opt/airflow/dags/sec_edgar_dag.py                           1           0  0.56s           2026-02-16T00:04:44
/opt/airflow/dags/test_dag.py                                1           0  0.18s           2026-02-16T00:04:46
================================================================================
[2026-02-16T00:05:26.659+0000] {manager.py:879} INFO - 
================================================================================
DAG File Processing Stats

File Path                           PID    Runtime      # DAGs    # Errors  Last Runtime    Last Run
----------------------------------  -----  ---------  --------  ----------  --------------  -------------------
/opt/airflow/dags/sec_edgar_dag.py                           1           0  0.53s           2026-02-16T00:05:15
/opt/airflow/dags/test_dag.py                                1           0  0.16s           2026-02-16T00:05:16
================================================================================
[2026-02-16T00:05:57.007+0000] {manager.py:879} INFO - 
================================================================================
DAG File Processing Stats

File Path                           PID    Runtime      # DAGs    # Errors  Last Runtime    Last Run
----------------------------------  -----  ---------  --------  ----------  --------------  -------------------
/opt/airflow/dags/sec_edgar_dag.py                           1           0  0.52s           2026-02-16T00:05:46
/opt/airflow/dags/test_dag.py                                1           0  0.19s           2026-02-16T00:05:47
================================================================================
[2026-02-16T00:06:27.514+0000] {manager.py:738} INFO - Searching for files in /opt/airflow/dags
[2026-02-16T00:06:27.568+0000] {manager.py:741} INFO - There are 2 files in /opt/airflow/dags
[2026-02-16T00:06:27.588+0000] {manager.py:879} INFO - 
================================================================================
DAG File Processing Stats

File Path                           PID    Runtime      # DAGs    # Errors  Last Runtime    Last Run
----------------------------------  -----  ---------  --------  ----------  --------------  -------------------
/opt/airflow/dags/sec_edgar_dag.py                           1           0  0.53s           2026-02-16T00:06:16
/opt/airflow/dags/test_dag.py                                1           0  0.22s           2026-02-16T00:06:17
================================================================================
[2026-02-16T00:06:58.067+0000] {manager.py:879} INFO - 
================================================================================
DAG File Processing Stats

File Path                           PID    Runtime      # DAGs    # Errors  Last Runtime    Last Run
----------------------------------  -----  ---------  --------  ----------  --------------  -------------------
/opt/airflow/dags/sec_edgar_dag.py                           1           0  0.53s           2026-02-16T00:06:48
/opt/airflow/dags/test_dag.py                                1           0  0.17s           2026-02-16T00:06:47
================================================================================
[2026-02-16T00:07:28.313+0000] {manager.py:879} INFO - 
================================================================================
DAG File Processing Stats

File Path                           PID    Runtime      # DAGs    # Errors  Last Runtime    Last Run
----------------------------------  -----  ---------  --------  ----------  --------------  -------------------
/opt/airflow/dags/sec_edgar_dag.py                           1           0  0.53s           2026-02-16T00:07:19
/opt/airflow/dags/test_dag.py                                1           0  0.17s           2026-02-16T00:07:18
================================================================================
[2026-02-16T00:07:58.750+0000] {manager.py:879} INFO - 
================================================================================
DAG File Processing Stats

File Path                           PID    Runtime      # DAGs    # Errors  Last Runtime    Last Run
----------------------------------  -----  ---------  --------  ----------  --------------  -------------------
/opt/airflow/dags/sec_edgar_dag.py                           1           0  0.50s           2026-02-16T00:07:50
/opt/airflow/dags/test_dag.py                                1           0  0.17s           2026-02-16T00:07:48
================================================================================
[2026-02-16T00:08:31.008+0000] {manager.py:879} INFO - 
================================================================================
DAG File Processing Stats

File Path                           PID    Runtime      # DAGs    # Errors  Last Runtime    Last Run
----------------------------------  -----  ---------  --------  ----------  --------------  -------------------
/opt/airflow/dags/sec_edgar_dag.py                           1           0  0.56s           2026-02-16T00:08:21
/opt/airflow/dags/test_dag.py                                1           0  0.16s           2026-02-16T00:08:18
================================================================================
[2026-02-16T00:09:01.285+0000] {manager.py:879} INFO - 
================================================================================
DAG File Processing Stats

File Path                           PID    Runtime      # DAGs    # Errors  Last Runtime    Last Run
----------------------------------  -----  ---------  --------  ----------  --------------  -------------------
/opt/airflow/dags/sec_edgar_dag.py                           1           0  0.45s           2026-02-16T00:08:52
/opt/airflow/dags/test_dag.py                                1           0  0.18s           2026-02-16T00:08:49
================================================================================
[2026-02-16T00:09:31.426+0000] {manager.py:879} INFO - 
================================================================================
DAG File Processing Stats

File Path                           PID    Runtime      # DAGs    # Errors  Last Runtime    Last Run
----------------------------------  -----  ---------  --------  ----------  --------------  -------------------
/opt/airflow/dags/sec_edgar_dag.py                           1           0  0.45s           2026-02-16T00:09:22
/opt/airflow/dags/test_dag.py                                1           0  0.16s           2026-02-16T00:09:20
================================================================================
[2026-02-16T00:10:01.841+0000] {manager.py:879} INFO - 
================================================================================
DAG File Processing Stats

File Path                           PID    Runtime      # DAGs    # Errors  Last Runtime    Last Run
----------------------------------  -----  ---------  --------  ----------  --------------  -------------------
/opt/airflow/dags/sec_edgar_dag.py                           1           0  0.45s           2026-02-16T00:09:54
/opt/airflow/dags/test_dag.py                                1           0  0.16s           2026-02-16T00:09:50
================================================================================
[2026-02-16T01:17:13.496+0000] {manager.py:738} INFO - Searching for files in /opt/airflow/dags
[2026-02-16T01:17:13.637+0000] {manager.py:741} INFO - There are 2 files in /opt/airflow/dags
[2026-02-16T01:17:29.403+0000] {manager.py:879} INFO - 
================================================================================
DAG File Processing Stats

File Path                           PID    Runtime      # DAGs    # Errors  Last Runtime    Last Run
----------------------------------  -----  ---------  --------  ----------  --------------  -------------------
/opt/airflow/dags/sec_edgar_dag.py                           1           0  1.65s           2026-02-16T01:17:15
/opt/airflow/dags/test_dag.py                                1           0  0.50s           2026-02-16T01:17:14
================================================================================
[2026-02-16T01:17:59.959+0000] {manager.py:879} INFO - 
================================================================================
DAG File Processing Stats

File Path                           PID    Runtime      # DAGs    # Errors  Last Runtime    Last Run
----------------------------------  -----  ---------  --------  ----------  --------------  -------------------
/opt/airflow/dags/sec_edgar_dag.py                           1           0  0.63s           2026-02-16T01:17:46
/opt/airflow/dags/test_dag.py                                1           0  0.27s           2026-02-16T01:17:44
================================================================================
[2026-02-16T01:18:30.493+0000] {manager.py:879} INFO - 
================================================================================
DAG File Processing Stats

File Path                           PID    Runtime      # DAGs    # Errors  Last Runtime    Last Run
----------------------------------  -----  ---------  --------  ----------  --------------  -------------------
/opt/airflow/dags/sec_edgar_dag.py                           1           0  0.47s           2026-02-16T01:18:16
/opt/airflow/dags/test_dag.py                                1           0  0.24s           2026-02-16T01:18:15
================================================================================
[2026-02-16T01:19:00.603+0000] {manager.py:879} INFO - 
================================================================================
DAG File Processing Stats

File Path                           PID    Runtime      # DAGs    # Errors  Last Runtime    Last Run
----------------------------------  -----  ---------  --------  ----------  --------------  -------------------
/opt/airflow/dags/sec_edgar_dag.py                           1           0  0.57s           2026-02-16T01:18:47
/opt/airflow/dags/test_dag.py                                1           0  0.24s           2026-02-16T01:18:45
================================================================================
[2026-02-16T01:19:30.855+0000] {manager.py:879} INFO - 
================================================================================
DAG File Processing Stats

File Path                           PID    Runtime      # DAGs    # Errors  Last Runtime    Last Run
----------------------------------  -----  ---------  --------  ----------  --------------  -------------------
/opt/airflow/dags/sec_edgar_dag.py                           1           0  0.52s           2026-02-16T01:19:18
/opt/airflow/dags/test_dag.py                                1           0  0.23s           2026-02-16T01:19:16
================================================================================
[2026-02-16T01:20:01.089+0000] {manager.py:879} INFO - 
================================================================================
DAG File Processing Stats

File Path                           PID    Runtime      # DAGs    # Errors  Last Runtime    Last Run
----------------------------------  -----  ---------  --------  ----------  --------------  -------------------
/opt/airflow/dags/sec_edgar_dag.py                           1           0  0.55s           2026-02-16T01:19:49
/opt/airflow/dags/test_dag.py                                1           0  0.25s           2026-02-16T01:19:46
================================================================================
[2026-02-16T01:20:31.595+0000] {manager.py:879} INFO - 
================================================================================
DAG File Processing Stats

File Path                           PID    Runtime      # DAGs    # Errors  Last Runtime    Last Run
----------------------------------  -----  ---------  --------  ----------  --------------  -------------------
/opt/airflow/dags/sec_edgar_dag.py                           1           0  0.56s           2026-02-16T01:20:20
/opt/airflow/dags/test_dag.py                                1           0  0.25s           2026-02-16T01:20:17
================================================================================
[2026-02-16T01:21:01.659+0000] {manager.py:879} INFO - 
================================================================================
DAG File Processing Stats

File Path                           PID    Runtime      # DAGs    # Errors  Last Runtime    Last Run
----------------------------------  -----  ---------  --------  ----------  --------------  -------------------
/opt/airflow/dags/sec_edgar_dag.py                           1           0  0.61s           2026-02-16T01:20:51
/opt/airflow/dags/test_dag.py                                1           0  0.17s           2026-02-16T01:20:47
================================================================================
[2026-02-16T01:21:31.975+0000] {manager.py:879} INFO - 
================================================================================
DAG File Processing Stats

File Path                           PID    Runtime      # DAGs    # Errors  Last Runtime    Last Run
----------------------------------  -----  ---------  --------  ----------  --------------  -------------------
/opt/airflow/dags/sec_edgar_dag.py                           1           0  0.61s           2026-02-16T01:21:22
/opt/airflow/dags/test_dag.py                                1           0  0.27s           2026-02-16T01:21:18
================================================================================
[2026-02-16T01:22:02.138+0000] {manager.py:879} INFO - 
================================================================================
DAG File Processing Stats

File Path                           PID    Runtime      # DAGs    # Errors  Last Runtime    Last Run
----------------------------------  -----  ---------  --------  ----------  --------------  -------------------
/opt/airflow/dags/sec_edgar_dag.py                           1           0  0.55s           2026-02-16T01:21:53
/opt/airflow/dags/test_dag.py                                1           0  0.24s           2026-02-16T01:21:48
================================================================================
[2026-02-16T01:22:13.608+0000] {manager.py:738} INFO - Searching for files in /opt/airflow/dags
[2026-02-16T01:22:13.661+0000] {manager.py:741} INFO - There are 2 files in /opt/airflow/dags
[2026-02-16T01:22:32.516+0000] {manager.py:879} INFO - 
================================================================================
DAG File Processing Stats

File Path                           PID    Runtime      # DAGs    # Errors  Last Runtime    Last Run
----------------------------------  -----  ---------  --------  ----------  --------------  -------------------
/opt/airflow/dags/sec_edgar_dag.py                           1           0  0.60s           2026-02-16T01:22:24
/opt/airflow/dags/test_dag.py                                1           0  0.24s           2026-02-16T01:22:19
================================================================================
[2026-02-16T01:23:02.600+0000] {manager.py:879} INFO - 
================================================================================
DAG File Processing Stats

File Path                           PID    Runtime      # DAGs    # Errors  Last Runtime    Last Run
----------------------------------  -----  ---------  --------  ----------  --------------  -------------------
/opt/airflow/dags/sec_edgar_dag.py                           1           0  0.60s           2026-02-16T01:22:55
/opt/airflow/dags/test_dag.py                                1           0  0.19s           2026-02-16T01:22:50
================================================================================
[2026-02-16T01:23:33.081+0000] {manager.py:879} INFO - 
================================================================================
DAG File Processing Stats

File Path                           PID    Runtime      # DAGs    # Errors  Last Runtime    Last Run
----------------------------------  -----  ---------  --------  ----------  --------------  -------------------
/opt/airflow/dags/sec_edgar_dag.py                           1           0  0.58s           2026-02-16T01:23:26
/opt/airflow/dags/test_dag.py                                1           0  0.19s           2026-02-16T01:23:20
================================================================================
[2026-02-16T01:24:03.105+0000] {manager.py:879} INFO - 
================================================================================
DAG File Processing Stats

File Path                           PID    Runtime      # DAGs    # Errors  Last Runtime    Last Run
----------------------------------  -----  ---------  --------  ----------  --------------  -------------------
/opt/airflow/dags/sec_edgar_dag.py                           1           0  0.53s           2026-02-16T01:23:57
/opt/airflow/dags/test_dag.py                                1           0  0.20s           2026-02-16T01:23:51
================================================================================
[2026-02-16T01:24:33.151+0000] {manager.py:879} INFO - 
================================================================================
DAG File Processing Stats

File Path                           PID    Runtime      # DAGs    # Errors  Last Runtime    Last Run
----------------------------------  -----  ---------  --------  ----------  --------------  -------------------
/opt/airflow/dags/sec_edgar_dag.py                           1           0  0.58s           2026-02-16T01:24:27
/opt/airflow/dags/test_dag.py                                1           0  0.27s           2026-02-16T01:24:21
================================================================================
[2026-02-16T01:25:03.655+0000] {manager.py:879} INFO - 
================================================================================
DAG File Processing Stats

File Path                           PID    Runtime      # DAGs    # Errors  Last Runtime    Last Run
----------------------------------  -----  ---------  --------  ----------  --------------  -------------------
/opt/airflow/dags/sec_edgar_dag.py                           1           0  0.52s           2026-02-16T01:24:58
/opt/airflow/dags/test_dag.py                                1           0  0.26s           2026-02-16T01:24:52
================================================================================
[2026-02-16T01:25:33.756+0000] {manager.py:879} INFO - 
================================================================================
DAG File Processing Stats

File Path                           PID    Runtime      # DAGs    # Errors  Last Runtime    Last Run
----------------------------------  -----  ---------  --------  ----------  --------------  -------------------
/opt/airflow/dags/sec_edgar_dag.py                           1           0  0.56s           2026-02-16T01:25:29
/opt/airflow/dags/test_dag.py                                1           0  0.24s           2026-02-16T01:25:23
================================================================================
[2026-02-16T01:26:04.073+0000] {manager.py:879} INFO - 
================================================================================
DAG File Processing Stats

File Path                           PID    Runtime      # DAGs    # Errors  Last Runtime    Last Run
----------------------------------  -----  ---------  --------  ----------  --------------  -------------------
/opt/airflow/dags/sec_edgar_dag.py                           1           0  0.56s           2026-02-16T01:26:01
/opt/airflow/dags/test_dag.py                                1           0  0.23s           2026-02-16T01:25:53
================================================================================
[2026-02-16T01:26:34.310+0000] {manager.py:879} INFO - 
================================================================================
DAG File Processing Stats

File Path                           PID    Runtime      # DAGs    # Errors  Last Runtime    Last Run
----------------------------------  -----  ---------  --------  ----------  --------------  -------------------
/opt/airflow/dags/sec_edgar_dag.py                           1           0  0.56s           2026-02-16T01:26:31
/opt/airflow/dags/test_dag.py                                1           0  0.28s           2026-02-16T01:26:24
================================================================================
[2026-02-16T01:27:04.835+0000] {manager.py:879} INFO - 
================================================================================
DAG File Processing Stats

File Path                           PID    Runtime      # DAGs    # Errors  Last Runtime    Last Run
----------------------------------  -----  ---------  --------  ----------  --------------  -------------------
/opt/airflow/dags/sec_edgar_dag.py                           1           0  0.53s           2026-02-16T01:27:03
/opt/airflow/dags/test_dag.py                                1           0  0.25s           2026-02-16T01:26:54
================================================================================
[2026-02-16T01:27:14.560+0000] {manager.py:738} INFO - Searching for files in /opt/airflow/dags
[2026-02-16T01:27:14.610+0000] {manager.py:741} INFO - There are 2 files in /opt/airflow/dags
[2026-02-16T01:27:35.090+0000] {manager.py:879} INFO - 
================================================================================
DAG File Processing Stats

File Path                           PID    Runtime      # DAGs    # Errors  Last Runtime    Last Run
----------------------------------  -----  ---------  --------  ----------  --------------  -------------------
/opt/airflow/dags/sec_edgar_dag.py                           1           0  0.54s           2026-02-16T01:27:34
/opt/airflow/dags/test_dag.py                                1           0  0.26s           2026-02-16T01:27:26
================================================================================
[2026-02-16T01:28:05.142+0000] {manager.py:879} INFO - 
================================================================================
DAG File Processing Stats

File Path                           PID    Runtime      # DAGs    # Errors  Last Runtime    Last Run
----------------------------------  -----  ---------  --------  ----------  --------------  -------------------
/opt/airflow/dags/sec_edgar_dag.py                           1           0  0.55s           2026-02-16T01:28:05
/opt/airflow/dags/test_dag.py                                1           0  0.21s           2026-02-16T01:27:56
================================================================================
[2026-02-16T01:28:35.909+0000] {manager.py:879} INFO - 
================================================================================
DAG File Processing Stats

File Path                             PID  Runtime      # DAGs    # Errors  Last Runtime    Last Run
----------------------------------  -----  ---------  --------  ----------  --------------  -------------------
/opt/airflow/dags/sec_edgar_dag.py  14721  0.01s             1           0  0.55s           2026-02-16T01:28:05
/opt/airflow/dags/test_dag.py                                1           0  0.25s           2026-02-16T01:28:27
================================================================================
[2026-02-16T01:29:06.403+0000] {manager.py:879} INFO - 
================================================================================
DAG File Processing Stats

File Path                           PID    Runtime      # DAGs    # Errors  Last Runtime    Last Run
----------------------------------  -----  ---------  --------  ----------  --------------  -------------------
/opt/airflow/dags/sec_edgar_dag.py                           1           0  0.65s           2026-02-16T01:28:36
/opt/airflow/dags/test_dag.py                                1           0  0.25s           2026-02-16T01:28:57
================================================================================
[2026-02-16T01:29:36.946+0000] {manager.py:879} INFO - 
================================================================================
DAG File Processing Stats

File Path                           PID    Runtime      # DAGs    # Errors  Last Runtime    Last Run
----------------------------------  -----  ---------  --------  ----------  --------------  -------------------
/opt/airflow/dags/sec_edgar_dag.py                           1           0  0.55s           2026-02-16T01:29:07
/opt/airflow/dags/test_dag.py                                1           0  0.21s           2026-02-16T01:29:28
================================================================================
[2026-02-16T01:32:29.922+0000] {manager.py:738} INFO - Searching for files in /opt/airflow/dags
[2026-02-16T01:32:30.209+0000] {manager.py:741} INFO - There are 2 files in /opt/airflow/dags
[2026-02-16T03:55:21.334+0000] {manager.py:738} INFO - Searching for files in /opt/airflow/dags
[2026-02-16T03:55:21.411+0000] {manager.py:741} INFO - There are 2 files in /opt/airflow/dags
[2026-02-16T03:55:35.652+0000] {manager.py:879} INFO - 
================================================================================
DAG File Processing Stats

File Path                           PID    Runtime      # DAGs    # Errors  Last Runtime    Last Run
----------------------------------  -----  ---------  --------  ----------  --------------  -------------------
/opt/airflow/dags/sec_edgar_dag.py                           1           0  0.73s           2026-02-16T03:55:22
/opt/airflow/dags/test_dag.py                                1           0  0.20s           2026-02-16T03:55:21
================================================================================
[2026-02-16T03:56:06.136+0000] {manager.py:879} INFO - 
================================================================================
DAG File Processing Stats

File Path                           PID    Runtime      # DAGs    # Errors  Last Runtime    Last Run
----------------------------------  -----  ---------  --------  ----------  --------------  -------------------
/opt/airflow/dags/sec_edgar_dag.py                           1           0  0.49s           2026-02-16T03:55:53
/opt/airflow/dags/test_dag.py                                1           0  0.23s           2026-02-16T03:55:52
================================================================================
[2026-02-16T03:56:36.686+0000] {manager.py:879} INFO - 
================================================================================
DAG File Processing Stats

File Path                           PID    Runtime      # DAGs    # Errors  Last Runtime    Last Run
----------------------------------  -----  ---------  --------  ----------  --------------  -------------------
/opt/airflow/dags/sec_edgar_dag.py                           1           0  0.50s           2026-02-16T03:56:23
/opt/airflow/dags/test_dag.py                                1           0  0.26s           2026-02-16T03:56:22
================================================================================
[2026-02-16T03:57:06.742+0000] {manager.py:879} INFO - 
================================================================================
DAG File Processing Stats

File Path                           PID    Runtime      # DAGs    # Errors  Last Runtime    Last Run
----------------------------------  -----  ---------  --------  ----------  --------------  -------------------
/opt/airflow/dags/sec_edgar_dag.py                           1           0  0.55s           2026-02-16T03:56:54
/opt/airflow/dags/test_dag.py                                1           0  0.24s           2026-02-16T03:56:53
================================================================================
[2026-02-16T04:27:26.875+0000] {manager.py:738} INFO - Searching for files in /opt/airflow/dags
[2026-02-16T04:27:27.432+0000] {manager.py:741} INFO - There are 2 files in /opt/airflow/dags
[2026-02-16T14:10:48.970+0000] {manager.py:738} INFO - Searching for files in /opt/airflow/dags
[2026-02-16T14:10:49.238+0000] {manager.py:741} INFO - There are 2 files in /opt/airflow/dags
[2026-02-16T14:10:50.503+0000] {manager.py:879} INFO - 
================================================================================
DAG File Processing Stats

File Path                             PID  Runtime      # DAGs    # Errors  Last Runtime    Last Run
----------------------------------  -----  ---------  --------  ----------  --------------  -------------------
/opt/airflow/dags/sec_edgar_dag.py  14873  1.06s             1           0  1.38s           2026-02-16T04:27:28
/opt/airflow/dags/test_dag.py       14877  0.03s             1           0  0.50s           2026-02-16T04:27:28
================================================================================
[2026-02-16T14:11:21.154+0000] {manager.py:879} INFO - 
================================================================================
DAG File Processing Stats

File Path                           PID    Runtime      # DAGs    # Errors  Last Runtime    Last Run
----------------------------------  -----  ---------  --------  ----------  --------------  -------------------
/opt/airflow/dags/sec_edgar_dag.py                           1           0  4.59s           2026-02-16T14:10:54
/opt/airflow/dags/test_dag.py                                1           0  1.14s           2026-02-16T14:10:51
================================================================================
[2026-02-16T14:11:51.651+0000] {manager.py:879} INFO - 
================================================================================
DAG File Processing Stats

File Path                           PID    Runtime      # DAGs    # Errors  Last Runtime    Last Run
----------------------------------  -----  ---------  --------  ----------  --------------  -------------------
/opt/airflow/dags/sec_edgar_dag.py                           1           0  0.54s           2026-02-16T14:11:24
/opt/airflow/dags/test_dag.py                                1           0  0.24s           2026-02-16T14:11:22
================================================================================
[2026-02-16T14:12:21.686+0000] {manager.py:879} INFO - 
================================================================================
DAG File Processing Stats

File Path                           PID    Runtime      # DAGs    # Errors  Last Runtime    Last Run
----------------------------------  -----  ---------  --------  ----------  --------------  -------------------
/opt/airflow/dags/sec_edgar_dag.py                           1           0  0.50s           2026-02-16T14:11:55
/opt/airflow/dags/test_dag.py                                1           0  0.22s           2026-02-16T14:11:52
================================================================================
[2026-02-16T14:12:51.937+0000] {manager.py:879} INFO - 
================================================================================
DAG File Processing Stats

File Path                           PID    Runtime      # DAGs    # Errors  Last Runtime    Last Run
----------------------------------  -----  ---------  --------  ----------  --------------  -------------------
/opt/airflow/dags/sec_edgar_dag.py                           1           0  0.50s           2026-02-16T14:12:26
/opt/airflow/dags/test_dag.py                                1           0  0.23s           2026-02-16T14:12:23
================================================================================
[2026-02-16T14:13:22.698+0000] {manager.py:879} INFO - 
================================================================================
DAG File Processing Stats

File Path                           PID    Runtime      # DAGs    # Errors  Last Runtime    Last Run
----------------------------------  -----  ---------  --------  ----------  --------------  -------------------
/opt/airflow/dags/sec_edgar_dag.py                           1           0  0.50s           2026-02-16T14:12:57
/opt/airflow/dags/test_dag.py                                1           0  0.25s           2026-02-16T14:12:53
================================================================================
[2026-02-16T14:13:53.288+0000] {manager.py:879} INFO - 
================================================================================
DAG File Processing Stats

File Path                           PID    Runtime      # DAGs    # Errors  Last Runtime    Last Run
----------------------------------  -----  ---------  --------  ----------  --------------  -------------------
/opt/airflow/dags/sec_edgar_dag.py                           1           0  0.57s           2026-02-16T14:13:28
/opt/airflow/dags/test_dag.py                                1           0  0.32s           2026-02-16T14:13:25
================================================================================
[2026-02-16T14:14:23.336+0000] {manager.py:879} INFO - 
================================================================================
DAG File Processing Stats

File Path                           PID    Runtime      # DAGs    # Errors  Last Runtime    Last Run
----------------------------------  -----  ---------  --------  ----------  --------------  -------------------
/opt/airflow/dags/sec_edgar_dag.py                           1           0  0.58s           2026-02-16T14:13:59
/opt/airflow/dags/test_dag.py                                1           0  0.22s           2026-02-16T14:13:55
================================================================================
[2026-02-16T14:14:53.572+0000] {manager.py:879} INFO - 
================================================================================
DAG File Processing Stats

File Path                           PID    Runtime      # DAGs    # Errors  Last Runtime    Last Run
----------------------------------  -----  ---------  --------  ----------  --------------  -------------------
/opt/airflow/dags/sec_edgar_dag.py                           1           0  0.55s           2026-02-16T14:14:30
/opt/airflow/dags/test_dag.py                                1           0  0.23s           2026-02-16T14:14:26
================================================================================
[2026-02-16T14:15:23.692+0000] {manager.py:879} INFO - 
================================================================================
DAG File Processing Stats

File Path                           PID    Runtime      # DAGs    # Errors  Last Runtime    Last Run
----------------------------------  -----  ---------  --------  ----------  --------------  -------------------
/opt/airflow/dags/sec_edgar_dag.py                           1           0  0.51s           2026-02-16T14:15:01
/opt/airflow/dags/test_dag.py                                1           0  0.17s           2026-02-16T14:14:56
================================================================================
[2026-02-16T14:15:49.084+0000] {manager.py:738} INFO - Searching for files in /opt/airflow/dags
[2026-02-16T14:15:49.184+0000] {manager.py:741} INFO - There are 2 files in /opt/airflow/dags
[2026-02-16T14:15:54.246+0000] {manager.py:879} INFO - 
================================================================================
DAG File Processing Stats

File Path                           PID    Runtime      # DAGs    # Errors  Last Runtime    Last Run
----------------------------------  -----  ---------  --------  ----------  --------------  -------------------
/opt/airflow/dags/sec_edgar_dag.py                           1           0  0.51s           2026-02-16T14:15:32
/opt/airflow/dags/test_dag.py                                1           0  0.18s           2026-02-16T14:15:26
================================================================================
[2026-02-16T14:16:24.738+0000] {manager.py:879} INFO - 
================================================================================
DAG File Processing Stats

File Path                           PID    Runtime      # DAGs    # Errors  Last Runtime    Last Run
----------------------------------  -----  ---------  --------  ----------  --------------  -------------------
/opt/airflow/dags/sec_edgar_dag.py                           1           0  0.50s           2026-02-16T14:16:03
/opt/airflow/dags/test_dag.py                                1           0  0.21s           2026-02-16T14:15:57
================================================================================
[2026-02-16T14:16:55.231+0000] {manager.py:879} INFO - 
================================================================================
DAG File Processing Stats

File Path                           PID    Runtime      # DAGs    # Errors  Last Runtime    Last Run
----------------------------------  -----  ---------  --------  ----------  --------------  -------------------
/opt/airflow/dags/sec_edgar_dag.py                           1           0  0.49s           2026-02-16T14:16:34
/opt/airflow/dags/test_dag.py                                1           0  0.22s           2026-02-16T14:16:27
================================================================================
[2026-02-16T14:17:10.729+0000] {manager.py:451} INFO - Exiting gracefully upon receiving signal 15
[2026-02-16T14:18:28.116+0000] {manager.py:469} INFO - Processing files using up to 2 processes at a time 
[2026-02-16T14:18:28.118+0000] {manager.py:470} INFO - Process each file at most once every 30 seconds
[2026-02-16T14:18:28.119+0000] {manager.py:471} INFO - Checking for new files in /opt/airflow/dags every 300 seconds
[2026-02-16T14:18:28.121+0000] {manager.py:738} INFO - Searching for files in /opt/airflow/dags
[2026-02-16T14:18:28.223+0000] {manager.py:741} INFO - There are 2 files in /opt/airflow/dags
[2026-02-16T14:18:32.616+0000] {manager.py:879} INFO - 
================================================================================
DAG File Processing Stats

File Path                             PID  Runtime      # DAGs    # Errors  Last Runtime    Last Run
----------------------------------  -----  ---------  --------  ----------  --------------  ----------
/opt/airflow/dags/sec_edgar_dag.py    204  0.06s             0           0
/opt/airflow/dags/test_dag.py         207  0.04s             0           0
================================================================================
[2026-02-16T14:19:03.402+0000] {manager.py:879} INFO - 
================================================================================
DAG File Processing Stats

File Path                             PID  Runtime      # DAGs    # Errors  Last Runtime    Last Run
----------------------------------  -----  ---------  --------  ----------  --------------  -------------------
/opt/airflow/dags/sec_edgar_dag.py    220  0.03s             1           0  0.74s           2026-02-16T14:18:33
/opt/airflow/dags/test_dag.py         223  0.01s             1           0  0.54s           2026-02-16T14:18:33
================================================================================
[2026-02-16T14:19:33.920+0000] {manager.py:879} INFO - 
================================================================================
DAG File Processing Stats

File Path                             PID  Runtime      # DAGs    # Errors  Last Runtime    Last Run
----------------------------------  -----  ---------  --------  ----------  --------------  -------------------
/opt/airflow/dags/sec_edgar_dag.py    236  0.03s             1           0  0.50s           2026-02-16T14:19:03
/opt/airflow/dags/test_dag.py         239  0.01s             1           0  0.23s           2026-02-16T14:19:03
================================================================================
[2026-02-16T14:20:04.421+0000] {manager.py:879} INFO - 
================================================================================
DAG File Processing Stats

File Path                             PID  Runtime      # DAGs    # Errors  Last Runtime    Last Run
----------------------------------  -----  ---------  --------  ----------  --------------  -------------------
/opt/airflow/dags/sec_edgar_dag.py                           1           0  0.54s           2026-02-16T14:19:34
/opt/airflow/dags/test_dag.py         252  0.01s             1           0  0.23s           2026-02-16T14:19:34
================================================================================
[2026-02-16T14:20:34.938+0000] {manager.py:879} INFO - 
================================================================================
DAG File Processing Stats

File Path                             PID  Runtime      # DAGs    # Errors  Last Runtime    Last Run
----------------------------------  -----  ---------  --------  ----------  --------------  -------------------
/opt/airflow/dags/sec_edgar_dag.py                           1           0  0.51s           2026-02-16T14:20:05
/opt/airflow/dags/test_dag.py         268  0.01s             1           0  0.24s           2026-02-16T14:20:04
================================================================================
[2026-02-16T14:21:05.427+0000] {manager.py:879} INFO - 
================================================================================
DAG File Processing Stats

File Path                             PID  Runtime      # DAGs    # Errors  Last Runtime    Last Run
----------------------------------  -----  ---------  --------  ----------  --------------  -------------------
/opt/airflow/dags/sec_edgar_dag.py                           1           0  0.54s           2026-02-16T14:20:36
/opt/airflow/dags/test_dag.py         287  0.01s             1           0  0.23s           2026-02-16T14:20:35
================================================================================
[2026-02-16T14:21:35.968+0000] {manager.py:879} INFO - 
================================================================================
DAG File Processing Stats

File Path                             PID  Runtime      # DAGs    # Errors  Last Runtime    Last Run
----------------------------------  -----  ---------  --------  ----------  --------------  -------------------
/opt/airflow/dags/sec_edgar_dag.py                           1           0  0.45s           2026-02-16T14:21:07
/opt/airflow/dags/test_dag.py         304  0.01s             1           0  0.27s           2026-02-16T14:21:05
================================================================================
[2026-02-16T14:22:05.988+0000] {manager.py:879} INFO - 
================================================================================
DAG File Processing Stats

File Path                           PID    Runtime      # DAGs    # Errors  Last Runtime    Last Run
----------------------------------  -----  ---------  --------  ----------  --------------  -------------------
/opt/airflow/dags/sec_edgar_dag.py                           1           0  0.54s           2026-02-16T14:21:37
/opt/airflow/dags/test_dag.py                                1           0  0.24s           2026-02-16T14:21:36
================================================================================
[2026-02-16T14:22:36.288+0000] {manager.py:879} INFO - 
================================================================================
DAG File Processing Stats

File Path                           PID    Runtime      # DAGs    # Errors  Last Runtime    Last Run
----------------------------------  -----  ---------  --------  ----------  --------------  -------------------
/opt/airflow/dags/sec_edgar_dag.py                           1           0  0.57s           2026-02-16T14:22:09
/opt/airflow/dags/test_dag.py                                1           0  0.21s           2026-02-16T14:22:06
================================================================================
[2026-02-16T14:22:57.570+0000] {manager.py:451} INFO - Exiting gracefully upon receiving signal 15
[2026-02-16T14:24:07.016+0000] {manager.py:469} INFO - Processing files using up to 2 processes at a time 
[2026-02-16T14:24:07.019+0000] {manager.py:470} INFO - Process each file at most once every 30 seconds
[2026-02-16T14:24:07.020+0000] {manager.py:471} INFO - Checking for new files in /opt/airflow/dags every 300 seconds
[2026-02-16T14:24:07.022+0000] {manager.py:738} INFO - Searching for files in /opt/airflow/dags
[2026-02-16T14:24:07.084+0000] {manager.py:741} INFO - There are 2 files in /opt/airflow/dags
[2026-02-16T14:24:11.006+0000] {manager.py:879} INFO - 
================================================================================
DAG File Processing Stats

File Path                             PID  Runtime      # DAGs    # Errors  Last Runtime    Last Run
----------------------------------  -----  ---------  --------  ----------  --------------  ----------
/opt/airflow/dags/sec_edgar_dag.py    195  0.06s             0           0
/opt/airflow/dags/test_dag.py         198  0.04s             0           0
================================================================================
[2026-02-16T14:24:41.795+0000] {manager.py:879} INFO - 
================================================================================
DAG File Processing Stats

File Path                             PID  Runtime      # DAGs    # Errors  Last Runtime    Last Run
----------------------------------  -----  ---------  --------  ----------  --------------  -------------------
/opt/airflow/dags/sec_edgar_dag.py    211  0.03s             1           0  0.78s           2026-02-16T14:24:11
/opt/airflow/dags/test_dag.py         214  0.01s             1           0  0.56s           2026-02-16T14:24:11
================================================================================
[2026-02-16T14:25:12.281+0000] {manager.py:879} INFO - 
================================================================================
DAG File Processing Stats

File Path                             PID  Runtime      # DAGs    # Errors  Last Runtime    Last Run
----------------------------------  -----  ---------  --------  ----------  --------------  -------------------
/opt/airflow/dags/sec_edgar_dag.py                           1           0  0.53s           2026-02-16T14:24:42
/opt/airflow/dags/test_dag.py         227  0.01s             1           0  0.23s           2026-02-16T14:24:42
================================================================================
[2026-02-16T14:25:42.284+0000] {manager.py:879} INFO - 
================================================================================
DAG File Processing Stats

File Path                           PID    Runtime      # DAGs    # Errors  Last Runtime    Last Run
----------------------------------  -----  ---------  --------  ----------  --------------  -------------------
/opt/airflow/dags/sec_edgar_dag.py                           1           0  0.57s           2026-02-16T14:25:13
/opt/airflow/dags/test_dag.py                                1           0  0.20s           2026-02-16T14:25:12
================================================================================
[2026-02-16T14:26:12.496+0000] {manager.py:879} INFO - 
================================================================================
DAG File Processing Stats

File Path                           PID    Runtime      # DAGs    # Errors  Last Runtime    Last Run
----------------------------------  -----  ---------  --------  ----------  --------------  -------------------
/opt/airflow/dags/sec_edgar_dag.py                           1           0  0.51s           2026-02-16T14:25:44
/opt/airflow/dags/test_dag.py                                1           0  0.27s           2026-02-16T14:25:43
================================================================================
[2026-02-16T14:26:33.251+0000] {manager.py:451} INFO - Exiting gracefully upon receiving signal 15
[2026-02-16T14:27:54.484+0000] {manager.py:469} INFO - Processing files using up to 2 processes at a time 
[2026-02-16T14:27:54.488+0000] {manager.py:470} INFO - Process each file at most once every 30 seconds
[2026-02-16T14:27:54.490+0000] {manager.py:471} INFO - Checking for new files in /opt/airflow/dags every 300 seconds
[2026-02-16T14:27:54.492+0000] {manager.py:738} INFO - Searching for files in /opt/airflow/dags
[2026-02-16T14:27:54.569+0000] {manager.py:741} INFO - There are 2 files in /opt/airflow/dags
[2026-02-16T14:27:58.783+0000] {manager.py:879} INFO - 
================================================================================
DAG File Processing Stats

File Path                             PID  Runtime      # DAGs    # Errors  Last Runtime    Last Run
----------------------------------  -----  ---------  --------  ----------  --------------  ----------
/opt/airflow/dags/sec_edgar_dag.py    189  0.07s             0           0
/opt/airflow/dags/test_dag.py         192  0.04s             0           0
================================================================================
[2026-02-16T14:28:29.655+0000] {manager.py:879} INFO - 
================================================================================
DAG File Processing Stats

File Path                             PID  Runtime      # DAGs    # Errors  Last Runtime    Last Run
----------------------------------  -----  ---------  --------  ----------  --------------  -------------------
/opt/airflow/dags/sec_edgar_dag.py    205  0.03s             1           0  0.80s           2026-02-16T14:27:59
/opt/airflow/dags/test_dag.py         208  0.01s             1           0  0.57s           2026-02-16T14:27:59
================================================================================
[2026-02-16T14:28:45.967+0000] {manager.py:451} INFO - Exiting gracefully upon receiving signal 15
[2026-02-16T14:29:01.471+0000] {manager.py:469} INFO - Processing files using up to 2 processes at a time 
[2026-02-16T14:29:01.473+0000] {manager.py:470} INFO - Process each file at most once every 30 seconds
[2026-02-16T14:29:01.474+0000] {manager.py:471} INFO - Checking for new files in /opt/airflow/dags every 300 seconds
[2026-02-16T14:29:01.475+0000] {manager.py:738} INFO - Searching for files in /opt/airflow/dags
[2026-02-16T14:29:01.519+0000] {manager.py:741} INFO - There are 2 files in /opt/airflow/dags
[2026-02-16T14:29:02.908+0000] {manager.py:879} INFO - 
================================================================================
DAG File Processing Stats

File Path                             PID  Runtime      # DAGs    # Errors  Last Runtime    Last Run
----------------------------------  -----  ---------  --------  ----------  --------------  ----------
/opt/airflow/dags/sec_edgar_dag.py    183  0.06s             0           0
/opt/airflow/dags/test_dag.py         186  0.04s             0           0
================================================================================
[2026-02-16T14:29:33.362+0000] {manager.py:879} INFO - 
================================================================================
DAG File Processing Stats

File Path                             PID  Runtime      # DAGs    # Errors  Last Runtime    Last Run
----------------------------------  -----  ---------  --------  ----------  --------------  -------------------
/opt/airflow/dags/sec_edgar_dag.py                           1           0  0.64s           2026-02-16T14:29:03
/opt/airflow/dags/test_dag.py         199  0.01s             1           0  0.23s           2026-02-16T14:29:03
================================================================================
[2026-02-16T14:30:03.411+0000] {manager.py:879} INFO - 
================================================================================
DAG File Processing Stats

File Path                           PID    Runtime      # DAGs    # Errors  Last Runtime    Last Run
----------------------------------  -----  ---------  --------  ----------  --------------  -------------------
/opt/airflow/dags/sec_edgar_dag.py                           1           0  0.57s           2026-02-16T14:29:34
/opt/airflow/dags/test_dag.py                                1           0  0.22s           2026-02-16T14:29:33
================================================================================
[2026-02-16T14:30:33.688+0000] {manager.py:879} INFO - 
================================================================================
DAG File Processing Stats

File Path                           PID    Runtime      # DAGs    # Errors  Last Runtime    Last Run
----------------------------------  -----  ---------  --------  ----------  --------------  -------------------
/opt/airflow/dags/sec_edgar_dag.py                           1           0  0.55s           2026-02-16T14:30:05
/opt/airflow/dags/test_dag.py                                1           0  0.24s           2026-02-16T14:30:04
================================================================================
[2026-02-16T14:31:03.888+0000] {manager.py:879} INFO - 
================================================================================
DAG File Processing Stats

File Path                           PID    Runtime      # DAGs    # Errors  Last Runtime    Last Run
----------------------------------  -----  ---------  --------  ----------  --------------  -------------------
/opt/airflow/dags/sec_edgar_dag.py                           1           0  0.53s           2026-02-16T14:30:36
/opt/airflow/dags/test_dag.py                                1           0  0.24s           2026-02-16T14:30:34
================================================================================
[2026-02-16T14:31:34.400+0000] {manager.py:879} INFO - 
================================================================================
DAG File Processing Stats

File Path                           PID    Runtime      # DAGs    # Errors  Last Runtime    Last Run
----------------------------------  -----  ---------  --------  ----------  --------------  -------------------
/opt/airflow/dags/sec_edgar_dag.py                           1           0  0.54s           2026-02-16T14:31:07
/opt/airflow/dags/test_dag.py                                1           0  0.24s           2026-02-16T14:31:05
================================================================================
[2026-02-16T14:32:04.499+0000] {manager.py:879} INFO - 
================================================================================
DAG File Processing Stats

File Path                           PID    Runtime      # DAGs    # Errors  Last Runtime    Last Run
----------------------------------  -----  ---------  --------  ----------  --------------  -------------------
/opt/airflow/dags/sec_edgar_dag.py                           1           0  0.55s           2026-02-16T14:31:38
/opt/airflow/dags/test_dag.py                                1           0  0.27s           2026-02-16T14:31:35
================================================================================
[2026-02-16T14:32:34.765+0000] {manager.py:879} INFO - 
================================================================================
DAG File Processing Stats

File Path                           PID    Runtime      # DAGs    # Errors  Last Runtime    Last Run
----------------------------------  -----  ---------  --------  ----------  --------------  -------------------
/opt/airflow/dags/sec_edgar_dag.py                           1           0  0.52s           2026-02-16T14:32:09
/opt/airflow/dags/test_dag.py                                1           0  0.22s           2026-02-16T14:32:06
================================================================================
[2026-02-16T14:33:04.974+0000] {manager.py:879} INFO - 
================================================================================
DAG File Processing Stats

File Path                           PID    Runtime      # DAGs    # Errors  Last Runtime    Last Run
----------------------------------  -----  ---------  --------  ----------  --------------  -------------------
/opt/airflow/dags/sec_edgar_dag.py                           1           0  0.55s           2026-02-16T14:32:40
/opt/airflow/dags/test_dag.py                                1           0  0.25s           2026-02-16T14:32:36
================================================================================
[2026-02-16T14:33:35.520+0000] {manager.py:879} INFO - 
================================================================================
DAG File Processing Stats

File Path                           PID    Runtime      # DAGs    # Errors  Last Runtime    Last Run
----------------------------------  -----  ---------  --------  ----------  --------------  -------------------
/opt/airflow/dags/sec_edgar_dag.py                           1           0  0.50s           2026-02-16T14:33:11
/opt/airflow/dags/test_dag.py                                1           0  0.18s           2026-02-16T14:33:07
================================================================================
[2026-02-16T14:34:01.971+0000] {manager.py:738} INFO - Searching for files in /opt/airflow/dags
[2026-02-16T14:34:02.026+0000] {manager.py:741} INFO - There are 2 files in /opt/airflow/dags
[2026-02-16T14:34:06.083+0000] {manager.py:879} INFO - 
================================================================================
DAG File Processing Stats

File Path                           PID    Runtime      # DAGs    # Errors  Last Runtime    Last Run
----------------------------------  -----  ---------  --------  ----------  --------------  -------------------
/opt/airflow/dags/sec_edgar_dag.py                           1           0  0.50s           2026-02-16T14:33:42
/opt/airflow/dags/test_dag.py                                1           0  0.23s           2026-02-16T14:33:37
================================================================================
[2026-02-16T14:34:36.587+0000] {manager.py:879} INFO - 
================================================================================
DAG File Processing Stats

File Path                           PID    Runtime      # DAGs    # Errors  Last Runtime    Last Run
----------------------------------  -----  ---------  --------  ----------  --------------  -------------------
/opt/airflow/dags/sec_edgar_dag.py                           1           0  0.54s           2026-02-16T14:34:12
/opt/airflow/dags/test_dag.py                                1           0  0.23s           2026-02-16T14:34:08
================================================================================
[2026-02-16T14:35:07.046+0000] {manager.py:879} INFO - 
================================================================================
DAG File Processing Stats

File Path                           PID    Runtime      # DAGs    # Errors  Last Runtime    Last Run
----------------------------------  -----  ---------  --------  ----------  --------------  -------------------
/opt/airflow/dags/sec_edgar_dag.py                           1           0  0.51s           2026-02-16T14:34:44
/opt/airflow/dags/test_dag.py                                1           0  0.22s           2026-02-16T14:34:38
================================================================================
[2026-02-16T14:35:37.504+0000] {manager.py:879} INFO - 
================================================================================
DAG File Processing Stats

File Path                           PID    Runtime      # DAGs    # Errors  Last Runtime    Last Run
----------------------------------  -----  ---------  --------  ----------  --------------  -------------------
/opt/airflow/dags/sec_edgar_dag.py                           1           0  0.54s           2026-02-16T14:35:14
/opt/airflow/dags/test_dag.py                                1           0  0.19s           2026-02-16T14:35:09
================================================================================
[2026-02-16T14:36:08.003+0000] {manager.py:879} INFO - 
================================================================================
DAG File Processing Stats

File Path                           PID    Runtime      # DAGs    # Errors  Last Runtime    Last Run
----------------------------------  -----  ---------  --------  ----------  --------------  -------------------
/opt/airflow/dags/sec_edgar_dag.py                           1           0  0.55s           2026-02-16T14:35:46
/opt/airflow/dags/test_dag.py                                1           0  0.24s           2026-02-16T14:35:39
================================================================================
[2026-02-16T14:36:38.500+0000] {manager.py:879} INFO - 
================================================================================
DAG File Processing Stats

File Path                           PID    Runtime      # DAGs    # Errors  Last Runtime    Last Run
----------------------------------  -----  ---------  --------  ----------  --------------  -------------------
/opt/airflow/dags/sec_edgar_dag.py                           1           0  0.49s           2026-02-16T14:36:16
/opt/airflow/dags/test_dag.py                                1           0  0.22s           2026-02-16T14:36:10
================================================================================
[2026-02-16T14:37:08.945+0000] {manager.py:879} INFO - 
================================================================================
DAG File Processing Stats

File Path                           PID    Runtime      # DAGs    # Errors  Last Runtime    Last Run
----------------------------------  -----  ---------  --------  ----------  --------------  -------------------
/opt/airflow/dags/sec_edgar_dag.py                           1           0  0.53s           2026-02-16T14:36:48
/opt/airflow/dags/test_dag.py                                1           0  0.19s           2026-02-16T14:36:40
================================================================================
[2026-02-16T14:37:39.474+0000] {manager.py:879} INFO - 
================================================================================
DAG File Processing Stats

File Path                           PID    Runtime      # DAGs    # Errors  Last Runtime    Last Run
----------------------------------  -----  ---------  --------  ----------  --------------  -------------------
/opt/airflow/dags/sec_edgar_dag.py                           1           0  0.46s           2026-02-16T14:37:18
/opt/airflow/dags/test_dag.py                                1           0  0.26s           2026-02-16T14:37:11
================================================================================
[2026-02-16T14:37:50.038+0000] {manager.py:451} INFO - Exiting gracefully upon receiving signal 15
[2026-02-16T14:41:25.754+0000] {manager.py:469} INFO - Processing files using up to 2 processes at a time 
[2026-02-16T14:41:25.756+0000] {manager.py:470} INFO - Process each file at most once every 30 seconds
[2026-02-16T14:41:25.757+0000] {manager.py:471} INFO - Checking for new files in /opt/airflow/dags every 300 seconds
[2026-02-16T14:41:25.759+0000] {manager.py:738} INFO - Searching for files in /opt/airflow/dags
[2026-02-16T14:41:25.811+0000] {manager.py:741} INFO - There are 2 files in /opt/airflow/dags
[2026-02-16T14:41:29.625+0000] {manager.py:879} INFO - 
================================================================================
DAG File Processing Stats

File Path                             PID  Runtime      # DAGs    # Errors  Last Runtime    Last Run
----------------------------------  -----  ---------  --------  ----------  --------------  ----------
/opt/airflow/dags/sec_edgar_dag.py    194  0.07s             0           0
/opt/airflow/dags/test_dag.py         197  0.05s             0           0
================================================================================
[2026-02-16T14:42:00.385+0000] {manager.py:879} INFO - 
================================================================================
DAG File Processing Stats

File Path                             PID  Runtime      # DAGs    # Errors  Last Runtime    Last Run
----------------------------------  -----  ---------  --------  ----------  --------------  -------------------
/opt/airflow/dags/sec_edgar_dag.py    215  0.03s             1           0  0.75s           2026-02-16T14:41:30
/opt/airflow/dags/test_dag.py         218  0.01s             1           0  0.55s           2026-02-16T14:41:30
================================================================================
[2026-02-16T14:42:30.908+0000] {manager.py:879} INFO - 
================================================================================
DAG File Processing Stats

File Path                             PID  Runtime      # DAGs    # Errors  Last Runtime    Last Run
----------------------------------  -----  ---------  --------  ----------  --------------  -------------------
/opt/airflow/dags/sec_edgar_dag.py    238  0.03s             1           0  0.47s           2026-02-16T14:42:00
/opt/airflow/dags/test_dag.py         241  0.01s             1           0  0.24s           2026-02-16T14:42:00
================================================================================
[2026-02-16T14:42:34.069+0000] {manager.py:451} INFO - Exiting gracefully upon receiving signal 15
[2026-02-16T14:42:48.071+0000] {manager.py:469} INFO - Processing files using up to 2 processes at a time 
[2026-02-16T14:42:48.073+0000] {manager.py:470} INFO - Process each file at most once every 30 seconds
[2026-02-16T14:42:48.075+0000] {manager.py:471} INFO - Checking for new files in /opt/airflow/dags every 300 seconds
[2026-02-16T14:42:48.076+0000] {manager.py:738} INFO - Searching for files in /opt/airflow/dags
[2026-02-16T14:42:48.122+0000] {manager.py:741} INFO - There are 2 files in /opt/airflow/dags
[2026-02-16T14:42:49.423+0000] {manager.py:879} INFO - 
================================================================================
DAG File Processing Stats

File Path                             PID  Runtime      # DAGs    # Errors  Last Runtime    Last Run
----------------------------------  -----  ---------  --------  ----------  --------------  ----------
/opt/airflow/dags/sec_edgar_dag.py    183  0.07s             0           0
/opt/airflow/dags/test_dag.py         186  0.04s             0           0
================================================================================
[2026-02-16T14:43:20.576+0000] {manager.py:879} INFO - 
================================================================================
DAG File Processing Stats

File Path                             PID  Runtime      # DAGs    # Errors  Last Runtime    Last Run
----------------------------------  -----  ---------  --------  ----------  --------------  -------------------
/opt/airflow/dags/sec_edgar_dag.py    199  0.04s             1           0  0.66s           2026-02-16T14:42:50
/opt/airflow/dags/test_dag.py         202  0.02s             1           0  0.22s           2026-02-16T14:42:49
================================================================================
[2026-02-16T14:43:51.149+0000] {manager.py:879} INFO - 
================================================================================
DAG File Processing Stats

File Path                             PID  Runtime      # DAGs    # Errors  Last Runtime    Last Run
----------------------------------  -----  ---------  --------  ----------  --------------  -------------------
/opt/airflow/dags/sec_edgar_dag.py    215  0.05s             1           0  0.53s           2026-02-16T14:43:21
/opt/airflow/dags/test_dag.py         218  0.01s             1           0  0.24s           2026-02-16T14:43:20
================================================================================
[2026-02-16T14:44:21.634+0000] {manager.py:879} INFO - 
================================================================================
DAG File Processing Stats

File Path                             PID  Runtime      # DAGs    # Errors  Last Runtime    Last Run
----------------------------------  -----  ---------  --------  ----------  --------------  -------------------
/opt/airflow/dags/sec_edgar_dag.py                           1           0  0.64s           2026-02-16T14:43:51
/opt/airflow/dags/test_dag.py         236  0.02s             1           0  0.22s           2026-02-16T14:43:51
================================================================================
[2026-02-16T14:44:51.649+0000] {manager.py:879} INFO - 
================================================================================
DAG File Processing Stats

File Path                           PID    Runtime      # DAGs    # Errors  Last Runtime    Last Run
----------------------------------  -----  ---------  --------  ----------  --------------  -------------------
/opt/airflow/dags/sec_edgar_dag.py                           1           0  0.52s           2026-02-16T14:44:22
/opt/airflow/dags/test_dag.py                                1           0  0.26s           2026-02-16T14:44:21
================================================================================
[2026-02-16T14:45:21.926+0000] {manager.py:879} INFO - 
================================================================================
DAG File Processing Stats

File Path                           PID    Runtime      # DAGs    # Errors  Last Runtime    Last Run
----------------------------------  -----  ---------  --------  ----------  --------------  -------------------
/opt/airflow/dags/sec_edgar_dag.py                           1           0  0.54s           2026-02-16T14:44:53
/opt/airflow/dags/test_dag.py                                1           0  0.22s           2026-02-16T14:44:52
================================================================================
[2026-02-16T14:45:52.019+0000] {manager.py:879} INFO - 
================================================================================
DAG File Processing Stats

File Path                           PID    Runtime      # DAGs    # Errors  Last Runtime    Last Run
----------------------------------  -----  ---------  --------  ----------  --------------  -------------------
/opt/airflow/dags/sec_edgar_dag.py                           1           0  0.53s           2026-02-16T14:45:24
/opt/airflow/dags/test_dag.py                                1           0  0.18s           2026-02-16T14:45:22
================================================================================
[2026-02-16T14:46:22.463+0000] {manager.py:879} INFO - 
================================================================================
DAG File Processing Stats

File Path                           PID    Runtime      # DAGs    # Errors  Last Runtime    Last Run
----------------------------------  -----  ---------  --------  ----------  --------------  -------------------
/opt/airflow/dags/sec_edgar_dag.py                           1           0  0.53s           2026-02-16T14:45:55
/opt/airflow/dags/test_dag.py                                1           0  0.19s           2026-02-16T14:45:53
================================================================================
[2026-02-16T14:46:52.510+0000] {manager.py:879} INFO - 
================================================================================
DAG File Processing Stats

File Path                           PID    Runtime      # DAGs    # Errors  Last Runtime    Last Run
----------------------------------  -----  ---------  --------  ----------  --------------  -------------------
/opt/airflow/dags/sec_edgar_dag.py                           1           0  0.55s           2026-02-16T14:46:26
/opt/airflow/dags/test_dag.py                                1           0  0.24s           2026-02-16T14:46:23
================================================================================
[2026-02-16T14:47:22.724+0000] {manager.py:879} INFO - 
================================================================================
DAG File Processing Stats

File Path                           PID    Runtime      # DAGs    # Errors  Last Runtime    Last Run
----------------------------------  -----  ---------  --------  ----------  --------------  -------------------
/opt/airflow/dags/sec_edgar_dag.py                           1           0  0.50s           2026-02-16T14:46:57
/opt/airflow/dags/test_dag.py                                1           0  0.21s           2026-02-16T14:46:54
================================================================================
[2026-02-16T14:47:48.344+0000] {manager.py:738} INFO - Searching for files in /opt/airflow/dags
[2026-02-16T14:47:48.401+0000] {manager.py:741} INFO - There are 2 files in /opt/airflow/dags
[2026-02-16T14:47:52.919+0000] {manager.py:879} INFO - 
================================================================================
DAG File Processing Stats

File Path                           PID    Runtime      # DAGs    # Errors  Last Runtime    Last Run
----------------------------------  -----  ---------  --------  ----------  --------------  -------------------
/opt/airflow/dags/sec_edgar_dag.py                           1           0  0.47s           2026-02-16T14:47:28
/opt/airflow/dags/test_dag.py                                1           0  0.24s           2026-02-16T14:47:24
================================================================================
[2026-02-16T14:48:23.412+0000] {manager.py:879} INFO - 
================================================================================
DAG File Processing Stats

File Path                           PID    Runtime      # DAGs    # Errors  Last Runtime    Last Run
----------------------------------  -----  ---------  --------  ----------  --------------  -------------------
/opt/airflow/dags/sec_edgar_dag.py                           1           0  0.58s           2026-02-16T14:47:58
/opt/airflow/dags/test_dag.py                                1           0  0.23s           2026-02-16T14:47:55
================================================================================
[2026-02-16T14:48:53.848+0000] {manager.py:879} INFO - 
================================================================================
DAG File Processing Stats

File Path                           PID    Runtime      # DAGs    # Errors  Last Runtime    Last Run
----------------------------------  -----  ---------  --------  ----------  --------------  -------------------
/opt/airflow/dags/sec_edgar_dag.py                           1           0  0.46s           2026-02-16T14:48:29
/opt/airflow/dags/test_dag.py                                1           0  0.16s           2026-02-16T14:48:25
================================================================================
[2026-02-16T14:49:23.872+0000] {manager.py:879} INFO - 
================================================================================
DAG File Processing Stats

File Path                           PID    Runtime      # DAGs    # Errors  Last Runtime    Last Run
----------------------------------  -----  ---------  --------  ----------  --------------  -------------------
/opt/airflow/dags/sec_edgar_dag.py                           1           0  0.53s           2026-02-16T14:49:00
/opt/airflow/dags/test_dag.py                                1           0  0.24s           2026-02-16T14:48:56
================================================================================
[2026-02-16T14:49:54.211+0000] {manager.py:879} INFO - 
================================================================================
DAG File Processing Stats

File Path                           PID    Runtime      # DAGs    # Errors  Last Runtime    Last Run
----------------------------------  -----  ---------  --------  ----------  --------------  -------------------
/opt/airflow/dags/sec_edgar_dag.py                           1           0  0.55s           2026-02-16T14:49:32
/opt/airflow/dags/test_dag.py                                1           0  0.21s           2026-02-16T14:49:26
================================================================================
[2026-02-16T14:50:24.312+0000] {manager.py:879} INFO - 
================================================================================
DAG File Processing Stats

File Path                           PID    Runtime      # DAGs    # Errors  Last Runtime    Last Run
----------------------------------  -----  ---------  --------  ----------  --------------  -------------------
/opt/airflow/dags/sec_edgar_dag.py                           1           0  0.52s           2026-02-16T14:50:02
/opt/airflow/dags/test_dag.py                                1           0  0.23s           2026-02-16T14:49:57
================================================================================
[2026-02-16T14:50:54.782+0000] {manager.py:879} INFO - 
================================================================================
DAG File Processing Stats

File Path                           PID    Runtime      # DAGs    # Errors  Last Runtime    Last Run
----------------------------------  -----  ---------  --------  ----------  --------------  -------------------
/opt/airflow/dags/sec_edgar_dag.py                           1           0  0.71s           2026-02-16T14:50:34
/opt/airflow/dags/test_dag.py                                1           0  0.23s           2026-02-16T14:50:27
================================================================================
[2026-02-16T14:51:25.264+0000] {manager.py:879} INFO - 
================================================================================
DAG File Processing Stats

File Path                           PID    Runtime      # DAGs    # Errors  Last Runtime    Last Run
----------------------------------  -----  ---------  --------  ----------  --------------  -------------------
/opt/airflow/dags/sec_edgar_dag.py                           1           0  0.54s           2026-02-16T14:51:05
/opt/airflow/dags/test_dag.py                                1           0  0.23s           2026-02-16T14:50:58
================================================================================
[2026-02-16T14:51:55.754+0000] {manager.py:879} INFO - 
================================================================================
DAG File Processing Stats

File Path                           PID    Runtime      # DAGs    # Errors  Last Runtime    Last Run
----------------------------------  -----  ---------  --------  ----------  --------------  -------------------
/opt/airflow/dags/sec_edgar_dag.py                           1           0  0.47s           2026-02-16T14:51:36
/opt/airflow/dags/test_dag.py                                1           0  0.23s           2026-02-16T14:51:28
================================================================================
[2026-02-16T14:52:26.220+0000] {manager.py:879} INFO - 
================================================================================
DAG File Processing Stats

File Path                             PID  Runtime      # DAGs    # Errors  Last Runtime    Last Run
----------------------------------  -----  ---------  --------  ----------  --------------  -------------------
/opt/airflow/dags/sec_edgar_dag.py    510  0.01s             1           0  0.49s           2026-02-16T14:52:07
/opt/airflow/dags/test_dag.py                                1           0  0.17s           2026-02-16T14:51:58
================================================================================
[2026-02-16T14:52:45.607+0000] {manager.py:451} INFO - Exiting gracefully upon receiving signal 15
[2026-02-16T14:53:00.404+0000] {manager.py:469} INFO - Processing files using up to 2 processes at a time 
[2026-02-16T14:53:00.406+0000] {manager.py:470} INFO - Process each file at most once every 30 seconds
[2026-02-16T14:53:00.408+0000] {manager.py:471} INFO - Checking for new files in /opt/airflow/dags every 300 seconds
[2026-02-16T14:53:00.410+0000] {manager.py:738} INFO - Searching for files in /opt/airflow/dags
[2026-02-16T14:53:00.489+0000] {manager.py:741} INFO - There are 2 files in /opt/airflow/dags
[2026-02-16T14:53:01.844+0000] {manager.py:879} INFO - 
================================================================================
DAG File Processing Stats

File Path                             PID  Runtime      # DAGs    # Errors  Last Runtime    Last Run
----------------------------------  -----  ---------  --------  ----------  --------------  ----------
/opt/airflow/dags/sec_edgar_dag.py    183  0.06s             0           0
/opt/airflow/dags/test_dag.py         186  0.04s             0           0
================================================================================
[2026-02-16T14:53:32.912+0000] {manager.py:879} INFO - 
================================================================================
DAG File Processing Stats

File Path                             PID  Runtime      # DAGs    # Errors  Last Runtime    Last Run
----------------------------------  -----  ---------  --------  ----------  --------------  -------------------
/opt/airflow/dags/sec_edgar_dag.py    199  0.05s             1           0  0.63s           2026-02-16T14:53:02
/opt/airflow/dags/test_dag.py         202  0.02s             1           0  0.24s           2026-02-16T14:53:02
================================================================================
[2026-02-16T14:54:03.401+0000] {manager.py:879} INFO - 
================================================================================
DAG File Processing Stats

File Path                             PID  Runtime      # DAGs    # Errors  Last Runtime    Last Run
----------------------------------  -----  ---------  --------  ----------  --------------  -------------------
/opt/airflow/dags/sec_edgar_dag.py                           1           0  0.57s           2026-02-16T14:53:33
/opt/airflow/dags/test_dag.py         221  0.01s             1           0  0.23s           2026-02-16T14:53:33
================================================================================
[2026-02-16T14:54:33.907+0000] {manager.py:879} INFO - 
================================================================================
DAG File Processing Stats

File Path                             PID  Runtime      # DAGs    # Errors  Last Runtime    Last Run
----------------------------------  -----  ---------  --------  ----------  --------------  -------------------
/opt/airflow/dags/sec_edgar_dag.py                           1           0  0.53s           2026-02-16T14:54:04
/opt/airflow/dags/test_dag.py         237  0.01s             1           0  0.21s           2026-02-16T14:54:03
================================================================================
[2026-02-16T14:55:04.398+0000] {manager.py:879} INFO - 
================================================================================
DAG File Processing Stats

File Path                             PID  Runtime      # DAGs    # Errors  Last Runtime    Last Run
----------------------------------  -----  ---------  --------  ----------  --------------  -------------------
/opt/airflow/dags/sec_edgar_dag.py                           1           0  0.49s           2026-02-16T14:54:35
/opt/airflow/dags/test_dag.py         257  0.02s             1           0  0.22s           2026-02-16T14:54:34
================================================================================
[2026-02-16T14:55:34.886+0000] {manager.py:879} INFO - 
================================================================================
DAG File Processing Stats

File Path                             PID  Runtime      # DAGs    # Errors  Last Runtime    Last Run
----------------------------------  -----  ---------  --------  ----------  --------------  -------------------
/opt/airflow/dags/sec_edgar_dag.py                           1           0  0.50s           2026-02-16T14:55:06
/opt/airflow/dags/test_dag.py         273  0.01s             1           0  0.21s           2026-02-16T14:55:04
================================================================================
[2026-02-16T14:56:05.327+0000] {manager.py:879} INFO - 
================================================================================
DAG File Processing Stats

File Path                             PID  Runtime      # DAGs    # Errors  Last Runtime    Last Run
----------------------------------  -----  ---------  --------  ----------  --------------  -------------------
/opt/airflow/dags/sec_edgar_dag.py                           1           0  0.57s           2026-02-16T14:55:37
/opt/airflow/dags/test_dag.py         289  0.01s             1           0  0.16s           2026-02-16T14:55:35
================================================================================
[2026-02-16T14:56:35.827+0000] {manager.py:879} INFO - 
================================================================================
DAG File Processing Stats

File Path                             PID  Runtime      # DAGs    # Errors  Last Runtime    Last Run
----------------------------------  -----  ---------  --------  ----------  --------------  -------------------
/opt/airflow/dags/sec_edgar_dag.py                           1           0  0.53s           2026-02-16T14:56:08
/opt/airflow/dags/test_dag.py         305  0.01s             1           0  0.24s           2026-02-16T14:56:05
================================================================================
[2026-02-16T14:57:06.351+0000] {manager.py:879} INFO - 
================================================================================
DAG File Processing Stats

File Path                             PID  Runtime      # DAGs    # Errors  Last Runtime    Last Run
----------------------------------  -----  ---------  --------  ----------  --------------  -------------------
/opt/airflow/dags/sec_edgar_dag.py                           1           0  0.51s           2026-02-16T14:56:39
/opt/airflow/dags/test_dag.py         321  0.01s             1           0  0.23s           2026-02-16T14:56:36
================================================================================
[2026-02-16T14:57:36.864+0000] {manager.py:879} INFO - 
================================================================================
DAG File Processing Stats

File Path                             PID  Runtime      # DAGs    # Errors  Last Runtime    Last Run
----------------------------------  -----  ---------  --------  ----------  --------------  -------------------
/opt/airflow/dags/sec_edgar_dag.py                           1           0  0.48s           2026-02-16T14:57:10
/opt/airflow/dags/test_dag.py         337  0.02s             1           0  0.22s           2026-02-16T14:57:06
================================================================================
[2026-02-16T14:58:00.563+0000] {manager.py:738} INFO - Searching for files in /opt/airflow/dags
[2026-02-16T14:58:00.627+0000] {manager.py:741} INFO - There are 2 files in /opt/airflow/dags
[2026-02-16T14:58:07.291+0000] {manager.py:879} INFO - 
================================================================================
DAG File Processing Stats

File Path                             PID  Runtime      # DAGs    # Errors  Last Runtime    Last Run
----------------------------------  -----  ---------  --------  ----------  --------------  -------------------
/opt/airflow/dags/sec_edgar_dag.py                           1           0  0.50s           2026-02-16T14:57:41
/opt/airflow/dags/test_dag.py         359  0.01s             1           0  0.19s           2026-02-16T14:57:37
================================================================================
[2026-02-16T14:58:37.801+0000] {manager.py:879} INFO - 
================================================================================
DAG File Processing Stats

File Path                             PID  Runtime      # DAGs    # Errors  Last Runtime    Last Run
----------------------------------  -----  ---------  --------  ----------  --------------  -------------------
/opt/airflow/dags/sec_edgar_dag.py                           1           0  0.51s           2026-02-16T14:58:12
/opt/airflow/dags/test_dag.py         375  0.01s             1           0  0.16s           2026-02-16T14:58:07
================================================================================
[2026-02-16T14:59:07.890+0000] {manager.py:879} INFO - 
================================================================================
DAG File Processing Stats

File Path                           PID    Runtime      # DAGs    # Errors  Last Runtime    Last Run
----------------------------------  -----  ---------  --------  ----------  --------------  -------------------
/opt/airflow/dags/sec_edgar_dag.py                           1           0  0.56s           2026-02-16T14:58:42
/opt/airflow/dags/test_dag.py                                1           0  0.25s           2026-02-16T14:58:38
================================================================================
[2026-02-16T14:59:38.140+0000] {manager.py:879} INFO - 
================================================================================
DAG File Processing Stats

File Path                           PID    Runtime      # DAGs    # Errors  Last Runtime    Last Run
----------------------------------  -----  ---------  --------  ----------  --------------  -------------------
/opt/airflow/dags/sec_edgar_dag.py                           1           0  0.53s           2026-02-16T14:59:13
/opt/airflow/dags/test_dag.py                                1           0  0.25s           2026-02-16T14:59:08
================================================================================
[2026-02-16T15:00:08.346+0000] {manager.py:879} INFO - 
================================================================================
DAG File Processing Stats

File Path                           PID    Runtime      # DAGs    # Errors  Last Runtime    Last Run
----------------------------------  -----  ---------  --------  ----------  --------------  -------------------
/opt/airflow/dags/sec_edgar_dag.py                           1           0  0.51s           2026-02-16T14:59:44
/opt/airflow/dags/test_dag.py                                1           0  0.22s           2026-02-16T14:59:39
================================================================================
[2026-02-16T15:00:38.815+0000] {manager.py:879} INFO - 
================================================================================
DAG File Processing Stats

File Path                           PID    Runtime      # DAGs    # Errors  Last Runtime    Last Run
----------------------------------  -----  ---------  --------  ----------  --------------  -------------------
/opt/airflow/dags/sec_edgar_dag.py                           1           0  0.50s           2026-02-16T15:00:15
/opt/airflow/dags/test_dag.py                                1           0  0.22s           2026-02-16T15:00:09
================================================================================
[2026-02-16T15:01:09.397+0000] {manager.py:879} INFO - 
================================================================================
DAG File Processing Stats

File Path                           PID    Runtime      # DAGs    # Errors  Last Runtime    Last Run
----------------------------------  -----  ---------  --------  ----------  --------------  -------------------
/opt/airflow/dags/sec_edgar_dag.py                           1           0  0.60s           2026-02-16T15:00:51
/opt/airflow/dags/test_dag.py                                1           0  0.22s           2026-02-16T15:00:40
================================================================================
[2026-02-16T15:01:39.852+0000] {manager.py:879} INFO - 
================================================================================
DAG File Processing Stats

File Path                           PID    Runtime      # DAGs    # Errors  Last Runtime    Last Run
----------------------------------  -----  ---------  --------  ----------  --------------  -------------------
/opt/airflow/dags/sec_edgar_dag.py                           1           0  0.57s           2026-02-16T15:01:22
/opt/airflow/dags/test_dag.py                                1           0  0.22s           2026-02-16T15:01:10
================================================================================
[2026-02-16T15:02:10.311+0000] {manager.py:879} INFO - 
================================================================================
DAG File Processing Stats

File Path                           PID    Runtime      # DAGs    # Errors  Last Runtime    Last Run
----------------------------------  -----  ---------  --------  ----------  --------------  -------------------
/opt/airflow/dags/sec_edgar_dag.py                           1           0  0.54s           2026-02-16T15:01:53
/opt/airflow/dags/test_dag.py                                1           0  0.22s           2026-02-16T15:01:41
================================================================================
[2026-02-16T15:02:14.827+0000] {manager.py:451} INFO - Exiting gracefully upon receiving signal 15
[2026-02-16T15:02:29.828+0000] {manager.py:469} INFO - Processing files using up to 2 processes at a time 
[2026-02-16T15:02:29.830+0000] {manager.py:470} INFO - Process each file at most once every 30 seconds
[2026-02-16T15:02:29.831+0000] {manager.py:471} INFO - Checking for new files in /opt/airflow/dags every 300 seconds
[2026-02-16T15:02:29.833+0000] {manager.py:738} INFO - Searching for files in /opt/airflow/dags
[2026-02-16T15:02:29.890+0000] {manager.py:741} INFO - There are 2 files in /opt/airflow/dags
[2026-02-16T15:02:31.215+0000] {manager.py:879} INFO - 
================================================================================
DAG File Processing Stats

File Path                             PID  Runtime      # DAGs    # Errors  Last Runtime    Last Run
----------------------------------  -----  ---------  --------  ----------  --------------  ----------
/opt/airflow/dags/sec_edgar_dag.py    183  0.06s             0           0
/opt/airflow/dags/test_dag.py         186  0.04s             0           0
================================================================================
[2026-02-16T15:03:01.685+0000] {manager.py:879} INFO - 
================================================================================
DAG File Processing Stats

File Path                             PID  Runtime      # DAGs    # Errors  Last Runtime    Last Run
----------------------------------  -----  ---------  --------  ----------  --------------  -------------------
/opt/airflow/dags/sec_edgar_dag.py                           1           0  0.64s           2026-02-16T15:02:31
/opt/airflow/dags/test_dag.py         199  0.01s             1           0  0.23s           2026-02-16T15:02:31
================================================================================
[2026-02-16T15:03:32.636+0000] {manager.py:879} INFO - 
================================================================================
DAG File Processing Stats

File Path                             PID  Runtime      # DAGs    # Errors  Last Runtime    Last Run
----------------------------------  -----  ---------  --------  ----------  --------------  -------------------
/opt/airflow/dags/sec_edgar_dag.py    221  0.04s             1           0  0.51s           2026-02-16T15:03:02
/opt/airflow/dags/test_dag.py         224  0.01s             1           0  0.25s           2026-02-16T15:03:01
================================================================================
[2026-02-16T15:04:03.127+0000] {manager.py:879} INFO - 
================================================================================
DAG File Processing Stats

File Path                             PID  Runtime      # DAGs    # Errors  Last Runtime    Last Run
----------------------------------  -----  ---------  --------  ----------  --------------  -------------------
/opt/airflow/dags/sec_edgar_dag.py                           1           0  0.59s           2026-02-16T15:03:33
/opt/airflow/dags/test_dag.py         245  0.01s             1           0  0.25s           2026-02-16T15:03:32
================================================================================
[2026-02-16T15:04:33.637+0000] {manager.py:879} INFO - 
================================================================================
DAG File Processing Stats

File Path                             PID  Runtime      # DAGs    # Errors  Last Runtime    Last Run
----------------------------------  -----  ---------  --------  ----------  --------------  -------------------
/opt/airflow/dags/sec_edgar_dag.py                           1           0  0.50s           2026-02-16T15:04:03
/opt/airflow/dags/test_dag.py         261  0.01s             1           0  0.22s           2026-02-16T15:04:03
================================================================================
[2026-02-16T15:05:03.661+0000] {manager.py:879} INFO - 
================================================================================
DAG File Processing Stats

File Path                           PID    Runtime      # DAGs    # Errors  Last Runtime    Last Run
----------------------------------  -----  ---------  --------  ----------  --------------  -------------------
/opt/airflow/dags/sec_edgar_dag.py                           1           0  0.53s           2026-02-16T15:04:34
/opt/airflow/dags/test_dag.py                                1           0  0.27s           2026-02-16T15:04:33
================================================================================
[2026-02-16T15:05:33.945+0000] {manager.py:879} INFO - 
================================================================================
DAG File Processing Stats

File Path                           PID    Runtime      # DAGs    # Errors  Last Runtime    Last Run
----------------------------------  -----  ---------  --------  ----------  --------------  -------------------
/opt/airflow/dags/sec_edgar_dag.py                           1           0  0.53s           2026-02-16T15:05:05
/opt/airflow/dags/test_dag.py                                1           0  0.23s           2026-02-16T15:05:04
================================================================================
[2026-02-16T15:06:04.076+0000] {manager.py:879} INFO - 
================================================================================
DAG File Processing Stats

File Path                           PID    Runtime      # DAGs    # Errors  Last Runtime    Last Run
----------------------------------  -----  ---------  --------  ----------  --------------  -------------------
/opt/airflow/dags/sec_edgar_dag.py                           1           0  0.50s           2026-02-16T15:05:36
/opt/airflow/dags/test_dag.py                                1           0  0.18s           2026-02-16T15:05:34
================================================================================
[2026-02-16T15:06:34.547+0000] {manager.py:879} INFO - 
================================================================================
DAG File Processing Stats

File Path                           PID    Runtime      # DAGs    # Errors  Last Runtime    Last Run
----------------------------------  -----  ---------  --------  ----------  --------------  -------------------
/opt/airflow/dags/sec_edgar_dag.py                           1           0  0.50s           2026-02-16T15:06:07
/opt/airflow/dags/test_dag.py                                1           0  0.22s           2026-02-16T15:06:05
================================================================================
[2026-02-16T15:07:04.554+0000] {manager.py:879} INFO - 
================================================================================
DAG File Processing Stats

File Path                           PID    Runtime      # DAGs    # Errors  Last Runtime    Last Run
----------------------------------  -----  ---------  --------  ----------  --------------  -------------------
/opt/airflow/dags/sec_edgar_dag.py                           1           0  0.61s           2026-02-16T15:06:55
/opt/airflow/dags/test_dag.py                                1           0  0.22s           2026-02-16T15:06:35
================================================================================
[2026-02-16T15:07:20.303+0000] {manager.py:451} INFO - Exiting gracefully upon receiving signal 15
[2026-02-16T15:07:35.317+0000] {manager.py:469} INFO - Processing files using up to 2 processes at a time 
[2026-02-16T15:07:35.319+0000] {manager.py:470} INFO - Process each file at most once every 30 seconds
[2026-02-16T15:07:35.321+0000] {manager.py:471} INFO - Checking for new files in /opt/airflow/dags every 300 seconds
[2026-02-16T15:07:35.323+0000] {manager.py:738} INFO - Searching for files in /opt/airflow/dags
[2026-02-16T15:07:35.380+0000] {manager.py:741} INFO - There are 2 files in /opt/airflow/dags
[2026-02-16T15:07:36.711+0000] {manager.py:879} INFO - 
================================================================================
DAG File Processing Stats

File Path                             PID  Runtime      # DAGs    # Errors  Last Runtime    Last Run
----------------------------------  -----  ---------  --------  ----------  --------------  ----------
/opt/airflow/dags/sec_edgar_dag.py    190  0.06s             0           0
/opt/airflow/dags/test_dag.py         193  0.04s             0           0
================================================================================
[2026-02-16T15:07:40.387+0000] {manager.py:451} INFO - Exiting gracefully upon receiving signal 15
[2026-02-16T15:07:54.964+0000] {manager.py:469} INFO - Processing files using up to 2 processes at a time 
[2026-02-16T15:07:54.966+0000] {manager.py:470} INFO - Process each file at most once every 30 seconds
[2026-02-16T15:07:54.968+0000] {manager.py:471} INFO - Checking for new files in /opt/airflow/dags every 300 seconds
[2026-02-16T15:07:54.970+0000] {manager.py:738} INFO - Searching for files in /opt/airflow/dags
[2026-02-16T15:07:55.027+0000] {manager.py:741} INFO - There are 2 files in /opt/airflow/dags
[2026-02-16T15:07:56.260+0000] {manager.py:879} INFO - 
================================================================================
DAG File Processing Stats

File Path                             PID  Runtime      # DAGs    # Errors  Last Runtime    Last Run
----------------------------------  -----  ---------  --------  ----------  --------------  ----------
/opt/airflow/dags/sec_edgar_dag.py    183  0.06s             0           0
/opt/airflow/dags/test_dag.py         186  0.04s             0           0
================================================================================
[2026-02-16T15:08:26.708+0000] {manager.py:879} INFO - 
================================================================================
DAG File Processing Stats

File Path                             PID  Runtime      # DAGs    # Errors  Last Runtime    Last Run
----------------------------------  -----  ---------  --------  ----------  --------------  -------------------
/opt/airflow/dags/sec_edgar_dag.py                           1           0  0.63s           2026-02-16T15:07:56
/opt/airflow/dags/test_dag.py         199  0.01s             1           0  0.23s           2026-02-16T15:07:56
================================================================================
[2026-02-16T15:08:57.080+0000] {manager.py:879} INFO - 
================================================================================
DAG File Processing Stats

File Path                             PID  Runtime      # DAGs    # Errors  Last Runtime    Last Run
----------------------------------  -----  ---------  --------  ----------  --------------  -------------------
/opt/airflow/dags/sec_edgar_dag.py                           1           0  0.54s           2026-02-16T15:08:27
/opt/airflow/dags/test_dag.py         215  0.01s             1           0  0.25s           2026-02-16T15:08:26
================================================================================
[2026-02-16T15:09:27.590+0000] {manager.py:879} INFO - 
================================================================================
DAG File Processing Stats

File Path                             PID  Runtime      # DAGs    # Errors  Last Runtime    Last Run
----------------------------------  -----  ---------  --------  ----------  --------------  -------------------
/opt/airflow/dags/sec_edgar_dag.py                           1           0  0.55s           2026-02-16T15:08:58
/opt/airflow/dags/test_dag.py         240  0.01s             1           0  0.23s           2026-02-16T15:08:57
================================================================================
[2026-02-16T15:09:57.649+0000] {manager.py:879} INFO - 
================================================================================
DAG File Processing Stats

File Path                           PID    Runtime      # DAGs    # Errors  Last Runtime    Last Run
----------------------------------  -----  ---------  --------  ----------  --------------  -------------------
/opt/airflow/dags/sec_edgar_dag.py                           1           0  0.53s           2026-02-16T15:09:29
/opt/airflow/dags/test_dag.py                                1           0  0.30s           2026-02-16T15:09:27
================================================================================
[2026-02-16T15:10:27.946+0000] {manager.py:879} INFO - 
================================================================================
DAG File Processing Stats

File Path                           PID    Runtime      # DAGs    # Errors  Last Runtime    Last Run
----------------------------------  -----  ---------  --------  ----------  --------------  -------------------
/opt/airflow/dags/sec_edgar_dag.py                           1           0  0.53s           2026-02-16T15:10:00
/opt/airflow/dags/test_dag.py                                1           0  0.23s           2026-02-16T15:09:58
================================================================================
[2026-02-16T15:10:58.159+0000] {manager.py:879} INFO - 
================================================================================
DAG File Processing Stats

File Path                           PID    Runtime      # DAGs    # Errors  Last Runtime    Last Run
----------------------------------  -----  ---------  --------  ----------  --------------  -------------------
/opt/airflow/dags/sec_edgar_dag.py                           1           0  0.51s           2026-02-16T15:10:31
/opt/airflow/dags/test_dag.py                                1           0  0.24s           2026-02-16T15:10:28
================================================================================
[2026-02-16T15:11:28.604+0000] {manager.py:879} INFO - 
================================================================================
DAG File Processing Stats

File Path                           PID    Runtime      # DAGs    # Errors  Last Runtime    Last Run
----------------------------------  -----  ---------  --------  ----------  --------------  -------------------
/opt/airflow/dags/sec_edgar_dag.py                           1           0  0.54s           2026-02-16T15:11:02
/opt/airflow/dags/test_dag.py                                1           0  0.18s           2026-02-16T15:10:59
================================================================================
[2026-02-16T15:11:58.707+0000] {manager.py:879} INFO - 
================================================================================
DAG File Processing Stats

File Path                           PID    Runtime      # DAGs    # Errors  Last Runtime    Last Run
----------------------------------  -----  ---------  --------  ----------  --------------  -------------------
/opt/airflow/dags/sec_edgar_dag.py                           1           0  0.59s           2026-02-16T15:11:33
/opt/airflow/dags/test_dag.py                                1           0  0.24s           2026-02-16T15:11:29
================================================================================
[2026-02-16T15:12:29.016+0000] {manager.py:879} INFO - 
================================================================================
DAG File Processing Stats

File Path                           PID    Runtime      # DAGs    # Errors  Last Runtime    Last Run
----------------------------------  -----  ---------  --------  ----------  --------------  -------------------
/opt/airflow/dags/sec_edgar_dag.py                           1           0  0.61s           2026-02-16T15:12:04
/opt/airflow/dags/test_dag.py                                1           0  0.26s           2026-02-16T15:12:00
================================================================================
[2026-02-16T15:12:55.036+0000] {manager.py:738} INFO - Searching for files in /opt/airflow/dags
[2026-02-16T15:12:56.382+0000] {manager.py:741} INFO - There are 2 files in /opt/airflow/dags
[2026-02-16T15:12:59.425+0000] {manager.py:879} INFO - 
================================================================================
DAG File Processing Stats

File Path                           PID    Runtime      # DAGs    # Errors  Last Runtime    Last Run
----------------------------------  -----  ---------  --------  ----------  --------------  -------------------
/opt/airflow/dags/sec_edgar_dag.py                           1           0  0.54s           2026-02-16T15:12:35
/opt/airflow/dags/test_dag.py                                1           0  0.17s           2026-02-16T15:12:30
================================================================================
[2026-02-16T15:13:29.923+0000] {manager.py:879} INFO - 
================================================================================
DAG File Processing Stats

File Path                           PID    Runtime      # DAGs    # Errors  Last Runtime    Last Run
----------------------------------  -----  ---------  --------  ----------  --------------  -------------------
/opt/airflow/dags/sec_edgar_dag.py                           1           0  0.49s           2026-02-16T15:13:06
/opt/airflow/dags/test_dag.py                                1           0  0.24s           2026-02-16T15:13:01
================================================================================
[2026-02-16T15:14:00.147+0000] {manager.py:879} INFO - 
================================================================================
DAG File Processing Stats

File Path                           PID    Runtime      # DAGs    # Errors  Last Runtime    Last Run
----------------------------------  -----  ---------  --------  ----------  --------------  -------------------
/opt/airflow/dags/sec_edgar_dag.py                           1           0  0.55s           2026-02-16T15:13:37
/opt/airflow/dags/test_dag.py                                1           0  0.20s           2026-02-16T15:13:32
================================================================================
[2026-02-16T15:14:30.200+0000] {manager.py:879} INFO - 
================================================================================
DAG File Processing Stats

File Path                           PID    Runtime      # DAGs    # Errors  Last Runtime    Last Run
----------------------------------  -----  ---------  --------  ----------  --------------  -------------------
/opt/airflow/dags/sec_edgar_dag.py                           1           0  0.59s           2026-02-16T15:14:08
/opt/airflow/dags/test_dag.py                                1           0  0.19s           2026-02-16T15:14:03
================================================================================
[2026-02-16T15:15:00.362+0000] {manager.py:879} INFO - 
================================================================================
DAG File Processing Stats

File Path                           PID    Runtime      # DAGs    # Errors  Last Runtime    Last Run
----------------------------------  -----  ---------  --------  ----------  --------------  -------------------
/opt/airflow/dags/sec_edgar_dag.py                           1           0  0.47s           2026-02-16T15:14:39
/opt/airflow/dags/test_dag.py                                1           0  0.26s           2026-02-16T15:14:33
================================================================================
[2026-02-16T15:15:30.589+0000] {manager.py:879} INFO - 
================================================================================
DAG File Processing Stats

File Path                           PID    Runtime      # DAGs    # Errors  Last Runtime    Last Run
----------------------------------  -----  ---------  --------  ----------  --------------  -------------------
/opt/airflow/dags/sec_edgar_dag.py                           1           0  0.56s           2026-02-16T15:15:09
/opt/airflow/dags/test_dag.py                                1           0  0.20s           2026-02-16T15:15:04
================================================================================
[2026-02-16T15:16:01.050+0000] {manager.py:879} INFO - 
================================================================================
DAG File Processing Stats

File Path                           PID    Runtime      # DAGs    # Errors  Last Runtime    Last Run
----------------------------------  -----  ---------  --------  ----------  --------------  -------------------
/opt/airflow/dags/sec_edgar_dag.py                           1           0  0.52s           2026-02-16T15:15:41
/opt/airflow/dags/test_dag.py                                1           0  0.22s           2026-02-16T15:15:34
================================================================================
[2026-02-16T15:16:31.486+0000] {manager.py:879} INFO - 
================================================================================
DAG File Processing Stats

File Path                           PID    Runtime      # DAGs    # Errors  Last Runtime    Last Run
----------------------------------  -----  ---------  --------  ----------  --------------  -------------------
/opt/airflow/dags/sec_edgar_dag.py                           1           0  0.51s           2026-02-16T15:16:11
/opt/airflow/dags/test_dag.py                                1           0  0.18s           2026-02-16T15:16:05
================================================================================
[2026-02-16T15:17:01.968+0000] {manager.py:879} INFO - 
================================================================================
DAG File Processing Stats

File Path                           PID    Runtime      # DAGs    # Errors  Last Runtime    Last Run
----------------------------------  -----  ---------  --------  ----------  --------------  -------------------
/opt/airflow/dags/sec_edgar_dag.py                           1           0  0.54s           2026-02-16T15:16:43
/opt/airflow/dags/test_dag.py                                1           0  0.23s           2026-02-16T15:16:35
================================================================================
[2026-02-16T15:17:17.239+0000] {manager.py:451} INFO - Exiting gracefully upon receiving signal 15
[2026-02-16T15:17:31.707+0000] {manager.py:469} INFO - Processing files using up to 2 processes at a time 
[2026-02-16T15:17:31.709+0000] {manager.py:470} INFO - Process each file at most once every 30 seconds
[2026-02-16T15:17:31.710+0000] {manager.py:471} INFO - Checking for new files in /opt/airflow/dags every 300 seconds
[2026-02-16T15:17:31.711+0000] {manager.py:738} INFO - Searching for files in /opt/airflow/dags
[2026-02-16T15:17:32.741+0000] {manager.py:741} INFO - There are 2 files in /opt/airflow/dags
[2026-02-16T15:17:34.036+0000] {manager.py:879} INFO - 
================================================================================
DAG File Processing Stats

File Path                             PID  Runtime      # DAGs    # Errors  Last Runtime    Last Run
----------------------------------  -----  ---------  --------  ----------  --------------  ----------
/opt/airflow/dags/sec_edgar_dag.py    183  0.05s             0           0
/opt/airflow/dags/test_dag.py         186  0.03s             0           0
================================================================================
[2026-02-16T15:18:04.509+0000] {manager.py:879} INFO - 
================================================================================
DAG File Processing Stats

File Path                             PID  Runtime      # DAGs    # Errors  Last Runtime    Last Run
----------------------------------  -----  ---------  --------  ----------  --------------  -------------------
/opt/airflow/dags/sec_edgar_dag.py                           1           0  0.63s           2026-02-16T15:17:34
/opt/airflow/dags/test_dag.py         199  0.02s             1           0  0.22s           2026-02-16T15:17:34
================================================================================
[2026-02-16T15:18:34.582+0000] {manager.py:879} INFO - 
================================================================================
DAG File Processing Stats

File Path                           PID    Runtime      # DAGs    # Errors  Last Runtime    Last Run
----------------------------------  -----  ---------  --------  ----------  --------------  -------------------
/opt/airflow/dags/sec_edgar_dag.py                           1           0  0.55s           2026-02-16T15:18:05
/opt/airflow/dags/test_dag.py                                1           0  0.28s           2026-02-16T15:18:04
================================================================================
[2026-02-16T15:19:05.120+0000] {manager.py:879} INFO - 
================================================================================
DAG File Processing Stats

File Path                           PID    Runtime      # DAGs    # Errors  Last Runtime    Last Run
----------------------------------  -----  ---------  --------  ----------  --------------  -------------------
/opt/airflow/dags/sec_edgar_dag.py                           1           0  0.53s           2026-02-16T15:18:36
/opt/airflow/dags/test_dag.py                                1           0  0.23s           2026-02-16T15:18:35
================================================================================
[2026-02-16T15:19:35.543+0000] {manager.py:879} INFO - 
================================================================================
DAG File Processing Stats

File Path                           PID    Runtime      # DAGs    # Errors  Last Runtime    Last Run
----------------------------------  -----  ---------  --------  ----------  --------------  -------------------
/opt/airflow/dags/sec_edgar_dag.py                           1           0  0.50s           2026-02-16T15:19:06
/opt/airflow/dags/test_dag.py                                1           0  0.16s           2026-02-16T15:19:06
================================================================================
[2026-02-16T15:20:05.591+0000] {manager.py:879} INFO - 
================================================================================
DAG File Processing Stats

File Path                           PID    Runtime      # DAGs    # Errors  Last Runtime    Last Run
----------------------------------  -----  ---------  --------  ----------  --------------  -------------------
/opt/airflow/dags/sec_edgar_dag.py                           1           0  0.48s           2026-02-16T15:19:37
/opt/airflow/dags/test_dag.py                                1           0  0.26s           2026-02-16T15:19:36
================================================================================
[2026-02-16T15:20:35.870+0000] {manager.py:879} INFO - 
================================================================================
DAG File Processing Stats

File Path                           PID    Runtime      # DAGs    # Errors  Last Runtime    Last Run
----------------------------------  -----  ---------  --------  ----------  --------------  -------------------
/opt/airflow/dags/sec_edgar_dag.py                           1           0  0.50s           2026-02-16T15:20:08
/opt/airflow/dags/test_dag.py                                1           0  0.19s           2026-02-16T15:20:07
================================================================================
[2026-02-16T15:21:06.112+0000] {manager.py:879} INFO - 
================================================================================
DAG File Processing Stats

File Path                           PID    Runtime      # DAGs    # Errors  Last Runtime    Last Run
----------------------------------  -----  ---------  --------  ----------  --------------  -------------------
/opt/airflow/dags/sec_edgar_dag.py                           1           0  0.56s           2026-02-16T15:20:39
/opt/airflow/dags/test_dag.py                                1           0  0.25s           2026-02-16T15:20:37
================================================================================
[2026-02-16T15:21:36.647+0000] {manager.py:879} INFO - 
================================================================================
DAG File Processing Stats

File Path                           PID    Runtime      # DAGs    # Errors  Last Runtime    Last Run
----------------------------------  -----  ---------  --------  ----------  --------------  -------------------
/opt/airflow/dags/sec_edgar_dag.py                           1           0  0.50s           2026-02-16T15:21:10
/opt/airflow/dags/test_dag.py                                1           0  0.25s           2026-02-16T15:21:08
================================================================================
[2026-02-16T15:22:06.729+0000] {manager.py:879} INFO - 
================================================================================
DAG File Processing Stats

File Path                           PID    Runtime      # DAGs    # Errors  Last Runtime    Last Run
----------------------------------  -----  ---------  --------  ----------  --------------  -------------------
/opt/airflow/dags/sec_edgar_dag.py                           1           0  0.54s           2026-02-16T15:21:41
/opt/airflow/dags/test_dag.py                                1           0  0.25s           2026-02-16T15:21:38
================================================================================
[2026-02-16T15:22:32.215+0000] {manager.py:738} INFO - Searching for files in /opt/airflow/dags
[2026-02-16T15:22:33.547+0000] {manager.py:741} INFO - There are 2 files in /opt/airflow/dags
[2026-02-16T15:22:37.600+0000] {manager.py:879} INFO - 
================================================================================
DAG File Processing Stats

File Path                           PID    Runtime      # DAGs    # Errors  Last Runtime    Last Run
----------------------------------  -----  ---------  --------  ----------  --------------  -------------------
/opt/airflow/dags/sec_edgar_dag.py                           1           0  0.53s           2026-02-16T15:22:12
/opt/airflow/dags/test_dag.py                                1           0  0.25s           2026-02-16T15:22:09
================================================================================
[2026-02-16T15:24:06.475+0000] {manager.py:879} INFO - 
================================================================================
DAG File Processing Stats

File Path                           PID    Runtime      # DAGs    # Errors  Last Runtime    Last Run
----------------------------------  -----  ---------  --------  ----------  --------------  -------------------
/opt/airflow/dags/sec_edgar_dag.py                           1           0  0.88s           2026-02-16T15:23:46
/opt/airflow/dags/test_dag.py                                1           0  0.46s           2026-02-16T15:23:45
================================================================================
[2026-02-16T15:24:36.675+0000] {manager.py:879} INFO - 
================================================================================
DAG File Processing Stats

File Path                           PID    Runtime      # DAGs    # Errors  Last Runtime    Last Run
----------------------------------  -----  ---------  --------  ----------  --------------  -------------------
/opt/airflow/dags/sec_edgar_dag.py                           1           0  0.53s           2026-02-16T15:24:17
/opt/airflow/dags/test_dag.py                                1           0  0.23s           2026-02-16T15:24:16
================================================================================
[2026-02-16T15:25:06.979+0000] {manager.py:879} INFO - 
================================================================================
DAG File Processing Stats

File Path                           PID    Runtime      # DAGs    # Errors  Last Runtime    Last Run
----------------------------------  -----  ---------  --------  ----------  --------------  -------------------
/opt/airflow/dags/sec_edgar_dag.py                           1           0  0.54s           2026-02-16T15:24:48
/opt/airflow/dags/test_dag.py                                1           0  0.22s           2026-02-16T15:24:46
================================================================================
[2026-02-16T15:25:37.389+0000] {manager.py:879} INFO - 
================================================================================
DAG File Processing Stats

File Path                           PID    Runtime      # DAGs    # Errors  Last Runtime    Last Run
----------------------------------  -----  ---------  --------  ----------  --------------  -------------------
/opt/airflow/dags/sec_edgar_dag.py                           1           0  0.51s           2026-02-16T15:25:18
/opt/airflow/dags/test_dag.py                                1           0  0.19s           2026-02-16T15:25:17
================================================================================
[2026-02-16T15:26:07.846+0000] {manager.py:879} INFO - 
================================================================================
DAG File Processing Stats

File Path                           PID    Runtime      # DAGs    # Errors  Last Runtime    Last Run
----------------------------------  -----  ---------  --------  ----------  --------------  -------------------
/opt/airflow/dags/sec_edgar_dag.py                           1           0  0.50s           2026-02-16T15:25:50
/opt/airflow/dags/test_dag.py                                1           0  0.22s           2026-02-16T15:25:47
================================================================================
[2026-02-16T15:26:37.888+0000] {manager.py:879} INFO - 
================================================================================
DAG File Processing Stats

File Path                           PID    Runtime      # DAGs    # Errors  Last Runtime    Last Run
----------------------------------  -----  ---------  --------  ----------  --------------  -------------------
/opt/airflow/dags/sec_edgar_dag.py                           1           0  0.51s           2026-02-16T15:26:20
/opt/airflow/dags/test_dag.py                                1           0  0.28s           2026-02-16T15:26:18
================================================================================
[2026-02-16T15:27:08.152+0000] {manager.py:451} INFO - Exiting gracefully upon receiving signal 15
