[2026-02-16T00:00:02.872+0000] {processor.py:161} INFO - Started process (PID=14042) to work on /opt/airflow/dags/sec_edgar_dag.py
[2026-02-16T00:00:02.874+0000] {processor.py:830} INFO - Processing file /opt/airflow/dags/sec_edgar_dag.py for tasks to queue
[2026-02-16T00:00:02.876+0000] {logging_mixin.py:188} INFO - [2026-02-16T00:00:02.875+0000] {dagbag.py:538} INFO - Filling up the DagBag from /opt/airflow/dags/sec_edgar_dag.py
[2026-02-16T00:00:03.554+0000] {processor.py:840} INFO - DAG(s) 'sec_edgar_pipeline' retrieved from /opt/airflow/dags/sec_edgar_dag.py
[2026-02-16T00:00:03.805+0000] {logging_mixin.py:188} INFO - [2026-02-16T00:00:03.804+0000] {dag.py:3036} INFO - Sync 1 DAGs
[2026-02-16T00:00:03.834+0000] {logging_mixin.py:188} INFO - [2026-02-16T00:00:03.833+0000] {dag.py:3823} INFO - Setting next_dagrun for sec_edgar_pipeline to 2026-02-15 09:00:00+00:00, run_after=2026-02-16 09:00:00+00:00
[2026-02-16T00:00:03.862+0000] {processor.py:183} INFO - Processing /opt/airflow/dags/sec_edgar_dag.py took 0.997 seconds
[2026-02-16T00:00:34.365+0000] {processor.py:161} INFO - Started process (PID=14058) to work on /opt/airflow/dags/sec_edgar_dag.py
[2026-02-16T00:00:34.367+0000] {processor.py:830} INFO - Processing file /opt/airflow/dags/sec_edgar_dag.py for tasks to queue
[2026-02-16T00:00:34.369+0000] {logging_mixin.py:188} INFO - [2026-02-16T00:00:34.368+0000] {dagbag.py:538} INFO - Filling up the DagBag from /opt/airflow/dags/sec_edgar_dag.py
[2026-02-16T00:00:35.085+0000] {processor.py:840} INFO - DAG(s) 'sec_edgar_pipeline' retrieved from /opt/airflow/dags/sec_edgar_dag.py
[2026-02-16T00:00:35.125+0000] {logging_mixin.py:188} INFO - [2026-02-16T00:00:35.123+0000] {dag.py:3036} INFO - Sync 1 DAGs
[2026-02-16T00:00:35.159+0000] {logging_mixin.py:188} INFO - [2026-02-16T00:00:35.158+0000] {dag.py:3823} INFO - Setting next_dagrun for sec_edgar_pipeline to 2026-02-15 09:00:00+00:00, run_after=2026-02-16 09:00:00+00:00
[2026-02-16T00:00:35.188+0000] {processor.py:183} INFO - Processing /opt/airflow/dags/sec_edgar_dag.py took 0.827 seconds
[2026-02-16T00:01:06.053+0000] {processor.py:161} INFO - Started process (PID=14074) to work on /opt/airflow/dags/sec_edgar_dag.py
[2026-02-16T00:01:06.055+0000] {processor.py:830} INFO - Processing file /opt/airflow/dags/sec_edgar_dag.py for tasks to queue
[2026-02-16T00:01:06.057+0000] {logging_mixin.py:188} INFO - [2026-02-16T00:01:06.057+0000] {dagbag.py:538} INFO - Filling up the DagBag from /opt/airflow/dags/sec_edgar_dag.py
[2026-02-16T00:01:06.775+0000] {processor.py:840} INFO - DAG(s) 'sec_edgar_pipeline' retrieved from /opt/airflow/dags/sec_edgar_dag.py
[2026-02-16T00:01:06.812+0000] {logging_mixin.py:188} INFO - [2026-02-16T00:01:06.811+0000] {dag.py:3036} INFO - Sync 1 DAGs
[2026-02-16T00:01:06.845+0000] {logging_mixin.py:188} INFO - [2026-02-16T00:01:06.845+0000] {dag.py:3823} INFO - Setting next_dagrun for sec_edgar_pipeline to 2026-02-15 09:00:00+00:00, run_after=2026-02-16 09:00:00+00:00
[2026-02-16T00:01:06.884+0000] {processor.py:183} INFO - Processing /opt/airflow/dags/sec_edgar_dag.py took 0.836 seconds
[2026-02-16T00:01:37.985+0000] {processor.py:161} INFO - Started process (PID=14089) to work on /opt/airflow/dags/sec_edgar_dag.py
[2026-02-16T00:01:37.986+0000] {processor.py:830} INFO - Processing file /opt/airflow/dags/sec_edgar_dag.py for tasks to queue
[2026-02-16T00:01:37.988+0000] {logging_mixin.py:188} INFO - [2026-02-16T00:01:37.987+0000] {dagbag.py:538} INFO - Filling up the DagBag from /opt/airflow/dags/sec_edgar_dag.py
[2026-02-16T00:01:38.321+0000] {processor.py:840} INFO - DAG(s) 'sec_edgar_pipeline' retrieved from /opt/airflow/dags/sec_edgar_dag.py
[2026-02-16T00:01:38.361+0000] {logging_mixin.py:188} INFO - [2026-02-16T00:01:38.360+0000] {dag.py:3036} INFO - Sync 1 DAGs
[2026-02-16T00:01:38.399+0000] {logging_mixin.py:188} INFO - [2026-02-16T00:01:38.398+0000] {dag.py:3823} INFO - Setting next_dagrun for sec_edgar_pipeline to 2026-02-15 09:00:00+00:00, run_after=2026-02-16 09:00:00+00:00
[2026-02-16T00:01:38.433+0000] {processor.py:183} INFO - Processing /opt/airflow/dags/sec_edgar_dag.py took 0.452 seconds
[2026-02-16T00:02:09.041+0000] {processor.py:161} INFO - Started process (PID=14105) to work on /opt/airflow/dags/sec_edgar_dag.py
[2026-02-16T00:02:09.042+0000] {processor.py:830} INFO - Processing file /opt/airflow/dags/sec_edgar_dag.py for tasks to queue
[2026-02-16T00:02:09.044+0000] {logging_mixin.py:188} INFO - [2026-02-16T00:02:09.044+0000] {dagbag.py:538} INFO - Filling up the DagBag from /opt/airflow/dags/sec_edgar_dag.py
[2026-02-16T00:02:09.403+0000] {processor.py:840} INFO - DAG(s) 'sec_edgar_pipeline' retrieved from /opt/airflow/dags/sec_edgar_dag.py
[2026-02-16T00:02:09.516+0000] {logging_mixin.py:188} INFO - [2026-02-16T00:02:09.515+0000] {dag.py:3036} INFO - Sync 1 DAGs
[2026-02-16T00:02:09.578+0000] {logging_mixin.py:188} INFO - [2026-02-16T00:02:09.576+0000] {dag.py:3823} INFO - Setting next_dagrun for sec_edgar_pipeline to 2026-02-15 09:00:00+00:00, run_after=2026-02-16 09:00:00+00:00
[2026-02-16T00:02:09.640+0000] {processor.py:183} INFO - Processing /opt/airflow/dags/sec_edgar_dag.py took 0.604 seconds
[2026-02-16T00:02:40.004+0000] {processor.py:161} INFO - Started process (PID=14121) to work on /opt/airflow/dags/sec_edgar_dag.py
[2026-02-16T00:02:40.006+0000] {processor.py:830} INFO - Processing file /opt/airflow/dags/sec_edgar_dag.py for tasks to queue
[2026-02-16T00:02:40.008+0000] {logging_mixin.py:188} INFO - [2026-02-16T00:02:40.007+0000] {dagbag.py:538} INFO - Filling up the DagBag from /opt/airflow/dags/sec_edgar_dag.py
[2026-02-16T00:02:40.335+0000] {processor.py:840} INFO - DAG(s) 'sec_edgar_pipeline' retrieved from /opt/airflow/dags/sec_edgar_dag.py
[2026-02-16T00:02:40.376+0000] {logging_mixin.py:188} INFO - [2026-02-16T00:02:40.375+0000] {dag.py:3036} INFO - Sync 1 DAGs
[2026-02-16T00:02:40.413+0000] {logging_mixin.py:188} INFO - [2026-02-16T00:02:40.413+0000] {dag.py:3823} INFO - Setting next_dagrun for sec_edgar_pipeline to 2026-02-15 09:00:00+00:00, run_after=2026-02-16 09:00:00+00:00
[2026-02-16T00:02:40.445+0000] {processor.py:183} INFO - Processing /opt/airflow/dags/sec_edgar_dag.py took 0.446 seconds
[2026-02-16T00:03:10.593+0000] {processor.py:161} INFO - Started process (PID=14137) to work on /opt/airflow/dags/sec_edgar_dag.py
[2026-02-16T00:03:10.595+0000] {processor.py:830} INFO - Processing file /opt/airflow/dags/sec_edgar_dag.py for tasks to queue
[2026-02-16T00:03:10.597+0000] {logging_mixin.py:188} INFO - [2026-02-16T00:03:10.596+0000] {dagbag.py:538} INFO - Filling up the DagBag from /opt/airflow/dags/sec_edgar_dag.py
[2026-02-16T00:03:10.909+0000] {processor.py:840} INFO - DAG(s) 'sec_edgar_pipeline' retrieved from /opt/airflow/dags/sec_edgar_dag.py
[2026-02-16T00:03:10.955+0000] {logging_mixin.py:188} INFO - [2026-02-16T00:03:10.954+0000] {dag.py:3036} INFO - Sync 1 DAGs
[2026-02-16T00:03:10.996+0000] {logging_mixin.py:188} INFO - [2026-02-16T00:03:10.996+0000] {dag.py:3823} INFO - Setting next_dagrun for sec_edgar_pipeline to 2026-02-15 09:00:00+00:00, run_after=2026-02-16 09:00:00+00:00
[2026-02-16T00:03:11.026+0000] {processor.py:183} INFO - Processing /opt/airflow/dags/sec_edgar_dag.py took 0.437 seconds
[2026-02-16T00:03:41.886+0000] {processor.py:161} INFO - Started process (PID=14153) to work on /opt/airflow/dags/sec_edgar_dag.py
[2026-02-16T00:03:41.887+0000] {processor.py:830} INFO - Processing file /opt/airflow/dags/sec_edgar_dag.py for tasks to queue
[2026-02-16T00:03:41.889+0000] {logging_mixin.py:188} INFO - [2026-02-16T00:03:41.888+0000] {dagbag.py:538} INFO - Filling up the DagBag from /opt/airflow/dags/sec_edgar_dag.py
[2026-02-16T00:03:42.225+0000] {processor.py:840} INFO - DAG(s) 'sec_edgar_pipeline' retrieved from /opt/airflow/dags/sec_edgar_dag.py
[2026-02-16T00:03:42.264+0000] {logging_mixin.py:188} INFO - [2026-02-16T00:03:42.263+0000] {dag.py:3036} INFO - Sync 1 DAGs
[2026-02-16T00:03:42.301+0000] {logging_mixin.py:188} INFO - [2026-02-16T00:03:42.301+0000] {dag.py:3823} INFO - Setting next_dagrun for sec_edgar_pipeline to 2026-02-15 09:00:00+00:00, run_after=2026-02-16 09:00:00+00:00
[2026-02-16T00:03:42.344+0000] {processor.py:183} INFO - Processing /opt/airflow/dags/sec_edgar_dag.py took 0.463 seconds
[2026-02-16T00:04:12.532+0000] {processor.py:161} INFO - Started process (PID=14169) to work on /opt/airflow/dags/sec_edgar_dag.py
[2026-02-16T00:04:12.535+0000] {processor.py:830} INFO - Processing file /opt/airflow/dags/sec_edgar_dag.py for tasks to queue
[2026-02-16T00:04:12.538+0000] {logging_mixin.py:188} INFO - [2026-02-16T00:04:12.537+0000] {dagbag.py:538} INFO - Filling up the DagBag from /opt/airflow/dags/sec_edgar_dag.py
[2026-02-16T00:04:12.896+0000] {processor.py:840} INFO - DAG(s) 'sec_edgar_pipeline' retrieved from /opt/airflow/dags/sec_edgar_dag.py
[2026-02-16T00:04:12.936+0000] {logging_mixin.py:188} INFO - [2026-02-16T00:04:12.935+0000] {dag.py:3036} INFO - Sync 1 DAGs
[2026-02-16T00:04:12.972+0000] {logging_mixin.py:188} INFO - [2026-02-16T00:04:12.971+0000] {dag.py:3823} INFO - Setting next_dagrun for sec_edgar_pipeline to 2026-02-15 09:00:00+00:00, run_after=2026-02-16 09:00:00+00:00
[2026-02-16T00:04:13.006+0000] {processor.py:183} INFO - Processing /opt/airflow/dags/sec_edgar_dag.py took 0.480 seconds
[2026-02-16T00:04:43.845+0000] {processor.py:161} INFO - Started process (PID=14185) to work on /opt/airflow/dags/sec_edgar_dag.py
[2026-02-16T00:04:43.847+0000] {processor.py:830} INFO - Processing file /opt/airflow/dags/sec_edgar_dag.py for tasks to queue
[2026-02-16T00:04:43.849+0000] {logging_mixin.py:188} INFO - [2026-02-16T00:04:43.848+0000] {dagbag.py:538} INFO - Filling up the DagBag from /opt/airflow/dags/sec_edgar_dag.py
[2026-02-16T00:04:44.212+0000] {processor.py:840} INFO - DAG(s) 'sec_edgar_pipeline' retrieved from /opt/airflow/dags/sec_edgar_dag.py
[2026-02-16T00:04:44.253+0000] {logging_mixin.py:188} INFO - [2026-02-16T00:04:44.253+0000] {dag.py:3036} INFO - Sync 1 DAGs
[2026-02-16T00:04:44.290+0000] {logging_mixin.py:188} INFO - [2026-02-16T00:04:44.289+0000] {dag.py:3823} INFO - Setting next_dagrun for sec_edgar_pipeline to 2026-02-15 09:00:00+00:00, run_after=2026-02-16 09:00:00+00:00
[2026-02-16T00:04:44.335+0000] {processor.py:183} INFO - Processing /opt/airflow/dags/sec_edgar_dag.py took 0.496 seconds
[2026-02-16T00:05:14.519+0000] {processor.py:161} INFO - Started process (PID=14201) to work on /opt/airflow/dags/sec_edgar_dag.py
[2026-02-16T00:05:14.521+0000] {processor.py:830} INFO - Processing file /opt/airflow/dags/sec_edgar_dag.py for tasks to queue
[2026-02-16T00:05:14.523+0000] {logging_mixin.py:188} INFO - [2026-02-16T00:05:14.522+0000] {dagbag.py:538} INFO - Filling up the DagBag from /opt/airflow/dags/sec_edgar_dag.py
[2026-02-16T00:05:14.862+0000] {processor.py:840} INFO - DAG(s) 'sec_edgar_pipeline' retrieved from /opt/airflow/dags/sec_edgar_dag.py
[2026-02-16T00:05:14.903+0000] {logging_mixin.py:188} INFO - [2026-02-16T00:05:14.902+0000] {dag.py:3036} INFO - Sync 1 DAGs
[2026-02-16T00:05:14.952+0000] {logging_mixin.py:188} INFO - [2026-02-16T00:05:14.952+0000] {dag.py:3823} INFO - Setting next_dagrun for sec_edgar_pipeline to 2026-02-15 09:00:00+00:00, run_after=2026-02-16 09:00:00+00:00
[2026-02-16T00:05:14.990+0000] {processor.py:183} INFO - Processing /opt/airflow/dags/sec_edgar_dag.py took 0.476 seconds
[2026-02-16T00:05:45.885+0000] {processor.py:161} INFO - Started process (PID=14217) to work on /opt/airflow/dags/sec_edgar_dag.py
[2026-02-16T00:05:45.888+0000] {processor.py:830} INFO - Processing file /opt/airflow/dags/sec_edgar_dag.py for tasks to queue
[2026-02-16T00:05:45.890+0000] {logging_mixin.py:188} INFO - [2026-02-16T00:05:45.889+0000] {dagbag.py:538} INFO - Filling up the DagBag from /opt/airflow/dags/sec_edgar_dag.py
[2026-02-16T00:05:46.236+0000] {processor.py:840} INFO - DAG(s) 'sec_edgar_pipeline' retrieved from /opt/airflow/dags/sec_edgar_dag.py
[2026-02-16T00:05:46.278+0000] {logging_mixin.py:188} INFO - [2026-02-16T00:05:46.277+0000] {dag.py:3036} INFO - Sync 1 DAGs
[2026-02-16T00:05:46.314+0000] {logging_mixin.py:188} INFO - [2026-02-16T00:05:46.314+0000] {dag.py:3823} INFO - Setting next_dagrun for sec_edgar_pipeline to 2026-02-15 09:00:00+00:00, run_after=2026-02-16 09:00:00+00:00
[2026-02-16T00:05:46.346+0000] {processor.py:183} INFO - Processing /opt/airflow/dags/sec_edgar_dag.py took 0.466 seconds
[2026-02-16T00:06:16.433+0000] {processor.py:161} INFO - Started process (PID=14233) to work on /opt/airflow/dags/sec_edgar_dag.py
[2026-02-16T00:06:16.434+0000] {processor.py:830} INFO - Processing file /opt/airflow/dags/sec_edgar_dag.py for tasks to queue
[2026-02-16T00:06:16.436+0000] {logging_mixin.py:188} INFO - [2026-02-16T00:06:16.435+0000] {dagbag.py:538} INFO - Filling up the DagBag from /opt/airflow/dags/sec_edgar_dag.py
[2026-02-16T00:06:16.780+0000] {processor.py:840} INFO - DAG(s) 'sec_edgar_pipeline' retrieved from /opt/airflow/dags/sec_edgar_dag.py
[2026-02-16T00:06:16.822+0000] {logging_mixin.py:188} INFO - [2026-02-16T00:06:16.821+0000] {dag.py:3036} INFO - Sync 1 DAGs
[2026-02-16T00:06:16.861+0000] {logging_mixin.py:188} INFO - [2026-02-16T00:06:16.860+0000] {dag.py:3823} INFO - Setting next_dagrun for sec_edgar_pipeline to 2026-02-15 09:00:00+00:00, run_after=2026-02-16 09:00:00+00:00
[2026-02-16T00:06:16.905+0000] {processor.py:183} INFO - Processing /opt/airflow/dags/sec_edgar_dag.py took 0.477 seconds
[2026-02-16T00:06:47.817+0000] {processor.py:161} INFO - Started process (PID=14249) to work on /opt/airflow/dags/sec_edgar_dag.py
[2026-02-16T00:06:47.819+0000] {processor.py:830} INFO - Processing file /opt/airflow/dags/sec_edgar_dag.py for tasks to queue
[2026-02-16T00:06:47.820+0000] {logging_mixin.py:188} INFO - [2026-02-16T00:06:47.820+0000] {dagbag.py:538} INFO - Filling up the DagBag from /opt/airflow/dags/sec_edgar_dag.py
[2026-02-16T00:06:48.179+0000] {processor.py:840} INFO - DAG(s) 'sec_edgar_pipeline' retrieved from /opt/airflow/dags/sec_edgar_dag.py
[2026-02-16T00:06:48.219+0000] {logging_mixin.py:188} INFO - [2026-02-16T00:06:48.218+0000] {dag.py:3036} INFO - Sync 1 DAGs
[2026-02-16T00:06:48.256+0000] {logging_mixin.py:188} INFO - [2026-02-16T00:06:48.255+0000] {dag.py:3823} INFO - Setting next_dagrun for sec_edgar_pipeline to 2026-02-15 09:00:00+00:00, run_after=2026-02-16 09:00:00+00:00
[2026-02-16T00:06:48.286+0000] {processor.py:183} INFO - Processing /opt/airflow/dags/sec_edgar_dag.py took 0.476 seconds
[2026-02-16T00:07:19.141+0000] {processor.py:161} INFO - Started process (PID=14270) to work on /opt/airflow/dags/sec_edgar_dag.py
[2026-02-16T00:07:19.143+0000] {processor.py:830} INFO - Processing file /opt/airflow/dags/sec_edgar_dag.py for tasks to queue
[2026-02-16T00:07:19.144+0000] {logging_mixin.py:188} INFO - [2026-02-16T00:07:19.144+0000] {dagbag.py:538} INFO - Filling up the DagBag from /opt/airflow/dags/sec_edgar_dag.py
[2026-02-16T00:07:19.499+0000] {processor.py:840} INFO - DAG(s) 'sec_edgar_pipeline' retrieved from /opt/airflow/dags/sec_edgar_dag.py
[2026-02-16T00:07:19.542+0000] {logging_mixin.py:188} INFO - [2026-02-16T00:07:19.541+0000] {dag.py:3036} INFO - Sync 1 DAGs
[2026-02-16T00:07:19.578+0000] {logging_mixin.py:188} INFO - [2026-02-16T00:07:19.578+0000] {dag.py:3823} INFO - Setting next_dagrun for sec_edgar_pipeline to 2026-02-15 09:00:00+00:00, run_after=2026-02-16 09:00:00+00:00
[2026-02-16T00:07:19.611+0000] {processor.py:183} INFO - Processing /opt/airflow/dags/sec_edgar_dag.py took 0.475 seconds
[2026-02-16T00:07:49.707+0000] {processor.py:161} INFO - Started process (PID=14286) to work on /opt/airflow/dags/sec_edgar_dag.py
[2026-02-16T00:07:49.709+0000] {processor.py:830} INFO - Processing file /opt/airflow/dags/sec_edgar_dag.py for tasks to queue
[2026-02-16T00:07:49.710+0000] {logging_mixin.py:188} INFO - [2026-02-16T00:07:49.710+0000] {dagbag.py:538} INFO - Filling up the DagBag from /opt/airflow/dags/sec_edgar_dag.py
[2026-02-16T00:07:50.045+0000] {processor.py:840} INFO - DAG(s) 'sec_edgar_pipeline' retrieved from /opt/airflow/dags/sec_edgar_dag.py
[2026-02-16T00:07:50.085+0000] {logging_mixin.py:188} INFO - [2026-02-16T00:07:50.084+0000] {dag.py:3036} INFO - Sync 1 DAGs
[2026-02-16T00:07:50.124+0000] {logging_mixin.py:188} INFO - [2026-02-16T00:07:50.123+0000] {dag.py:3823} INFO - Setting next_dagrun for sec_edgar_pipeline to 2026-02-15 09:00:00+00:00, run_after=2026-02-16 09:00:00+00:00
[2026-02-16T00:07:50.157+0000] {processor.py:183} INFO - Processing /opt/airflow/dags/sec_edgar_dag.py took 0.454 seconds
[2026-02-16T00:08:20.821+0000] {processor.py:161} INFO - Started process (PID=14302) to work on /opt/airflow/dags/sec_edgar_dag.py
[2026-02-16T00:08:20.827+0000] {processor.py:830} INFO - Processing file /opt/airflow/dags/sec_edgar_dag.py for tasks to queue
[2026-02-16T00:08:20.830+0000] {logging_mixin.py:188} INFO - [2026-02-16T00:08:20.829+0000] {dagbag.py:538} INFO - Filling up the DagBag from /opt/airflow/dags/sec_edgar_dag.py
[2026-02-16T00:08:21.196+0000] {processor.py:840} INFO - DAG(s) 'sec_edgar_pipeline' retrieved from /opt/airflow/dags/sec_edgar_dag.py
[2026-02-16T00:08:21.238+0000] {logging_mixin.py:188} INFO - [2026-02-16T00:08:21.238+0000] {dag.py:3036} INFO - Sync 1 DAGs
[2026-02-16T00:08:21.278+0000] {logging_mixin.py:188} INFO - [2026-02-16T00:08:21.278+0000] {dag.py:3823} INFO - Setting next_dagrun for sec_edgar_pipeline to 2026-02-15 09:00:00+00:00, run_after=2026-02-16 09:00:00+00:00
[2026-02-16T00:08:21.307+0000] {processor.py:183} INFO - Processing /opt/airflow/dags/sec_edgar_dag.py took 0.493 seconds
[2026-02-16T00:08:51.795+0000] {processor.py:161} INFO - Started process (PID=14318) to work on /opt/airflow/dags/sec_edgar_dag.py
[2026-02-16T00:08:51.796+0000] {processor.py:830} INFO - Processing file /opt/airflow/dags/sec_edgar_dag.py for tasks to queue
[2026-02-16T00:08:51.797+0000] {logging_mixin.py:188} INFO - [2026-02-16T00:08:51.797+0000] {dagbag.py:538} INFO - Filling up the DagBag from /opt/airflow/dags/sec_edgar_dag.py
[2026-02-16T00:08:52.099+0000] {processor.py:840} INFO - DAG(s) 'sec_edgar_pipeline' retrieved from /opt/airflow/dags/sec_edgar_dag.py
[2026-02-16T00:08:52.133+0000] {logging_mixin.py:188} INFO - [2026-02-16T00:08:52.132+0000] {dag.py:3036} INFO - Sync 1 DAGs
[2026-02-16T00:08:52.168+0000] {logging_mixin.py:188} INFO - [2026-02-16T00:08:52.168+0000] {dag.py:3823} INFO - Setting next_dagrun for sec_edgar_pipeline to 2026-02-15 09:00:00+00:00, run_after=2026-02-16 09:00:00+00:00
[2026-02-16T00:08:52.198+0000] {processor.py:183} INFO - Processing /opt/airflow/dags/sec_edgar_dag.py took 0.408 seconds
[2026-02-16T00:09:22.366+0000] {processor.py:161} INFO - Started process (PID=14334) to work on /opt/airflow/dags/sec_edgar_dag.py
[2026-02-16T00:09:22.367+0000] {processor.py:830} INFO - Processing file /opt/airflow/dags/sec_edgar_dag.py for tasks to queue
[2026-02-16T00:09:22.368+0000] {logging_mixin.py:188} INFO - [2026-02-16T00:09:22.368+0000] {dagbag.py:538} INFO - Filling up the DagBag from /opt/airflow/dags/sec_edgar_dag.py
[2026-02-16T00:09:22.673+0000] {processor.py:840} INFO - DAG(s) 'sec_edgar_pipeline' retrieved from /opt/airflow/dags/sec_edgar_dag.py
[2026-02-16T00:09:22.707+0000] {logging_mixin.py:188} INFO - [2026-02-16T00:09:22.706+0000] {dag.py:3036} INFO - Sync 1 DAGs
[2026-02-16T00:09:22.739+0000] {logging_mixin.py:188} INFO - [2026-02-16T00:09:22.739+0000] {dag.py:3823} INFO - Setting next_dagrun for sec_edgar_pipeline to 2026-02-15 09:00:00+00:00, run_after=2026-02-16 09:00:00+00:00
[2026-02-16T00:09:22.767+0000] {processor.py:183} INFO - Processing /opt/airflow/dags/sec_edgar_dag.py took 0.405 seconds
[2026-02-16T00:09:53.667+0000] {processor.py:161} INFO - Started process (PID=14350) to work on /opt/airflow/dags/sec_edgar_dag.py
[2026-02-16T00:09:53.668+0000] {processor.py:830} INFO - Processing file /opt/airflow/dags/sec_edgar_dag.py for tasks to queue
[2026-02-16T00:09:53.669+0000] {logging_mixin.py:188} INFO - [2026-02-16T00:09:53.669+0000] {dagbag.py:538} INFO - Filling up the DagBag from /opt/airflow/dags/sec_edgar_dag.py
[2026-02-16T00:09:53.971+0000] {processor.py:840} INFO - DAG(s) 'sec_edgar_pipeline' retrieved from /opt/airflow/dags/sec_edgar_dag.py
[2026-02-16T00:09:54.001+0000] {logging_mixin.py:188} INFO - [2026-02-16T00:09:54.001+0000] {dag.py:3036} INFO - Sync 1 DAGs
[2026-02-16T00:09:54.036+0000] {logging_mixin.py:188} INFO - [2026-02-16T00:09:54.036+0000] {dag.py:3823} INFO - Setting next_dagrun for sec_edgar_pipeline to 2026-02-15 09:00:00+00:00, run_after=2026-02-16 09:00:00+00:00
[2026-02-16T00:09:54.063+0000] {processor.py:183} INFO - Processing /opt/airflow/dags/sec_edgar_dag.py took 0.400 seconds
[2026-02-16T01:17:13.876+0000] {processor.py:161} INFO - Started process (PID=14363) to work on /opt/airflow/dags/sec_edgar_dag.py
[2026-02-16T01:17:13.880+0000] {processor.py:830} INFO - Processing file /opt/airflow/dags/sec_edgar_dag.py for tasks to queue
[2026-02-16T01:17:13.884+0000] {logging_mixin.py:188} INFO - [2026-02-16T01:17:13.883+0000] {dagbag.py:538} INFO - Filling up the DagBag from /opt/airflow/dags/sec_edgar_dag.py
[2026-02-16T01:17:14.867+0000] {processor.py:840} INFO - DAG(s) 'sec_edgar_pipeline' retrieved from /opt/airflow/dags/sec_edgar_dag.py
[2026-02-16T01:17:15.014+0000] {logging_mixin.py:188} INFO - [2026-02-16T01:17:15.013+0000] {dag.py:3036} INFO - Sync 1 DAGs
[2026-02-16T01:17:15.141+0000] {logging_mixin.py:188} INFO - [2026-02-16T01:17:15.140+0000] {dag.py:3823} INFO - Setting next_dagrun for sec_edgar_pipeline to 2026-02-15 09:00:00+00:00, run_after=2026-02-16 09:00:00+00:00
[2026-02-16T01:17:15.252+0000] {processor.py:183} INFO - Processing /opt/airflow/dags/sec_edgar_dag.py took 1.442 seconds
[2026-02-16T01:17:45.661+0000] {processor.py:161} INFO - Started process (PID=14384) to work on /opt/airflow/dags/sec_edgar_dag.py
[2026-02-16T01:17:45.663+0000] {processor.py:830} INFO - Processing file /opt/airflow/dags/sec_edgar_dag.py for tasks to queue
[2026-02-16T01:17:45.665+0000] {logging_mixin.py:188} INFO - [2026-02-16T01:17:45.664+0000] {dagbag.py:538} INFO - Filling up the DagBag from /opt/airflow/dags/sec_edgar_dag.py
[2026-02-16T01:17:46.020+0000] {processor.py:840} INFO - DAG(s) 'sec_edgar_pipeline' retrieved from /opt/airflow/dags/sec_edgar_dag.py
[2026-02-16T01:17:46.080+0000] {logging_mixin.py:188} INFO - [2026-02-16T01:17:46.079+0000] {dag.py:3036} INFO - Sync 1 DAGs
[2026-02-16T01:17:46.137+0000] {logging_mixin.py:188} INFO - [2026-02-16T01:17:46.137+0000] {dag.py:3823} INFO - Setting next_dagrun for sec_edgar_pipeline to 2026-02-15 09:00:00+00:00, run_after=2026-02-16 09:00:00+00:00
[2026-02-16T01:17:46.224+0000] {processor.py:183} INFO - Processing /opt/airflow/dags/sec_edgar_dag.py took 0.568 seconds
[2026-02-16T01:18:16.408+0000] {processor.py:161} INFO - Started process (PID=14400) to work on /opt/airflow/dags/sec_edgar_dag.py
[2026-02-16T01:18:16.409+0000] {processor.py:830} INFO - Processing file /opt/airflow/dags/sec_edgar_dag.py for tasks to queue
[2026-02-16T01:18:16.411+0000] {logging_mixin.py:188} INFO - [2026-02-16T01:18:16.411+0000] {dagbag.py:538} INFO - Filling up the DagBag from /opt/airflow/dags/sec_edgar_dag.py
[2026-02-16T01:18:16.724+0000] {processor.py:840} INFO - DAG(s) 'sec_edgar_pipeline' retrieved from /opt/airflow/dags/sec_edgar_dag.py
[2026-02-16T01:18:16.766+0000] {logging_mixin.py:188} INFO - [2026-02-16T01:18:16.766+0000] {dag.py:3036} INFO - Sync 1 DAGs
[2026-02-16T01:18:16.799+0000] {logging_mixin.py:188} INFO - [2026-02-16T01:18:16.799+0000] {dag.py:3823} INFO - Setting next_dagrun for sec_edgar_pipeline to 2026-02-15 09:00:00+00:00, run_after=2026-02-16 09:00:00+00:00
[2026-02-16T01:18:16.826+0000] {processor.py:183} INFO - Processing /opt/airflow/dags/sec_edgar_dag.py took 0.422 seconds
[2026-02-16T01:18:46.963+0000] {processor.py:161} INFO - Started process (PID=14416) to work on /opt/airflow/dags/sec_edgar_dag.py
[2026-02-16T01:18:46.965+0000] {processor.py:830} INFO - Processing file /opt/airflow/dags/sec_edgar_dag.py for tasks to queue
[2026-02-16T01:18:46.967+0000] {logging_mixin.py:188} INFO - [2026-02-16T01:18:46.966+0000] {dagbag.py:538} INFO - Filling up the DagBag from /opt/airflow/dags/sec_edgar_dag.py
[2026-02-16T01:18:47.303+0000] {processor.py:840} INFO - DAG(s) 'sec_edgar_pipeline' retrieved from /opt/airflow/dags/sec_edgar_dag.py
[2026-02-16T01:18:47.341+0000] {logging_mixin.py:188} INFO - [2026-02-16T01:18:47.340+0000] {dag.py:3036} INFO - Sync 1 DAGs
[2026-02-16T01:18:47.379+0000] {logging_mixin.py:188} INFO - [2026-02-16T01:18:47.378+0000] {dag.py:3823} INFO - Setting next_dagrun for sec_edgar_pipeline to 2026-02-15 09:00:00+00:00, run_after=2026-02-16 09:00:00+00:00
[2026-02-16T01:18:47.461+0000] {processor.py:183} INFO - Processing /opt/airflow/dags/sec_edgar_dag.py took 0.503 seconds
[2026-02-16T01:19:18.280+0000] {processor.py:161} INFO - Started process (PID=14432) to work on /opt/airflow/dags/sec_edgar_dag.py
[2026-02-16T01:19:18.282+0000] {processor.py:830} INFO - Processing file /opt/airflow/dags/sec_edgar_dag.py for tasks to queue
[2026-02-16T01:19:18.283+0000] {logging_mixin.py:188} INFO - [2026-02-16T01:19:18.283+0000] {dagbag.py:538} INFO - Filling up the DagBag from /opt/airflow/dags/sec_edgar_dag.py
[2026-02-16T01:19:18.599+0000] {processor.py:840} INFO - DAG(s) 'sec_edgar_pipeline' retrieved from /opt/airflow/dags/sec_edgar_dag.py
[2026-02-16T01:19:18.636+0000] {logging_mixin.py:188} INFO - [2026-02-16T01:19:18.635+0000] {dag.py:3036} INFO - Sync 1 DAGs
[2026-02-16T01:19:18.670+0000] {logging_mixin.py:188} INFO - [2026-02-16T01:19:18.669+0000] {dag.py:3823} INFO - Setting next_dagrun for sec_edgar_pipeline to 2026-02-15 09:00:00+00:00, run_after=2026-02-16 09:00:00+00:00
[2026-02-16T01:19:18.730+0000] {processor.py:183} INFO - Processing /opt/airflow/dags/sec_edgar_dag.py took 0.455 seconds
[2026-02-16T01:19:49.024+0000] {processor.py:161} INFO - Started process (PID=14449) to work on /opt/airflow/dags/sec_edgar_dag.py
[2026-02-16T01:19:49.025+0000] {processor.py:830} INFO - Processing file /opt/airflow/dags/sec_edgar_dag.py for tasks to queue
[2026-02-16T01:19:49.027+0000] {logging_mixin.py:188} INFO - [2026-02-16T01:19:49.026+0000] {dagbag.py:538} INFO - Filling up the DagBag from /opt/airflow/dags/sec_edgar_dag.py
[2026-02-16T01:19:49.353+0000] {processor.py:840} INFO - DAG(s) 'sec_edgar_pipeline' retrieved from /opt/airflow/dags/sec_edgar_dag.py
[2026-02-16T01:19:49.390+0000] {logging_mixin.py:188} INFO - [2026-02-16T01:19:49.390+0000] {dag.py:3036} INFO - Sync 1 DAGs
[2026-02-16T01:19:49.428+0000] {logging_mixin.py:188} INFO - [2026-02-16T01:19:49.427+0000] {dag.py:3823} INFO - Setting next_dagrun for sec_edgar_pipeline to 2026-02-15 09:00:00+00:00, run_after=2026-02-16 09:00:00+00:00
[2026-02-16T01:19:49.512+0000] {processor.py:183} INFO - Processing /opt/airflow/dags/sec_edgar_dag.py took 0.492 seconds
[2026-02-16T01:20:20.323+0000] {processor.py:161} INFO - Started process (PID=14465) to work on /opt/airflow/dags/sec_edgar_dag.py
[2026-02-16T01:20:20.325+0000] {processor.py:830} INFO - Processing file /opt/airflow/dags/sec_edgar_dag.py for tasks to queue
[2026-02-16T01:20:20.327+0000] {logging_mixin.py:188} INFO - [2026-02-16T01:20:20.327+0000] {dagbag.py:538} INFO - Filling up the DagBag from /opt/airflow/dags/sec_edgar_dag.py
[2026-02-16T01:20:20.691+0000] {processor.py:840} INFO - DAG(s) 'sec_edgar_pipeline' retrieved from /opt/airflow/dags/sec_edgar_dag.py
[2026-02-16T01:20:20.737+0000] {logging_mixin.py:188} INFO - [2026-02-16T01:20:20.736+0000] {dag.py:3036} INFO - Sync 1 DAGs
[2026-02-16T01:20:20.781+0000] {logging_mixin.py:188} INFO - [2026-02-16T01:20:20.780+0000] {dag.py:3823} INFO - Setting next_dagrun for sec_edgar_pipeline to 2026-02-15 09:00:00+00:00, run_after=2026-02-16 09:00:00+00:00
[2026-02-16T01:20:20.829+0000] {processor.py:183} INFO - Processing /opt/airflow/dags/sec_edgar_dag.py took 0.510 seconds
[2026-02-16T01:20:51.001+0000] {processor.py:161} INFO - Started process (PID=14481) to work on /opt/airflow/dags/sec_edgar_dag.py
[2026-02-16T01:20:51.004+0000] {processor.py:830} INFO - Processing file /opt/airflow/dags/sec_edgar_dag.py for tasks to queue
[2026-02-16T01:20:51.005+0000] {logging_mixin.py:188} INFO - [2026-02-16T01:20:51.005+0000] {dagbag.py:538} INFO - Filling up the DagBag from /opt/airflow/dags/sec_edgar_dag.py
[2026-02-16T01:20:51.377+0000] {processor.py:840} INFO - DAG(s) 'sec_edgar_pipeline' retrieved from /opt/airflow/dags/sec_edgar_dag.py
[2026-02-16T01:20:51.420+0000] {logging_mixin.py:188} INFO - [2026-02-16T01:20:51.419+0000] {dag.py:3036} INFO - Sync 1 DAGs
[2026-02-16T01:20:51.465+0000] {logging_mixin.py:188} INFO - [2026-02-16T01:20:51.465+0000] {dag.py:3823} INFO - Setting next_dagrun for sec_edgar_pipeline to 2026-02-15 09:00:00+00:00, run_after=2026-02-16 09:00:00+00:00
[2026-02-16T01:20:51.547+0000] {processor.py:183} INFO - Processing /opt/airflow/dags/sec_edgar_dag.py took 0.551 seconds
[2026-02-16T01:21:22.318+0000] {processor.py:161} INFO - Started process (PID=14497) to work on /opt/airflow/dags/sec_edgar_dag.py
[2026-02-16T01:21:22.320+0000] {processor.py:830} INFO - Processing file /opt/airflow/dags/sec_edgar_dag.py for tasks to queue
[2026-02-16T01:21:22.322+0000] {logging_mixin.py:188} INFO - [2026-02-16T01:21:22.321+0000] {dagbag.py:538} INFO - Filling up the DagBag from /opt/airflow/dags/sec_edgar_dag.py
[2026-02-16T01:21:22.683+0000] {processor.py:840} INFO - DAG(s) 'sec_edgar_pipeline' retrieved from /opt/airflow/dags/sec_edgar_dag.py
[2026-02-16T01:21:22.724+0000] {logging_mixin.py:188} INFO - [2026-02-16T01:21:22.723+0000] {dag.py:3036} INFO - Sync 1 DAGs
[2026-02-16T01:21:22.766+0000] {logging_mixin.py:188} INFO - [2026-02-16T01:21:22.765+0000] {dag.py:3823} INFO - Setting next_dagrun for sec_edgar_pipeline to 2026-02-15 09:00:00+00:00, run_after=2026-02-16 09:00:00+00:00
[2026-02-16T01:21:22.856+0000] {processor.py:183} INFO - Processing /opt/airflow/dags/sec_edgar_dag.py took 0.543 seconds
[2026-02-16T01:21:53.088+0000] {processor.py:161} INFO - Started process (PID=14513) to work on /opt/airflow/dags/sec_edgar_dag.py
[2026-02-16T01:21:53.090+0000] {processor.py:830} INFO - Processing file /opt/airflow/dags/sec_edgar_dag.py for tasks to queue
[2026-02-16T01:21:53.092+0000] {logging_mixin.py:188} INFO - [2026-02-16T01:21:53.092+0000] {dagbag.py:538} INFO - Filling up the DagBag from /opt/airflow/dags/sec_edgar_dag.py
[2026-02-16T01:21:53.433+0000] {processor.py:840} INFO - DAG(s) 'sec_edgar_pipeline' retrieved from /opt/airflow/dags/sec_edgar_dag.py
[2026-02-16T01:21:53.478+0000] {logging_mixin.py:188} INFO - [2026-02-16T01:21:53.477+0000] {dag.py:3036} INFO - Sync 1 DAGs
[2026-02-16T01:21:53.519+0000] {logging_mixin.py:188} INFO - [2026-02-16T01:21:53.518+0000] {dag.py:3823} INFO - Setting next_dagrun for sec_edgar_pipeline to 2026-02-15 09:00:00+00:00, run_after=2026-02-16 09:00:00+00:00
[2026-02-16T01:21:53.562+0000] {processor.py:183} INFO - Processing /opt/airflow/dags/sec_edgar_dag.py took 0.479 seconds
[2026-02-16T01:22:23.899+0000] {processor.py:161} INFO - Started process (PID=14529) to work on /opt/airflow/dags/sec_edgar_dag.py
[2026-02-16T01:22:23.901+0000] {processor.py:830} INFO - Processing file /opt/airflow/dags/sec_edgar_dag.py for tasks to queue
[2026-02-16T01:22:23.903+0000] {logging_mixin.py:188} INFO - [2026-02-16T01:22:23.902+0000] {dagbag.py:538} INFO - Filling up the DagBag from /opt/airflow/dags/sec_edgar_dag.py
[2026-02-16T01:22:24.248+0000] {processor.py:840} INFO - DAG(s) 'sec_edgar_pipeline' retrieved from /opt/airflow/dags/sec_edgar_dag.py
[2026-02-16T01:22:24.297+0000] {logging_mixin.py:188} INFO - [2026-02-16T01:22:24.296+0000] {dag.py:3036} INFO - Sync 1 DAGs
[2026-02-16T01:22:24.340+0000] {logging_mixin.py:188} INFO - [2026-02-16T01:22:24.339+0000] {dag.py:3823} INFO - Setting next_dagrun for sec_edgar_pipeline to 2026-02-15 09:00:00+00:00, run_after=2026-02-16 09:00:00+00:00
[2026-02-16T01:22:24.420+0000] {processor.py:183} INFO - Processing /opt/airflow/dags/sec_edgar_dag.py took 0.527 seconds
[2026-02-16T01:22:54.559+0000] {processor.py:161} INFO - Started process (PID=14545) to work on /opt/airflow/dags/sec_edgar_dag.py
[2026-02-16T01:22:54.561+0000] {processor.py:830} INFO - Processing file /opt/airflow/dags/sec_edgar_dag.py for tasks to queue
[2026-02-16T01:22:54.563+0000] {logging_mixin.py:188} INFO - [2026-02-16T01:22:54.562+0000] {dagbag.py:538} INFO - Filling up the DagBag from /opt/airflow/dags/sec_edgar_dag.py
[2026-02-16T01:22:54.922+0000] {processor.py:840} INFO - DAG(s) 'sec_edgar_pipeline' retrieved from /opt/airflow/dags/sec_edgar_dag.py
[2026-02-16T01:22:54.967+0000] {logging_mixin.py:188} INFO - [2026-02-16T01:22:54.966+0000] {dag.py:3036} INFO - Sync 1 DAGs
[2026-02-16T01:22:55.005+0000] {logging_mixin.py:188} INFO - [2026-02-16T01:22:55.005+0000] {dag.py:3823} INFO - Setting next_dagrun for sec_edgar_pipeline to 2026-02-15 09:00:00+00:00, run_after=2026-02-16 09:00:00+00:00
[2026-02-16T01:22:55.089+0000] {processor.py:183} INFO - Processing /opt/airflow/dags/sec_edgar_dag.py took 0.536 seconds
[2026-02-16T01:23:25.898+0000] {processor.py:161} INFO - Started process (PID=14561) to work on /opt/airflow/dags/sec_edgar_dag.py
[2026-02-16T01:23:25.900+0000] {processor.py:830} INFO - Processing file /opt/airflow/dags/sec_edgar_dag.py for tasks to queue
[2026-02-16T01:23:25.901+0000] {logging_mixin.py:188} INFO - [2026-02-16T01:23:25.901+0000] {dagbag.py:538} INFO - Filling up the DagBag from /opt/airflow/dags/sec_edgar_dag.py
[2026-02-16T01:23:26.251+0000] {processor.py:840} INFO - DAG(s) 'sec_edgar_pipeline' retrieved from /opt/airflow/dags/sec_edgar_dag.py
[2026-02-16T01:23:26.289+0000] {logging_mixin.py:188} INFO - [2026-02-16T01:23:26.288+0000] {dag.py:3036} INFO - Sync 1 DAGs
[2026-02-16T01:23:26.326+0000] {logging_mixin.py:188} INFO - [2026-02-16T01:23:26.326+0000] {dag.py:3823} INFO - Setting next_dagrun for sec_edgar_pipeline to 2026-02-15 09:00:00+00:00, run_after=2026-02-16 09:00:00+00:00
[2026-02-16T01:23:26.409+0000] {processor.py:183} INFO - Processing /opt/airflow/dags/sec_edgar_dag.py took 0.517 seconds
[2026-02-16T01:23:56.538+0000] {processor.py:161} INFO - Started process (PID=14577) to work on /opt/airflow/dags/sec_edgar_dag.py
[2026-02-16T01:23:56.540+0000] {processor.py:830} INFO - Processing file /opt/airflow/dags/sec_edgar_dag.py for tasks to queue
[2026-02-16T01:23:56.541+0000] {logging_mixin.py:188} INFO - [2026-02-16T01:23:56.541+0000] {dagbag.py:538} INFO - Filling up the DagBag from /opt/airflow/dags/sec_edgar_dag.py
[2026-02-16T01:23:56.866+0000] {processor.py:840} INFO - DAG(s) 'sec_edgar_pipeline' retrieved from /opt/airflow/dags/sec_edgar_dag.py
[2026-02-16T01:23:56.904+0000] {logging_mixin.py:188} INFO - [2026-02-16T01:23:56.904+0000] {dag.py:3036} INFO - Sync 1 DAGs
[2026-02-16T01:23:56.940+0000] {logging_mixin.py:188} INFO - [2026-02-16T01:23:56.940+0000] {dag.py:3823} INFO - Setting next_dagrun for sec_edgar_pipeline to 2026-02-15 09:00:00+00:00, run_after=2026-02-16 09:00:00+00:00
[2026-02-16T01:23:57.020+0000] {processor.py:183} INFO - Processing /opt/airflow/dags/sec_edgar_dag.py took 0.486 seconds
[2026-02-16T01:24:27.131+0000] {processor.py:161} INFO - Started process (PID=14593) to work on /opt/airflow/dags/sec_edgar_dag.py
[2026-02-16T01:24:27.133+0000] {processor.py:830} INFO - Processing file /opt/airflow/dags/sec_edgar_dag.py for tasks to queue
[2026-02-16T01:24:27.135+0000] {logging_mixin.py:188} INFO - [2026-02-16T01:24:27.135+0000] {dagbag.py:538} INFO - Filling up the DagBag from /opt/airflow/dags/sec_edgar_dag.py
[2026-02-16T01:24:27.468+0000] {processor.py:840} INFO - DAG(s) 'sec_edgar_pipeline' retrieved from /opt/airflow/dags/sec_edgar_dag.py
[2026-02-16T01:24:27.525+0000] {logging_mixin.py:188} INFO - [2026-02-16T01:24:27.524+0000] {dag.py:3036} INFO - Sync 1 DAGs
[2026-02-16T01:24:27.566+0000] {logging_mixin.py:188} INFO - [2026-02-16T01:24:27.566+0000] {dag.py:3823} INFO - Setting next_dagrun for sec_edgar_pipeline to 2026-02-15 09:00:00+00:00, run_after=2026-02-16 09:00:00+00:00
[2026-02-16T01:24:27.652+0000] {processor.py:183} INFO - Processing /opt/airflow/dags/sec_edgar_dag.py took 0.526 seconds
[2026-02-16T01:24:58.423+0000] {processor.py:161} INFO - Started process (PID=14609) to work on /opt/airflow/dags/sec_edgar_dag.py
[2026-02-16T01:24:58.425+0000] {processor.py:830} INFO - Processing file /opt/airflow/dags/sec_edgar_dag.py for tasks to queue
[2026-02-16T01:24:58.427+0000] {logging_mixin.py:188} INFO - [2026-02-16T01:24:58.426+0000] {dagbag.py:538} INFO - Filling up the DagBag from /opt/airflow/dags/sec_edgar_dag.py
[2026-02-16T01:24:58.730+0000] {processor.py:840} INFO - DAG(s) 'sec_edgar_pipeline' retrieved from /opt/airflow/dags/sec_edgar_dag.py
[2026-02-16T01:24:58.771+0000] {logging_mixin.py:188} INFO - [2026-02-16T01:24:58.770+0000] {dag.py:3036} INFO - Sync 1 DAGs
[2026-02-16T01:24:58.810+0000] {logging_mixin.py:188} INFO - [2026-02-16T01:24:58.809+0000] {dag.py:3823} INFO - Setting next_dagrun for sec_edgar_pipeline to 2026-02-15 09:00:00+00:00, run_after=2026-02-16 09:00:00+00:00
[2026-02-16T01:24:58.891+0000] {processor.py:183} INFO - Processing /opt/airflow/dags/sec_edgar_dag.py took 0.473 seconds
[2026-02-16T01:25:29.195+0000] {processor.py:161} INFO - Started process (PID=14625) to work on /opt/airflow/dags/sec_edgar_dag.py
[2026-02-16T01:25:29.197+0000] {processor.py:830} INFO - Processing file /opt/airflow/dags/sec_edgar_dag.py for tasks to queue
[2026-02-16T01:25:29.199+0000] {logging_mixin.py:188} INFO - [2026-02-16T01:25:29.198+0000] {dagbag.py:538} INFO - Filling up the DagBag from /opt/airflow/dags/sec_edgar_dag.py
[2026-02-16T01:25:29.517+0000] {processor.py:840} INFO - DAG(s) 'sec_edgar_pipeline' retrieved from /opt/airflow/dags/sec_edgar_dag.py
[2026-02-16T01:25:29.563+0000] {logging_mixin.py:188} INFO - [2026-02-16T01:25:29.562+0000] {dag.py:3036} INFO - Sync 1 DAGs
[2026-02-16T01:25:29.604+0000] {logging_mixin.py:188} INFO - [2026-02-16T01:25:29.604+0000] {dag.py:3823} INFO - Setting next_dagrun for sec_edgar_pipeline to 2026-02-15 09:00:00+00:00, run_after=2026-02-16 09:00:00+00:00
[2026-02-16T01:25:29.689+0000] {processor.py:183} INFO - Processing /opt/airflow/dags/sec_edgar_dag.py took 0.499 seconds
[2026-02-16T01:26:00.523+0000] {processor.py:161} INFO - Started process (PID=14641) to work on /opt/airflow/dags/sec_edgar_dag.py
[2026-02-16T01:26:00.525+0000] {processor.py:830} INFO - Processing file /opt/airflow/dags/sec_edgar_dag.py for tasks to queue
[2026-02-16T01:26:00.526+0000] {logging_mixin.py:188} INFO - [2026-02-16T01:26:00.526+0000] {dagbag.py:538} INFO - Filling up the DagBag from /opt/airflow/dags/sec_edgar_dag.py
[2026-02-16T01:26:00.847+0000] {processor.py:840} INFO - DAG(s) 'sec_edgar_pipeline' retrieved from /opt/airflow/dags/sec_edgar_dag.py
[2026-02-16T01:26:00.888+0000] {logging_mixin.py:188} INFO - [2026-02-16T01:26:00.887+0000] {dag.py:3036} INFO - Sync 1 DAGs
[2026-02-16T01:26:00.933+0000] {logging_mixin.py:188} INFO - [2026-02-16T01:26:00.933+0000] {dag.py:3823} INFO - Setting next_dagrun for sec_edgar_pipeline to 2026-02-15 09:00:00+00:00, run_after=2026-02-16 09:00:00+00:00
[2026-02-16T01:26:01.019+0000] {processor.py:183} INFO - Processing /opt/airflow/dags/sec_edgar_dag.py took 0.501 seconds
[2026-02-16T01:26:31.320+0000] {processor.py:161} INFO - Started process (PID=14657) to work on /opt/airflow/dags/sec_edgar_dag.py
[2026-02-16T01:26:31.322+0000] {processor.py:830} INFO - Processing file /opt/airflow/dags/sec_edgar_dag.py for tasks to queue
[2026-02-16T01:26:31.323+0000] {logging_mixin.py:188} INFO - [2026-02-16T01:26:31.323+0000] {dagbag.py:538} INFO - Filling up the DagBag from /opt/airflow/dags/sec_edgar_dag.py
[2026-02-16T01:26:31.641+0000] {processor.py:840} INFO - DAG(s) 'sec_edgar_pipeline' retrieved from /opt/airflow/dags/sec_edgar_dag.py
[2026-02-16T01:26:31.686+0000] {logging_mixin.py:188} INFO - [2026-02-16T01:26:31.685+0000] {dag.py:3036} INFO - Sync 1 DAGs
[2026-02-16T01:26:31.724+0000] {logging_mixin.py:188} INFO - [2026-02-16T01:26:31.724+0000] {dag.py:3823} INFO - Setting next_dagrun for sec_edgar_pipeline to 2026-02-15 09:00:00+00:00, run_after=2026-02-16 09:00:00+00:00
[2026-02-16T01:26:31.811+0000] {processor.py:183} INFO - Processing /opt/airflow/dags/sec_edgar_dag.py took 0.497 seconds
[2026-02-16T01:27:02.634+0000] {processor.py:161} INFO - Started process (PID=14673) to work on /opt/airflow/dags/sec_edgar_dag.py
[2026-02-16T01:27:02.636+0000] {processor.py:830} INFO - Processing file /opt/airflow/dags/sec_edgar_dag.py for tasks to queue
[2026-02-16T01:27:02.638+0000] {logging_mixin.py:188} INFO - [2026-02-16T01:27:02.638+0000] {dagbag.py:538} INFO - Filling up the DagBag from /opt/airflow/dags/sec_edgar_dag.py
[2026-02-16T01:27:02.978+0000] {processor.py:840} INFO - DAG(s) 'sec_edgar_pipeline' retrieved from /opt/airflow/dags/sec_edgar_dag.py
[2026-02-16T01:27:03.019+0000] {logging_mixin.py:188} INFO - [2026-02-16T01:27:03.018+0000] {dag.py:3036} INFO - Sync 1 DAGs
[2026-02-16T01:27:03.063+0000] {logging_mixin.py:188} INFO - [2026-02-16T01:27:03.062+0000] {dag.py:3823} INFO - Setting next_dagrun for sec_edgar_pipeline to 2026-02-15 09:00:00+00:00, run_after=2026-02-16 09:00:00+00:00
[2026-02-16T01:27:03.096+0000] {processor.py:183} INFO - Processing /opt/airflow/dags/sec_edgar_dag.py took 0.468 seconds
[2026-02-16T01:27:33.895+0000] {processor.py:161} INFO - Started process (PID=14689) to work on /opt/airflow/dags/sec_edgar_dag.py
[2026-02-16T01:27:33.897+0000] {processor.py:830} INFO - Processing file /opt/airflow/dags/sec_edgar_dag.py for tasks to queue
[2026-02-16T01:27:33.899+0000] {logging_mixin.py:188} INFO - [2026-02-16T01:27:33.899+0000] {dagbag.py:538} INFO - Filling up the DagBag from /opt/airflow/dags/sec_edgar_dag.py
[2026-02-16T01:27:34.206+0000] {processor.py:840} INFO - DAG(s) 'sec_edgar_pipeline' retrieved from /opt/airflow/dags/sec_edgar_dag.py
[2026-02-16T01:27:34.251+0000] {logging_mixin.py:188} INFO - [2026-02-16T01:27:34.250+0000] {dag.py:3036} INFO - Sync 1 DAGs
[2026-02-16T01:27:34.290+0000] {logging_mixin.py:188} INFO - [2026-02-16T01:27:34.290+0000] {dag.py:3823} INFO - Setting next_dagrun for sec_edgar_pipeline to 2026-02-15 09:00:00+00:00, run_after=2026-02-16 09:00:00+00:00
[2026-02-16T01:27:34.374+0000] {processor.py:183} INFO - Processing /opt/airflow/dags/sec_edgar_dag.py took 0.483 seconds
[2026-02-16T01:28:04.619+0000] {processor.py:161} INFO - Started process (PID=14705) to work on /opt/airflow/dags/sec_edgar_dag.py
[2026-02-16T01:28:04.620+0000] {processor.py:830} INFO - Processing file /opt/airflow/dags/sec_edgar_dag.py for tasks to queue
[2026-02-16T01:28:04.622+0000] {logging_mixin.py:188} INFO - [2026-02-16T01:28:04.621+0000] {dagbag.py:538} INFO - Filling up the DagBag from /opt/airflow/dags/sec_edgar_dag.py
[2026-02-16T01:28:04.936+0000] {processor.py:840} INFO - DAG(s) 'sec_edgar_pipeline' retrieved from /opt/airflow/dags/sec_edgar_dag.py
[2026-02-16T01:28:04.980+0000] {logging_mixin.py:188} INFO - [2026-02-16T01:28:04.979+0000] {dag.py:3036} INFO - Sync 1 DAGs
[2026-02-16T01:28:05.025+0000] {logging_mixin.py:188} INFO - [2026-02-16T01:28:05.025+0000] {dag.py:3823} INFO - Setting next_dagrun for sec_edgar_pipeline to 2026-02-15 09:00:00+00:00, run_after=2026-02-16 09:00:00+00:00
[2026-02-16T01:28:05.108+0000] {processor.py:183} INFO - Processing /opt/airflow/dags/sec_edgar_dag.py took 0.494 seconds
[2026-02-16T01:28:35.939+0000] {processor.py:161} INFO - Started process (PID=14721) to work on /opt/airflow/dags/sec_edgar_dag.py
[2026-02-16T01:28:35.957+0000] {processor.py:830} INFO - Processing file /opt/airflow/dags/sec_edgar_dag.py for tasks to queue
[2026-02-16T01:28:35.959+0000] {logging_mixin.py:188} INFO - [2026-02-16T01:28:35.958+0000] {dagbag.py:538} INFO - Filling up the DagBag from /opt/airflow/dags/sec_edgar_dag.py
[2026-02-16T01:28:36.360+0000] {processor.py:840} INFO - DAG(s) 'sec_edgar_pipeline' retrieved from /opt/airflow/dags/sec_edgar_dag.py
[2026-02-16T01:28:36.402+0000] {logging_mixin.py:188} INFO - [2026-02-16T01:28:36.401+0000] {dag.py:3036} INFO - Sync 1 DAGs
[2026-02-16T01:28:36.439+0000] {logging_mixin.py:188} INFO - [2026-02-16T01:28:36.439+0000] {dag.py:3823} INFO - Setting next_dagrun for sec_edgar_pipeline to 2026-02-15 09:00:00+00:00, run_after=2026-02-16 09:00:00+00:00
[2026-02-16T01:28:36.520+0000] {processor.py:183} INFO - Processing /opt/airflow/dags/sec_edgar_dag.py took 0.588 seconds
[2026-02-16T01:29:06.703+0000] {processor.py:161} INFO - Started process (PID=14743) to work on /opt/airflow/dags/sec_edgar_dag.py
[2026-02-16T01:29:06.706+0000] {processor.py:830} INFO - Processing file /opt/airflow/dags/sec_edgar_dag.py for tasks to queue
[2026-02-16T01:29:06.707+0000] {logging_mixin.py:188} INFO - [2026-02-16T01:29:06.707+0000] {dagbag.py:538} INFO - Filling up the DagBag from /opt/airflow/dags/sec_edgar_dag.py
[2026-02-16T01:29:07.027+0000] {processor.py:840} INFO - DAG(s) 'sec_edgar_pipeline' retrieved from /opt/airflow/dags/sec_edgar_dag.py
[2026-02-16T01:29:07.067+0000] {logging_mixin.py:188} INFO - [2026-02-16T01:29:07.066+0000] {dag.py:3036} INFO - Sync 1 DAGs
[2026-02-16T01:29:07.107+0000] {logging_mixin.py:188} INFO - [2026-02-16T01:29:07.106+0000] {dag.py:3823} INFO - Setting next_dagrun for sec_edgar_pipeline to 2026-02-15 09:00:00+00:00, run_after=2026-02-16 09:00:00+00:00
[2026-02-16T01:29:07.192+0000] {processor.py:183} INFO - Processing /opt/airflow/dags/sec_edgar_dag.py took 0.494 seconds
[2026-02-16T01:29:38.019+0000] {processor.py:161} INFO - Started process (PID=14759) to work on /opt/airflow/dags/sec_edgar_dag.py
[2026-02-16T01:29:38.022+0000] {processor.py:830} INFO - Processing file /opt/airflow/dags/sec_edgar_dag.py for tasks to queue
[2026-02-16T01:29:38.024+0000] {logging_mixin.py:188} INFO - [2026-02-16T01:29:38.023+0000] {dagbag.py:538} INFO - Filling up the DagBag from /opt/airflow/dags/sec_edgar_dag.py
[2026-02-16T01:29:38.354+0000] {processor.py:840} INFO - DAG(s) 'sec_edgar_pipeline' retrieved from /opt/airflow/dags/sec_edgar_dag.py
[2026-02-16T01:29:38.396+0000] {logging_mixin.py:188} INFO - [2026-02-16T01:29:38.395+0000] {dag.py:3036} INFO - Sync 1 DAGs
[2026-02-16T01:29:38.432+0000] {logging_mixin.py:188} INFO - [2026-02-16T01:29:38.432+0000] {dag.py:3823} INFO - Setting next_dagrun for sec_edgar_pipeline to 2026-02-15 09:00:00+00:00, run_after=2026-02-16 09:00:00+00:00
[2026-02-16T01:29:38.481+0000] {processor.py:183} INFO - Processing /opt/airflow/dags/sec_edgar_dag.py took 0.467 seconds
[2026-02-16T01:32:30.563+0000] {processor.py:161} INFO - Started process (PID=14765) to work on /opt/airflow/dags/sec_edgar_dag.py
[2026-02-16T01:32:30.579+0000] {processor.py:830} INFO - Processing file /opt/airflow/dags/sec_edgar_dag.py for tasks to queue
[2026-02-16T01:32:30.590+0000] {logging_mixin.py:188} INFO - [2026-02-16T01:32:30.589+0000] {dagbag.py:538} INFO - Filling up the DagBag from /opt/airflow/dags/sec_edgar_dag.py
[2026-02-16T01:32:32.619+0000] {processor.py:840} INFO - DAG(s) 'sec_edgar_pipeline' retrieved from /opt/airflow/dags/sec_edgar_dag.py
[2026-02-16T01:32:32.715+0000] {logging_mixin.py:188} INFO - [2026-02-16T01:32:32.714+0000] {dag.py:3036} INFO - Sync 1 DAGs
[2026-02-16T01:32:32.825+0000] {logging_mixin.py:188} INFO - [2026-02-16T01:32:32.825+0000] {dag.py:3823} INFO - Setting next_dagrun for sec_edgar_pipeline to 2026-02-15 09:00:00+00:00, run_after=2026-02-16 09:00:00+00:00
[2026-02-16T01:32:32.893+0000] {processor.py:183} INFO - Processing /opt/airflow/dags/sec_edgar_dag.py took 2.350 seconds
[2026-02-16T03:55:21.545+0000] {processor.py:161} INFO - Started process (PID=14776) to work on /opt/airflow/dags/sec_edgar_dag.py
[2026-02-16T03:55:21.547+0000] {processor.py:830} INFO - Processing file /opt/airflow/dags/sec_edgar_dag.py for tasks to queue
[2026-02-16T03:55:21.549+0000] {logging_mixin.py:188} INFO - [2026-02-16T03:55:21.548+0000] {dagbag.py:538} INFO - Filling up the DagBag from /opt/airflow/dags/sec_edgar_dag.py
[2026-02-16T03:55:21.831+0000] {processor.py:840} INFO - DAG(s) 'sec_edgar_pipeline' retrieved from /opt/airflow/dags/sec_edgar_dag.py
[2026-02-16T03:55:21.858+0000] {logging_mixin.py:188} INFO - [2026-02-16T03:55:21.858+0000] {dag.py:3036} INFO - Sync 1 DAGs
[2026-02-16T03:55:21.887+0000] {logging_mixin.py:188} INFO - [2026-02-16T03:55:21.886+0000] {dag.py:3823} INFO - Setting next_dagrun for sec_edgar_pipeline to 2026-02-15 09:00:00+00:00, run_after=2026-02-16 09:00:00+00:00
[2026-02-16T03:55:22.079+0000] {processor.py:183} INFO - Processing /opt/airflow/dags/sec_edgar_dag.py took 0.538 seconds
[2026-02-16T03:55:52.866+0000] {processor.py:161} INFO - Started process (PID=14800) to work on /opt/airflow/dags/sec_edgar_dag.py
[2026-02-16T03:55:52.868+0000] {processor.py:830} INFO - Processing file /opt/airflow/dags/sec_edgar_dag.py for tasks to queue
[2026-02-16T03:55:52.869+0000] {logging_mixin.py:188} INFO - [2026-02-16T03:55:52.869+0000] {dagbag.py:538} INFO - Filling up the DagBag from /opt/airflow/dags/sec_edgar_dag.py
[2026-02-16T03:55:53.192+0000] {processor.py:840} INFO - DAG(s) 'sec_edgar_pipeline' retrieved from /opt/airflow/dags/sec_edgar_dag.py
[2026-02-16T03:55:53.232+0000] {logging_mixin.py:188} INFO - [2026-02-16T03:55:53.231+0000] {dag.py:3036} INFO - Sync 1 DAGs
[2026-02-16T03:55:53.264+0000] {logging_mixin.py:188} INFO - [2026-02-16T03:55:53.264+0000] {dag.py:3823} INFO - Setting next_dagrun for sec_edgar_pipeline to 2026-02-15 09:00:00+00:00, run_after=2026-02-16 09:00:00+00:00
[2026-02-16T03:55:53.296+0000] {processor.py:183} INFO - Processing /opt/airflow/dags/sec_edgar_dag.py took 0.434 seconds
[2026-02-16T03:56:23.372+0000] {processor.py:161} INFO - Started process (PID=14816) to work on /opt/airflow/dags/sec_edgar_dag.py
[2026-02-16T03:56:23.374+0000] {processor.py:830} INFO - Processing file /opt/airflow/dags/sec_edgar_dag.py for tasks to queue
[2026-02-16T03:56:23.375+0000] {logging_mixin.py:188} INFO - [2026-02-16T03:56:23.375+0000] {dagbag.py:538} INFO - Filling up the DagBag from /opt/airflow/dags/sec_edgar_dag.py
[2026-02-16T03:56:23.676+0000] {processor.py:840} INFO - DAG(s) 'sec_edgar_pipeline' retrieved from /opt/airflow/dags/sec_edgar_dag.py
[2026-02-16T03:56:23.711+0000] {logging_mixin.py:188} INFO - [2026-02-16T03:56:23.711+0000] {dag.py:3036} INFO - Sync 1 DAGs
[2026-02-16T03:56:23.745+0000] {logging_mixin.py:188} INFO - [2026-02-16T03:56:23.745+0000] {dag.py:3823} INFO - Setting next_dagrun for sec_edgar_pipeline to 2026-02-15 09:00:00+00:00, run_after=2026-02-16 09:00:00+00:00
[2026-02-16T03:56:23.823+0000] {processor.py:183} INFO - Processing /opt/airflow/dags/sec_edgar_dag.py took 0.455 seconds
[2026-02-16T03:56:54.131+0000] {processor.py:161} INFO - Started process (PID=14832) to work on /opt/airflow/dags/sec_edgar_dag.py
[2026-02-16T03:56:54.132+0000] {processor.py:830} INFO - Processing file /opt/airflow/dags/sec_edgar_dag.py for tasks to queue
[2026-02-16T03:56:54.134+0000] {logging_mixin.py:188} INFO - [2026-02-16T03:56:54.134+0000] {dagbag.py:538} INFO - Filling up the DagBag from /opt/airflow/dags/sec_edgar_dag.py
[2026-02-16T03:56:54.460+0000] {processor.py:840} INFO - DAG(s) 'sec_edgar_pipeline' retrieved from /opt/airflow/dags/sec_edgar_dag.py
[2026-02-16T03:56:54.505+0000] {logging_mixin.py:188} INFO - [2026-02-16T03:56:54.504+0000] {dag.py:3036} INFO - Sync 1 DAGs
[2026-02-16T03:56:54.536+0000] {logging_mixin.py:188} INFO - [2026-02-16T03:56:54.536+0000] {dag.py:3823} INFO - Setting next_dagrun for sec_edgar_pipeline to 2026-02-15 09:00:00+00:00, run_after=2026-02-16 09:00:00+00:00
[2026-02-16T03:56:54.615+0000] {processor.py:183} INFO - Processing /opt/airflow/dags/sec_edgar_dag.py took 0.488 seconds
[2026-02-16T03:57:25.464+0000] {processor.py:161} INFO - Started process (PID=14848) to work on /opt/airflow/dags/sec_edgar_dag.py
[2026-02-16T03:57:25.466+0000] {processor.py:830} INFO - Processing file /opt/airflow/dags/sec_edgar_dag.py for tasks to queue
[2026-02-16T03:57:25.467+0000] {logging_mixin.py:188} INFO - [2026-02-16T03:57:25.467+0000] {dagbag.py:538} INFO - Filling up the DagBag from /opt/airflow/dags/sec_edgar_dag.py
[2026-02-16T03:57:25.787+0000] {processor.py:840} INFO - DAG(s) 'sec_edgar_pipeline' retrieved from /opt/airflow/dags/sec_edgar_dag.py
[2026-02-16T03:57:25.823+0000] {logging_mixin.py:188} INFO - [2026-02-16T03:57:25.822+0000] {dag.py:3036} INFO - Sync 1 DAGs
[2026-02-16T03:57:25.859+0000] {logging_mixin.py:188} INFO - [2026-02-16T03:57:25.858+0000] {dag.py:3823} INFO - Setting next_dagrun for sec_edgar_pipeline to 2026-02-15 09:00:00+00:00, run_after=2026-02-16 09:00:00+00:00
[2026-02-16T03:57:25.940+0000] {processor.py:183} INFO - Processing /opt/airflow/dags/sec_edgar_dag.py took 0.481 seconds
[2026-02-16T04:27:27.775+0000] {processor.py:161} INFO - Started process (PID=14855) to work on /opt/airflow/dags/sec_edgar_dag.py
[2026-02-16T04:27:27.782+0000] {processor.py:830} INFO - Processing file /opt/airflow/dags/sec_edgar_dag.py for tasks to queue
[2026-02-16T04:27:27.787+0000] {logging_mixin.py:188} INFO - [2026-02-16T04:27:27.787+0000] {dagbag.py:538} INFO - Filling up the DagBag from /opt/airflow/dags/sec_edgar_dag.py
[2026-02-16T04:27:28.720+0000] {processor.py:840} INFO - DAG(s) 'sec_edgar_pipeline' retrieved from /opt/airflow/dags/sec_edgar_dag.py
[2026-02-16T04:27:28.808+0000] {logging_mixin.py:188} INFO - [2026-02-16T04:27:28.807+0000] {dag.py:3036} INFO - Sync 1 DAGs
[2026-02-16T04:27:28.871+0000] {logging_mixin.py:188} INFO - [2026-02-16T04:27:28.871+0000] {dag.py:3823} INFO - Setting next_dagrun for sec_edgar_pipeline to 2026-02-15 09:00:00+00:00, run_after=2026-02-16 09:00:00+00:00
[2026-02-16T04:27:28.930+0000] {processor.py:183} INFO - Processing /opt/airflow/dags/sec_edgar_dag.py took 1.167 seconds
[2026-02-16T14:10:50.538+0000] {processor.py:161} INFO - Started process (PID=14873) to work on /opt/airflow/dags/sec_edgar_dag.py
[2026-02-16T14:10:50.559+0000] {processor.py:830} INFO - Processing file /opt/airflow/dags/sec_edgar_dag.py for tasks to queue
[2026-02-16T14:10:50.562+0000] {logging_mixin.py:188} INFO - [2026-02-16T14:10:50.561+0000] {dagbag.py:538} INFO - Filling up the DagBag from /opt/airflow/dags/sec_edgar_dag.py
[2026-02-16T14:10:53.711+0000] {processor.py:840} INFO - DAG(s) 'sec_edgar_pipeline' retrieved from /opt/airflow/dags/sec_edgar_dag.py
[2026-02-16T14:10:53.805+0000] {logging_mixin.py:188} INFO - [2026-02-16T14:10:53.804+0000] {dag.py:3036} INFO - Sync 1 DAGs
[2026-02-16T14:10:53.976+0000] {processor.py:183} INFO - Processing /opt/airflow/dags/sec_edgar_dag.py took 3.451 seconds
[2026-02-16T14:11:24.359+0000] {processor.py:161} INFO - Started process (PID=14898) to work on /opt/airflow/dags/sec_edgar_dag.py
[2026-02-16T14:11:24.360+0000] {processor.py:830} INFO - Processing file /opt/airflow/dags/sec_edgar_dag.py for tasks to queue
[2026-02-16T14:11:24.362+0000] {logging_mixin.py:188} INFO - [2026-02-16T14:11:24.361+0000] {dagbag.py:538} INFO - Filling up the DagBag from /opt/airflow/dags/sec_edgar_dag.py
[2026-02-16T14:11:24.686+0000] {processor.py:840} INFO - DAG(s) 'sec_edgar_pipeline' retrieved from /opt/airflow/dags/sec_edgar_dag.py
[2026-02-16T14:11:24.725+0000] {logging_mixin.py:188} INFO - [2026-02-16T14:11:24.725+0000] {dag.py:3036} INFO - Sync 1 DAGs
[2026-02-16T14:11:24.841+0000] {processor.py:183} INFO - Processing /opt/airflow/dags/sec_edgar_dag.py took 0.487 seconds
[2026-02-16T14:11:54.964+0000] {processor.py:161} INFO - Started process (PID=14914) to work on /opt/airflow/dags/sec_edgar_dag.py
[2026-02-16T14:11:54.966+0000] {processor.py:830} INFO - Processing file /opt/airflow/dags/sec_edgar_dag.py for tasks to queue
[2026-02-16T14:11:54.967+0000] {logging_mixin.py:188} INFO - [2026-02-16T14:11:54.967+0000] {dagbag.py:538} INFO - Filling up the DagBag from /opt/airflow/dags/sec_edgar_dag.py
[2026-02-16T14:11:55.272+0000] {processor.py:840} INFO - DAG(s) 'sec_edgar_pipeline' retrieved from /opt/airflow/dags/sec_edgar_dag.py
[2026-02-16T14:11:55.309+0000] {logging_mixin.py:188} INFO - [2026-02-16T14:11:55.308+0000] {dag.py:3036} INFO - Sync 1 DAGs
[2026-02-16T14:11:55.414+0000] {processor.py:183} INFO - Processing /opt/airflow/dags/sec_edgar_dag.py took 0.455 seconds
[2026-02-16T14:12:26.267+0000] {processor.py:161} INFO - Started process (PID=14930) to work on /opt/airflow/dags/sec_edgar_dag.py
[2026-02-16T14:12:26.269+0000] {processor.py:830} INFO - Processing file /opt/airflow/dags/sec_edgar_dag.py for tasks to queue
[2026-02-16T14:12:26.270+0000] {logging_mixin.py:188} INFO - [2026-02-16T14:12:26.270+0000] {dagbag.py:538} INFO - Filling up the DagBag from /opt/airflow/dags/sec_edgar_dag.py
[2026-02-16T14:12:26.603+0000] {processor.py:840} INFO - DAG(s) 'sec_edgar_pipeline' retrieved from /opt/airflow/dags/sec_edgar_dag.py
[2026-02-16T14:12:26.647+0000] {logging_mixin.py:188} INFO - [2026-02-16T14:12:26.646+0000] {dag.py:3036} INFO - Sync 1 DAGs
[2026-02-16T14:12:26.713+0000] {processor.py:183} INFO - Processing /opt/airflow/dags/sec_edgar_dag.py took 0.450 seconds
[2026-02-16T14:12:57.037+0000] {processor.py:161} INFO - Started process (PID=14946) to work on /opt/airflow/dags/sec_edgar_dag.py
[2026-02-16T14:12:57.040+0000] {processor.py:830} INFO - Processing file /opt/airflow/dags/sec_edgar_dag.py for tasks to queue
[2026-02-16T14:12:57.042+0000] {logging_mixin.py:188} INFO - [2026-02-16T14:12:57.041+0000] {dagbag.py:538} INFO - Filling up the DagBag from /opt/airflow/dags/sec_edgar_dag.py
[2026-02-16T14:12:57.372+0000] {processor.py:840} INFO - DAG(s) 'sec_edgar_pipeline' retrieved from /opt/airflow/dags/sec_edgar_dag.py
[2026-02-16T14:12:57.413+0000] {logging_mixin.py:188} INFO - [2026-02-16T14:12:57.412+0000] {dag.py:3036} INFO - Sync 1 DAGs
[2026-02-16T14:12:57.479+0000] {processor.py:183} INFO - Processing /opt/airflow/dags/sec_edgar_dag.py took 0.446 seconds
[2026-02-16T14:13:27.839+0000] {processor.py:161} INFO - Started process (PID=14962) to work on /opt/airflow/dags/sec_edgar_dag.py
[2026-02-16T14:13:27.842+0000] {processor.py:830} INFO - Processing file /opt/airflow/dags/sec_edgar_dag.py for tasks to queue
[2026-02-16T14:13:27.844+0000] {logging_mixin.py:188} INFO - [2026-02-16T14:13:27.843+0000] {dagbag.py:538} INFO - Filling up the DagBag from /opt/airflow/dags/sec_edgar_dag.py
[2026-02-16T14:13:28.181+0000] {processor.py:840} INFO - DAG(s) 'sec_edgar_pipeline' retrieved from /opt/airflow/dags/sec_edgar_dag.py
[2026-02-16T14:13:28.229+0000] {logging_mixin.py:188} INFO - [2026-02-16T14:13:28.228+0000] {dag.py:3036} INFO - Sync 1 DAGs
[2026-02-16T14:13:28.349+0000] {processor.py:183} INFO - Processing /opt/airflow/dags/sec_edgar_dag.py took 0.515 seconds
[2026-02-16T14:13:58.614+0000] {processor.py:161} INFO - Started process (PID=14978) to work on /opt/airflow/dags/sec_edgar_dag.py
[2026-02-16T14:13:58.615+0000] {processor.py:830} INFO - Processing file /opt/airflow/dags/sec_edgar_dag.py for tasks to queue
[2026-02-16T14:13:58.616+0000] {logging_mixin.py:188} INFO - [2026-02-16T14:13:58.616+0000] {dagbag.py:538} INFO - Filling up the DagBag from /opt/airflow/dags/sec_edgar_dag.py
[2026-02-16T14:13:58.942+0000] {processor.py:840} INFO - DAG(s) 'sec_edgar_pipeline' retrieved from /opt/airflow/dags/sec_edgar_dag.py
[2026-02-16T14:13:59.019+0000] {logging_mixin.py:188} INFO - [2026-02-16T14:13:59.018+0000] {dag.py:3036} INFO - Sync 1 DAGs
[2026-02-16T14:13:59.142+0000] {processor.py:183} INFO - Processing /opt/airflow/dags/sec_edgar_dag.py took 0.534 seconds
[2026-02-16T14:14:29.897+0000] {processor.py:161} INFO - Started process (PID=14994) to work on /opt/airflow/dags/sec_edgar_dag.py
[2026-02-16T14:14:29.899+0000] {processor.py:830} INFO - Processing file /opt/airflow/dags/sec_edgar_dag.py for tasks to queue
[2026-02-16T14:14:29.901+0000] {logging_mixin.py:188} INFO - [2026-02-16T14:14:29.900+0000] {dagbag.py:538} INFO - Filling up the DagBag from /opt/airflow/dags/sec_edgar_dag.py
[2026-02-16T14:14:30.287+0000] {processor.py:840} INFO - DAG(s) 'sec_edgar_pipeline' retrieved from /opt/airflow/dags/sec_edgar_dag.py
[2026-02-16T14:14:30.323+0000] {logging_mixin.py:188} INFO - [2026-02-16T14:14:30.323+0000] {dag.py:3036} INFO - Sync 1 DAGs
[2026-02-16T14:14:30.382+0000] {processor.py:183} INFO - Processing /opt/airflow/dags/sec_edgar_dag.py took 0.492 seconds
[2026-02-16T14:15:00.524+0000] {processor.py:161} INFO - Started process (PID=15010) to work on /opt/airflow/dags/sec_edgar_dag.py
[2026-02-16T14:15:00.526+0000] {processor.py:830} INFO - Processing file /opt/airflow/dags/sec_edgar_dag.py for tasks to queue
[2026-02-16T14:15:00.528+0000] {logging_mixin.py:188} INFO - [2026-02-16T14:15:00.527+0000] {dagbag.py:538} INFO - Filling up the DagBag from /opt/airflow/dags/sec_edgar_dag.py
[2026-02-16T14:15:00.854+0000] {processor.py:840} INFO - DAG(s) 'sec_edgar_pipeline' retrieved from /opt/airflow/dags/sec_edgar_dag.py
[2026-02-16T14:15:00.893+0000] {logging_mixin.py:188} INFO - [2026-02-16T14:15:00.893+0000] {dag.py:3036} INFO - Sync 1 DAGs
[2026-02-16T14:15:00.983+0000] {processor.py:183} INFO - Processing /opt/airflow/dags/sec_edgar_dag.py took 0.462 seconds
[2026-02-16T14:15:31.829+0000] {processor.py:161} INFO - Started process (PID=15026) to work on /opt/airflow/dags/sec_edgar_dag.py
[2026-02-16T14:15:31.830+0000] {processor.py:830} INFO - Processing file /opt/airflow/dags/sec_edgar_dag.py for tasks to queue
[2026-02-16T14:15:31.832+0000] {logging_mixin.py:188} INFO - [2026-02-16T14:15:31.832+0000] {dagbag.py:538} INFO - Filling up the DagBag from /opt/airflow/dags/sec_edgar_dag.py
[2026-02-16T14:15:32.136+0000] {processor.py:840} INFO - DAG(s) 'sec_edgar_pipeline' retrieved from /opt/airflow/dags/sec_edgar_dag.py
[2026-02-16T14:15:32.172+0000] {logging_mixin.py:188} INFO - [2026-02-16T14:15:32.171+0000] {dag.py:3036} INFO - Sync 1 DAGs
[2026-02-16T14:15:32.281+0000] {processor.py:183} INFO - Processing /opt/airflow/dags/sec_edgar_dag.py took 0.457 seconds
[2026-02-16T14:16:02.574+0000] {processor.py:161} INFO - Started process (PID=15045) to work on /opt/airflow/dags/sec_edgar_dag.py
[2026-02-16T14:16:02.576+0000] {processor.py:830} INFO - Processing file /opt/airflow/dags/sec_edgar_dag.py for tasks to queue
[2026-02-16T14:16:02.577+0000] {logging_mixin.py:188} INFO - [2026-02-16T14:16:02.577+0000] {dagbag.py:538} INFO - Filling up the DagBag from /opt/airflow/dags/sec_edgar_dag.py
[2026-02-16T14:16:02.918+0000] {processor.py:840} INFO - DAG(s) 'sec_edgar_pipeline' retrieved from /opt/airflow/dags/sec_edgar_dag.py
[2026-02-16T14:16:02.961+0000] {logging_mixin.py:188} INFO - [2026-02-16T14:16:02.960+0000] {dag.py:3036} INFO - Sync 1 DAGs
[2026-02-16T14:16:03.027+0000] {processor.py:183} INFO - Processing /opt/airflow/dags/sec_edgar_dag.py took 0.457 seconds
[2026-02-16T14:16:33.877+0000] {processor.py:161} INFO - Started process (PID=15063) to work on /opt/airflow/dags/sec_edgar_dag.py
[2026-02-16T14:16:33.879+0000] {processor.py:830} INFO - Processing file /opt/airflow/dags/sec_edgar_dag.py for tasks to queue
[2026-02-16T14:16:33.881+0000] {logging_mixin.py:188} INFO - [2026-02-16T14:16:33.881+0000] {dagbag.py:538} INFO - Filling up the DagBag from /opt/airflow/dags/sec_edgar_dag.py
[2026-02-16T14:16:34.208+0000] {processor.py:840} INFO - DAG(s) 'sec_edgar_pipeline' retrieved from /opt/airflow/dags/sec_edgar_dag.py
[2026-02-16T14:16:34.246+0000] {logging_mixin.py:188} INFO - [2026-02-16T14:16:34.245+0000] {dag.py:3036} INFO - Sync 1 DAGs
[2026-02-16T14:16:34.311+0000] {processor.py:183} INFO - Processing /opt/airflow/dags/sec_edgar_dag.py took 0.437 seconds
[2026-02-16T14:17:04.591+0000] {processor.py:161} INFO - Started process (PID=15079) to work on /opt/airflow/dags/sec_edgar_dag.py
[2026-02-16T14:17:04.593+0000] {processor.py:830} INFO - Processing file /opt/airflow/dags/sec_edgar_dag.py for tasks to queue
[2026-02-16T14:17:04.595+0000] {logging_mixin.py:188} INFO - [2026-02-16T14:17:04.595+0000] {dagbag.py:538} INFO - Filling up the DagBag from /opt/airflow/dags/sec_edgar_dag.py
[2026-02-16T14:17:04.900+0000] {processor.py:840} INFO - DAG(s) 'sec_edgar_pipeline' retrieved from /opt/airflow/dags/sec_edgar_dag.py
[2026-02-16T14:17:04.935+0000] {logging_mixin.py:188} INFO - [2026-02-16T14:17:04.934+0000] {dag.py:3036} INFO - Sync 1 DAGs
[2026-02-16T14:17:05.040+0000] {processor.py:183} INFO - Processing /opt/airflow/dags/sec_edgar_dag.py took 0.455 seconds
[2026-02-16T14:18:32.585+0000] {processor.py:161} INFO - Started process (PID=204) to work on /opt/airflow/dags/sec_edgar_dag.py
[2026-02-16T14:18:32.587+0000] {processor.py:830} INFO - Processing file /opt/airflow/dags/sec_edgar_dag.py for tasks to queue
[2026-02-16T14:18:32.591+0000] {logging_mixin.py:188} INFO - [2026-02-16T14:18:32.591+0000] {dagbag.py:538} INFO - Filling up the DagBag from /opt/airflow/dags/sec_edgar_dag.py
[2026-02-16T14:18:33.048+0000] {processor.py:840} INFO - DAG(s) 'sec_edgar_pipeline' retrieved from /opt/airflow/dags/sec_edgar_dag.py
[2026-02-16T14:18:33.212+0000] {logging_mixin.py:188} INFO - [2026-02-16T14:18:33.212+0000] {dag.py:3036} INFO - Sync 1 DAGs
[2026-02-16T14:18:33.270+0000] {processor.py:183} INFO - Processing /opt/airflow/dags/sec_edgar_dag.py took 0.692 seconds
[2026-02-16T14:19:03.405+0000] {processor.py:161} INFO - Started process (PID=220) to work on /opt/airflow/dags/sec_edgar_dag.py
[2026-02-16T14:19:03.407+0000] {processor.py:830} INFO - Processing file /opt/airflow/dags/sec_edgar_dag.py for tasks to queue
[2026-02-16T14:19:03.411+0000] {logging_mixin.py:188} INFO - [2026-02-16T14:19:03.410+0000] {dagbag.py:538} INFO - Filling up the DagBag from /opt/airflow/dags/sec_edgar_dag.py
[2026-02-16T14:19:03.742+0000] {processor.py:840} INFO - DAG(s) 'sec_edgar_pipeline' retrieved from /opt/airflow/dags/sec_edgar_dag.py
[2026-02-16T14:19:03.779+0000] {logging_mixin.py:188} INFO - [2026-02-16T14:19:03.778+0000] {dag.py:3036} INFO - Sync 1 DAGs
[2026-02-16T14:19:03.841+0000] {processor.py:183} INFO - Processing /opt/airflow/dags/sec_edgar_dag.py took 0.440 seconds
[2026-02-16T14:19:33.940+0000] {processor.py:161} INFO - Started process (PID=236) to work on /opt/airflow/dags/sec_edgar_dag.py
[2026-02-16T14:19:33.942+0000] {processor.py:830} INFO - Processing file /opt/airflow/dags/sec_edgar_dag.py for tasks to queue
[2026-02-16T14:19:33.947+0000] {logging_mixin.py:188} INFO - [2026-02-16T14:19:33.946+0000] {dagbag.py:538} INFO - Filling up the DagBag from /opt/airflow/dags/sec_edgar_dag.py
[2026-02-16T14:19:34.268+0000] {processor.py:840} INFO - DAG(s) 'sec_edgar_pipeline' retrieved from /opt/airflow/dags/sec_edgar_dag.py
[2026-02-16T14:19:34.302+0000] {logging_mixin.py:188} INFO - [2026-02-16T14:19:34.301+0000] {dag.py:3036} INFO - Sync 1 DAGs
[2026-02-16T14:19:34.408+0000] {processor.py:183} INFO - Processing /opt/airflow/dags/sec_edgar_dag.py took 0.476 seconds
[2026-02-16T14:20:04.701+0000] {processor.py:161} INFO - Started process (PID=257) to work on /opt/airflow/dags/sec_edgar_dag.py
[2026-02-16T14:20:04.702+0000] {processor.py:830} INFO - Processing file /opt/airflow/dags/sec_edgar_dag.py for tasks to queue
[2026-02-16T14:20:04.705+0000] {logging_mixin.py:188} INFO - [2026-02-16T14:20:04.705+0000] {dagbag.py:538} INFO - Filling up the DagBag from /opt/airflow/dags/sec_edgar_dag.py
[2026-02-16T14:20:05.009+0000] {processor.py:840} INFO - DAG(s) 'sec_edgar_pipeline' retrieved from /opt/airflow/dags/sec_edgar_dag.py
[2026-02-16T14:20:05.051+0000] {logging_mixin.py:188} INFO - [2026-02-16T14:20:05.050+0000] {dag.py:3036} INFO - Sync 1 DAGs
[2026-02-16T14:20:05.163+0000] {processor.py:183} INFO - Processing /opt/airflow/dags/sec_edgar_dag.py took 0.465 seconds
[2026-02-16T14:20:35.999+0000] {processor.py:161} INFO - Started process (PID=273) to work on /opt/airflow/dags/sec_edgar_dag.py
[2026-02-16T14:20:36.001+0000] {processor.py:830} INFO - Processing file /opt/airflow/dags/sec_edgar_dag.py for tasks to queue
[2026-02-16T14:20:36.004+0000] {logging_mixin.py:188} INFO - [2026-02-16T14:20:36.004+0000] {dagbag.py:538} INFO - Filling up the DagBag from /opt/airflow/dags/sec_edgar_dag.py
[2026-02-16T14:20:36.339+0000] {processor.py:840} INFO - DAG(s) 'sec_edgar_pipeline' retrieved from /opt/airflow/dags/sec_edgar_dag.py
[2026-02-16T14:20:36.379+0000] {logging_mixin.py:188} INFO - [2026-02-16T14:20:36.378+0000] {dag.py:3036} INFO - Sync 1 DAGs
[2026-02-16T14:20:36.486+0000] {processor.py:183} INFO - Processing /opt/airflow/dags/sec_edgar_dag.py took 0.491 seconds
[2026-02-16T14:21:06.753+0000] {processor.py:161} INFO - Started process (PID=293) to work on /opt/airflow/dags/sec_edgar_dag.py
[2026-02-16T14:21:06.755+0000] {processor.py:830} INFO - Processing file /opt/airflow/dags/sec_edgar_dag.py for tasks to queue
[2026-02-16T14:21:06.758+0000] {logging_mixin.py:188} INFO - [2026-02-16T14:21:06.757+0000] {dagbag.py:538} INFO - Filling up the DagBag from /opt/airflow/dags/sec_edgar_dag.py
[2026-02-16T14:21:07.060+0000] {processor.py:840} INFO - DAG(s) 'sec_edgar_pipeline' retrieved from /opt/airflow/dags/sec_edgar_dag.py
[2026-02-16T14:21:07.100+0000] {logging_mixin.py:188} INFO - [2026-02-16T14:21:07.099+0000] {dag.py:3036} INFO - Sync 1 DAGs
[2026-02-16T14:21:07.157+0000] {processor.py:183} INFO - Processing /opt/airflow/dags/sec_edgar_dag.py took 0.408 seconds
[2026-02-16T14:21:37.263+0000] {processor.py:161} INFO - Started process (PID=309) to work on /opt/airflow/dags/sec_edgar_dag.py
[2026-02-16T14:21:37.265+0000] {processor.py:830} INFO - Processing file /opt/airflow/dags/sec_edgar_dag.py for tasks to queue
[2026-02-16T14:21:37.268+0000] {logging_mixin.py:188} INFO - [2026-02-16T14:21:37.267+0000] {dagbag.py:538} INFO - Filling up the DagBag from /opt/airflow/dags/sec_edgar_dag.py
[2026-02-16T14:21:37.594+0000] {processor.py:840} INFO - DAG(s) 'sec_edgar_pipeline' retrieved from /opt/airflow/dags/sec_edgar_dag.py
[2026-02-16T14:21:37.634+0000] {logging_mixin.py:188} INFO - [2026-02-16T14:21:37.634+0000] {dag.py:3036} INFO - Sync 1 DAGs
[2026-02-16T14:21:37.751+0000] {processor.py:183} INFO - Processing /opt/airflow/dags/sec_edgar_dag.py took 0.492 seconds
[2026-02-16T14:22:08.561+0000] {processor.py:161} INFO - Started process (PID=325) to work on /opt/airflow/dags/sec_edgar_dag.py
[2026-02-16T14:22:08.563+0000] {processor.py:830} INFO - Processing file /opt/airflow/dags/sec_edgar_dag.py for tasks to queue
[2026-02-16T14:22:08.567+0000] {logging_mixin.py:188} INFO - [2026-02-16T14:22:08.566+0000] {dagbag.py:538} INFO - Filling up the DagBag from /opt/airflow/dags/sec_edgar_dag.py
[2026-02-16T14:22:08.905+0000] {processor.py:840} INFO - DAG(s) 'sec_edgar_pipeline' retrieved from /opt/airflow/dags/sec_edgar_dag.py
[2026-02-16T14:22:08.944+0000] {logging_mixin.py:188} INFO - [2026-02-16T14:22:08.943+0000] {dag.py:3036} INFO - Sync 1 DAGs
[2026-02-16T14:22:09.056+0000] {processor.py:183} INFO - Processing /opt/airflow/dags/sec_edgar_dag.py took 0.500 seconds
[2026-02-16T14:22:39.222+0000] {processor.py:161} INFO - Started process (PID=341) to work on /opt/airflow/dags/sec_edgar_dag.py
[2026-02-16T14:22:39.223+0000] {processor.py:830} INFO - Processing file /opt/airflow/dags/sec_edgar_dag.py for tasks to queue
[2026-02-16T14:22:39.226+0000] {logging_mixin.py:188} INFO - [2026-02-16T14:22:39.226+0000] {dagbag.py:538} INFO - Filling up the DagBag from /opt/airflow/dags/sec_edgar_dag.py
[2026-02-16T14:22:39.534+0000] {processor.py:840} INFO - DAG(s) 'sec_edgar_pipeline' retrieved from /opt/airflow/dags/sec_edgar_dag.py
[2026-02-16T14:22:39.570+0000] {logging_mixin.py:188} INFO - [2026-02-16T14:22:39.569+0000] {dag.py:3036} INFO - Sync 1 DAGs
[2026-02-16T14:22:39.678+0000] {processor.py:183} INFO - Processing /opt/airflow/dags/sec_edgar_dag.py took 0.460 seconds
[2026-02-16T14:24:10.976+0000] {processor.py:161} INFO - Started process (PID=195) to work on /opt/airflow/dags/sec_edgar_dag.py
[2026-02-16T14:24:10.978+0000] {processor.py:830} INFO - Processing file /opt/airflow/dags/sec_edgar_dag.py for tasks to queue
[2026-02-16T14:24:10.983+0000] {logging_mixin.py:188} INFO - [2026-02-16T14:24:10.982+0000] {dagbag.py:538} INFO - Filling up the DagBag from /opt/airflow/dags/sec_edgar_dag.py
[2026-02-16T14:24:11.401+0000] {processor.py:840} INFO - DAG(s) 'sec_edgar_pipeline' retrieved from /opt/airflow/dags/sec_edgar_dag.py
[2026-02-16T14:24:11.581+0000] {logging_mixin.py:188} INFO - [2026-02-16T14:24:11.581+0000] {dag.py:3036} INFO - Sync 1 DAGs
[2026-02-16T14:24:11.701+0000] {processor.py:183} INFO - Processing /opt/airflow/dags/sec_edgar_dag.py took 0.731 seconds
[2026-02-16T14:24:41.801+0000] {processor.py:161} INFO - Started process (PID=211) to work on /opt/airflow/dags/sec_edgar_dag.py
[2026-02-16T14:24:41.803+0000] {processor.py:830} INFO - Processing file /opt/airflow/dags/sec_edgar_dag.py for tasks to queue
[2026-02-16T14:24:41.805+0000] {logging_mixin.py:188} INFO - [2026-02-16T14:24:41.805+0000] {dagbag.py:538} INFO - Filling up the DagBag from /opt/airflow/dags/sec_edgar_dag.py
[2026-02-16T14:24:42.134+0000] {processor.py:840} INFO - DAG(s) 'sec_edgar_pipeline' retrieved from /opt/airflow/dags/sec_edgar_dag.py
[2026-02-16T14:24:42.168+0000] {logging_mixin.py:188} INFO - [2026-02-16T14:24:42.168+0000] {dag.py:3036} INFO - Sync 1 DAGs
[2026-02-16T14:24:42.275+0000] {processor.py:183} INFO - Processing /opt/airflow/dags/sec_edgar_dag.py took 0.481 seconds
[2026-02-16T14:25:12.531+0000] {processor.py:161} INFO - Started process (PID=232) to work on /opt/airflow/dags/sec_edgar_dag.py
[2026-02-16T14:25:12.533+0000] {processor.py:830} INFO - Processing file /opt/airflow/dags/sec_edgar_dag.py for tasks to queue
[2026-02-16T14:25:12.537+0000] {logging_mixin.py:188} INFO - [2026-02-16T14:25:12.536+0000] {dagbag.py:538} INFO - Filling up the DagBag from /opt/airflow/dags/sec_edgar_dag.py
[2026-02-16T14:25:12.860+0000] {processor.py:840} INFO - DAG(s) 'sec_edgar_pipeline' retrieved from /opt/airflow/dags/sec_edgar_dag.py
[2026-02-16T14:25:12.907+0000] {logging_mixin.py:188} INFO - [2026-02-16T14:25:12.906+0000] {dag.py:3036} INFO - Sync 1 DAGs
[2026-02-16T14:25:13.030+0000] {processor.py:183} INFO - Processing /opt/airflow/dags/sec_edgar_dag.py took 0.504 seconds
[2026-02-16T14:25:43.804+0000] {processor.py:161} INFO - Started process (PID=248) to work on /opt/airflow/dags/sec_edgar_dag.py
[2026-02-16T14:25:43.806+0000] {processor.py:830} INFO - Processing file /opt/airflow/dags/sec_edgar_dag.py for tasks to queue
[2026-02-16T14:25:43.809+0000] {logging_mixin.py:188} INFO - [2026-02-16T14:25:43.808+0000] {dagbag.py:538} INFO - Filling up the DagBag from /opt/airflow/dags/sec_edgar_dag.py
[2026-02-16T14:25:44.116+0000] {processor.py:840} INFO - DAG(s) 'sec_edgar_pipeline' retrieved from /opt/airflow/dags/sec_edgar_dag.py
[2026-02-16T14:25:44.153+0000] {logging_mixin.py:188} INFO - [2026-02-16T14:25:44.152+0000] {dag.py:3036} INFO - Sync 1 DAGs
[2026-02-16T14:25:44.265+0000] {processor.py:183} INFO - Processing /opt/airflow/dags/sec_edgar_dag.py took 0.465 seconds
[2026-02-16T14:26:14.500+0000] {processor.py:161} INFO - Started process (PID=264) to work on /opt/airflow/dags/sec_edgar_dag.py
[2026-02-16T14:26:14.502+0000] {processor.py:830} INFO - Processing file /opt/airflow/dags/sec_edgar_dag.py for tasks to queue
[2026-02-16T14:26:14.505+0000] {logging_mixin.py:188} INFO - [2026-02-16T14:26:14.504+0000] {dagbag.py:538} INFO - Filling up the DagBag from /opt/airflow/dags/sec_edgar_dag.py
[2026-02-16T14:26:14.836+0000] {processor.py:840} INFO - DAG(s) 'sec_edgar_pipeline' retrieved from /opt/airflow/dags/sec_edgar_dag.py
[2026-02-16T14:26:14.883+0000] {logging_mixin.py:188} INFO - [2026-02-16T14:26:14.882+0000] {dag.py:3036} INFO - Sync 1 DAGs
[2026-02-16T14:26:15.003+0000] {processor.py:183} INFO - Processing /opt/airflow/dags/sec_edgar_dag.py took 0.511 seconds
[2026-02-16T14:27:58.754+0000] {processor.py:161} INFO - Started process (PID=189) to work on /opt/airflow/dags/sec_edgar_dag.py
[2026-02-16T14:27:58.757+0000] {processor.py:830} INFO - Processing file /opt/airflow/dags/sec_edgar_dag.py for tasks to queue
[2026-02-16T14:27:58.763+0000] {logging_mixin.py:188} INFO - [2026-02-16T14:27:58.762+0000] {dagbag.py:538} INFO - Filling up the DagBag from /opt/airflow/dags/sec_edgar_dag.py
[2026-02-16T14:27:59.211+0000] {processor.py:840} INFO - DAG(s) 'sec_edgar_pipeline' retrieved from /opt/airflow/dags/sec_edgar_dag.py
[2026-02-16T14:27:59.382+0000] {logging_mixin.py:188} INFO - [2026-02-16T14:27:59.381+0000] {dag.py:3036} INFO - Sync 1 DAGs
[2026-02-16T14:27:59.492+0000] {processor.py:183} INFO - Processing /opt/airflow/dags/sec_edgar_dag.py took 0.746 seconds
[2026-02-16T14:28:29.661+0000] {processor.py:161} INFO - Started process (PID=205) to work on /opt/airflow/dags/sec_edgar_dag.py
[2026-02-16T14:28:29.663+0000] {processor.py:830} INFO - Processing file /opt/airflow/dags/sec_edgar_dag.py for tasks to queue
[2026-02-16T14:28:29.670+0000] {logging_mixin.py:188} INFO - [2026-02-16T14:28:29.669+0000] {dagbag.py:538} INFO - Filling up the DagBag from /opt/airflow/dags/sec_edgar_dag.py
[2026-02-16T14:28:30.015+0000] {processor.py:840} INFO - DAG(s) 'sec_edgar_pipeline' retrieved from /opt/airflow/dags/sec_edgar_dag.py
[2026-02-16T14:28:30.052+0000] {logging_mixin.py:188} INFO - [2026-02-16T14:28:30.052+0000] {dag.py:3036} INFO - Sync 1 DAGs
[2026-02-16T14:28:30.212+0000] {processor.py:183} INFO - Processing /opt/airflow/dags/sec_edgar_dag.py took 0.559 seconds
[2026-02-16T14:29:02.880+0000] {processor.py:161} INFO - Started process (PID=183) to work on /opt/airflow/dags/sec_edgar_dag.py
[2026-02-16T14:29:02.882+0000] {processor.py:830} INFO - Processing file /opt/airflow/dags/sec_edgar_dag.py for tasks to queue
[2026-02-16T14:29:02.887+0000] {logging_mixin.py:188} INFO - [2026-02-16T14:29:02.887+0000] {dagbag.py:538} INFO - Filling up the DagBag from /opt/airflow/dags/sec_edgar_dag.py
[2026-02-16T14:29:03.210+0000] {processor.py:840} INFO - DAG(s) 'sec_edgar_pipeline' retrieved from /opt/airflow/dags/sec_edgar_dag.py
[2026-02-16T14:29:03.342+0000] {logging_mixin.py:188} INFO - [2026-02-16T14:29:03.342+0000] {dag.py:3036} INFO - Sync 1 DAGs
[2026-02-16T14:29:03.357+0000] {logging_mixin.py:188} INFO - [2026-02-16T14:29:03.356+0000] {dag.py:3058} INFO - Creating ORM DAG for sec_edgar_pipeline
[2026-02-16T14:29:03.374+0000] {logging_mixin.py:188} INFO - [2026-02-16T14:29:03.374+0000] {dag.py:3823} INFO - Setting next_dagrun for sec_edgar_pipeline to 2026-02-15 09:00:00+00:00, run_after=2026-02-16 09:00:00+00:00
[2026-02-16T14:29:03.457+0000] {processor.py:183} INFO - Processing /opt/airflow/dags/sec_edgar_dag.py took 0.584 seconds
[2026-02-16T14:29:33.635+0000] {processor.py:161} INFO - Started process (PID=204) to work on /opt/airflow/dags/sec_edgar_dag.py
[2026-02-16T14:29:33.637+0000] {processor.py:830} INFO - Processing file /opt/airflow/dags/sec_edgar_dag.py for tasks to queue
[2026-02-16T14:29:33.641+0000] {logging_mixin.py:188} INFO - [2026-02-16T14:29:33.640+0000] {dagbag.py:538} INFO - Filling up the DagBag from /opt/airflow/dags/sec_edgar_dag.py
[2026-02-16T14:29:33.984+0000] {processor.py:840} INFO - DAG(s) 'sec_edgar_pipeline' retrieved from /opt/airflow/dags/sec_edgar_dag.py
[2026-02-16T14:29:34.025+0000] {logging_mixin.py:188} INFO - [2026-02-16T14:29:34.024+0000] {dag.py:3036} INFO - Sync 1 DAGs
[2026-02-16T14:29:34.069+0000] {logging_mixin.py:188} INFO - [2026-02-16T14:29:34.069+0000] {dag.py:3823} INFO - Setting next_dagrun for sec_edgar_pipeline to 2026-02-15 09:00:00+00:00, run_after=2026-02-16 09:00:00+00:00
[2026-02-16T14:29:34.153+0000] {processor.py:183} INFO - Processing /opt/airflow/dags/sec_edgar_dag.py took 0.522 seconds
[2026-02-16T14:30:04.953+0000] {processor.py:161} INFO - Started process (PID=226) to work on /opt/airflow/dags/sec_edgar_dag.py
[2026-02-16T14:30:04.955+0000] {processor.py:830} INFO - Processing file /opt/airflow/dags/sec_edgar_dag.py for tasks to queue
[2026-02-16T14:30:04.958+0000] {logging_mixin.py:188} INFO - [2026-02-16T14:30:04.958+0000] {dagbag.py:538} INFO - Filling up the DagBag from /opt/airflow/dags/sec_edgar_dag.py
[2026-02-16T14:30:05.270+0000] {processor.py:840} INFO - DAG(s) 'sec_edgar_pipeline' retrieved from /opt/airflow/dags/sec_edgar_dag.py
[2026-02-16T14:30:05.315+0000] {logging_mixin.py:188} INFO - [2026-02-16T14:30:05.314+0000] {dag.py:3036} INFO - Sync 1 DAGs
[2026-02-16T14:30:05.357+0000] {logging_mixin.py:188} INFO - [2026-02-16T14:30:05.356+0000] {dag.py:3823} INFO - Setting next_dagrun for sec_edgar_pipeline to 2026-02-15 09:00:00+00:00, run_after=2026-02-16 09:00:00+00:00
[2026-02-16T14:30:05.442+0000] {processor.py:183} INFO - Processing /opt/airflow/dags/sec_edgar_dag.py took 0.493 seconds
[2026-02-16T14:30:35.690+0000] {processor.py:161} INFO - Started process (PID=242) to work on /opt/airflow/dags/sec_edgar_dag.py
[2026-02-16T14:30:35.691+0000] {processor.py:830} INFO - Processing file /opt/airflow/dags/sec_edgar_dag.py for tasks to queue
[2026-02-16T14:30:35.694+0000] {logging_mixin.py:188} INFO - [2026-02-16T14:30:35.694+0000] {dagbag.py:538} INFO - Filling up the DagBag from /opt/airflow/dags/sec_edgar_dag.py
[2026-02-16T14:30:36.001+0000] {processor.py:840} INFO - DAG(s) 'sec_edgar_pipeline' retrieved from /opt/airflow/dags/sec_edgar_dag.py
[2026-02-16T14:30:36.040+0000] {logging_mixin.py:188} INFO - [2026-02-16T14:30:36.039+0000] {dag.py:3036} INFO - Sync 1 DAGs
[2026-02-16T14:30:36.078+0000] {logging_mixin.py:188} INFO - [2026-02-16T14:30:36.077+0000] {dag.py:3823} INFO - Setting next_dagrun for sec_edgar_pipeline to 2026-02-15 09:00:00+00:00, run_after=2026-02-16 09:00:00+00:00
[2026-02-16T14:30:36.163+0000] {processor.py:183} INFO - Processing /opt/airflow/dags/sec_edgar_dag.py took 0.477 seconds
[2026-02-16T14:31:06.989+0000] {processor.py:161} INFO - Started process (PID=262) to work on /opt/airflow/dags/sec_edgar_dag.py
[2026-02-16T14:31:06.991+0000] {processor.py:830} INFO - Processing file /opt/airflow/dags/sec_edgar_dag.py for tasks to queue
[2026-02-16T14:31:06.994+0000] {logging_mixin.py:188} INFO - [2026-02-16T14:31:06.993+0000] {dagbag.py:538} INFO - Filling up the DagBag from /opt/airflow/dags/sec_edgar_dag.py
[2026-02-16T14:31:07.334+0000] {processor.py:840} INFO - DAG(s) 'sec_edgar_pipeline' retrieved from /opt/airflow/dags/sec_edgar_dag.py
[2026-02-16T14:31:07.370+0000] {logging_mixin.py:188} INFO - [2026-02-16T14:31:07.369+0000] {dag.py:3036} INFO - Sync 1 DAGs
[2026-02-16T14:31:07.475+0000] {processor.py:183} INFO - Processing /opt/airflow/dags/sec_edgar_dag.py took 0.490 seconds
[2026-02-16T14:31:37.777+0000] {processor.py:161} INFO - Started process (PID=278) to work on /opt/airflow/dags/sec_edgar_dag.py
[2026-02-16T14:31:37.779+0000] {processor.py:830} INFO - Processing file /opt/airflow/dags/sec_edgar_dag.py for tasks to queue
[2026-02-16T14:31:37.783+0000] {logging_mixin.py:188} INFO - [2026-02-16T14:31:37.783+0000] {dagbag.py:538} INFO - Filling up the DagBag from /opt/airflow/dags/sec_edgar_dag.py
[2026-02-16T14:31:38.109+0000] {processor.py:840} INFO - DAG(s) 'sec_edgar_pipeline' retrieved from /opt/airflow/dags/sec_edgar_dag.py
[2026-02-16T14:31:38.150+0000] {logging_mixin.py:188} INFO - [2026-02-16T14:31:38.150+0000] {dag.py:3036} INFO - Sync 1 DAGs
[2026-02-16T14:31:38.266+0000] {processor.py:183} INFO - Processing /opt/airflow/dags/sec_edgar_dag.py took 0.494 seconds
[2026-02-16T14:32:09.071+0000] {processor.py:161} INFO - Started process (PID=293) to work on /opt/airflow/dags/sec_edgar_dag.py
[2026-02-16T14:32:09.073+0000] {processor.py:830} INFO - Processing file /opt/airflow/dags/sec_edgar_dag.py for tasks to queue
[2026-02-16T14:32:09.077+0000] {logging_mixin.py:188} INFO - [2026-02-16T14:32:09.076+0000] {dagbag.py:538} INFO - Filling up the DagBag from /opt/airflow/dags/sec_edgar_dag.py
[2026-02-16T14:32:09.416+0000] {processor.py:840} INFO - DAG(s) 'sec_edgar_pipeline' retrieved from /opt/airflow/dags/sec_edgar_dag.py
[2026-02-16T14:32:09.459+0000] {logging_mixin.py:188} INFO - [2026-02-16T14:32:09.458+0000] {dag.py:3036} INFO - Sync 1 DAGs
[2026-02-16T14:32:09.529+0000] {processor.py:183} INFO - Processing /opt/airflow/dags/sec_edgar_dag.py took 0.463 seconds
[2026-02-16T14:32:39.818+0000] {processor.py:161} INFO - Started process (PID=309) to work on /opt/airflow/dags/sec_edgar_dag.py
[2026-02-16T14:32:39.820+0000] {processor.py:830} INFO - Processing file /opt/airflow/dags/sec_edgar_dag.py for tasks to queue
[2026-02-16T14:32:39.823+0000] {logging_mixin.py:188} INFO - [2026-02-16T14:32:39.822+0000] {dagbag.py:538} INFO - Filling up the DagBag from /opt/airflow/dags/sec_edgar_dag.py
[2026-02-16T14:32:40.130+0000] {processor.py:840} INFO - DAG(s) 'sec_edgar_pipeline' retrieved from /opt/airflow/dags/sec_edgar_dag.py
[2026-02-16T14:32:40.176+0000] {logging_mixin.py:188} INFO - [2026-02-16T14:32:40.175+0000] {dag.py:3036} INFO - Sync 1 DAGs
[2026-02-16T14:32:40.302+0000] {processor.py:183} INFO - Processing /opt/airflow/dags/sec_edgar_dag.py took 0.489 seconds
[2026-02-16T14:33:11.096+0000] {processor.py:161} INFO - Started process (PID=325) to work on /opt/airflow/dags/sec_edgar_dag.py
[2026-02-16T14:33:11.098+0000] {processor.py:830} INFO - Processing file /opt/airflow/dags/sec_edgar_dag.py for tasks to queue
[2026-02-16T14:33:11.101+0000] {logging_mixin.py:188} INFO - [2026-02-16T14:33:11.100+0000] {dagbag.py:538} INFO - Filling up the DagBag from /opt/airflow/dags/sec_edgar_dag.py
[2026-02-16T14:33:11.385+0000] {processor.py:840} INFO - DAG(s) 'sec_edgar_pipeline' retrieved from /opt/airflow/dags/sec_edgar_dag.py
[2026-02-16T14:33:11.424+0000] {logging_mixin.py:188} INFO - [2026-02-16T14:33:11.423+0000] {dag.py:3036} INFO - Sync 1 DAGs
[2026-02-16T14:33:11.543+0000] {processor.py:183} INFO - Processing /opt/airflow/dags/sec_edgar_dag.py took 0.450 seconds
[2026-02-16T14:33:41.658+0000] {processor.py:161} INFO - Started process (PID=341) to work on /opt/airflow/dags/sec_edgar_dag.py
[2026-02-16T14:33:41.659+0000] {processor.py:830} INFO - Processing file /opt/airflow/dags/sec_edgar_dag.py for tasks to queue
[2026-02-16T14:33:41.662+0000] {logging_mixin.py:188} INFO - [2026-02-16T14:33:41.661+0000] {dagbag.py:538} INFO - Filling up the DagBag from /opt/airflow/dags/sec_edgar_dag.py
[2026-02-16T14:33:41.958+0000] {processor.py:840} INFO - DAG(s) 'sec_edgar_pipeline' retrieved from /opt/airflow/dags/sec_edgar_dag.py
[2026-02-16T14:33:41.998+0000] {logging_mixin.py:188} INFO - [2026-02-16T14:33:41.998+0000] {dag.py:3036} INFO - Sync 1 DAGs
[2026-02-16T14:33:42.109+0000] {processor.py:183} INFO - Processing /opt/airflow/dags/sec_edgar_dag.py took 0.456 seconds
[2026-02-16T14:34:12.406+0000] {processor.py:161} INFO - Started process (PID=357) to work on /opt/airflow/dags/sec_edgar_dag.py
[2026-02-16T14:34:12.407+0000] {processor.py:830} INFO - Processing file /opt/airflow/dags/sec_edgar_dag.py for tasks to queue
[2026-02-16T14:34:12.410+0000] {logging_mixin.py:188} INFO - [2026-02-16T14:34:12.409+0000] {dagbag.py:538} INFO - Filling up the DagBag from /opt/airflow/dags/sec_edgar_dag.py
[2026-02-16T14:34:12.742+0000] {processor.py:840} INFO - DAG(s) 'sec_edgar_pipeline' retrieved from /opt/airflow/dags/sec_edgar_dag.py
[2026-02-16T14:34:12.781+0000] {logging_mixin.py:188} INFO - [2026-02-16T14:34:12.781+0000] {dag.py:3036} INFO - Sync 1 DAGs
[2026-02-16T14:34:12.894+0000] {processor.py:183} INFO - Processing /opt/airflow/dags/sec_edgar_dag.py took 0.492 seconds
[2026-02-16T14:34:43.707+0000] {processor.py:161} INFO - Started process (PID=373) to work on /opt/airflow/dags/sec_edgar_dag.py
[2026-02-16T14:34:43.709+0000] {processor.py:830} INFO - Processing file /opt/airflow/dags/sec_edgar_dag.py for tasks to queue
[2026-02-16T14:34:43.712+0000] {logging_mixin.py:188} INFO - [2026-02-16T14:34:43.712+0000] {dagbag.py:538} INFO - Filling up the DagBag from /opt/airflow/dags/sec_edgar_dag.py
[2026-02-16T14:34:44.011+0000] {processor.py:840} INFO - DAG(s) 'sec_edgar_pipeline' retrieved from /opt/airflow/dags/sec_edgar_dag.py
[2026-02-16T14:34:44.047+0000] {logging_mixin.py:188} INFO - [2026-02-16T14:34:44.046+0000] {dag.py:3036} INFO - Sync 1 DAGs
[2026-02-16T14:34:44.163+0000] {processor.py:183} INFO - Processing /opt/airflow/dags/sec_edgar_dag.py took 0.460 seconds
[2026-02-16T14:35:14.358+0000] {processor.py:161} INFO - Started process (PID=389) to work on /opt/airflow/dags/sec_edgar_dag.py
[2026-02-16T14:35:14.360+0000] {processor.py:830} INFO - Processing file /opt/airflow/dags/sec_edgar_dag.py for tasks to queue
[2026-02-16T14:35:14.364+0000] {logging_mixin.py:188} INFO - [2026-02-16T14:35:14.364+0000] {dagbag.py:538} INFO - Filling up the DagBag from /opt/airflow/dags/sec_edgar_dag.py
[2026-02-16T14:35:14.685+0000] {processor.py:840} INFO - DAG(s) 'sec_edgar_pipeline' retrieved from /opt/airflow/dags/sec_edgar_dag.py
[2026-02-16T14:35:14.724+0000] {logging_mixin.py:188} INFO - [2026-02-16T14:35:14.723+0000] {dag.py:3036} INFO - Sync 1 DAGs
[2026-02-16T14:35:14.845+0000] {processor.py:183} INFO - Processing /opt/airflow/dags/sec_edgar_dag.py took 0.491 seconds
[2026-02-16T14:35:45.653+0000] {processor.py:161} INFO - Started process (PID=405) to work on /opt/airflow/dags/sec_edgar_dag.py
[2026-02-16T14:35:45.655+0000] {processor.py:830} INFO - Processing file /opt/airflow/dags/sec_edgar_dag.py for tasks to queue
[2026-02-16T14:35:45.660+0000] {logging_mixin.py:188} INFO - [2026-02-16T14:35:45.659+0000] {dagbag.py:538} INFO - Filling up the DagBag from /opt/airflow/dags/sec_edgar_dag.py
[2026-02-16T14:35:45.985+0000] {processor.py:840} INFO - DAG(s) 'sec_edgar_pipeline' retrieved from /opt/airflow/dags/sec_edgar_dag.py
[2026-02-16T14:35:46.025+0000] {logging_mixin.py:188} INFO - [2026-02-16T14:35:46.024+0000] {dag.py:3036} INFO - Sync 1 DAGs
[2026-02-16T14:35:46.143+0000] {processor.py:183} INFO - Processing /opt/airflow/dags/sec_edgar_dag.py took 0.497 seconds
[2026-02-16T14:36:16.344+0000] {processor.py:161} INFO - Started process (PID=425) to work on /opt/airflow/dags/sec_edgar_dag.py
[2026-02-16T14:36:16.345+0000] {processor.py:830} INFO - Processing file /opt/airflow/dags/sec_edgar_dag.py for tasks to queue
[2026-02-16T14:36:16.348+0000] {logging_mixin.py:188} INFO - [2026-02-16T14:36:16.347+0000] {dagbag.py:538} INFO - Filling up the DagBag from /opt/airflow/dags/sec_edgar_dag.py
[2026-02-16T14:36:16.641+0000] {processor.py:840} INFO - DAG(s) 'sec_edgar_pipeline' retrieved from /opt/airflow/dags/sec_edgar_dag.py
[2026-02-16T14:36:16.678+0000] {logging_mixin.py:188} INFO - [2026-02-16T14:36:16.677+0000] {dag.py:3036} INFO - Sync 1 DAGs
[2026-02-16T14:36:16.784+0000] {processor.py:183} INFO - Processing /opt/airflow/dags/sec_edgar_dag.py took 0.445 seconds
[2026-02-16T14:36:47.648+0000] {processor.py:161} INFO - Started process (PID=441) to work on /opt/airflow/dags/sec_edgar_dag.py
[2026-02-16T14:36:47.650+0000] {processor.py:830} INFO - Processing file /opt/airflow/dags/sec_edgar_dag.py for tasks to queue
[2026-02-16T14:36:47.653+0000] {logging_mixin.py:188} INFO - [2026-02-16T14:36:47.652+0000] {dagbag.py:538} INFO - Filling up the DagBag from /opt/airflow/dags/sec_edgar_dag.py
[2026-02-16T14:36:47.978+0000] {processor.py:840} INFO - DAG(s) 'sec_edgar_pipeline' retrieved from /opt/airflow/dags/sec_edgar_dag.py
[2026-02-16T14:36:48.015+0000] {logging_mixin.py:188} INFO - [2026-02-16T14:36:48.014+0000] {dag.py:3036} INFO - Sync 1 DAGs
[2026-02-16T14:36:48.124+0000] {processor.py:183} INFO - Processing /opt/airflow/dags/sec_edgar_dag.py took 0.479 seconds
[2026-02-16T14:37:18.334+0000] {processor.py:161} INFO - Started process (PID=457) to work on /opt/airflow/dags/sec_edgar_dag.py
[2026-02-16T14:37:18.335+0000] {processor.py:830} INFO - Processing file /opt/airflow/dags/sec_edgar_dag.py for tasks to queue
[2026-02-16T14:37:18.338+0000] {logging_mixin.py:188} INFO - [2026-02-16T14:37:18.338+0000] {dagbag.py:538} INFO - Filling up the DagBag from /opt/airflow/dags/sec_edgar_dag.py
[2026-02-16T14:37:18.650+0000] {processor.py:840} INFO - DAG(s) 'sec_edgar_pipeline' retrieved from /opt/airflow/dags/sec_edgar_dag.py
[2026-02-16T14:37:18.687+0000] {logging_mixin.py:188} INFO - [2026-02-16T14:37:18.686+0000] {dag.py:3036} INFO - Sync 1 DAGs
[2026-02-16T14:37:18.746+0000] {processor.py:183} INFO - Processing /opt/airflow/dags/sec_edgar_dag.py took 0.417 seconds
[2026-02-16T14:37:48.856+0000] {processor.py:161} INFO - Started process (PID=473) to work on /opt/airflow/dags/sec_edgar_dag.py
[2026-02-16T14:37:48.858+0000] {processor.py:830} INFO - Processing file /opt/airflow/dags/sec_edgar_dag.py for tasks to queue
[2026-02-16T14:37:48.861+0000] {logging_mixin.py:188} INFO - [2026-02-16T14:37:48.861+0000] {dagbag.py:538} INFO - Filling up the DagBag from /opt/airflow/dags/sec_edgar_dag.py
[2026-02-16T14:37:49.296+0000] {processor.py:840} INFO - DAG(s) 'sec_edgar_pipeline' retrieved from /opt/airflow/dags/sec_edgar_dag.py
[2026-02-16T14:37:49.337+0000] {logging_mixin.py:188} INFO - [2026-02-16T14:37:49.336+0000] {dag.py:3036} INFO - Sync 1 DAGs
[2026-02-16T14:37:49.463+0000] {processor.py:183} INFO - Processing /opt/airflow/dags/sec_edgar_dag.py took 0.614 seconds
[2026-02-16T14:41:29.591+0000] {processor.py:161} INFO - Started process (PID=194) to work on /opt/airflow/dags/sec_edgar_dag.py
[2026-02-16T14:41:29.593+0000] {processor.py:830} INFO - Processing file /opt/airflow/dags/sec_edgar_dag.py for tasks to queue
[2026-02-16T14:41:29.599+0000] {logging_mixin.py:188} INFO - [2026-02-16T14:41:29.598+0000] {dagbag.py:538} INFO - Filling up the DagBag from /opt/airflow/dags/sec_edgar_dag.py
[2026-02-16T14:41:30.020+0000] {processor.py:840} INFO - DAG(s) 'sec_edgar_pipeline' retrieved from /opt/airflow/dags/sec_edgar_dag.py
[2026-02-16T14:41:30.189+0000] {logging_mixin.py:188} INFO - [2026-02-16T14:41:30.187+0000] {dag.py:3036} INFO - Sync 1 DAGs
[2026-02-16T14:41:30.282+0000] {processor.py:183} INFO - Processing /opt/airflow/dags/sec_edgar_dag.py took 0.699 seconds
[2026-02-16T14:42:00.385+0000] {processor.py:161} INFO - Started process (PID=215) to work on /opt/airflow/dags/sec_edgar_dag.py
[2026-02-16T14:42:00.386+0000] {processor.py:830} INFO - Processing file /opt/airflow/dags/sec_edgar_dag.py for tasks to queue
[2026-02-16T14:42:00.391+0000] {logging_mixin.py:188} INFO - [2026-02-16T14:42:00.390+0000] {dagbag.py:538} INFO - Filling up the DagBag from /opt/airflow/dags/sec_edgar_dag.py
[2026-02-16T14:42:00.709+0000] {processor.py:840} INFO - DAG(s) 'sec_edgar_pipeline' retrieved from /opt/airflow/dags/sec_edgar_dag.py
[2026-02-16T14:42:00.745+0000] {logging_mixin.py:188} INFO - [2026-02-16T14:42:00.744+0000] {dag.py:3036} INFO - Sync 1 DAGs
[2026-02-16T14:42:00.806+0000] {processor.py:183} INFO - Processing /opt/airflow/dags/sec_edgar_dag.py took 0.425 seconds
[2026-02-16T14:42:30.912+0000] {processor.py:161} INFO - Started process (PID=238) to work on /opt/airflow/dags/sec_edgar_dag.py
[2026-02-16T14:42:30.914+0000] {processor.py:830} INFO - Processing file /opt/airflow/dags/sec_edgar_dag.py for tasks to queue
[2026-02-16T14:42:30.918+0000] {logging_mixin.py:188} INFO - [2026-02-16T14:42:30.918+0000] {dagbag.py:538} INFO - Filling up the DagBag from /opt/airflow/dags/sec_edgar_dag.py
[2026-02-16T14:42:31.331+0000] {processor.py:840} INFO - DAG(s) 'sec_edgar_pipeline' retrieved from /opt/airflow/dags/sec_edgar_dag.py
[2026-02-16T14:42:31.367+0000] {logging_mixin.py:188} INFO - [2026-02-16T14:42:31.366+0000] {dag.py:3036} INFO - Sync 1 DAGs
[2026-02-16T14:42:31.480+0000] {processor.py:183} INFO - Processing /opt/airflow/dags/sec_edgar_dag.py took 0.576 seconds
[2026-02-16T14:42:49.395+0000] {processor.py:161} INFO - Started process (PID=183) to work on /opt/airflow/dags/sec_edgar_dag.py
[2026-02-16T14:42:49.397+0000] {processor.py:830} INFO - Processing file /opt/airflow/dags/sec_edgar_dag.py for tasks to queue
[2026-02-16T14:42:49.402+0000] {logging_mixin.py:188} INFO - [2026-02-16T14:42:49.402+0000] {dagbag.py:538} INFO - Filling up the DagBag from /opt/airflow/dags/sec_edgar_dag.py
[2026-02-16T14:42:49.700+0000] {processor.py:840} INFO - DAG(s) 'sec_edgar_pipeline' retrieved from /opt/airflow/dags/sec_edgar_dag.py
[2026-02-16T14:42:49.870+0000] {logging_mixin.py:188} INFO - [2026-02-16T14:42:49.869+0000] {dag.py:3036} INFO - Sync 1 DAGs
[2026-02-16T14:42:49.890+0000] {logging_mixin.py:188} INFO - [2026-02-16T14:42:49.889+0000] {dag.py:3058} INFO - Creating ORM DAG for sec_edgar_pipeline
[2026-02-16T14:42:49.908+0000] {logging_mixin.py:188} INFO - [2026-02-16T14:42:49.907+0000] {dag.py:3823} INFO - Setting next_dagrun for sec_edgar_pipeline to 2026-02-15 09:00:00+00:00, run_after=2026-02-16 09:00:00+00:00
[2026-02-16T14:42:49.985+0000] {processor.py:183} INFO - Processing /opt/airflow/dags/sec_edgar_dag.py took 0.598 seconds
[2026-02-16T14:43:20.572+0000] {processor.py:161} INFO - Started process (PID=199) to work on /opt/airflow/dags/sec_edgar_dag.py
[2026-02-16T14:43:20.574+0000] {processor.py:830} INFO - Processing file /opt/airflow/dags/sec_edgar_dag.py for tasks to queue
[2026-02-16T14:43:20.578+0000] {logging_mixin.py:188} INFO - [2026-02-16T14:43:20.577+0000] {dagbag.py:538} INFO - Filling up the DagBag from /opt/airflow/dags/sec_edgar_dag.py
[2026-02-16T14:43:20.881+0000] {processor.py:840} INFO - DAG(s) 'sec_edgar_pipeline' retrieved from /opt/airflow/dags/sec_edgar_dag.py
[2026-02-16T14:43:20.913+0000] {logging_mixin.py:188} INFO - [2026-02-16T14:43:20.913+0000] {dag.py:3036} INFO - Sync 1 DAGs
[2026-02-16T14:43:20.942+0000] {logging_mixin.py:188} INFO - [2026-02-16T14:43:20.942+0000] {dag.py:3823} INFO - Setting next_dagrun for sec_edgar_pipeline to 2026-02-15 09:00:00+00:00, run_after=2026-02-16 09:00:00+00:00
[2026-02-16T14:43:21.032+0000] {processor.py:183} INFO - Processing /opt/airflow/dags/sec_edgar_dag.py took 0.464 seconds
[2026-02-16T14:43:51.150+0000] {processor.py:161} INFO - Started process (PID=215) to work on /opt/airflow/dags/sec_edgar_dag.py
[2026-02-16T14:43:51.152+0000] {processor.py:830} INFO - Processing file /opt/airflow/dags/sec_edgar_dag.py for tasks to queue
[2026-02-16T14:43:51.157+0000] {logging_mixin.py:188} INFO - [2026-02-16T14:43:51.157+0000] {dagbag.py:538} INFO - Filling up the DagBag from /opt/airflow/dags/sec_edgar_dag.py
[2026-02-16T14:43:51.547+0000] {processor.py:840} INFO - DAG(s) 'sec_edgar_pipeline' retrieved from /opt/airflow/dags/sec_edgar_dag.py
[2026-02-16T14:43:51.591+0000] {logging_mixin.py:188} INFO - [2026-02-16T14:43:51.590+0000] {dag.py:3036} INFO - Sync 1 DAGs
[2026-02-16T14:43:51.629+0000] {logging_mixin.py:188} INFO - [2026-02-16T14:43:51.629+0000] {dag.py:3823} INFO - Setting next_dagrun for sec_edgar_pipeline to 2026-02-15 09:00:00+00:00, run_after=2026-02-16 09:00:00+00:00
[2026-02-16T14:43:51.720+0000] {processor.py:183} INFO - Processing /opt/airflow/dags/sec_edgar_dag.py took 0.577 seconds
[2026-02-16T14:44:21.925+0000] {processor.py:161} INFO - Started process (PID=247) to work on /opt/airflow/dags/sec_edgar_dag.py
[2026-02-16T14:44:21.927+0000] {processor.py:830} INFO - Processing file /opt/airflow/dags/sec_edgar_dag.py for tasks to queue
[2026-02-16T14:44:21.930+0000] {logging_mixin.py:188} INFO - [2026-02-16T14:44:21.929+0000] {dagbag.py:538} INFO - Filling up the DagBag from /opt/airflow/dags/sec_edgar_dag.py
[2026-02-16T14:44:22.219+0000] {processor.py:840} INFO - DAG(s) 'sec_edgar_pipeline' retrieved from /opt/airflow/dags/sec_edgar_dag.py
[2026-02-16T14:44:22.263+0000] {logging_mixin.py:188} INFO - [2026-02-16T14:44:22.262+0000] {dag.py:3036} INFO - Sync 1 DAGs
[2026-02-16T14:44:22.385+0000] {processor.py:183} INFO - Processing /opt/airflow/dags/sec_edgar_dag.py took 0.465 seconds
[2026-02-16T14:44:53.221+0000] {processor.py:161} INFO - Started process (PID=263) to work on /opt/airflow/dags/sec_edgar_dag.py
[2026-02-16T14:44:53.222+0000] {processor.py:830} INFO - Processing file /opt/airflow/dags/sec_edgar_dag.py for tasks to queue
[2026-02-16T14:44:53.225+0000] {logging_mixin.py:188} INFO - [2026-02-16T14:44:53.225+0000] {dagbag.py:538} INFO - Filling up the DagBag from /opt/airflow/dags/sec_edgar_dag.py
[2026-02-16T14:44:53.550+0000] {processor.py:840} INFO - DAG(s) 'sec_edgar_pipeline' retrieved from /opt/airflow/dags/sec_edgar_dag.py
[2026-02-16T14:44:53.596+0000] {logging_mixin.py:188} INFO - [2026-02-16T14:44:53.596+0000] {dag.py:3036} INFO - Sync 1 DAGs
[2026-02-16T14:44:53.706+0000] {processor.py:183} INFO - Processing /opt/airflow/dags/sec_edgar_dag.py took 0.490 seconds
[2026-02-16T14:45:23.847+0000] {processor.py:161} INFO - Started process (PID=279) to work on /opt/airflow/dags/sec_edgar_dag.py
[2026-02-16T14:45:23.848+0000] {processor.py:830} INFO - Processing file /opt/airflow/dags/sec_edgar_dag.py for tasks to queue
[2026-02-16T14:45:23.852+0000] {logging_mixin.py:188} INFO - [2026-02-16T14:45:23.851+0000] {dagbag.py:538} INFO - Filling up the DagBag from /opt/airflow/dags/sec_edgar_dag.py
[2026-02-16T14:45:24.166+0000] {processor.py:840} INFO - DAG(s) 'sec_edgar_pipeline' retrieved from /opt/airflow/dags/sec_edgar_dag.py
[2026-02-16T14:45:24.199+0000] {logging_mixin.py:188} INFO - [2026-02-16T14:45:24.199+0000] {dag.py:3036} INFO - Sync 1 DAGs
[2026-02-16T14:45:24.325+0000] {processor.py:183} INFO - Processing /opt/airflow/dags/sec_edgar_dag.py took 0.483 seconds
[2026-02-16T14:45:55.116+0000] {processor.py:161} INFO - Started process (PID=301) to work on /opt/airflow/dags/sec_edgar_dag.py
[2026-02-16T14:45:55.128+0000] {processor.py:830} INFO - Processing file /opt/airflow/dags/sec_edgar_dag.py for tasks to queue
[2026-02-16T14:45:55.132+0000] {logging_mixin.py:188} INFO - [2026-02-16T14:45:55.131+0000] {dagbag.py:538} INFO - Filling up the DagBag from /opt/airflow/dags/sec_edgar_dag.py
[2026-02-16T14:45:55.439+0000] {processor.py:840} INFO - DAG(s) 'sec_edgar_pipeline' retrieved from /opt/airflow/dags/sec_edgar_dag.py
[2026-02-16T14:45:55.478+0000] {logging_mixin.py:188} INFO - [2026-02-16T14:45:55.477+0000] {dag.py:3036} INFO - Sync 1 DAGs
[2026-02-16T14:45:55.592+0000] {processor.py:183} INFO - Processing /opt/airflow/dags/sec_edgar_dag.py took 0.480 seconds
[2026-02-16T14:46:25.797+0000] {processor.py:161} INFO - Started process (PID=317) to work on /opt/airflow/dags/sec_edgar_dag.py
[2026-02-16T14:46:25.799+0000] {processor.py:830} INFO - Processing file /opt/airflow/dags/sec_edgar_dag.py for tasks to queue
[2026-02-16T14:46:25.803+0000] {logging_mixin.py:188} INFO - [2026-02-16T14:46:25.803+0000] {dagbag.py:538} INFO - Filling up the DagBag from /opt/airflow/dags/sec_edgar_dag.py
[2026-02-16T14:46:26.128+0000] {processor.py:840} INFO - DAG(s) 'sec_edgar_pipeline' retrieved from /opt/airflow/dags/sec_edgar_dag.py
[2026-02-16T14:46:26.170+0000] {logging_mixin.py:188} INFO - [2026-02-16T14:46:26.170+0000] {dag.py:3036} INFO - Sync 1 DAGs
[2026-02-16T14:46:26.284+0000] {processor.py:183} INFO - Processing /opt/airflow/dags/sec_edgar_dag.py took 0.492 seconds
[2026-02-16T14:46:57.067+0000] {processor.py:161} INFO - Started process (PID=333) to work on /opt/airflow/dags/sec_edgar_dag.py
[2026-02-16T14:46:57.069+0000] {processor.py:830} INFO - Processing file /opt/airflow/dags/sec_edgar_dag.py for tasks to queue
[2026-02-16T14:46:57.072+0000] {logging_mixin.py:188} INFO - [2026-02-16T14:46:57.071+0000] {dagbag.py:538} INFO - Filling up the DagBag from /opt/airflow/dags/sec_edgar_dag.py
[2026-02-16T14:46:57.396+0000] {processor.py:840} INFO - DAG(s) 'sec_edgar_pipeline' retrieved from /opt/airflow/dags/sec_edgar_dag.py
[2026-02-16T14:46:57.431+0000] {logging_mixin.py:188} INFO - [2026-02-16T14:46:57.430+0000] {dag.py:3036} INFO - Sync 1 DAGs
[2026-02-16T14:46:57.515+0000] {processor.py:183} INFO - Processing /opt/airflow/dags/sec_edgar_dag.py took 0.451 seconds
[2026-02-16T14:47:27.755+0000] {processor.py:161} INFO - Started process (PID=349) to work on /opt/airflow/dags/sec_edgar_dag.py
[2026-02-16T14:47:27.756+0000] {processor.py:830} INFO - Processing file /opt/airflow/dags/sec_edgar_dag.py for tasks to queue
[2026-02-16T14:47:27.759+0000] {logging_mixin.py:188} INFO - [2026-02-16T14:47:27.759+0000] {dagbag.py:538} INFO - Filling up the DagBag from /opt/airflow/dags/sec_edgar_dag.py
[2026-02-16T14:47:28.046+0000] {processor.py:840} INFO - DAG(s) 'sec_edgar_pipeline' retrieved from /opt/airflow/dags/sec_edgar_dag.py
[2026-02-16T14:47:28.083+0000] {logging_mixin.py:188} INFO - [2026-02-16T14:47:28.082+0000] {dag.py:3036} INFO - Sync 1 DAGs
[2026-02-16T14:47:28.168+0000] {processor.py:183} INFO - Processing /opt/airflow/dags/sec_edgar_dag.py took 0.417 seconds
[2026-02-16T14:47:58.285+0000] {processor.py:161} INFO - Started process (PID=365) to work on /opt/airflow/dags/sec_edgar_dag.py
[2026-02-16T14:47:58.287+0000] {processor.py:830} INFO - Processing file /opt/airflow/dags/sec_edgar_dag.py for tasks to queue
[2026-02-16T14:47:58.292+0000] {logging_mixin.py:188} INFO - [2026-02-16T14:47:58.291+0000] {dagbag.py:538} INFO - Filling up the DagBag from /opt/airflow/dags/sec_edgar_dag.py
[2026-02-16T14:47:58.626+0000] {processor.py:840} INFO - DAG(s) 'sec_edgar_pipeline' retrieved from /opt/airflow/dags/sec_edgar_dag.py
[2026-02-16T14:47:58.672+0000] {logging_mixin.py:188} INFO - [2026-02-16T14:47:58.670+0000] {dag.py:3036} INFO - Sync 1 DAGs
[2026-02-16T14:47:58.790+0000] {processor.py:183} INFO - Processing /opt/airflow/dags/sec_edgar_dag.py took 0.511 seconds
[2026-02-16T14:48:29.539+0000] {processor.py:161} INFO - Started process (PID=381) to work on /opt/airflow/dags/sec_edgar_dag.py
[2026-02-16T14:48:29.541+0000] {processor.py:830} INFO - Processing file /opt/airflow/dags/sec_edgar_dag.py for tasks to queue
[2026-02-16T14:48:29.544+0000] {logging_mixin.py:188} INFO - [2026-02-16T14:48:29.543+0000] {dagbag.py:538} INFO - Filling up the DagBag from /opt/airflow/dags/sec_edgar_dag.py
[2026-02-16T14:48:29.851+0000] {processor.py:840} INFO - DAG(s) 'sec_edgar_pipeline' retrieved from /opt/airflow/dags/sec_edgar_dag.py
[2026-02-16T14:48:29.885+0000] {logging_mixin.py:188} INFO - [2026-02-16T14:48:29.884+0000] {dag.py:3036} INFO - Sync 1 DAGs
[2026-02-16T14:48:29.945+0000] {processor.py:183} INFO - Processing /opt/airflow/dags/sec_edgar_dag.py took 0.410 seconds
[2026-02-16T14:49:00.207+0000] {processor.py:161} INFO - Started process (PID=402) to work on /opt/airflow/dags/sec_edgar_dag.py
[2026-02-16T14:49:00.209+0000] {processor.py:830} INFO - Processing file /opt/airflow/dags/sec_edgar_dag.py for tasks to queue
[2026-02-16T14:49:00.214+0000] {logging_mixin.py:188} INFO - [2026-02-16T14:49:00.214+0000] {dagbag.py:538} INFO - Filling up the DagBag from /opt/airflow/dags/sec_edgar_dag.py
[2026-02-16T14:49:00.543+0000] {processor.py:840} INFO - DAG(s) 'sec_edgar_pipeline' retrieved from /opt/airflow/dags/sec_edgar_dag.py
[2026-02-16T14:49:00.585+0000] {logging_mixin.py:188} INFO - [2026-02-16T14:49:00.584+0000] {dag.py:3036} INFO - Sync 1 DAGs
[2026-02-16T14:49:00.679+0000] {processor.py:183} INFO - Processing /opt/airflow/dags/sec_edgar_dag.py took 0.481 seconds
[2026-02-16T14:49:31.533+0000] {processor.py:161} INFO - Started process (PID=418) to work on /opt/airflow/dags/sec_edgar_dag.py
[2026-02-16T14:49:31.535+0000] {processor.py:830} INFO - Processing file /opt/airflow/dags/sec_edgar_dag.py for tasks to queue
[2026-02-16T14:49:31.538+0000] {logging_mixin.py:188} INFO - [2026-02-16T14:49:31.538+0000] {dagbag.py:538} INFO - Filling up the DagBag from /opt/airflow/dags/sec_edgar_dag.py
[2026-02-16T14:49:31.913+0000] {processor.py:840} INFO - DAG(s) 'sec_edgar_pipeline' retrieved from /opt/airflow/dags/sec_edgar_dag.py
[2026-02-16T14:49:31.951+0000] {logging_mixin.py:188} INFO - [2026-02-16T14:49:31.950+0000] {dag.py:3036} INFO - Sync 1 DAGs
[2026-02-16T14:49:32.017+0000] {processor.py:183} INFO - Processing /opt/airflow/dags/sec_edgar_dag.py took 0.488 seconds
[2026-02-16T14:50:02.177+0000] {processor.py:161} INFO - Started process (PID=434) to work on /opt/airflow/dags/sec_edgar_dag.py
[2026-02-16T14:50:02.180+0000] {processor.py:830} INFO - Processing file /opt/airflow/dags/sec_edgar_dag.py for tasks to queue
[2026-02-16T14:50:02.183+0000] {logging_mixin.py:188} INFO - [2026-02-16T14:50:02.183+0000] {dagbag.py:538} INFO - Filling up the DagBag from /opt/airflow/dags/sec_edgar_dag.py
[2026-02-16T14:50:02.492+0000] {processor.py:840} INFO - DAG(s) 'sec_edgar_pipeline' retrieved from /opt/airflow/dags/sec_edgar_dag.py
[2026-02-16T14:50:02.532+0000] {logging_mixin.py:188} INFO - [2026-02-16T14:50:02.532+0000] {dag.py:3036} INFO - Sync 1 DAGs
[2026-02-16T14:50:02.644+0000] {processor.py:183} INFO - Processing /opt/airflow/dags/sec_edgar_dag.py took 0.471 seconds
[2026-02-16T14:50:33.461+0000] {processor.py:161} INFO - Started process (PID=450) to work on /opt/airflow/dags/sec_edgar_dag.py
[2026-02-16T14:50:33.463+0000] {processor.py:830} INFO - Processing file /opt/airflow/dags/sec_edgar_dag.py for tasks to queue
[2026-02-16T14:50:33.467+0000] {logging_mixin.py:188} INFO - [2026-02-16T14:50:33.467+0000] {dagbag.py:538} INFO - Filling up the DagBag from /opt/airflow/dags/sec_edgar_dag.py
[2026-02-16T14:50:33.940+0000] {processor.py:840} INFO - DAG(s) 'sec_edgar_pipeline' retrieved from /opt/airflow/dags/sec_edgar_dag.py
[2026-02-16T14:50:33.989+0000] {logging_mixin.py:188} INFO - [2026-02-16T14:50:33.988+0000] {dag.py:3036} INFO - Sync 1 DAGs
[2026-02-16T14:50:34.112+0000] {processor.py:183} INFO - Processing /opt/airflow/dags/sec_edgar_dag.py took 0.657 seconds
[2026-02-16T14:51:04.956+0000] {processor.py:161} INFO - Started process (PID=466) to work on /opt/airflow/dags/sec_edgar_dag.py
[2026-02-16T14:51:04.958+0000] {processor.py:830} INFO - Processing file /opt/airflow/dags/sec_edgar_dag.py for tasks to queue
[2026-02-16T14:51:04.961+0000] {logging_mixin.py:188} INFO - [2026-02-16T14:51:04.960+0000] {dagbag.py:538} INFO - Filling up the DagBag from /opt/airflow/dags/sec_edgar_dag.py
[2026-02-16T14:51:05.282+0000] {processor.py:840} INFO - DAG(s) 'sec_edgar_pipeline' retrieved from /opt/airflow/dags/sec_edgar_dag.py
[2026-02-16T14:51:05.316+0000] {logging_mixin.py:188} INFO - [2026-02-16T14:51:05.316+0000] {dag.py:3036} INFO - Sync 1 DAGs
[2026-02-16T14:51:05.421+0000] {processor.py:183} INFO - Processing /opt/airflow/dags/sec_edgar_dag.py took 0.469 seconds
[2026-02-16T14:51:35.637+0000] {processor.py:161} INFO - Started process (PID=482) to work on /opt/airflow/dags/sec_edgar_dag.py
[2026-02-16T14:51:35.639+0000] {processor.py:830} INFO - Processing file /opt/airflow/dags/sec_edgar_dag.py for tasks to queue
[2026-02-16T14:51:35.642+0000] {logging_mixin.py:188} INFO - [2026-02-16T14:51:35.641+0000] {dagbag.py:538} INFO - Filling up the DagBag from /opt/airflow/dags/sec_edgar_dag.py
[2026-02-16T14:51:35.953+0000] {processor.py:840} INFO - DAG(s) 'sec_edgar_pipeline' retrieved from /opt/airflow/dags/sec_edgar_dag.py
[2026-02-16T14:51:35.987+0000] {logging_mixin.py:188} INFO - [2026-02-16T14:51:35.986+0000] {dag.py:3036} INFO - Sync 1 DAGs
[2026-02-16T14:51:36.053+0000] {processor.py:183} INFO - Processing /opt/airflow/dags/sec_edgar_dag.py took 0.421 seconds
[2026-02-16T14:52:06.911+0000] {processor.py:161} INFO - Started process (PID=499) to work on /opt/airflow/dags/sec_edgar_dag.py
[2026-02-16T14:52:06.913+0000] {processor.py:830} INFO - Processing file /opt/airflow/dags/sec_edgar_dag.py for tasks to queue
[2026-02-16T14:52:06.916+0000] {logging_mixin.py:188} INFO - [2026-02-16T14:52:06.915+0000] {dagbag.py:538} INFO - Filling up the DagBag from /opt/airflow/dags/sec_edgar_dag.py
[2026-02-16T14:52:07.228+0000] {processor.py:840} INFO - DAG(s) 'sec_edgar_pipeline' retrieved from /opt/airflow/dags/sec_edgar_dag.py
[2026-02-16T14:52:07.262+0000] {logging_mixin.py:188} INFO - [2026-02-16T14:52:07.261+0000] {dag.py:3036} INFO - Sync 1 DAGs
[2026-02-16T14:52:07.348+0000] {processor.py:183} INFO - Processing /opt/airflow/dags/sec_edgar_dag.py took 0.441 seconds
[2026-02-16T14:52:26.246+0000] {processor.py:161} INFO - Started process (PID=510) to work on /opt/airflow/dags/sec_edgar_dag.py
[2026-02-16T14:52:26.248+0000] {processor.py:830} INFO - Processing file /opt/airflow/dags/sec_edgar_dag.py for tasks to queue
[2026-02-16T14:52:26.252+0000] {logging_mixin.py:188} INFO - [2026-02-16T14:52:26.251+0000] {dagbag.py:538} INFO - Filling up the DagBag from /opt/airflow/dags/sec_edgar_dag.py
[2026-02-16T14:52:26.581+0000] {processor.py:840} INFO - DAG(s) 'sec_edgar_pipeline' retrieved from /opt/airflow/dags/sec_edgar_dag.py
[2026-02-16T14:52:26.619+0000] {logging_mixin.py:188} INFO - [2026-02-16T14:52:26.618+0000] {dag.py:3036} INFO - Sync 1 DAGs
[2026-02-16T14:52:26.687+0000] {processor.py:183} INFO - Processing /opt/airflow/dags/sec_edgar_dag.py took 0.447 seconds
[2026-02-16T14:52:32.837+0000] {processor.py:161} INFO - Started process (PID=520) to work on /opt/airflow/dags/sec_edgar_dag.py
[2026-02-16T14:52:32.838+0000] {processor.py:830} INFO - Processing file /opt/airflow/dags/sec_edgar_dag.py for tasks to queue
[2026-02-16T14:52:32.841+0000] {logging_mixin.py:188} INFO - [2026-02-16T14:52:32.841+0000] {dagbag.py:538} INFO - Filling up the DagBag from /opt/airflow/dags/sec_edgar_dag.py
[2026-02-16T14:52:33.218+0000] {processor.py:840} INFO - DAG(s) 'sec_edgar_pipeline' retrieved from /opt/airflow/dags/sec_edgar_dag.py
[2026-02-16T14:52:33.251+0000] {logging_mixin.py:188} INFO - [2026-02-16T14:52:33.250+0000] {dag.py:3036} INFO - Sync 1 DAGs
[2026-02-16T14:52:33.361+0000] {processor.py:183} INFO - Processing /opt/airflow/dags/sec_edgar_dag.py took 0.530 seconds
[2026-02-16T14:53:01.821+0000] {processor.py:161} INFO - Started process (PID=183) to work on /opt/airflow/dags/sec_edgar_dag.py
[2026-02-16T14:53:01.823+0000] {processor.py:830} INFO - Processing file /opt/airflow/dags/sec_edgar_dag.py for tasks to queue
[2026-02-16T14:53:01.828+0000] {logging_mixin.py:188} INFO - [2026-02-16T14:53:01.828+0000] {dagbag.py:538} INFO - Filling up the DagBag from /opt/airflow/dags/sec_edgar_dag.py
[2026-02-16T14:53:02.140+0000] {processor.py:840} INFO - DAG(s) 'sec_edgar_pipeline' retrieved from /opt/airflow/dags/sec_edgar_dag.py
[2026-02-16T14:53:02.283+0000] {logging_mixin.py:188} INFO - [2026-02-16T14:53:02.282+0000] {dag.py:3036} INFO - Sync 1 DAGs
[2026-02-16T14:53:02.296+0000] {logging_mixin.py:188} INFO - [2026-02-16T14:53:02.296+0000] {dag.py:3058} INFO - Creating ORM DAG for sec_edgar_pipeline
[2026-02-16T14:53:02.310+0000] {logging_mixin.py:188} INFO - [2026-02-16T14:53:02.310+0000] {dag.py:3823} INFO - Setting next_dagrun for sec_edgar_pipeline to 2026-02-15 09:00:00+00:00, run_after=2026-02-16 09:00:00+00:00
[2026-02-16T14:53:02.389+0000] {processor.py:183} INFO - Processing /opt/airflow/dags/sec_edgar_dag.py took 0.575 seconds
[2026-02-16T14:53:32.913+0000] {processor.py:161} INFO - Started process (PID=199) to work on /opt/airflow/dags/sec_edgar_dag.py
[2026-02-16T14:53:32.915+0000] {processor.py:830} INFO - Processing file /opt/airflow/dags/sec_edgar_dag.py for tasks to queue
[2026-02-16T14:53:32.920+0000] {logging_mixin.py:188} INFO - [2026-02-16T14:53:32.919+0000] {dagbag.py:538} INFO - Filling up the DagBag from /opt/airflow/dags/sec_edgar_dag.py
[2026-02-16T14:53:33.279+0000] {processor.py:840} INFO - DAG(s) 'sec_edgar_pipeline' retrieved from /opt/airflow/dags/sec_edgar_dag.py
[2026-02-16T14:53:33.312+0000] {logging_mixin.py:188} INFO - [2026-02-16T14:53:33.312+0000] {dag.py:3036} INFO - Sync 1 DAGs
[2026-02-16T14:53:33.341+0000] {logging_mixin.py:188} INFO - [2026-02-16T14:53:33.341+0000] {dag.py:3823} INFO - Setting next_dagrun for sec_edgar_pipeline to 2026-02-15 09:00:00+00:00, run_after=2026-02-16 09:00:00+00:00
[2026-02-16T14:53:33.419+0000] {processor.py:183} INFO - Processing /opt/airflow/dags/sec_edgar_dag.py took 0.513 seconds
[2026-02-16T14:54:03.662+0000] {processor.py:161} INFO - Started process (PID=226) to work on /opt/airflow/dags/sec_edgar_dag.py
[2026-02-16T14:54:03.664+0000] {processor.py:830} INFO - Processing file /opt/airflow/dags/sec_edgar_dag.py for tasks to queue
[2026-02-16T14:54:03.667+0000] {logging_mixin.py:188} INFO - [2026-02-16T14:54:03.667+0000] {dagbag.py:538} INFO - Filling up the DagBag from /opt/airflow/dags/sec_edgar_dag.py
[2026-02-16T14:54:03.970+0000] {processor.py:840} INFO - DAG(s) 'sec_edgar_pipeline' retrieved from /opt/airflow/dags/sec_edgar_dag.py
[2026-02-16T14:54:04.014+0000] {logging_mixin.py:188} INFO - [2026-02-16T14:54:04.013+0000] {dag.py:3036} INFO - Sync 1 DAGs
[2026-02-16T14:54:04.051+0000] {logging_mixin.py:188} INFO - [2026-02-16T14:54:04.051+0000] {dag.py:3823} INFO - Setting next_dagrun for sec_edgar_pipeline to 2026-02-15 09:00:00+00:00, run_after=2026-02-16 09:00:00+00:00
[2026-02-16T14:54:04.135+0000] {processor.py:183} INFO - Processing /opt/airflow/dags/sec_edgar_dag.py took 0.476 seconds
[2026-02-16T14:54:34.966+0000] {processor.py:161} INFO - Started process (PID=242) to work on /opt/airflow/dags/sec_edgar_dag.py
[2026-02-16T14:54:34.967+0000] {processor.py:830} INFO - Processing file /opt/airflow/dags/sec_edgar_dag.py for tasks to queue
[2026-02-16T14:54:34.970+0000] {logging_mixin.py:188} INFO - [2026-02-16T14:54:34.970+0000] {dagbag.py:538} INFO - Filling up the DagBag from /opt/airflow/dags/sec_edgar_dag.py
[2026-02-16T14:54:35.258+0000] {processor.py:840} INFO - DAG(s) 'sec_edgar_pipeline' retrieved from /opt/airflow/dags/sec_edgar_dag.py
[2026-02-16T14:54:35.296+0000] {logging_mixin.py:188} INFO - [2026-02-16T14:54:35.296+0000] {dag.py:3036} INFO - Sync 1 DAGs
[2026-02-16T14:54:35.329+0000] {logging_mixin.py:188} INFO - [2026-02-16T14:54:35.329+0000] {dag.py:3823} INFO - Setting next_dagrun for sec_edgar_pipeline to 2026-02-15 09:00:00+00:00, run_after=2026-02-16 09:00:00+00:00
[2026-02-16T14:54:35.410+0000] {processor.py:183} INFO - Processing /opt/airflow/dags/sec_edgar_dag.py took 0.449 seconds
[2026-02-16T14:55:05.659+0000] {processor.py:161} INFO - Started process (PID=262) to work on /opt/airflow/dags/sec_edgar_dag.py
[2026-02-16T14:55:05.661+0000] {processor.py:830} INFO - Processing file /opt/airflow/dags/sec_edgar_dag.py for tasks to queue
[2026-02-16T14:55:05.664+0000] {logging_mixin.py:188} INFO - [2026-02-16T14:55:05.663+0000] {dagbag.py:538} INFO - Filling up the DagBag from /opt/airflow/dags/sec_edgar_dag.py
[2026-02-16T14:55:05.957+0000] {processor.py:840} INFO - DAG(s) 'sec_edgar_pipeline' retrieved from /opt/airflow/dags/sec_edgar_dag.py
[2026-02-16T14:55:05.993+0000] {logging_mixin.py:188} INFO - [2026-02-16T14:55:05.992+0000] {dag.py:3036} INFO - Sync 1 DAGs
[2026-02-16T14:55:06.101+0000] {processor.py:183} INFO - Processing /opt/airflow/dags/sec_edgar_dag.py took 0.446 seconds
[2026-02-16T14:55:36.965+0000] {processor.py:161} INFO - Started process (PID=278) to work on /opt/airflow/dags/sec_edgar_dag.py
[2026-02-16T14:55:36.967+0000] {processor.py:830} INFO - Processing file /opt/airflow/dags/sec_edgar_dag.py for tasks to queue
[2026-02-16T14:55:36.970+0000] {logging_mixin.py:188} INFO - [2026-02-16T14:55:36.970+0000] {dagbag.py:538} INFO - Filling up the DagBag from /opt/airflow/dags/sec_edgar_dag.py
[2026-02-16T14:55:37.329+0000] {processor.py:840} INFO - DAG(s) 'sec_edgar_pipeline' retrieved from /opt/airflow/dags/sec_edgar_dag.py
[2026-02-16T14:55:37.373+0000] {logging_mixin.py:188} INFO - [2026-02-16T14:55:37.372+0000] {dag.py:3036} INFO - Sync 1 DAGs
[2026-02-16T14:55:37.465+0000] {processor.py:183} INFO - Processing /opt/airflow/dags/sec_edgar_dag.py took 0.506 seconds
[2026-02-16T14:56:07.628+0000] {processor.py:161} INFO - Started process (PID=294) to work on /opt/airflow/dags/sec_edgar_dag.py
[2026-02-16T14:56:07.630+0000] {processor.py:830} INFO - Processing file /opt/airflow/dags/sec_edgar_dag.py for tasks to queue
[2026-02-16T14:56:07.632+0000] {logging_mixin.py:188} INFO - [2026-02-16T14:56:07.632+0000] {dagbag.py:538} INFO - Filling up the DagBag from /opt/airflow/dags/sec_edgar_dag.py
[2026-02-16T14:56:07.962+0000] {processor.py:840} INFO - DAG(s) 'sec_edgar_pipeline' retrieved from /opt/airflow/dags/sec_edgar_dag.py
[2026-02-16T14:56:07.999+0000] {logging_mixin.py:188} INFO - [2026-02-16T14:56:07.998+0000] {dag.py:3036} INFO - Sync 1 DAGs
[2026-02-16T14:56:08.104+0000] {processor.py:183} INFO - Processing /opt/airflow/dags/sec_edgar_dag.py took 0.480 seconds
[2026-02-16T14:56:38.902+0000] {processor.py:161} INFO - Started process (PID=310) to work on /opt/airflow/dags/sec_edgar_dag.py
[2026-02-16T14:56:38.904+0000] {processor.py:830} INFO - Processing file /opt/airflow/dags/sec_edgar_dag.py for tasks to queue
[2026-02-16T14:56:38.907+0000] {logging_mixin.py:188} INFO - [2026-02-16T14:56:38.907+0000] {dagbag.py:538} INFO - Filling up the DagBag from /opt/airflow/dags/sec_edgar_dag.py
[2026-02-16T14:56:39.220+0000] {processor.py:840} INFO - DAG(s) 'sec_edgar_pipeline' retrieved from /opt/airflow/dags/sec_edgar_dag.py
[2026-02-16T14:56:39.255+0000] {logging_mixin.py:188} INFO - [2026-02-16T14:56:39.255+0000] {dag.py:3036} INFO - Sync 1 DAGs
[2026-02-16T14:56:39.362+0000] {processor.py:183} INFO - Processing /opt/airflow/dags/sec_edgar_dag.py took 0.464 seconds
[2026-02-16T14:57:09.658+0000] {processor.py:161} INFO - Started process (PID=326) to work on /opt/airflow/dags/sec_edgar_dag.py
[2026-02-16T14:57:09.659+0000] {processor.py:830} INFO - Processing file /opt/airflow/dags/sec_edgar_dag.py for tasks to queue
[2026-02-16T14:57:09.662+0000] {logging_mixin.py:188} INFO - [2026-02-16T14:57:09.662+0000] {dagbag.py:538} INFO - Filling up the DagBag from /opt/airflow/dags/sec_edgar_dag.py
[2026-02-16T14:57:09.978+0000] {processor.py:840} INFO - DAG(s) 'sec_edgar_pipeline' retrieved from /opt/airflow/dags/sec_edgar_dag.py
[2026-02-16T14:57:10.015+0000] {logging_mixin.py:188} INFO - [2026-02-16T14:57:10.014+0000] {dag.py:3036} INFO - Sync 1 DAGs
[2026-02-16T14:57:10.073+0000] {processor.py:183} INFO - Processing /opt/airflow/dags/sec_edgar_dag.py took 0.420 seconds
[2026-02-16T14:57:40.947+0000] {processor.py:161} INFO - Started process (PID=348) to work on /opt/airflow/dags/sec_edgar_dag.py
[2026-02-16T14:57:40.949+0000] {processor.py:830} INFO - Processing file /opt/airflow/dags/sec_edgar_dag.py for tasks to queue
[2026-02-16T14:57:40.952+0000] {logging_mixin.py:188} INFO - [2026-02-16T14:57:40.952+0000] {dagbag.py:538} INFO - Filling up the DagBag from /opt/airflow/dags/sec_edgar_dag.py
[2026-02-16T14:57:41.256+0000] {processor.py:840} INFO - DAG(s) 'sec_edgar_pipeline' retrieved from /opt/airflow/dags/sec_edgar_dag.py
[2026-02-16T14:57:41.289+0000] {logging_mixin.py:188} INFO - [2026-02-16T14:57:41.289+0000] {dag.py:3036} INFO - Sync 1 DAGs
[2026-02-16T14:57:41.397+0000] {processor.py:183} INFO - Processing /opt/airflow/dags/sec_edgar_dag.py took 0.453 seconds
[2026-02-16T14:58:11.531+0000] {processor.py:161} INFO - Started process (PID=364) to work on /opt/airflow/dags/sec_edgar_dag.py
[2026-02-16T14:58:11.532+0000] {processor.py:830} INFO - Processing file /opt/airflow/dags/sec_edgar_dag.py for tasks to queue
[2026-02-16T14:58:11.535+0000] {logging_mixin.py:188} INFO - [2026-02-16T14:58:11.535+0000] {dagbag.py:538} INFO - Filling up the DagBag from /opt/airflow/dags/sec_edgar_dag.py
[2026-02-16T14:58:11.850+0000] {processor.py:840} INFO - DAG(s) 'sec_edgar_pipeline' retrieved from /opt/airflow/dags/sec_edgar_dag.py
[2026-02-16T14:58:11.884+0000] {logging_mixin.py:188} INFO - [2026-02-16T14:58:11.883+0000] {dag.py:3036} INFO - Sync 1 DAGs
[2026-02-16T14:58:11.992+0000] {processor.py:183} INFO - Processing /opt/airflow/dags/sec_edgar_dag.py took 0.465 seconds
[2026-02-16T14:58:42.143+0000] {processor.py:161} INFO - Started process (PID=380) to work on /opt/airflow/dags/sec_edgar_dag.py
[2026-02-16T14:58:42.146+0000] {processor.py:830} INFO - Processing file /opt/airflow/dags/sec_edgar_dag.py for tasks to queue
[2026-02-16T14:58:42.152+0000] {logging_mixin.py:188} INFO - [2026-02-16T14:58:42.150+0000] {dagbag.py:538} INFO - Filling up the DagBag from /opt/airflow/dags/sec_edgar_dag.py
[2026-02-16T14:58:42.477+0000] {processor.py:840} INFO - DAG(s) 'sec_edgar_pipeline' retrieved from /opt/airflow/dags/sec_edgar_dag.py
[2026-02-16T14:58:42.515+0000] {logging_mixin.py:188} INFO - [2026-02-16T14:58:42.515+0000] {dag.py:3036} INFO - Sync 1 DAGs
[2026-02-16T14:58:42.628+0000] {processor.py:183} INFO - Processing /opt/airflow/dags/sec_edgar_dag.py took 0.491 seconds
[2026-02-16T14:59:13.463+0000] {processor.py:161} INFO - Started process (PID=396) to work on /opt/airflow/dags/sec_edgar_dag.py
[2026-02-16T14:59:13.465+0000] {processor.py:830} INFO - Processing file /opt/airflow/dags/sec_edgar_dag.py for tasks to queue
[2026-02-16T14:59:13.468+0000] {logging_mixin.py:188} INFO - [2026-02-16T14:59:13.467+0000] {dagbag.py:538} INFO - Filling up the DagBag from /opt/airflow/dags/sec_edgar_dag.py
[2026-02-16T14:59:13.783+0000] {processor.py:840} INFO - DAG(s) 'sec_edgar_pipeline' retrieved from /opt/airflow/dags/sec_edgar_dag.py
[2026-02-16T14:59:13.823+0000] {logging_mixin.py:188} INFO - [2026-02-16T14:59:13.822+0000] {dag.py:3036} INFO - Sync 1 DAGs
[2026-02-16T14:59:13.939+0000] {processor.py:183} INFO - Processing /opt/airflow/dags/sec_edgar_dag.py took 0.482 seconds
[2026-02-16T14:59:44.192+0000] {processor.py:161} INFO - Started process (PID=415) to work on /opt/airflow/dags/sec_edgar_dag.py
[2026-02-16T14:59:44.194+0000] {processor.py:830} INFO - Processing file /opt/airflow/dags/sec_edgar_dag.py for tasks to queue
[2026-02-16T14:59:44.199+0000] {logging_mixin.py:188} INFO - [2026-02-16T14:59:44.199+0000] {dagbag.py:538} INFO - Filling up the DagBag from /opt/airflow/dags/sec_edgar_dag.py
[2026-02-16T14:59:44.528+0000] {processor.py:840} INFO - DAG(s) 'sec_edgar_pipeline' retrieved from /opt/airflow/dags/sec_edgar_dag.py
[2026-02-16T14:59:44.573+0000] {logging_mixin.py:188} INFO - [2026-02-16T14:59:44.572+0000] {dag.py:3036} INFO - Sync 1 DAGs
[2026-02-16T14:59:44.639+0000] {processor.py:183} INFO - Processing /opt/airflow/dags/sec_edgar_dag.py took 0.454 seconds
[2026-02-16T15:00:15.477+0000] {processor.py:161} INFO - Started process (PID=432) to work on /opt/airflow/dags/sec_edgar_dag.py
[2026-02-16T15:00:15.478+0000] {processor.py:830} INFO - Processing file /opt/airflow/dags/sec_edgar_dag.py for tasks to queue
[2026-02-16T15:00:15.482+0000] {logging_mixin.py:188} INFO - [2026-02-16T15:00:15.481+0000] {dagbag.py:538} INFO - Filling up the DagBag from /opt/airflow/dags/sec_edgar_dag.py
[2026-02-16T15:00:15.780+0000] {processor.py:840} INFO - DAG(s) 'sec_edgar_pipeline' retrieved from /opt/airflow/dags/sec_edgar_dag.py
[2026-02-16T15:00:15.815+0000] {logging_mixin.py:188} INFO - [2026-02-16T15:00:15.814+0000] {dag.py:3036} INFO - Sync 1 DAGs
[2026-02-16T15:00:15.922+0000] {processor.py:183} INFO - Processing /opt/airflow/dags/sec_edgar_dag.py took 0.450 seconds
[2026-02-16T15:00:46.170+0000] {processor.py:161} INFO - Started process (PID=448) to work on /opt/airflow/dags/sec_edgar_dag.py
[2026-02-16T15:00:46.172+0000] {processor.py:830} INFO - Processing file /opt/airflow/dags/sec_edgar_dag.py for tasks to queue
[2026-02-16T15:00:46.176+0000] {logging_mixin.py:188} INFO - [2026-02-16T15:00:46.175+0000] {dagbag.py:538} INFO - Filling up the DagBag from /opt/airflow/dags/sec_edgar_dag.py
[2026-02-16T15:00:46.512+0000] {processor.py:840} INFO - DAG(s) 'sec_edgar_pipeline' retrieved from /opt/airflow/dags/sec_edgar_dag.py
[2026-02-16T15:00:46.548+0000] {logging_mixin.py:188} INFO - [2026-02-16T15:00:46.547+0000] {dag.py:3036} INFO - Sync 1 DAGs
[2026-02-16T15:00:46.660+0000] {processor.py:183} INFO - Processing /opt/airflow/dags/sec_edgar_dag.py took 0.498 seconds
[2026-02-16T15:00:48.251+0000] {processor.py:161} INFO - Started process (PID=453) to work on /opt/airflow/dags/sec_edgar_dag.py
[2026-02-16T15:00:48.252+0000] {processor.py:830} INFO - Processing file /opt/airflow/dags/sec_edgar_dag.py for tasks to queue
[2026-02-16T15:00:48.256+0000] {logging_mixin.py:188} INFO - [2026-02-16T15:00:48.255+0000] {dagbag.py:538} INFO - Filling up the DagBag from /opt/airflow/dags/sec_edgar_dag.py
[2026-02-16T15:00:48.574+0000] {processor.py:840} INFO - DAG(s) 'sec_edgar_pipeline' retrieved from /opt/airflow/dags/sec_edgar_dag.py
[2026-02-16T15:00:48.607+0000] {logging_mixin.py:188} INFO - [2026-02-16T15:00:48.607+0000] {dag.py:3036} INFO - Sync 1 DAGs
[2026-02-16T15:00:48.672+0000] {processor.py:183} INFO - Processing /opt/airflow/dags/sec_edgar_dag.py took 0.427 seconds
[2026-02-16T15:00:50.821+0000] {processor.py:161} INFO - Started process (PID=458) to work on /opt/airflow/dags/sec_edgar_dag.py
[2026-02-16T15:00:50.823+0000] {processor.py:830} INFO - Processing file /opt/airflow/dags/sec_edgar_dag.py for tasks to queue
[2026-02-16T15:00:50.827+0000] {logging_mixin.py:188} INFO - [2026-02-16T15:00:50.826+0000] {dagbag.py:538} INFO - Filling up the DagBag from /opt/airflow/dags/sec_edgar_dag.py
[2026-02-16T15:00:51.188+0000] {processor.py:840} INFO - DAG(s) 'sec_edgar_pipeline' retrieved from /opt/airflow/dags/sec_edgar_dag.py
[2026-02-16T15:00:51.230+0000] {logging_mixin.py:188} INFO - [2026-02-16T15:00:51.229+0000] {dag.py:3036} INFO - Sync 1 DAGs
[2026-02-16T15:00:51.344+0000] {processor.py:183} INFO - Processing /opt/airflow/dags/sec_edgar_dag.py took 0.530 seconds
[2026-02-16T15:01:21.652+0000] {processor.py:161} INFO - Started process (PID=474) to work on /opt/airflow/dags/sec_edgar_dag.py
[2026-02-16T15:01:21.653+0000] {processor.py:830} INFO - Processing file /opt/airflow/dags/sec_edgar_dag.py for tasks to queue
[2026-02-16T15:01:21.656+0000] {logging_mixin.py:188} INFO - [2026-02-16T15:01:21.656+0000] {dagbag.py:538} INFO - Filling up the DagBag from /opt/airflow/dags/sec_edgar_dag.py
[2026-02-16T15:01:22.025+0000] {processor.py:840} INFO - DAG(s) 'sec_edgar_pipeline' retrieved from /opt/airflow/dags/sec_edgar_dag.py
[2026-02-16T15:01:22.059+0000] {logging_mixin.py:188} INFO - [2026-02-16T15:01:22.058+0000] {dag.py:3036} INFO - Sync 1 DAGs
[2026-02-16T15:01:22.167+0000] {processor.py:183} INFO - Processing /opt/airflow/dags/sec_edgar_dag.py took 0.520 seconds
[2026-02-16T15:01:53.037+0000] {processor.py:161} INFO - Started process (PID=490) to work on /opt/airflow/dags/sec_edgar_dag.py
[2026-02-16T15:01:53.039+0000] {processor.py:830} INFO - Processing file /opt/airflow/dags/sec_edgar_dag.py for tasks to queue
[2026-02-16T15:01:53.042+0000] {logging_mixin.py:188} INFO - [2026-02-16T15:01:53.042+0000] {dagbag.py:538} INFO - Filling up the DagBag from /opt/airflow/dags/sec_edgar_dag.py
[2026-02-16T15:01:53.368+0000] {processor.py:840} INFO - DAG(s) 'sec_edgar_pipeline' retrieved from /opt/airflow/dags/sec_edgar_dag.py
[2026-02-16T15:01:53.401+0000] {logging_mixin.py:188} INFO - [2026-02-16T15:01:53.400+0000] {dag.py:3036} INFO - Sync 1 DAGs
[2026-02-16T15:01:53.506+0000] {processor.py:183} INFO - Processing /opt/airflow/dags/sec_edgar_dag.py took 0.475 seconds
[2026-02-16T15:02:31.193+0000] {processor.py:161} INFO - Started process (PID=183) to work on /opt/airflow/dags/sec_edgar_dag.py
[2026-02-16T15:02:31.195+0000] {processor.py:830} INFO - Processing file /opt/airflow/dags/sec_edgar_dag.py for tasks to queue
[2026-02-16T15:02:31.200+0000] {logging_mixin.py:188} INFO - [2026-02-16T15:02:31.199+0000] {dagbag.py:538} INFO - Filling up the DagBag from /opt/airflow/dags/sec_edgar_dag.py
[2026-02-16T15:02:31.495+0000] {processor.py:840} INFO - DAG(s) 'sec_edgar_pipeline' retrieved from /opt/airflow/dags/sec_edgar_dag.py
[2026-02-16T15:02:31.652+0000] {logging_mixin.py:188} INFO - [2026-02-16T15:02:31.651+0000] {dag.py:3036} INFO - Sync 1 DAGs
[2026-02-16T15:02:31.667+0000] {logging_mixin.py:188} INFO - [2026-02-16T15:02:31.666+0000] {dag.py:3058} INFO - Creating ORM DAG for sec_edgar_pipeline
[2026-02-16T15:02:31.686+0000] {logging_mixin.py:188} INFO - [2026-02-16T15:02:31.686+0000] {dag.py:3823} INFO - Setting next_dagrun for sec_edgar_pipeline to 2026-02-15 09:00:00+00:00, run_after=2026-02-16 09:00:00+00:00
[2026-02-16T15:02:31.767+0000] {processor.py:183} INFO - Processing /opt/airflow/dags/sec_edgar_dag.py took 0.580 seconds
[2026-02-16T15:03:01.987+0000] {processor.py:161} INFO - Started process (PID=204) to work on /opt/airflow/dags/sec_edgar_dag.py
[2026-02-16T15:03:01.989+0000] {processor.py:830} INFO - Processing file /opt/airflow/dags/sec_edgar_dag.py for tasks to queue
[2026-02-16T15:03:01.993+0000] {logging_mixin.py:188} INFO - [2026-02-16T15:03:01.992+0000] {dagbag.py:538} INFO - Filling up the DagBag from /opt/airflow/dags/sec_edgar_dag.py
[2026-02-16T15:03:02.323+0000] {processor.py:840} INFO - DAG(s) 'sec_edgar_pipeline' retrieved from /opt/airflow/dags/sec_edgar_dag.py
[2026-02-16T15:03:02.362+0000] {logging_mixin.py:188} INFO - [2026-02-16T15:03:02.362+0000] {dag.py:3036} INFO - Sync 1 DAGs
[2026-02-16T15:03:02.396+0000] {logging_mixin.py:188} INFO - [2026-02-16T15:03:02.396+0000] {dag.py:3823} INFO - Setting next_dagrun for sec_edgar_pipeline to 2026-02-15 09:00:00+00:00, run_after=2026-02-16 09:00:00+00:00
[2026-02-16T15:03:02.432+0000] {processor.py:183} INFO - Processing /opt/airflow/dags/sec_edgar_dag.py took 0.450 seconds
[2026-02-16T15:03:32.638+0000] {processor.py:161} INFO - Started process (PID=221) to work on /opt/airflow/dags/sec_edgar_dag.py
[2026-02-16T15:03:32.641+0000] {processor.py:830} INFO - Processing file /opt/airflow/dags/sec_edgar_dag.py for tasks to queue
[2026-02-16T15:03:32.649+0000] {logging_mixin.py:188} INFO - [2026-02-16T15:03:32.648+0000] {dagbag.py:538} INFO - Filling up the DagBag from /opt/airflow/dags/sec_edgar_dag.py
[2026-02-16T15:03:32.996+0000] {processor.py:840} INFO - DAG(s) 'sec_edgar_pipeline' retrieved from /opt/airflow/dags/sec_edgar_dag.py
[2026-02-16T15:03:33.039+0000] {logging_mixin.py:188} INFO - [2026-02-16T15:03:33.038+0000] {dag.py:3036} INFO - Sync 1 DAGs
[2026-02-16T15:03:33.080+0000] {logging_mixin.py:188} INFO - [2026-02-16T15:03:33.079+0000] {dag.py:3823} INFO - Setting next_dagrun for sec_edgar_pipeline to 2026-02-15 09:00:00+00:00, run_after=2026-02-16 09:00:00+00:00
[2026-02-16T15:03:33.162+0000] {processor.py:183} INFO - Processing /opt/airflow/dags/sec_edgar_dag.py took 0.531 seconds
[2026-02-16T15:04:03.391+0000] {processor.py:161} INFO - Started process (PID=250) to work on /opt/airflow/dags/sec_edgar_dag.py
[2026-02-16T15:04:03.392+0000] {processor.py:830} INFO - Processing file /opt/airflow/dags/sec_edgar_dag.py for tasks to queue
[2026-02-16T15:04:03.395+0000] {logging_mixin.py:188} INFO - [2026-02-16T15:04:03.394+0000] {dagbag.py:538} INFO - Filling up the DagBag from /opt/airflow/dags/sec_edgar_dag.py
[2026-02-16T15:04:03.695+0000] {processor.py:840} INFO - DAG(s) 'sec_edgar_pipeline' retrieved from /opt/airflow/dags/sec_edgar_dag.py
[2026-02-16T15:04:03.730+0000] {logging_mixin.py:188} INFO - [2026-02-16T15:04:03.729+0000] {dag.py:3036} INFO - Sync 1 DAGs
[2026-02-16T15:04:03.837+0000] {processor.py:183} INFO - Processing /opt/airflow/dags/sec_edgar_dag.py took 0.451 seconds
[2026-02-16T15:04:33.959+0000] {processor.py:161} INFO - Started process (PID=266) to work on /opt/airflow/dags/sec_edgar_dag.py
[2026-02-16T15:04:33.961+0000] {processor.py:830} INFO - Processing file /opt/airflow/dags/sec_edgar_dag.py for tasks to queue
[2026-02-16T15:04:33.966+0000] {logging_mixin.py:188} INFO - [2026-02-16T15:04:33.965+0000] {dagbag.py:538} INFO - Filling up the DagBag from /opt/airflow/dags/sec_edgar_dag.py
[2026-02-16T15:04:34.284+0000] {processor.py:840} INFO - DAG(s) 'sec_edgar_pipeline' retrieved from /opt/airflow/dags/sec_edgar_dag.py
[2026-02-16T15:04:34.319+0000] {logging_mixin.py:188} INFO - [2026-02-16T15:04:34.319+0000] {dag.py:3036} INFO - Sync 1 DAGs
[2026-02-16T15:04:34.426+0000] {processor.py:183} INFO - Processing /opt/airflow/dags/sec_edgar_dag.py took 0.473 seconds
[2026-02-16T15:05:05.244+0000] {processor.py:161} INFO - Started process (PID=282) to work on /opt/airflow/dags/sec_edgar_dag.py
[2026-02-16T15:05:05.246+0000] {processor.py:830} INFO - Processing file /opt/airflow/dags/sec_edgar_dag.py for tasks to queue
[2026-02-16T15:05:05.249+0000] {logging_mixin.py:188} INFO - [2026-02-16T15:05:05.248+0000] {dagbag.py:538} INFO - Filling up the DagBag from /opt/airflow/dags/sec_edgar_dag.py
[2026-02-16T15:05:05.574+0000] {processor.py:840} INFO - DAG(s) 'sec_edgar_pipeline' retrieved from /opt/airflow/dags/sec_edgar_dag.py
[2026-02-16T15:05:05.609+0000] {logging_mixin.py:188} INFO - [2026-02-16T15:05:05.608+0000] {dag.py:3036} INFO - Sync 1 DAGs
[2026-02-16T15:05:05.722+0000] {processor.py:183} INFO - Processing /opt/airflow/dags/sec_edgar_dag.py took 0.482 seconds
[2026-02-16T15:05:35.900+0000] {processor.py:161} INFO - Started process (PID=304) to work on /opt/airflow/dags/sec_edgar_dag.py
[2026-02-16T15:05:35.902+0000] {processor.py:830} INFO - Processing file /opt/airflow/dags/sec_edgar_dag.py for tasks to queue
[2026-02-16T15:05:35.905+0000] {logging_mixin.py:188} INFO - [2026-02-16T15:05:35.905+0000] {dagbag.py:538} INFO - Filling up the DagBag from /opt/airflow/dags/sec_edgar_dag.py
[2026-02-16T15:05:36.220+0000] {processor.py:840} INFO - DAG(s) 'sec_edgar_pipeline' retrieved from /opt/airflow/dags/sec_edgar_dag.py
[2026-02-16T15:05:36.256+0000] {logging_mixin.py:188} INFO - [2026-02-16T15:05:36.255+0000] {dag.py:3036} INFO - Sync 1 DAGs
[2026-02-16T15:05:36.341+0000] {processor.py:183} INFO - Processing /opt/airflow/dags/sec_edgar_dag.py took 0.446 seconds
[2026-02-16T15:06:07.172+0000] {processor.py:161} INFO - Started process (PID=320) to work on /opt/airflow/dags/sec_edgar_dag.py
[2026-02-16T15:06:07.174+0000] {processor.py:830} INFO - Processing file /opt/airflow/dags/sec_edgar_dag.py for tasks to queue
[2026-02-16T15:06:07.177+0000] {logging_mixin.py:188} INFO - [2026-02-16T15:06:07.177+0000] {dagbag.py:538} INFO - Filling up the DagBag from /opt/airflow/dags/sec_edgar_dag.py
[2026-02-16T15:06:07.474+0000] {processor.py:840} INFO - DAG(s) 'sec_edgar_pipeline' retrieved from /opt/airflow/dags/sec_edgar_dag.py
[2026-02-16T15:06:07.507+0000] {logging_mixin.py:188} INFO - [2026-02-16T15:06:07.507+0000] {dag.py:3036} INFO - Sync 1 DAGs
[2026-02-16T15:06:07.619+0000] {processor.py:183} INFO - Processing /opt/airflow/dags/sec_edgar_dag.py took 0.452 seconds
[2026-02-16T15:06:37.863+0000] {processor.py:161} INFO - Started process (PID=336) to work on /opt/airflow/dags/sec_edgar_dag.py
[2026-02-16T15:06:37.864+0000] {processor.py:830} INFO - Processing file /opt/airflow/dags/sec_edgar_dag.py for tasks to queue
[2026-02-16T15:06:37.867+0000] {logging_mixin.py:188} INFO - [2026-02-16T15:06:37.867+0000] {dagbag.py:538} INFO - Filling up the DagBag from /opt/airflow/dags/sec_edgar_dag.py
[2026-02-16T15:06:38.175+0000] {processor.py:840} INFO - DAG(s) 'sec_edgar_pipeline' retrieved from /opt/airflow/dags/sec_edgar_dag.py
[2026-02-16T15:06:38.211+0000] {logging_mixin.py:188} INFO - [2026-02-16T15:06:38.210+0000] {dag.py:3036} INFO - Sync 1 DAGs
[2026-02-16T15:06:38.316+0000] {processor.py:183} INFO - Processing /opt/airflow/dags/sec_edgar_dag.py took 0.458 seconds
[2026-02-16T15:06:55.097+0000] {processor.py:161} INFO - Started process (PID=341) to work on /opt/airflow/dags/sec_edgar_dag.py
[2026-02-16T15:06:55.098+0000] {processor.py:830} INFO - Processing file /opt/airflow/dags/sec_edgar_dag.py for tasks to queue
[2026-02-16T15:06:55.103+0000] {logging_mixin.py:188} INFO - [2026-02-16T15:06:55.102+0000] {dagbag.py:538} INFO - Filling up the DagBag from /opt/airflow/dags/sec_edgar_dag.py
[2026-02-16T15:06:55.529+0000] {processor.py:840} INFO - DAG(s) 'sec_edgar_pipeline' retrieved from /opt/airflow/dags/sec_edgar_dag.py
[2026-02-16T15:06:55.568+0000] {logging_mixin.py:188} INFO - [2026-02-16T15:06:55.567+0000] {dag.py:3036} INFO - Sync 1 DAGs
[2026-02-16T15:06:55.638+0000] {processor.py:183} INFO - Processing /opt/airflow/dags/sec_edgar_dag.py took 0.547 seconds
[2026-02-16T15:07:36.686+0000] {processor.py:161} INFO - Started process (PID=190) to work on /opt/airflow/dags/sec_edgar_dag.py
[2026-02-16T15:07:36.688+0000] {processor.py:830} INFO - Processing file /opt/airflow/dags/sec_edgar_dag.py for tasks to queue
[2026-02-16T15:07:36.694+0000] {logging_mixin.py:188} INFO - [2026-02-16T15:07:36.693+0000] {dagbag.py:538} INFO - Filling up the DagBag from /opt/airflow/dags/sec_edgar_dag.py
[2026-02-16T15:07:37.002+0000] {processor.py:840} INFO - DAG(s) 'sec_edgar_pipeline' retrieved from /opt/airflow/dags/sec_edgar_dag.py
[2026-02-16T15:07:37.036+0000] {logging_mixin.py:188} INFO - [2026-02-16T15:07:37.035+0000] {dag.py:3036} INFO - Sync 1 DAGs
[2026-02-16T15:07:37.143+0000] {processor.py:183} INFO - Processing /opt/airflow/dags/sec_edgar_dag.py took 0.463 seconds
[2026-02-16T15:07:56.237+0000] {processor.py:161} INFO - Started process (PID=183) to work on /opt/airflow/dags/sec_edgar_dag.py
[2026-02-16T15:07:56.240+0000] {processor.py:830} INFO - Processing file /opt/airflow/dags/sec_edgar_dag.py for tasks to queue
[2026-02-16T15:07:56.245+0000] {logging_mixin.py:188} INFO - [2026-02-16T15:07:56.244+0000] {dagbag.py:538} INFO - Filling up the DagBag from /opt/airflow/dags/sec_edgar_dag.py
[2026-02-16T15:07:56.550+0000] {processor.py:840} INFO - DAG(s) 'sec_edgar_pipeline' retrieved from /opt/airflow/dags/sec_edgar_dag.py
[2026-02-16T15:07:56.696+0000] {logging_mixin.py:188} INFO - [2026-02-16T15:07:56.696+0000] {dag.py:3036} INFO - Sync 1 DAGs
[2026-02-16T15:07:56.711+0000] {logging_mixin.py:188} INFO - [2026-02-16T15:07:56.710+0000] {dag.py:3058} INFO - Creating ORM DAG for sec_edgar_pipeline
[2026-02-16T15:07:56.726+0000] {logging_mixin.py:188} INFO - [2026-02-16T15:07:56.725+0000] {dag.py:3823} INFO - Setting next_dagrun for sec_edgar_pipeline to 2026-02-15 09:00:00+00:00, run_after=2026-02-16 09:00:00+00:00
[2026-02-16T15:07:56.805+0000] {processor.py:183} INFO - Processing /opt/airflow/dags/sec_edgar_dag.py took 0.575 seconds
[2026-02-16T15:08:27.011+0000] {processor.py:161} INFO - Started process (PID=204) to work on /opt/airflow/dags/sec_edgar_dag.py
[2026-02-16T15:08:27.013+0000] {processor.py:830} INFO - Processing file /opt/airflow/dags/sec_edgar_dag.py for tasks to queue
[2026-02-16T15:08:27.016+0000] {logging_mixin.py:188} INFO - [2026-02-16T15:08:27.015+0000] {dagbag.py:538} INFO - Filling up the DagBag from /opt/airflow/dags/sec_edgar_dag.py
[2026-02-16T15:08:27.335+0000] {processor.py:840} INFO - DAG(s) 'sec_edgar_pipeline' retrieved from /opt/airflow/dags/sec_edgar_dag.py
[2026-02-16T15:08:27.374+0000] {logging_mixin.py:188} INFO - [2026-02-16T15:08:27.373+0000] {dag.py:3036} INFO - Sync 1 DAGs
[2026-02-16T15:08:27.411+0000] {logging_mixin.py:188} INFO - [2026-02-16T15:08:27.411+0000] {dag.py:3823} INFO - Setting next_dagrun for sec_edgar_pipeline to 2026-02-15 09:00:00+00:00, run_after=2026-02-16 09:00:00+00:00
[2026-02-16T15:08:27.496+0000] {processor.py:183} INFO - Processing /opt/airflow/dags/sec_edgar_dag.py took 0.490 seconds
[2026-02-16T15:08:58.158+0000] {processor.py:161} INFO - Started process (PID=226) to work on /opt/airflow/dags/sec_edgar_dag.py
[2026-02-16T15:08:58.159+0000] {processor.py:830} INFO - Processing file /opt/airflow/dags/sec_edgar_dag.py for tasks to queue
[2026-02-16T15:08:58.163+0000] {logging_mixin.py:188} INFO - [2026-02-16T15:08:58.162+0000] {dagbag.py:538} INFO - Filling up the DagBag from /opt/airflow/dags/sec_edgar_dag.py
[2026-02-16T15:08:58.485+0000] {processor.py:840} INFO - DAG(s) 'sec_edgar_pipeline' retrieved from /opt/airflow/dags/sec_edgar_dag.py
[2026-02-16T15:08:58.530+0000] {logging_mixin.py:188} INFO - [2026-02-16T15:08:58.529+0000] {dag.py:3036} INFO - Sync 1 DAGs
[2026-02-16T15:08:58.570+0000] {logging_mixin.py:188} INFO - [2026-02-16T15:08:58.569+0000] {dag.py:3823} INFO - Setting next_dagrun for sec_edgar_pipeline to 2026-02-15 09:00:00+00:00, run_after=2026-02-16 09:00:00+00:00
[2026-02-16T15:08:58.652+0000] {processor.py:183} INFO - Processing /opt/airflow/dags/sec_edgar_dag.py took 0.499 seconds
[2026-02-16T15:09:28.938+0000] {processor.py:161} INFO - Started process (PID=251) to work on /opt/airflow/dags/sec_edgar_dag.py
[2026-02-16T15:09:28.939+0000] {processor.py:830} INFO - Processing file /opt/airflow/dags/sec_edgar_dag.py for tasks to queue
[2026-02-16T15:09:28.949+0000] {logging_mixin.py:188} INFO - [2026-02-16T15:09:28.942+0000] {dagbag.py:538} INFO - Filling up the DagBag from /opt/airflow/dags/sec_edgar_dag.py
[2026-02-16T15:09:29.251+0000] {processor.py:840} INFO - DAG(s) 'sec_edgar_pipeline' retrieved from /opt/airflow/dags/sec_edgar_dag.py
[2026-02-16T15:09:29.294+0000] {logging_mixin.py:188} INFO - [2026-02-16T15:09:29.293+0000] {dag.py:3036} INFO - Sync 1 DAGs
[2026-02-16T15:09:29.410+0000] {processor.py:183} INFO - Processing /opt/airflow/dags/sec_edgar_dag.py took 0.477 seconds
[2026-02-16T15:10:00.237+0000] {processor.py:161} INFO - Started process (PID=271) to work on /opt/airflow/dags/sec_edgar_dag.py
[2026-02-16T15:10:00.240+0000] {processor.py:830} INFO - Processing file /opt/airflow/dags/sec_edgar_dag.py for tasks to queue
[2026-02-16T15:10:00.243+0000] {logging_mixin.py:188} INFO - [2026-02-16T15:10:00.243+0000] {dagbag.py:538} INFO - Filling up the DagBag from /opt/airflow/dags/sec_edgar_dag.py
[2026-02-16T15:10:00.566+0000] {processor.py:840} INFO - DAG(s) 'sec_edgar_pipeline' retrieved from /opt/airflow/dags/sec_edgar_dag.py
[2026-02-16T15:10:00.601+0000] {logging_mixin.py:188} INFO - [2026-02-16T15:10:00.600+0000] {dag.py:3036} INFO - Sync 1 DAGs
[2026-02-16T15:10:00.708+0000] {processor.py:183} INFO - Processing /opt/airflow/dags/sec_edgar_dag.py took 0.476 seconds
[2026-02-16T15:10:30.973+0000] {processor.py:161} INFO - Started process (PID=287) to work on /opt/airflow/dags/sec_edgar_dag.py
[2026-02-16T15:10:30.975+0000] {processor.py:830} INFO - Processing file /opt/airflow/dags/sec_edgar_dag.py for tasks to queue
[2026-02-16T15:10:30.978+0000] {logging_mixin.py:188} INFO - [2026-02-16T15:10:30.978+0000] {dagbag.py:538} INFO - Filling up the DagBag from /opt/airflow/dags/sec_edgar_dag.py
[2026-02-16T15:10:31.315+0000] {processor.py:840} INFO - DAG(s) 'sec_edgar_pipeline' retrieved from /opt/airflow/dags/sec_edgar_dag.py
[2026-02-16T15:10:31.357+0000] {logging_mixin.py:188} INFO - [2026-02-16T15:10:31.356+0000] {dag.py:3036} INFO - Sync 1 DAGs
[2026-02-16T15:10:31.424+0000] {processor.py:183} INFO - Processing /opt/airflow/dags/sec_edgar_dag.py took 0.455 seconds
[2026-02-16T15:11:02.271+0000] {processor.py:161} INFO - Started process (PID=303) to work on /opt/airflow/dags/sec_edgar_dag.py
[2026-02-16T15:11:02.272+0000] {processor.py:830} INFO - Processing file /opt/airflow/dags/sec_edgar_dag.py for tasks to queue
[2026-02-16T15:11:02.275+0000] {logging_mixin.py:188} INFO - [2026-02-16T15:11:02.275+0000] {dagbag.py:538} INFO - Filling up the DagBag from /opt/airflow/dags/sec_edgar_dag.py
[2026-02-16T15:11:02.584+0000] {processor.py:840} INFO - DAG(s) 'sec_edgar_pipeline' retrieved from /opt/airflow/dags/sec_edgar_dag.py
[2026-02-16T15:11:02.625+0000] {logging_mixin.py:188} INFO - [2026-02-16T15:11:02.625+0000] {dag.py:3036} INFO - Sync 1 DAGs
[2026-02-16T15:11:02.746+0000] {processor.py:183} INFO - Processing /opt/airflow/dags/sec_edgar_dag.py took 0.480 seconds
[2026-02-16T15:11:32.943+0000] {processor.py:161} INFO - Started process (PID=327) to work on /opt/airflow/dags/sec_edgar_dag.py
[2026-02-16T15:11:32.945+0000] {processor.py:830} INFO - Processing file /opt/airflow/dags/sec_edgar_dag.py for tasks to queue
[2026-02-16T15:11:32.948+0000] {logging_mixin.py:188} INFO - [2026-02-16T15:11:32.947+0000] {dagbag.py:538} INFO - Filling up the DagBag from /opt/airflow/dags/sec_edgar_dag.py
[2026-02-16T15:11:33.307+0000] {processor.py:840} INFO - DAG(s) 'sec_edgar_pipeline' retrieved from /opt/airflow/dags/sec_edgar_dag.py
[2026-02-16T15:11:33.349+0000] {logging_mixin.py:188} INFO - [2026-02-16T15:11:33.349+0000] {dag.py:3036} INFO - Sync 1 DAGs
[2026-02-16T15:11:33.470+0000] {processor.py:183} INFO - Processing /opt/airflow/dags/sec_edgar_dag.py took 0.532 seconds
[2026-02-16T15:12:04.240+0000] {processor.py:161} INFO - Started process (PID=397) to work on /opt/airflow/dags/sec_edgar_dag.py
[2026-02-16T15:12:04.242+0000] {processor.py:830} INFO - Processing file /opt/airflow/dags/sec_edgar_dag.py for tasks to queue
[2026-02-16T15:12:04.246+0000] {logging_mixin.py:188} INFO - [2026-02-16T15:12:04.246+0000] {dagbag.py:538} INFO - Filling up the DagBag from /opt/airflow/dags/sec_edgar_dag.py
[2026-02-16T15:12:04.605+0000] {processor.py:840} INFO - DAG(s) 'sec_edgar_pipeline' retrieved from /opt/airflow/dags/sec_edgar_dag.py
[2026-02-16T15:12:04.653+0000] {logging_mixin.py:188} INFO - [2026-02-16T15:12:04.652+0000] {dag.py:3036} INFO - Sync 1 DAGs
[2026-02-16T15:12:04.785+0000] {processor.py:183} INFO - Processing /opt/airflow/dags/sec_edgar_dag.py took 0.550 seconds
[2026-02-16T15:12:34.925+0000] {processor.py:161} INFO - Started process (PID=413) to work on /opt/airflow/dags/sec_edgar_dag.py
[2026-02-16T15:12:34.926+0000] {processor.py:830} INFO - Processing file /opt/airflow/dags/sec_edgar_dag.py for tasks to queue
[2026-02-16T15:12:34.930+0000] {logging_mixin.py:188} INFO - [2026-02-16T15:12:34.929+0000] {dagbag.py:538} INFO - Filling up the DagBag from /opt/airflow/dags/sec_edgar_dag.py
[2026-02-16T15:12:35.249+0000] {processor.py:840} INFO - DAG(s) 'sec_edgar_pipeline' retrieved from /opt/airflow/dags/sec_edgar_dag.py
[2026-02-16T15:12:35.291+0000] {logging_mixin.py:188} INFO - [2026-02-16T15:12:35.291+0000] {dag.py:3036} INFO - Sync 1 DAGs
[2026-02-16T15:12:35.405+0000] {processor.py:183} INFO - Processing /opt/airflow/dags/sec_edgar_dag.py took 0.486 seconds
[2026-02-16T15:13:05.559+0000] {processor.py:161} INFO - Started process (PID=429) to work on /opt/airflow/dags/sec_edgar_dag.py
[2026-02-16T15:13:05.560+0000] {processor.py:830} INFO - Processing file /opt/airflow/dags/sec_edgar_dag.py for tasks to queue
[2026-02-16T15:13:05.563+0000] {logging_mixin.py:188} INFO - [2026-02-16T15:13:05.563+0000] {dagbag.py:538} INFO - Filling up the DagBag from /opt/airflow/dags/sec_edgar_dag.py
[2026-02-16T15:13:05.849+0000] {processor.py:840} INFO - DAG(s) 'sec_edgar_pipeline' retrieved from /opt/airflow/dags/sec_edgar_dag.py
[2026-02-16T15:13:05.887+0000] {logging_mixin.py:188} INFO - [2026-02-16T15:13:05.886+0000] {dag.py:3036} INFO - Sync 1 DAGs
[2026-02-16T15:13:06.002+0000] {processor.py:183} INFO - Processing /opt/airflow/dags/sec_edgar_dag.py took 0.447 seconds
[2026-02-16T15:13:36.842+0000] {processor.py:161} INFO - Started process (PID=451) to work on /opt/airflow/dags/sec_edgar_dag.py
[2026-02-16T15:13:36.844+0000] {processor.py:830} INFO - Processing file /opt/airflow/dags/sec_edgar_dag.py for tasks to queue
[2026-02-16T15:13:36.847+0000] {logging_mixin.py:188} INFO - [2026-02-16T15:13:36.846+0000] {dagbag.py:538} INFO - Filling up the DagBag from /opt/airflow/dags/sec_edgar_dag.py
[2026-02-16T15:13:37.196+0000] {processor.py:840} INFO - DAG(s) 'sec_edgar_pipeline' retrieved from /opt/airflow/dags/sec_edgar_dag.py
[2026-02-16T15:13:37.234+0000] {logging_mixin.py:188} INFO - [2026-02-16T15:13:37.233+0000] {dag.py:3036} INFO - Sync 1 DAGs
[2026-02-16T15:13:37.339+0000] {processor.py:183} INFO - Processing /opt/airflow/dags/sec_edgar_dag.py took 0.501 seconds
[2026-02-16T15:14:07.459+0000] {processor.py:161} INFO - Started process (PID=467) to work on /opt/airflow/dags/sec_edgar_dag.py
[2026-02-16T15:14:07.461+0000] {processor.py:830} INFO - Processing file /opt/airflow/dags/sec_edgar_dag.py for tasks to queue
[2026-02-16T15:14:07.464+0000] {logging_mixin.py:188} INFO - [2026-02-16T15:14:07.463+0000] {dagbag.py:538} INFO - Filling up the DagBag from /opt/airflow/dags/sec_edgar_dag.py
[2026-02-16T15:14:07.822+0000] {processor.py:840} INFO - DAG(s) 'sec_edgar_pipeline' retrieved from /opt/airflow/dags/sec_edgar_dag.py
[2026-02-16T15:14:07.877+0000] {logging_mixin.py:188} INFO - [2026-02-16T15:14:07.877+0000] {dag.py:3036} INFO - Sync 1 DAGs
[2026-02-16T15:14:07.998+0000] {processor.py:183} INFO - Processing /opt/airflow/dags/sec_edgar_dag.py took 0.545 seconds
[2026-02-16T15:14:38.773+0000] {processor.py:161} INFO - Started process (PID=483) to work on /opt/airflow/dags/sec_edgar_dag.py
[2026-02-16T15:14:38.775+0000] {processor.py:830} INFO - Processing file /opt/airflow/dags/sec_edgar_dag.py for tasks to queue
[2026-02-16T15:14:38.778+0000] {logging_mixin.py:188} INFO - [2026-02-16T15:14:38.778+0000] {dagbag.py:538} INFO - Filling up the DagBag from /opt/airflow/dags/sec_edgar_dag.py
[2026-02-16T15:14:39.088+0000] {processor.py:840} INFO - DAG(s) 'sec_edgar_pipeline' retrieved from /opt/airflow/dags/sec_edgar_dag.py
[2026-02-16T15:14:39.122+0000] {logging_mixin.py:188} INFO - [2026-02-16T15:14:39.121+0000] {dag.py:3036} INFO - Sync 1 DAGs
[2026-02-16T15:14:39.186+0000] {processor.py:183} INFO - Processing /opt/airflow/dags/sec_edgar_dag.py took 0.417 seconds
[2026-02-16T15:15:09.449+0000] {processor.py:161} INFO - Started process (PID=499) to work on /opt/airflow/dags/sec_edgar_dag.py
[2026-02-16T15:15:09.451+0000] {processor.py:830} INFO - Processing file /opt/airflow/dags/sec_edgar_dag.py for tasks to queue
[2026-02-16T15:15:09.455+0000] {logging_mixin.py:188} INFO - [2026-02-16T15:15:09.455+0000] {dagbag.py:538} INFO - Filling up the DagBag from /opt/airflow/dags/sec_edgar_dag.py
[2026-02-16T15:15:09.803+0000] {processor.py:840} INFO - DAG(s) 'sec_edgar_pipeline' retrieved from /opt/airflow/dags/sec_edgar_dag.py
[2026-02-16T15:15:09.843+0000] {logging_mixin.py:188} INFO - [2026-02-16T15:15:09.842+0000] {dag.py:3036} INFO - Sync 1 DAGs
[2026-02-16T15:15:09.954+0000] {processor.py:183} INFO - Processing /opt/airflow/dags/sec_edgar_dag.py took 0.511 seconds
[2026-02-16T15:15:40.740+0000] {processor.py:161} INFO - Started process (PID=515) to work on /opt/airflow/dags/sec_edgar_dag.py
[2026-02-16T15:15:40.742+0000] {processor.py:830} INFO - Processing file /opt/airflow/dags/sec_edgar_dag.py for tasks to queue
[2026-02-16T15:15:40.746+0000] {logging_mixin.py:188} INFO - [2026-02-16T15:15:40.745+0000] {dagbag.py:538} INFO - Filling up the DagBag from /opt/airflow/dags/sec_edgar_dag.py
[2026-02-16T15:15:41.058+0000] {processor.py:840} INFO - DAG(s) 'sec_edgar_pipeline' retrieved from /opt/airflow/dags/sec_edgar_dag.py
[2026-02-16T15:15:41.097+0000] {logging_mixin.py:188} INFO - [2026-02-16T15:15:41.096+0000] {dag.py:3036} INFO - Sync 1 DAGs
[2026-02-16T15:15:41.205+0000] {processor.py:183} INFO - Processing /opt/airflow/dags/sec_edgar_dag.py took 0.469 seconds
[2026-02-16T15:16:11.373+0000] {processor.py:161} INFO - Started process (PID=531) to work on /opt/airflow/dags/sec_edgar_dag.py
[2026-02-16T15:16:11.374+0000] {processor.py:830} INFO - Processing file /opt/airflow/dags/sec_edgar_dag.py for tasks to queue
[2026-02-16T15:16:11.378+0000] {logging_mixin.py:188} INFO - [2026-02-16T15:16:11.378+0000] {dagbag.py:538} INFO - Filling up the DagBag from /opt/airflow/dags/sec_edgar_dag.py
[2026-02-16T15:16:11.718+0000] {processor.py:840} INFO - DAG(s) 'sec_edgar_pipeline' retrieved from /opt/airflow/dags/sec_edgar_dag.py
[2026-02-16T15:16:11.760+0000] {logging_mixin.py:188} INFO - [2026-02-16T15:16:11.760+0000] {dag.py:3036} INFO - Sync 1 DAGs
[2026-02-16T15:16:11.827+0000] {processor.py:183} INFO - Processing /opt/airflow/dags/sec_edgar_dag.py took 0.459 seconds
[2026-02-16T15:16:42.642+0000] {processor.py:161} INFO - Started process (PID=547) to work on /opt/airflow/dags/sec_edgar_dag.py
[2026-02-16T15:16:42.643+0000] {processor.py:830} INFO - Processing file /opt/airflow/dags/sec_edgar_dag.py for tasks to queue
[2026-02-16T15:16:42.646+0000] {logging_mixin.py:188} INFO - [2026-02-16T15:16:42.646+0000] {dagbag.py:538} INFO - Filling up the DagBag from /opt/airflow/dags/sec_edgar_dag.py
[2026-02-16T15:16:42.969+0000] {processor.py:840} INFO - DAG(s) 'sec_edgar_pipeline' retrieved from /opt/airflow/dags/sec_edgar_dag.py
[2026-02-16T15:16:43.004+0000] {logging_mixin.py:188} INFO - [2026-02-16T15:16:43.004+0000] {dag.py:3036} INFO - Sync 1 DAGs
[2026-02-16T15:16:43.119+0000] {processor.py:183} INFO - Processing /opt/airflow/dags/sec_edgar_dag.py took 0.482 seconds
[2026-02-16T15:17:04.069+0000] {processor.py:161} INFO - Started process (PID=562) to work on /opt/airflow/dags/sec_edgar_dag.py
[2026-02-16T15:17:04.072+0000] {processor.py:830} INFO - Processing file /opt/airflow/dags/sec_edgar_dag.py for tasks to queue
[2026-02-16T15:17:04.075+0000] {logging_mixin.py:188} INFO - [2026-02-16T15:17:04.075+0000] {dagbag.py:538} INFO - Filling up the DagBag from /opt/airflow/dags/sec_edgar_dag.py
[2026-02-16T15:17:04.406+0000] {processor.py:840} INFO - DAG(s) 'sec_edgar_pipeline' retrieved from /opt/airflow/dags/sec_edgar_dag.py
[2026-02-16T15:17:04.443+0000] {logging_mixin.py:188} INFO - [2026-02-16T15:17:04.442+0000] {dag.py:3036} INFO - Sync 1 DAGs
[2026-02-16T15:17:04.563+0000] {processor.py:183} INFO - Processing /opt/airflow/dags/sec_edgar_dag.py took 0.502 seconds
[2026-02-16T15:17:34.013+0000] {processor.py:161} INFO - Started process (PID=183) to work on /opt/airflow/dags/sec_edgar_dag.py
[2026-02-16T15:17:34.015+0000] {processor.py:830} INFO - Processing file /opt/airflow/dags/sec_edgar_dag.py for tasks to queue
[2026-02-16T15:17:34.019+0000] {logging_mixin.py:188} INFO - [2026-02-16T15:17:34.018+0000] {dagbag.py:538} INFO - Filling up the DagBag from /opt/airflow/dags/sec_edgar_dag.py
[2026-02-16T15:17:34.322+0000] {processor.py:840} INFO - DAG(s) 'sec_edgar_pipeline' retrieved from /opt/airflow/dags/sec_edgar_dag.py
[2026-02-16T15:17:34.469+0000] {logging_mixin.py:188} INFO - [2026-02-16T15:17:34.468+0000] {dag.py:3036} INFO - Sync 1 DAGs
[2026-02-16T15:17:34.483+0000] {logging_mixin.py:188} INFO - [2026-02-16T15:17:34.483+0000] {dag.py:3058} INFO - Creating ORM DAG for sec_edgar_pipeline
[2026-02-16T15:17:34.501+0000] {logging_mixin.py:188} INFO - [2026-02-16T15:17:34.500+0000] {dag.py:3823} INFO - Setting next_dagrun for sec_edgar_pipeline to 2026-02-15 09:00:00+00:00, run_after=2026-02-16 09:00:00+00:00
[2026-02-16T15:17:34.584+0000] {processor.py:183} INFO - Processing /opt/airflow/dags/sec_edgar_dag.py took 0.576 seconds
[2026-02-16T15:18:04.838+0000] {processor.py:161} INFO - Started process (PID=210) to work on /opt/airflow/dags/sec_edgar_dag.py
[2026-02-16T15:18:04.840+0000] {processor.py:830} INFO - Processing file /opt/airflow/dags/sec_edgar_dag.py for tasks to queue
[2026-02-16T15:18:04.844+0000] {logging_mixin.py:188} INFO - [2026-02-16T15:18:04.843+0000] {dagbag.py:538} INFO - Filling up the DagBag from /opt/airflow/dags/sec_edgar_dag.py
[2026-02-16T15:18:05.171+0000] {processor.py:840} INFO - DAG(s) 'sec_edgar_pipeline' retrieved from /opt/airflow/dags/sec_edgar_dag.py
[2026-02-16T15:18:05.214+0000] {logging_mixin.py:188} INFO - [2026-02-16T15:18:05.213+0000] {dag.py:3036} INFO - Sync 1 DAGs
[2026-02-16T15:18:05.247+0000] {logging_mixin.py:188} INFO - [2026-02-16T15:18:05.247+0000] {dag.py:3823} INFO - Setting next_dagrun for sec_edgar_pipeline to 2026-02-15 09:00:00+00:00, run_after=2026-02-16 09:00:00+00:00
[2026-02-16T15:18:05.329+0000] {processor.py:183} INFO - Processing /opt/airflow/dags/sec_edgar_dag.py took 0.497 seconds
[2026-02-16T15:18:35.656+0000] {processor.py:161} INFO - Started process (PID=221) to work on /opt/airflow/dags/sec_edgar_dag.py
[2026-02-16T15:18:35.658+0000] {processor.py:830} INFO - Processing file /opt/airflow/dags/sec_edgar_dag.py for tasks to queue
[2026-02-16T15:18:35.662+0000] {logging_mixin.py:188} INFO - [2026-02-16T15:18:35.661+0000] {dagbag.py:538} INFO - Filling up the DagBag from /opt/airflow/dags/sec_edgar_dag.py
[2026-02-16T15:18:35.979+0000] {processor.py:840} INFO - DAG(s) 'sec_edgar_pipeline' retrieved from /opt/airflow/dags/sec_edgar_dag.py
[2026-02-16T15:18:36.013+0000] {logging_mixin.py:188} INFO - [2026-02-16T15:18:36.012+0000] {dag.py:3036} INFO - Sync 1 DAGs
[2026-02-16T15:18:36.045+0000] {logging_mixin.py:188} INFO - [2026-02-16T15:18:36.045+0000] {dag.py:3823} INFO - Setting next_dagrun for sec_edgar_pipeline to 2026-02-15 09:00:00+00:00, run_after=2026-02-16 09:00:00+00:00
[2026-02-16T15:18:36.125+0000] {processor.py:183} INFO - Processing /opt/airflow/dags/sec_edgar_dag.py took 0.475 seconds
[2026-02-16T15:19:06.351+0000] {processor.py:161} INFO - Started process (PID=243) to work on /opt/airflow/dags/sec_edgar_dag.py
[2026-02-16T15:19:06.353+0000] {processor.py:830} INFO - Processing file /opt/airflow/dags/sec_edgar_dag.py for tasks to queue
[2026-02-16T15:19:06.355+0000] {logging_mixin.py:188} INFO - [2026-02-16T15:19:06.355+0000] {dagbag.py:538} INFO - Filling up the DagBag from /opt/airflow/dags/sec_edgar_dag.py
[2026-02-16T15:19:06.647+0000] {processor.py:840} INFO - DAG(s) 'sec_edgar_pipeline' retrieved from /opt/airflow/dags/sec_edgar_dag.py
[2026-02-16T15:19:06.687+0000] {logging_mixin.py:188} INFO - [2026-02-16T15:19:06.686+0000] {dag.py:3036} INFO - Sync 1 DAGs
[2026-02-16T15:19:06.723+0000] {logging_mixin.py:188} INFO - [2026-02-16T15:19:06.722+0000] {dag.py:3823} INFO - Setting next_dagrun for sec_edgar_pipeline to 2026-02-15 09:00:00+00:00, run_after=2026-02-16 09:00:00+00:00
[2026-02-16T15:19:06.805+0000] {processor.py:183} INFO - Processing /opt/airflow/dags/sec_edgar_dag.py took 0.458 seconds
[2026-02-16T15:19:36.904+0000] {processor.py:161} INFO - Started process (PID=272) to work on /opt/airflow/dags/sec_edgar_dag.py
[2026-02-16T15:19:36.906+0000] {processor.py:830} INFO - Processing file /opt/airflow/dags/sec_edgar_dag.py for tasks to queue
[2026-02-16T15:19:36.909+0000] {logging_mixin.py:188} INFO - [2026-02-16T15:19:36.908+0000] {dagbag.py:538} INFO - Filling up the DagBag from /opt/airflow/dags/sec_edgar_dag.py
[2026-02-16T15:19:37.218+0000] {processor.py:840} INFO - DAG(s) 'sec_edgar_pipeline' retrieved from /opt/airflow/dags/sec_edgar_dag.py
[2026-02-16T15:19:37.256+0000] {logging_mixin.py:188} INFO - [2026-02-16T15:19:37.255+0000] {dag.py:3036} INFO - Sync 1 DAGs
[2026-02-16T15:19:37.322+0000] {processor.py:183} INFO - Processing /opt/airflow/dags/sec_edgar_dag.py took 0.423 seconds
[2026-02-16T15:20:08.192+0000] {processor.py:161} INFO - Started process (PID=288) to work on /opt/airflow/dags/sec_edgar_dag.py
[2026-02-16T15:20:08.194+0000] {processor.py:830} INFO - Processing file /opt/airflow/dags/sec_edgar_dag.py for tasks to queue
[2026-02-16T15:20:08.197+0000] {logging_mixin.py:188} INFO - [2026-02-16T15:20:08.196+0000] {dagbag.py:538} INFO - Filling up the DagBag from /opt/airflow/dags/sec_edgar_dag.py
[2026-02-16T15:20:08.496+0000] {processor.py:840} INFO - DAG(s) 'sec_edgar_pipeline' retrieved from /opt/airflow/dags/sec_edgar_dag.py
[2026-02-16T15:20:08.536+0000] {logging_mixin.py:188} INFO - [2026-02-16T15:20:08.535+0000] {dag.py:3036} INFO - Sync 1 DAGs
[2026-02-16T15:20:08.633+0000] {processor.py:183} INFO - Processing /opt/airflow/dags/sec_edgar_dag.py took 0.446 seconds
[2026-02-16T15:20:38.916+0000] {processor.py:161} INFO - Started process (PID=304) to work on /opt/airflow/dags/sec_edgar_dag.py
[2026-02-16T15:20:38.918+0000] {processor.py:830} INFO - Processing file /opt/airflow/dags/sec_edgar_dag.py for tasks to queue
[2026-02-16T15:20:38.922+0000] {logging_mixin.py:188} INFO - [2026-02-16T15:20:38.921+0000] {dagbag.py:538} INFO - Filling up the DagBag from /opt/airflow/dags/sec_edgar_dag.py
[2026-02-16T15:20:39.254+0000] {processor.py:840} INFO - DAG(s) 'sec_edgar_pipeline' retrieved from /opt/airflow/dags/sec_edgar_dag.py
[2026-02-16T15:20:39.296+0000] {logging_mixin.py:188} INFO - [2026-02-16T15:20:39.295+0000] {dag.py:3036} INFO - Sync 1 DAGs
[2026-02-16T15:20:39.412+0000] {processor.py:183} INFO - Processing /opt/airflow/dags/sec_edgar_dag.py took 0.501 seconds
[2026-02-16T15:21:10.216+0000] {processor.py:161} INFO - Started process (PID=324) to work on /opt/airflow/dags/sec_edgar_dag.py
[2026-02-16T15:21:10.218+0000] {processor.py:830} INFO - Processing file /opt/airflow/dags/sec_edgar_dag.py for tasks to queue
[2026-02-16T15:21:10.221+0000] {logging_mixin.py:188} INFO - [2026-02-16T15:21:10.221+0000] {dagbag.py:538} INFO - Filling up the DagBag from /opt/airflow/dags/sec_edgar_dag.py
[2026-02-16T15:21:10.516+0000] {processor.py:840} INFO - DAG(s) 'sec_edgar_pipeline' retrieved from /opt/airflow/dags/sec_edgar_dag.py
[2026-02-16T15:21:10.548+0000] {logging_mixin.py:188} INFO - [2026-02-16T15:21:10.548+0000] {dag.py:3036} INFO - Sync 1 DAGs
[2026-02-16T15:21:10.656+0000] {processor.py:183} INFO - Processing /opt/airflow/dags/sec_edgar_dag.py took 0.443 seconds
[2026-02-16T15:21:40.990+0000] {processor.py:161} INFO - Started process (PID=398) to work on /opt/airflow/dags/sec_edgar_dag.py
[2026-02-16T15:21:40.991+0000] {processor.py:830} INFO - Processing file /opt/airflow/dags/sec_edgar_dag.py for tasks to queue
[2026-02-16T15:21:40.995+0000] {logging_mixin.py:188} INFO - [2026-02-16T15:21:40.994+0000] {dagbag.py:538} INFO - Filling up the DagBag from /opt/airflow/dags/sec_edgar_dag.py
[2026-02-16T15:21:41.319+0000] {processor.py:840} INFO - DAG(s) 'sec_edgar_pipeline' retrieved from /opt/airflow/dags/sec_edgar_dag.py
[2026-02-16T15:21:41.362+0000] {logging_mixin.py:188} INFO - [2026-02-16T15:21:41.361+0000] {dag.py:3036} INFO - Sync 1 DAGs
[2026-02-16T15:21:41.476+0000] {processor.py:183} INFO - Processing /opt/airflow/dags/sec_edgar_dag.py took 0.491 seconds
[2026-02-16T15:22:11.564+0000] {processor.py:161} INFO - Started process (PID=414) to work on /opt/airflow/dags/sec_edgar_dag.py
[2026-02-16T15:22:11.566+0000] {processor.py:830} INFO - Processing file /opt/airflow/dags/sec_edgar_dag.py for tasks to queue
[2026-02-16T15:22:11.571+0000] {logging_mixin.py:188} INFO - [2026-02-16T15:22:11.570+0000] {dagbag.py:538} INFO - Filling up the DagBag from /opt/airflow/dags/sec_edgar_dag.py
[2026-02-16T15:22:11.882+0000] {processor.py:840} INFO - DAG(s) 'sec_edgar_pipeline' retrieved from /opt/airflow/dags/sec_edgar_dag.py
[2026-02-16T15:22:11.922+0000] {logging_mixin.py:188} INFO - [2026-02-16T15:22:11.921+0000] {dag.py:3036} INFO - Sync 1 DAGs
[2026-02-16T15:22:12.029+0000] {processor.py:183} INFO - Processing /opt/airflow/dags/sec_edgar_dag.py took 0.469 seconds
[2026-02-16T15:22:42.727+0000] {processor.py:161} INFO - Started process (PID=430) to work on /opt/airflow/dags/sec_edgar_dag.py
[2026-02-16T15:22:42.728+0000] {processor.py:830} INFO - Processing file /opt/airflow/dags/sec_edgar_dag.py for tasks to queue
[2026-02-16T15:22:42.731+0000] {logging_mixin.py:188} INFO - [2026-02-16T15:22:42.731+0000] {dagbag.py:538} INFO - Filling up the DagBag from /opt/airflow/dags/sec_edgar_dag.py
[2026-02-16T15:22:43.017+0000] {processor.py:840} INFO - DAG(s) 'sec_edgar_pipeline' retrieved from /opt/airflow/dags/sec_edgar_dag.py
[2026-02-16T15:22:43.056+0000] {logging_mixin.py:188} INFO - [2026-02-16T15:22:43.056+0000] {dag.py:3036} INFO - Sync 1 DAGs
[2026-02-16T15:22:43.147+0000] {processor.py:183} INFO - Processing /opt/airflow/dags/sec_edgar_dag.py took 0.424 seconds
[2026-02-16T15:23:45.541+0000] {processor.py:161} INFO - Started process (PID=435) to work on /opt/airflow/dags/sec_edgar_dag.py
[2026-02-16T15:23:45.545+0000] {processor.py:830} INFO - Processing file /opt/airflow/dags/sec_edgar_dag.py for tasks to queue
[2026-02-16T15:23:45.552+0000] {logging_mixin.py:188} INFO - [2026-02-16T15:23:45.551+0000] {dagbag.py:538} INFO - Filling up the DagBag from /opt/airflow/dags/sec_edgar_dag.py
[2026-02-16T15:23:46.220+0000] {processor.py:840} INFO - DAG(s) 'sec_edgar_pipeline' retrieved from /opt/airflow/dags/sec_edgar_dag.py
[2026-02-16T15:23:46.249+0000] {logging_mixin.py:188} INFO - [2026-02-16T15:23:46.247+0000] {dag.py:3036} INFO - Sync 1 DAGs
[2026-02-16T15:23:46.300+0000] {processor.py:183} INFO - Processing /opt/airflow/dags/sec_edgar_dag.py took 0.764 seconds
[2026-02-16T15:24:16.545+0000] {processor.py:161} INFO - Started process (PID=462) to work on /opt/airflow/dags/sec_edgar_dag.py
[2026-02-16T15:24:16.546+0000] {processor.py:830} INFO - Processing file /opt/airflow/dags/sec_edgar_dag.py for tasks to queue
[2026-02-16T15:24:16.550+0000] {logging_mixin.py:188} INFO - [2026-02-16T15:24:16.549+0000] {dagbag.py:538} INFO - Filling up the DagBag from /opt/airflow/dags/sec_edgar_dag.py
[2026-02-16T15:24:16.864+0000] {processor.py:840} INFO - DAG(s) 'sec_edgar_pipeline' retrieved from /opt/airflow/dags/sec_edgar_dag.py
[2026-02-16T15:24:16.900+0000] {logging_mixin.py:188} INFO - [2026-02-16T15:24:16.900+0000] {dag.py:3036} INFO - Sync 1 DAGs
[2026-02-16T15:24:17.012+0000] {processor.py:183} INFO - Processing /opt/airflow/dags/sec_edgar_dag.py took 0.472 seconds
[2026-02-16T15:24:47.651+0000] {processor.py:161} INFO - Started process (PID=478) to work on /opt/airflow/dags/sec_edgar_dag.py
[2026-02-16T15:24:47.652+0000] {processor.py:830} INFO - Processing file /opt/airflow/dags/sec_edgar_dag.py for tasks to queue
[2026-02-16T15:24:47.656+0000] {logging_mixin.py:188} INFO - [2026-02-16T15:24:47.655+0000] {dagbag.py:538} INFO - Filling up the DagBag from /opt/airflow/dags/sec_edgar_dag.py
[2026-02-16T15:24:47.974+0000] {processor.py:840} INFO - DAG(s) 'sec_edgar_pipeline' retrieved from /opt/airflow/dags/sec_edgar_dag.py
[2026-02-16T15:24:48.012+0000] {logging_mixin.py:188} INFO - [2026-02-16T15:24:48.011+0000] {dag.py:3036} INFO - Sync 1 DAGs
[2026-02-16T15:24:48.129+0000] {processor.py:183} INFO - Processing /opt/airflow/dags/sec_edgar_dag.py took 0.483 seconds
[2026-02-16T15:25:18.272+0000] {processor.py:161} INFO - Started process (PID=494) to work on /opt/airflow/dags/sec_edgar_dag.py
[2026-02-16T15:25:18.273+0000] {processor.py:830} INFO - Processing file /opt/airflow/dags/sec_edgar_dag.py for tasks to queue
[2026-02-16T15:25:18.276+0000] {logging_mixin.py:188} INFO - [2026-02-16T15:25:18.276+0000] {dagbag.py:538} INFO - Filling up the DagBag from /opt/airflow/dags/sec_edgar_dag.py
[2026-02-16T15:25:18.576+0000] {processor.py:840} INFO - DAG(s) 'sec_edgar_pipeline' retrieved from /opt/airflow/dags/sec_edgar_dag.py
[2026-02-16T15:25:18.612+0000] {logging_mixin.py:188} INFO - [2026-02-16T15:25:18.611+0000] {dag.py:3036} INFO - Sync 1 DAGs
[2026-02-16T15:25:18.722+0000] {processor.py:183} INFO - Processing /opt/airflow/dags/sec_edgar_dag.py took 0.455 seconds
[2026-02-16T15:25:49.534+0000] {processor.py:161} INFO - Started process (PID=510) to work on /opt/airflow/dags/sec_edgar_dag.py
[2026-02-16T15:25:49.536+0000] {processor.py:830} INFO - Processing file /opt/airflow/dags/sec_edgar_dag.py for tasks to queue
[2026-02-16T15:25:49.539+0000] {logging_mixin.py:188} INFO - [2026-02-16T15:25:49.538+0000] {dagbag.py:538} INFO - Filling up the DagBag from /opt/airflow/dags/sec_edgar_dag.py
[2026-02-16T15:25:49.842+0000] {processor.py:840} INFO - DAG(s) 'sec_edgar_pipeline' retrieved from /opt/airflow/dags/sec_edgar_dag.py
[2026-02-16T15:25:49.876+0000] {logging_mixin.py:188} INFO - [2026-02-16T15:25:49.875+0000] {dag.py:3036} INFO - Sync 1 DAGs
[2026-02-16T15:25:49.985+0000] {processor.py:183} INFO - Processing /opt/airflow/dags/sec_edgar_dag.py took 0.454 seconds
[2026-02-16T15:26:20.267+0000] {processor.py:161} INFO - Started process (PID=526) to work on /opt/airflow/dags/sec_edgar_dag.py
[2026-02-16T15:26:20.269+0000] {processor.py:830} INFO - Processing file /opt/airflow/dags/sec_edgar_dag.py for tasks to queue
[2026-02-16T15:26:20.272+0000] {logging_mixin.py:188} INFO - [2026-02-16T15:26:20.272+0000] {dagbag.py:538} INFO - Filling up the DagBag from /opt/airflow/dags/sec_edgar_dag.py
[2026-02-16T15:26:20.584+0000] {processor.py:840} INFO - DAG(s) 'sec_edgar_pipeline' retrieved from /opt/airflow/dags/sec_edgar_dag.py
[2026-02-16T15:26:20.620+0000] {logging_mixin.py:188} INFO - [2026-02-16T15:26:20.619+0000] {dag.py:3036} INFO - Sync 1 DAGs
[2026-02-16T15:26:20.730+0000] {processor.py:183} INFO - Processing /opt/airflow/dags/sec_edgar_dag.py took 0.466 seconds
[2026-02-16T15:26:46.024+0000] {processor.py:161} INFO - Started process (PID=541) to work on /opt/airflow/dags/sec_edgar_dag.py
[2026-02-16T15:26:46.026+0000] {processor.py:830} INFO - Processing file /opt/airflow/dags/sec_edgar_dag.py for tasks to queue
[2026-02-16T15:26:46.029+0000] {logging_mixin.py:188} INFO - [2026-02-16T15:26:46.029+0000] {dagbag.py:538} INFO - Filling up the DagBag from /opt/airflow/dags/sec_edgar_dag.py
[2026-02-16T15:26:46.335+0000] {processor.py:840} INFO - DAG(s) 'sec_edgar_pipeline' retrieved from /opt/airflow/dags/sec_edgar_dag.py
[2026-02-16T15:26:46.369+0000] {logging_mixin.py:188} INFO - [2026-02-16T15:26:46.369+0000] {dag.py:3036} INFO - Sync 1 DAGs
[2026-02-16T15:26:46.477+0000] {processor.py:183} INFO - Processing /opt/airflow/dags/sec_edgar_dag.py took 0.457 seconds
[2026-02-16T15:26:57.670+0000] {processor.py:161} INFO - Started process (PID=551) to work on /opt/airflow/dags/sec_edgar_dag.py
[2026-02-16T15:26:57.672+0000] {processor.py:830} INFO - Processing file /opt/airflow/dags/sec_edgar_dag.py for tasks to queue
[2026-02-16T15:26:57.676+0000] {logging_mixin.py:188} INFO - [2026-02-16T15:26:57.675+0000] {dagbag.py:538} INFO - Filling up the DagBag from /opt/airflow/dags/sec_edgar_dag.py
[2026-02-16T15:26:58.042+0000] {processor.py:840} INFO - DAG(s) 'sec_edgar_pipeline' retrieved from /opt/airflow/dags/sec_edgar_dag.py
[2026-02-16T15:26:58.082+0000] {logging_mixin.py:188} INFO - [2026-02-16T15:26:58.081+0000] {dag.py:3036} INFO - Sync 1 DAGs
[2026-02-16T15:26:58.214+0000] {processor.py:183} INFO - Processing /opt/airflow/dags/sec_edgar_dag.py took 0.549 seconds
[2026-02-16T15:27:25.132+0000] {processor.py:161} INFO - Started process (PID=183) to work on /opt/airflow/dags/sec_edgar_dag.py
[2026-02-16T15:27:25.134+0000] {processor.py:830} INFO - Processing file /opt/airflow/dags/sec_edgar_dag.py for tasks to queue
[2026-02-16T15:27:25.138+0000] {logging_mixin.py:188} INFO - [2026-02-16T15:27:25.137+0000] {dagbag.py:538} INFO - Filling up the DagBag from /opt/airflow/dags/sec_edgar_dag.py
[2026-02-16T15:27:25.462+0000] {processor.py:840} INFO - DAG(s) 'sec_edgar_pipeline' retrieved from /opt/airflow/dags/sec_edgar_dag.py
[2026-02-16T15:27:25.626+0000] {logging_mixin.py:188} INFO - [2026-02-16T15:27:25.626+0000] {dag.py:3036} INFO - Sync 1 DAGs
[2026-02-16T15:27:25.644+0000] {logging_mixin.py:188} INFO - [2026-02-16T15:27:25.643+0000] {dag.py:3058} INFO - Creating ORM DAG for sec_edgar_pipeline
[2026-02-16T15:27:25.671+0000] {logging_mixin.py:188} INFO - [2026-02-16T15:27:25.671+0000] {dag.py:3823} INFO - Setting next_dagrun for sec_edgar_pipeline to 2026-02-15 09:00:00+00:00, run_after=2026-02-16 09:00:00+00:00
[2026-02-16T15:27:25.718+0000] {processor.py:183} INFO - Processing /opt/airflow/dags/sec_edgar_dag.py took 0.591 seconds
[2026-02-16T15:27:55.870+0000] {processor.py:161} INFO - Started process (PID=210) to work on /opt/airflow/dags/sec_edgar_dag.py
[2026-02-16T15:27:55.872+0000] {processor.py:830} INFO - Processing file /opt/airflow/dags/sec_edgar_dag.py for tasks to queue
[2026-02-16T15:27:55.875+0000] {logging_mixin.py:188} INFO - [2026-02-16T15:27:55.875+0000] {dagbag.py:538} INFO - Filling up the DagBag from /opt/airflow/dags/sec_edgar_dag.py
[2026-02-16T15:27:56.182+0000] {processor.py:840} INFO - DAG(s) 'sec_edgar_pipeline' retrieved from /opt/airflow/dags/sec_edgar_dag.py
[2026-02-16T15:27:56.216+0000] {logging_mixin.py:188} INFO - [2026-02-16T15:27:56.215+0000] {dag.py:3036} INFO - Sync 1 DAGs
[2026-02-16T15:27:56.248+0000] {logging_mixin.py:188} INFO - [2026-02-16T15:27:56.247+0000] {dag.py:3823} INFO - Setting next_dagrun for sec_edgar_pipeline to 2026-02-15 09:00:00+00:00, run_after=2026-02-16 09:00:00+00:00
[2026-02-16T15:27:56.330+0000] {processor.py:183} INFO - Processing /opt/airflow/dags/sec_edgar_dag.py took 0.464 seconds
[2026-02-16T15:28:27.156+0000] {processor.py:161} INFO - Started process (PID=226) to work on /opt/airflow/dags/sec_edgar_dag.py
[2026-02-16T15:28:27.158+0000] {processor.py:830} INFO - Processing file /opt/airflow/dags/sec_edgar_dag.py for tasks to queue
[2026-02-16T15:28:27.161+0000] {logging_mixin.py:188} INFO - [2026-02-16T15:28:27.161+0000] {dagbag.py:538} INFO - Filling up the DagBag from /opt/airflow/dags/sec_edgar_dag.py
[2026-02-16T15:28:27.463+0000] {processor.py:840} INFO - DAG(s) 'sec_edgar_pipeline' retrieved from /opt/airflow/dags/sec_edgar_dag.py
[2026-02-16T15:28:27.531+0000] {logging_mixin.py:188} INFO - [2026-02-16T15:28:27.530+0000] {dag.py:3036} INFO - Sync 1 DAGs
[2026-02-16T15:28:27.587+0000] {logging_mixin.py:188} INFO - [2026-02-16T15:28:27.586+0000] {dag.py:3823} INFO - Setting next_dagrun for sec_edgar_pipeline to 2026-02-15 09:00:00+00:00, run_after=2026-02-16 09:00:00+00:00
[2026-02-16T15:28:27.671+0000] {processor.py:183} INFO - Processing /opt/airflow/dags/sec_edgar_dag.py took 0.520 seconds
[2026-02-16T15:28:57.997+0000] {processor.py:161} INFO - Started process (PID=255) to work on /opt/airflow/dags/sec_edgar_dag.py
[2026-02-16T15:28:58.000+0000] {processor.py:830} INFO - Processing file /opt/airflow/dags/sec_edgar_dag.py for tasks to queue
[2026-02-16T15:28:58.005+0000] {logging_mixin.py:188} INFO - [2026-02-16T15:28:58.004+0000] {dagbag.py:538} INFO - Filling up the DagBag from /opt/airflow/dags/sec_edgar_dag.py
[2026-02-16T15:28:58.354+0000] {processor.py:840} INFO - DAG(s) 'sec_edgar_pipeline' retrieved from /opt/airflow/dags/sec_edgar_dag.py
[2026-02-16T15:28:58.392+0000] {logging_mixin.py:188} INFO - [2026-02-16T15:28:58.392+0000] {dag.py:3036} INFO - Sync 1 DAGs
[2026-02-16T15:28:58.502+0000] {processor.py:183} INFO - Processing /opt/airflow/dags/sec_edgar_dag.py took 0.513 seconds
[2026-02-16T15:29:29.291+0000] {processor.py:161} INFO - Started process (PID=271) to work on /opt/airflow/dags/sec_edgar_dag.py
[2026-02-16T15:29:29.293+0000] {processor.py:830} INFO - Processing file /opt/airflow/dags/sec_edgar_dag.py for tasks to queue
[2026-02-16T15:29:29.297+0000] {logging_mixin.py:188} INFO - [2026-02-16T15:29:29.297+0000] {dagbag.py:538} INFO - Filling up the DagBag from /opt/airflow/dags/sec_edgar_dag.py
[2026-02-16T15:29:29.617+0000] {processor.py:840} INFO - DAG(s) 'sec_edgar_pipeline' retrieved from /opt/airflow/dags/sec_edgar_dag.py
[2026-02-16T15:29:29.654+0000] {logging_mixin.py:188} INFO - [2026-02-16T15:29:29.652+0000] {dag.py:3036} INFO - Sync 1 DAGs
[2026-02-16T15:29:29.731+0000] {processor.py:183} INFO - Processing /opt/airflow/dags/sec_edgar_dag.py took 0.445 seconds
[2026-02-16T15:30:00.021+0000] {processor.py:161} INFO - Started process (PID=287) to work on /opt/airflow/dags/sec_edgar_dag.py
[2026-02-16T15:30:00.023+0000] {processor.py:830} INFO - Processing file /opt/airflow/dags/sec_edgar_dag.py for tasks to queue
[2026-02-16T15:30:00.026+0000] {logging_mixin.py:188} INFO - [2026-02-16T15:30:00.026+0000] {dagbag.py:538} INFO - Filling up the DagBag from /opt/airflow/dags/sec_edgar_dag.py
[2026-02-16T15:30:00.347+0000] {processor.py:840} INFO - DAG(s) 'sec_edgar_pipeline' retrieved from /opt/airflow/dags/sec_edgar_dag.py
[2026-02-16T15:30:00.397+0000] {logging_mixin.py:188} INFO - [2026-02-16T15:30:00.396+0000] {dag.py:3036} INFO - Sync 1 DAGs
[2026-02-16T15:30:00.525+0000] {processor.py:183} INFO - Processing /opt/airflow/dags/sec_edgar_dag.py took 0.509 seconds
[2026-02-16T15:30:31.315+0000] {processor.py:161} INFO - Started process (PID=307) to work on /opt/airflow/dags/sec_edgar_dag.py
[2026-02-16T15:30:31.318+0000] {processor.py:830} INFO - Processing file /opt/airflow/dags/sec_edgar_dag.py for tasks to queue
[2026-02-16T15:30:31.321+0000] {logging_mixin.py:188} INFO - [2026-02-16T15:30:31.321+0000] {dagbag.py:538} INFO - Filling up the DagBag from /opt/airflow/dags/sec_edgar_dag.py
[2026-02-16T15:30:31.637+0000] {processor.py:840} INFO - DAG(s) 'sec_edgar_pipeline' retrieved from /opt/airflow/dags/sec_edgar_dag.py
[2026-02-16T15:30:31.682+0000] {logging_mixin.py:188} INFO - [2026-02-16T15:30:31.681+0000] {dag.py:3036} INFO - Sync 1 DAGs
[2026-02-16T15:30:31.754+0000] {processor.py:183} INFO - Processing /opt/airflow/dags/sec_edgar_dag.py took 0.443 seconds
[2026-02-16T15:31:01.966+0000] {processor.py:161} INFO - Started process (PID=381) to work on /opt/airflow/dags/sec_edgar_dag.py
[2026-02-16T15:31:01.967+0000] {processor.py:830} INFO - Processing file /opt/airflow/dags/sec_edgar_dag.py for tasks to queue
[2026-02-16T15:31:01.971+0000] {logging_mixin.py:188} INFO - [2026-02-16T15:31:01.970+0000] {dagbag.py:538} INFO - Filling up the DagBag from /opt/airflow/dags/sec_edgar_dag.py
[2026-02-16T15:31:02.302+0000] {processor.py:840} INFO - DAG(s) 'sec_edgar_pipeline' retrieved from /opt/airflow/dags/sec_edgar_dag.py
[2026-02-16T15:31:02.340+0000] {logging_mixin.py:188} INFO - [2026-02-16T15:31:02.340+0000] {dag.py:3036} INFO - Sync 1 DAGs
[2026-02-16T15:31:02.454+0000] {processor.py:183} INFO - Processing /opt/airflow/dags/sec_edgar_dag.py took 0.493 seconds
[2026-02-16T15:31:33.289+0000] {processor.py:161} INFO - Started process (PID=400) to work on /opt/airflow/dags/sec_edgar_dag.py
[2026-02-16T15:31:33.290+0000] {processor.py:830} INFO - Processing file /opt/airflow/dags/sec_edgar_dag.py for tasks to queue
[2026-02-16T15:31:33.293+0000] {logging_mixin.py:188} INFO - [2026-02-16T15:31:33.293+0000] {dagbag.py:538} INFO - Filling up the DagBag from /opt/airflow/dags/sec_edgar_dag.py
[2026-02-16T15:31:33.606+0000] {processor.py:840} INFO - DAG(s) 'sec_edgar_pipeline' retrieved from /opt/airflow/dags/sec_edgar_dag.py
[2026-02-16T15:31:33.643+0000] {logging_mixin.py:188} INFO - [2026-02-16T15:31:33.642+0000] {dag.py:3036} INFO - Sync 1 DAGs
[2026-02-16T15:31:33.758+0000] {processor.py:183} INFO - Processing /opt/airflow/dags/sec_edgar_dag.py took 0.475 seconds
[2026-02-16T15:32:03.978+0000] {processor.py:161} INFO - Started process (PID=430) to work on /opt/airflow/dags/sec_edgar_dag.py
[2026-02-16T15:32:03.980+0000] {processor.py:830} INFO - Processing file /opt/airflow/dags/sec_edgar_dag.py for tasks to queue
[2026-02-16T15:32:03.984+0000] {logging_mixin.py:188} INFO - [2026-02-16T15:32:03.983+0000] {dagbag.py:538} INFO - Filling up the DagBag from /opt/airflow/dags/sec_edgar_dag.py
[2026-02-16T15:32:04.294+0000] {processor.py:840} INFO - DAG(s) 'sec_edgar_pipeline' retrieved from /opt/airflow/dags/sec_edgar_dag.py
[2026-02-16T15:32:04.333+0000] {logging_mixin.py:188} INFO - [2026-02-16T15:32:04.332+0000] {dag.py:3036} INFO - Sync 1 DAGs
[2026-02-16T15:32:04.443+0000] {processor.py:183} INFO - Processing /opt/airflow/dags/sec_edgar_dag.py took 0.471 seconds
[2026-02-16T15:56:58.010+0000] {processor.py:161} INFO - Started process (PID=437) to work on /opt/airflow/dags/sec_edgar_dag.py
[2026-02-16T15:56:58.012+0000] {processor.py:830} INFO - Processing file /opt/airflow/dags/sec_edgar_dag.py for tasks to queue
[2026-02-16T15:56:58.023+0000] {logging_mixin.py:188} INFO - [2026-02-16T15:56:58.021+0000] {dagbag.py:538} INFO - Filling up the DagBag from /opt/airflow/dags/sec_edgar_dag.py
[2026-02-16T15:56:58.425+0000] {processor.py:840} INFO - DAG(s) 'sec_edgar_pipeline' retrieved from /opt/airflow/dags/sec_edgar_dag.py
[2026-02-16T15:56:58.470+0000] {logging_mixin.py:188} INFO - [2026-02-16T15:56:58.469+0000] {dag.py:3036} INFO - Sync 1 DAGs
[2026-02-16T15:56:58.589+0000] {processor.py:183} INFO - Processing /opt/airflow/dags/sec_edgar_dag.py took 0.588 seconds
[2026-02-16T15:57:28.870+0000] {processor.py:161} INFO - Started process (PID=458) to work on /opt/airflow/dags/sec_edgar_dag.py
[2026-02-16T15:57:28.871+0000] {processor.py:830} INFO - Processing file /opt/airflow/dags/sec_edgar_dag.py for tasks to queue
[2026-02-16T15:57:28.874+0000] {logging_mixin.py:188} INFO - [2026-02-16T15:57:28.873+0000] {dagbag.py:538} INFO - Filling up the DagBag from /opt/airflow/dags/sec_edgar_dag.py
[2026-02-16T15:57:29.219+0000] {processor.py:840} INFO - DAG(s) 'sec_edgar_pipeline' retrieved from /opt/airflow/dags/sec_edgar_dag.py
[2026-02-16T15:57:29.266+0000] {logging_mixin.py:188} INFO - [2026-02-16T15:57:29.265+0000] {dag.py:3036} INFO - Sync 1 DAGs
[2026-02-16T15:57:29.387+0000] {processor.py:183} INFO - Processing /opt/airflow/dags/sec_edgar_dag.py took 0.521 seconds
[2026-02-16T15:58:00.158+0000] {processor.py:161} INFO - Started process (PID=474) to work on /opt/airflow/dags/sec_edgar_dag.py
[2026-02-16T15:58:00.160+0000] {processor.py:830} INFO - Processing file /opt/airflow/dags/sec_edgar_dag.py for tasks to queue
[2026-02-16T15:58:00.163+0000] {logging_mixin.py:188} INFO - [2026-02-16T15:58:00.162+0000] {dagbag.py:538} INFO - Filling up the DagBag from /opt/airflow/dags/sec_edgar_dag.py
[2026-02-16T15:58:00.495+0000] {processor.py:840} INFO - DAG(s) 'sec_edgar_pipeline' retrieved from /opt/airflow/dags/sec_edgar_dag.py
[2026-02-16T15:58:00.531+0000] {logging_mixin.py:188} INFO - [2026-02-16T15:58:00.530+0000] {dag.py:3036} INFO - Sync 1 DAGs
[2026-02-16T15:58:00.636+0000] {processor.py:183} INFO - Processing /opt/airflow/dags/sec_edgar_dag.py took 0.482 seconds
[2026-02-16T15:58:30.799+0000] {processor.py:161} INFO - Started process (PID=506) to work on /opt/airflow/dags/sec_edgar_dag.py
[2026-02-16T15:58:30.845+0000] {processor.py:830} INFO - Processing file /opt/airflow/dags/sec_edgar_dag.py for tasks to queue
[2026-02-16T15:58:30.848+0000] {logging_mixin.py:188} INFO - [2026-02-16T15:58:30.848+0000] {dagbag.py:538} INFO - Filling up the DagBag from /opt/airflow/dags/sec_edgar_dag.py
[2026-02-16T15:58:31.153+0000] {processor.py:840} INFO - DAG(s) 'sec_edgar_pipeline' retrieved from /opt/airflow/dags/sec_edgar_dag.py
[2026-02-16T15:58:31.190+0000] {logging_mixin.py:188} INFO - [2026-02-16T15:58:31.189+0000] {dag.py:3036} INFO - Sync 1 DAGs
[2026-02-16T15:58:31.225+0000] {logging_mixin.py:188} INFO - [2026-02-16T15:58:31.224+0000] {dag.py:3823} INFO - Setting next_dagrun for sec_edgar_pipeline to 2026-02-16 09:00:00+00:00, run_after=2026-02-17 09:00:00+00:00
[2026-02-16T15:58:31.253+0000] {processor.py:183} INFO - Processing /opt/airflow/dags/sec_edgar_dag.py took 0.459 seconds
[2026-02-16T15:59:02.100+0000] {processor.py:161} INFO - Started process (PID=528) to work on /opt/airflow/dags/sec_edgar_dag.py
[2026-02-16T15:59:02.101+0000] {processor.py:830} INFO - Processing file /opt/airflow/dags/sec_edgar_dag.py for tasks to queue
[2026-02-16T15:59:02.105+0000] {logging_mixin.py:188} INFO - [2026-02-16T15:59:02.104+0000] {dagbag.py:538} INFO - Filling up the DagBag from /opt/airflow/dags/sec_edgar_dag.py
[2026-02-16T15:59:02.430+0000] {processor.py:840} INFO - DAG(s) 'sec_edgar_pipeline' retrieved from /opt/airflow/dags/sec_edgar_dag.py
[2026-02-16T15:59:02.462+0000] {logging_mixin.py:188} INFO - [2026-02-16T15:59:02.461+0000] {dag.py:3036} INFO - Sync 1 DAGs
[2026-02-16T15:59:02.495+0000] {logging_mixin.py:188} INFO - [2026-02-16T15:59:02.495+0000] {dag.py:3823} INFO - Setting next_dagrun for sec_edgar_pipeline to 2026-02-16 09:00:00+00:00, run_after=2026-02-17 09:00:00+00:00
[2026-02-16T15:59:02.574+0000] {processor.py:183} INFO - Processing /opt/airflow/dags/sec_edgar_dag.py took 0.479 seconds
[2026-02-16T15:59:32.778+0000] {processor.py:161} INFO - Started process (PID=544) to work on /opt/airflow/dags/sec_edgar_dag.py
[2026-02-16T15:59:32.780+0000] {processor.py:830} INFO - Processing file /opt/airflow/dags/sec_edgar_dag.py for tasks to queue
[2026-02-16T15:59:32.783+0000] {logging_mixin.py:188} INFO - [2026-02-16T15:59:32.782+0000] {dagbag.py:538} INFO - Filling up the DagBag from /opt/airflow/dags/sec_edgar_dag.py
[2026-02-16T15:59:33.064+0000] {processor.py:840} INFO - DAG(s) 'sec_edgar_pipeline' retrieved from /opt/airflow/dags/sec_edgar_dag.py
[2026-02-16T15:59:33.098+0000] {logging_mixin.py:188} INFO - [2026-02-16T15:59:33.098+0000] {dag.py:3036} INFO - Sync 1 DAGs
[2026-02-16T15:59:33.132+0000] {logging_mixin.py:188} INFO - [2026-02-16T15:59:33.132+0000] {dag.py:3823} INFO - Setting next_dagrun for sec_edgar_pipeline to 2026-02-16 09:00:00+00:00, run_after=2026-02-17 09:00:00+00:00
[2026-02-16T15:59:33.214+0000] {processor.py:183} INFO - Processing /opt/airflow/dags/sec_edgar_dag.py took 0.440 seconds
[2026-02-16T16:00:03.325+0000] {processor.py:161} INFO - Started process (PID=560) to work on /opt/airflow/dags/sec_edgar_dag.py
[2026-02-16T16:00:03.327+0000] {processor.py:830} INFO - Processing file /opt/airflow/dags/sec_edgar_dag.py for tasks to queue
[2026-02-16T16:00:03.330+0000] {logging_mixin.py:188} INFO - [2026-02-16T16:00:03.330+0000] {dagbag.py:538} INFO - Filling up the DagBag from /opt/airflow/dags/sec_edgar_dag.py
[2026-02-16T16:00:03.692+0000] {processor.py:840} INFO - DAG(s) 'sec_edgar_pipeline' retrieved from /opt/airflow/dags/sec_edgar_dag.py
[2026-02-16T16:00:03.727+0000] {logging_mixin.py:188} INFO - [2026-02-16T16:00:03.726+0000] {dag.py:3036} INFO - Sync 1 DAGs
[2026-02-16T16:00:03.760+0000] {logging_mixin.py:188} INFO - [2026-02-16T16:00:03.760+0000] {dag.py:3823} INFO - Setting next_dagrun for sec_edgar_pipeline to 2026-02-16 09:00:00+00:00, run_after=2026-02-17 09:00:00+00:00
[2026-02-16T16:00:03.838+0000] {processor.py:183} INFO - Processing /opt/airflow/dags/sec_edgar_dag.py took 0.517 seconds
[2026-02-16T16:00:34.614+0000] {processor.py:161} INFO - Started process (PID=576) to work on /opt/airflow/dags/sec_edgar_dag.py
[2026-02-16T16:00:34.616+0000] {processor.py:830} INFO - Processing file /opt/airflow/dags/sec_edgar_dag.py for tasks to queue
[2026-02-16T16:00:34.620+0000] {logging_mixin.py:188} INFO - [2026-02-16T16:00:34.620+0000] {dagbag.py:538} INFO - Filling up the DagBag from /opt/airflow/dags/sec_edgar_dag.py
[2026-02-16T16:00:34.973+0000] {processor.py:840} INFO - DAG(s) 'sec_edgar_pipeline' retrieved from /opt/airflow/dags/sec_edgar_dag.py
[2026-02-16T16:00:35.016+0000] {logging_mixin.py:188} INFO - [2026-02-16T16:00:35.015+0000] {dag.py:3036} INFO - Sync 1 DAGs
[2026-02-16T16:00:35.059+0000] {logging_mixin.py:188} INFO - [2026-02-16T16:00:35.058+0000] {dag.py:3823} INFO - Setting next_dagrun for sec_edgar_pipeline to 2026-02-16 09:00:00+00:00, run_after=2026-02-17 09:00:00+00:00
[2026-02-16T16:00:35.147+0000] {processor.py:183} INFO - Processing /opt/airflow/dags/sec_edgar_dag.py took 0.538 seconds
[2026-02-16T16:01:05.289+0000] {processor.py:161} INFO - Started process (PID=592) to work on /opt/airflow/dags/sec_edgar_dag.py
[2026-02-16T16:01:05.290+0000] {processor.py:830} INFO - Processing file /opt/airflow/dags/sec_edgar_dag.py for tasks to queue
[2026-02-16T16:01:05.294+0000] {logging_mixin.py:188} INFO - [2026-02-16T16:01:05.293+0000] {dagbag.py:538} INFO - Filling up the DagBag from /opt/airflow/dags/sec_edgar_dag.py
[2026-02-16T16:01:05.629+0000] {processor.py:840} INFO - DAG(s) 'sec_edgar_pipeline' retrieved from /opt/airflow/dags/sec_edgar_dag.py
[2026-02-16T16:01:05.670+0000] {logging_mixin.py:188} INFO - [2026-02-16T16:01:05.669+0000] {dag.py:3036} INFO - Sync 1 DAGs
[2026-02-16T16:01:05.707+0000] {logging_mixin.py:188} INFO - [2026-02-16T16:01:05.707+0000] {dag.py:3823} INFO - Setting next_dagrun for sec_edgar_pipeline to 2026-02-16 09:00:00+00:00, run_after=2026-02-17 09:00:00+00:00
[2026-02-16T16:01:05.790+0000] {processor.py:183} INFO - Processing /opt/airflow/dags/sec_edgar_dag.py took 0.507 seconds
[2026-02-16T16:01:35.902+0000] {processor.py:161} INFO - Started process (PID=608) to work on /opt/airflow/dags/sec_edgar_dag.py
[2026-02-16T16:01:35.904+0000] {processor.py:830} INFO - Processing file /opt/airflow/dags/sec_edgar_dag.py for tasks to queue
[2026-02-16T16:01:35.909+0000] {logging_mixin.py:188} INFO - [2026-02-16T16:01:35.908+0000] {dagbag.py:538} INFO - Filling up the DagBag from /opt/airflow/dags/sec_edgar_dag.py
[2026-02-16T16:01:36.250+0000] {processor.py:840} INFO - DAG(s) 'sec_edgar_pipeline' retrieved from /opt/airflow/dags/sec_edgar_dag.py
[2026-02-16T16:01:36.284+0000] {logging_mixin.py:188} INFO - [2026-02-16T16:01:36.284+0000] {dag.py:3036} INFO - Sync 1 DAGs
[2026-02-16T16:01:36.316+0000] {logging_mixin.py:188} INFO - [2026-02-16T16:01:36.316+0000] {dag.py:3823} INFO - Setting next_dagrun for sec_edgar_pipeline to 2026-02-16 09:00:00+00:00, run_after=2026-02-17 09:00:00+00:00
[2026-02-16T16:01:36.399+0000] {processor.py:183} INFO - Processing /opt/airflow/dags/sec_edgar_dag.py took 0.504 seconds
[2026-02-16T16:02:06.505+0000] {processor.py:161} INFO - Started process (PID=624) to work on /opt/airflow/dags/sec_edgar_dag.py
[2026-02-16T16:02:06.507+0000] {processor.py:830} INFO - Processing file /opt/airflow/dags/sec_edgar_dag.py for tasks to queue
[2026-02-16T16:02:06.510+0000] {logging_mixin.py:188} INFO - [2026-02-16T16:02:06.509+0000] {dagbag.py:538} INFO - Filling up the DagBag from /opt/airflow/dags/sec_edgar_dag.py
[2026-02-16T16:02:06.825+0000] {processor.py:840} INFO - DAG(s) 'sec_edgar_pipeline' retrieved from /opt/airflow/dags/sec_edgar_dag.py
[2026-02-16T16:02:06.868+0000] {logging_mixin.py:188} INFO - [2026-02-16T16:02:06.867+0000] {dag.py:3036} INFO - Sync 1 DAGs
[2026-02-16T16:02:06.917+0000] {logging_mixin.py:188} INFO - [2026-02-16T16:02:06.916+0000] {dag.py:3823} INFO - Setting next_dagrun for sec_edgar_pipeline to 2026-02-16 09:00:00+00:00, run_after=2026-02-17 09:00:00+00:00
[2026-02-16T16:02:07.005+0000] {processor.py:183} INFO - Processing /opt/airflow/dags/sec_edgar_dag.py took 0.505 seconds
[2026-02-16T16:02:37.809+0000] {processor.py:161} INFO - Started process (PID=641) to work on /opt/airflow/dags/sec_edgar_dag.py
[2026-02-16T16:02:37.812+0000] {processor.py:830} INFO - Processing file /opt/airflow/dags/sec_edgar_dag.py for tasks to queue
[2026-02-16T16:02:37.818+0000] {logging_mixin.py:188} INFO - [2026-02-16T16:02:37.816+0000] {dagbag.py:538} INFO - Filling up the DagBag from /opt/airflow/dags/sec_edgar_dag.py
[2026-02-16T16:02:38.123+0000] {processor.py:840} INFO - DAG(s) 'sec_edgar_pipeline' retrieved from /opt/airflow/dags/sec_edgar_dag.py
[2026-02-16T16:02:38.161+0000] {logging_mixin.py:188} INFO - [2026-02-16T16:02:38.161+0000] {dag.py:3036} INFO - Sync 1 DAGs
[2026-02-16T16:02:38.204+0000] {logging_mixin.py:188} INFO - [2026-02-16T16:02:38.204+0000] {dag.py:3823} INFO - Setting next_dagrun for sec_edgar_pipeline to 2026-02-16 09:00:00+00:00, run_after=2026-02-17 09:00:00+00:00
[2026-02-16T16:02:38.287+0000] {processor.py:183} INFO - Processing /opt/airflow/dags/sec_edgar_dag.py took 0.485 seconds
[2026-02-16T16:03:08.488+0000] {processor.py:161} INFO - Started process (PID=657) to work on /opt/airflow/dags/sec_edgar_dag.py
[2026-02-16T16:03:08.490+0000] {processor.py:830} INFO - Processing file /opt/airflow/dags/sec_edgar_dag.py for tasks to queue
[2026-02-16T16:03:08.493+0000] {logging_mixin.py:188} INFO - [2026-02-16T16:03:08.493+0000] {dagbag.py:538} INFO - Filling up the DagBag from /opt/airflow/dags/sec_edgar_dag.py
[2026-02-16T16:03:08.834+0000] {processor.py:840} INFO - DAG(s) 'sec_edgar_pipeline' retrieved from /opt/airflow/dags/sec_edgar_dag.py
[2026-02-16T16:03:08.876+0000] {logging_mixin.py:188} INFO - [2026-02-16T16:03:08.875+0000] {dag.py:3036} INFO - Sync 1 DAGs
[2026-02-16T16:03:08.917+0000] {logging_mixin.py:188} INFO - [2026-02-16T16:03:08.916+0000] {dag.py:3823} INFO - Setting next_dagrun for sec_edgar_pipeline to 2026-02-16 09:00:00+00:00, run_after=2026-02-17 09:00:00+00:00
[2026-02-16T16:03:09.002+0000] {processor.py:183} INFO - Processing /opt/airflow/dags/sec_edgar_dag.py took 0.520 seconds
[2026-02-16T16:03:39.769+0000] {processor.py:161} INFO - Started process (PID=673) to work on /opt/airflow/dags/sec_edgar_dag.py
[2026-02-16T16:03:39.770+0000] {processor.py:830} INFO - Processing file /opt/airflow/dags/sec_edgar_dag.py for tasks to queue
[2026-02-16T16:03:39.773+0000] {logging_mixin.py:188} INFO - [2026-02-16T16:03:39.773+0000] {dagbag.py:538} INFO - Filling up the DagBag from /opt/airflow/dags/sec_edgar_dag.py
[2026-02-16T16:03:40.068+0000] {processor.py:840} INFO - DAG(s) 'sec_edgar_pipeline' retrieved from /opt/airflow/dags/sec_edgar_dag.py
[2026-02-16T16:03:40.100+0000] {logging_mixin.py:188} INFO - [2026-02-16T16:03:40.099+0000] {dag.py:3036} INFO - Sync 1 DAGs
[2026-02-16T16:03:40.129+0000] {logging_mixin.py:188} INFO - [2026-02-16T16:03:40.129+0000] {dag.py:3823} INFO - Setting next_dagrun for sec_edgar_pipeline to 2026-02-16 09:00:00+00:00, run_after=2026-02-17 09:00:00+00:00
[2026-02-16T16:03:40.160+0000] {processor.py:183} INFO - Processing /opt/airflow/dags/sec_edgar_dag.py took 0.396 seconds
[2026-02-16T16:04:10.502+0000] {processor.py:161} INFO - Started process (PID=689) to work on /opt/airflow/dags/sec_edgar_dag.py
[2026-02-16T16:04:10.504+0000] {processor.py:830} INFO - Processing file /opt/airflow/dags/sec_edgar_dag.py for tasks to queue
[2026-02-16T16:04:10.508+0000] {logging_mixin.py:188} INFO - [2026-02-16T16:04:10.507+0000] {dagbag.py:538} INFO - Filling up the DagBag from /opt/airflow/dags/sec_edgar_dag.py
[2026-02-16T16:04:10.811+0000] {processor.py:840} INFO - DAG(s) 'sec_edgar_pipeline' retrieved from /opt/airflow/dags/sec_edgar_dag.py
[2026-02-16T16:04:10.845+0000] {logging_mixin.py:188} INFO - [2026-02-16T16:04:10.844+0000] {dag.py:3036} INFO - Sync 1 DAGs
[2026-02-16T16:04:10.879+0000] {logging_mixin.py:188} INFO - [2026-02-16T16:04:10.879+0000] {dag.py:3823} INFO - Setting next_dagrun for sec_edgar_pipeline to 2026-02-16 09:00:00+00:00, run_after=2026-02-17 09:00:00+00:00
[2026-02-16T16:04:10.959+0000] {processor.py:183} INFO - Processing /opt/airflow/dags/sec_edgar_dag.py took 0.461 seconds
[2026-02-16T16:04:41.817+0000] {processor.py:161} INFO - Started process (PID=705) to work on /opt/airflow/dags/sec_edgar_dag.py
[2026-02-16T16:04:41.818+0000] {processor.py:830} INFO - Processing file /opt/airflow/dags/sec_edgar_dag.py for tasks to queue
[2026-02-16T16:04:41.822+0000] {logging_mixin.py:188} INFO - [2026-02-16T16:04:41.821+0000] {dagbag.py:538} INFO - Filling up the DagBag from /opt/airflow/dags/sec_edgar_dag.py
[2026-02-16T16:04:42.146+0000] {processor.py:840} INFO - DAG(s) 'sec_edgar_pipeline' retrieved from /opt/airflow/dags/sec_edgar_dag.py
[2026-02-16T16:04:42.180+0000] {logging_mixin.py:188} INFO - [2026-02-16T16:04:42.180+0000] {dag.py:3036} INFO - Sync 1 DAGs
[2026-02-16T16:04:42.214+0000] {logging_mixin.py:188} INFO - [2026-02-16T16:04:42.214+0000] {dag.py:3823} INFO - Setting next_dagrun for sec_edgar_pipeline to 2026-02-16 09:00:00+00:00, run_after=2026-02-17 09:00:00+00:00
[2026-02-16T16:04:42.292+0000] {processor.py:183} INFO - Processing /opt/airflow/dags/sec_edgar_dag.py took 0.481 seconds
[2026-02-16T16:05:12.566+0000] {processor.py:161} INFO - Started process (PID=722) to work on /opt/airflow/dags/sec_edgar_dag.py
[2026-02-16T16:05:12.567+0000] {processor.py:830} INFO - Processing file /opt/airflow/dags/sec_edgar_dag.py for tasks to queue
[2026-02-16T16:05:12.571+0000] {logging_mixin.py:188} INFO - [2026-02-16T16:05:12.571+0000] {dagbag.py:538} INFO - Filling up the DagBag from /opt/airflow/dags/sec_edgar_dag.py
[2026-02-16T16:05:12.907+0000] {processor.py:840} INFO - DAG(s) 'sec_edgar_pipeline' retrieved from /opt/airflow/dags/sec_edgar_dag.py
[2026-02-16T16:05:12.946+0000] {logging_mixin.py:188} INFO - [2026-02-16T16:05:12.945+0000] {dag.py:3036} INFO - Sync 1 DAGs
[2026-02-16T16:05:12.984+0000] {logging_mixin.py:188} INFO - [2026-02-16T16:05:12.983+0000] {dag.py:3823} INFO - Setting next_dagrun for sec_edgar_pipeline to 2026-02-16 09:00:00+00:00, run_after=2026-02-17 09:00:00+00:00
[2026-02-16T16:05:13.041+0000] {processor.py:183} INFO - Processing /opt/airflow/dags/sec_edgar_dag.py took 0.481 seconds
[2026-02-16T16:05:43.888+0000] {processor.py:161} INFO - Started process (PID=738) to work on /opt/airflow/dags/sec_edgar_dag.py
[2026-02-16T16:05:43.891+0000] {processor.py:830} INFO - Processing file /opt/airflow/dags/sec_edgar_dag.py for tasks to queue
[2026-02-16T16:05:43.895+0000] {logging_mixin.py:188} INFO - [2026-02-16T16:05:43.894+0000] {dagbag.py:538} INFO - Filling up the DagBag from /opt/airflow/dags/sec_edgar_dag.py
[2026-02-16T16:05:44.192+0000] {processor.py:840} INFO - DAG(s) 'sec_edgar_pipeline' retrieved from /opt/airflow/dags/sec_edgar_dag.py
[2026-02-16T16:05:44.241+0000] {logging_mixin.py:188} INFO - [2026-02-16T16:05:44.240+0000] {dag.py:3036} INFO - Sync 1 DAGs
[2026-02-16T16:05:44.279+0000] {logging_mixin.py:188} INFO - [2026-02-16T16:05:44.278+0000] {dag.py:3823} INFO - Setting next_dagrun for sec_edgar_pipeline to 2026-02-16 09:00:00+00:00, run_after=2026-02-17 09:00:00+00:00
[2026-02-16T16:05:44.363+0000] {processor.py:183} INFO - Processing /opt/airflow/dags/sec_edgar_dag.py took 0.480 seconds
[2026-02-16T16:06:14.612+0000] {processor.py:161} INFO - Started process (PID=754) to work on /opt/airflow/dags/sec_edgar_dag.py
[2026-02-16T16:06:14.614+0000] {processor.py:830} INFO - Processing file /opt/airflow/dags/sec_edgar_dag.py for tasks to queue
[2026-02-16T16:06:14.617+0000] {logging_mixin.py:188} INFO - [2026-02-16T16:06:14.616+0000] {dagbag.py:538} INFO - Filling up the DagBag from /opt/airflow/dags/sec_edgar_dag.py
[2026-02-16T16:06:14.899+0000] {processor.py:840} INFO - DAG(s) 'sec_edgar_pipeline' retrieved from /opt/airflow/dags/sec_edgar_dag.py
[2026-02-16T16:06:14.934+0000] {logging_mixin.py:188} INFO - [2026-02-16T16:06:14.933+0000] {dag.py:3036} INFO - Sync 1 DAGs
[2026-02-16T16:06:14.967+0000] {logging_mixin.py:188} INFO - [2026-02-16T16:06:14.967+0000] {dag.py:3823} INFO - Setting next_dagrun for sec_edgar_pipeline to 2026-02-16 09:00:00+00:00, run_after=2026-02-17 09:00:00+00:00
[2026-02-16T16:06:15.047+0000] {processor.py:183} INFO - Processing /opt/airflow/dags/sec_edgar_dag.py took 0.439 seconds
[2026-02-16T16:06:45.142+0000] {processor.py:161} INFO - Started process (PID=770) to work on /opt/airflow/dags/sec_edgar_dag.py
[2026-02-16T16:06:45.144+0000] {processor.py:830} INFO - Processing file /opt/airflow/dags/sec_edgar_dag.py for tasks to queue
[2026-02-16T16:06:45.147+0000] {logging_mixin.py:188} INFO - [2026-02-16T16:06:45.147+0000] {dagbag.py:538} INFO - Filling up the DagBag from /opt/airflow/dags/sec_edgar_dag.py
[2026-02-16T16:06:45.477+0000] {processor.py:840} INFO - DAG(s) 'sec_edgar_pipeline' retrieved from /opt/airflow/dags/sec_edgar_dag.py
[2026-02-16T16:06:45.517+0000] {logging_mixin.py:188} INFO - [2026-02-16T16:06:45.516+0000] {dag.py:3036} INFO - Sync 1 DAGs
[2026-02-16T16:06:45.550+0000] {logging_mixin.py:188} INFO - [2026-02-16T16:06:45.549+0000] {dag.py:3823} INFO - Setting next_dagrun for sec_edgar_pipeline to 2026-02-16 09:00:00+00:00, run_after=2026-02-17 09:00:00+00:00
[2026-02-16T16:06:45.584+0000] {processor.py:183} INFO - Processing /opt/airflow/dags/sec_edgar_dag.py took 0.447 seconds
[2026-02-16T16:07:16.163+0000] {processor.py:161} INFO - Started process (PID=786) to work on /opt/airflow/dags/sec_edgar_dag.py
[2026-02-16T16:07:16.165+0000] {processor.py:830} INFO - Processing file /opt/airflow/dags/sec_edgar_dag.py for tasks to queue
[2026-02-16T16:07:16.169+0000] {logging_mixin.py:188} INFO - [2026-02-16T16:07:16.169+0000] {dagbag.py:538} INFO - Filling up the DagBag from /opt/airflow/dags/sec_edgar_dag.py
[2026-02-16T16:07:16.544+0000] {processor.py:840} INFO - DAG(s) 'sec_edgar_pipeline' retrieved from /opt/airflow/dags/sec_edgar_dag.py
[2026-02-16T16:07:16.588+0000] {logging_mixin.py:188} INFO - [2026-02-16T16:07:16.587+0000] {dag.py:3036} INFO - Sync 1 DAGs
[2026-02-16T16:07:16.630+0000] {logging_mixin.py:188} INFO - [2026-02-16T16:07:16.630+0000] {dag.py:3823} INFO - Setting next_dagrun for sec_edgar_pipeline to 2026-02-16 09:00:00+00:00, run_after=2026-02-17 09:00:00+00:00
[2026-02-16T16:07:16.720+0000] {processor.py:183} INFO - Processing /opt/airflow/dags/sec_edgar_dag.py took 0.562 seconds
[2026-02-16T16:07:46.851+0000] {processor.py:161} INFO - Started process (PID=802) to work on /opt/airflow/dags/sec_edgar_dag.py
[2026-02-16T16:07:46.852+0000] {processor.py:830} INFO - Processing file /opt/airflow/dags/sec_edgar_dag.py for tasks to queue
[2026-02-16T16:07:46.855+0000] {logging_mixin.py:188} INFO - [2026-02-16T16:07:46.854+0000] {dagbag.py:538} INFO - Filling up the DagBag from /opt/airflow/dags/sec_edgar_dag.py
[2026-02-16T16:07:47.186+0000] {processor.py:840} INFO - DAG(s) 'sec_edgar_pipeline' retrieved from /opt/airflow/dags/sec_edgar_dag.py
[2026-02-16T16:07:47.223+0000] {logging_mixin.py:188} INFO - [2026-02-16T16:07:47.222+0000] {dag.py:3036} INFO - Sync 1 DAGs
[2026-02-16T16:07:47.257+0000] {logging_mixin.py:188} INFO - [2026-02-16T16:07:47.257+0000] {dag.py:3823} INFO - Setting next_dagrun for sec_edgar_pipeline to 2026-02-16 09:00:00+00:00, run_after=2026-02-17 09:00:00+00:00
[2026-02-16T16:07:47.296+0000] {processor.py:183} INFO - Processing /opt/airflow/dags/sec_edgar_dag.py took 0.449 seconds
[2026-02-16T16:08:17.382+0000] {processor.py:161} INFO - Started process (PID=818) to work on /opt/airflow/dags/sec_edgar_dag.py
[2026-02-16T16:08:17.384+0000] {processor.py:830} INFO - Processing file /opt/airflow/dags/sec_edgar_dag.py for tasks to queue
[2026-02-16T16:08:17.386+0000] {logging_mixin.py:188} INFO - [2026-02-16T16:08:17.386+0000] {dagbag.py:538} INFO - Filling up the DagBag from /opt/airflow/dags/sec_edgar_dag.py
[2026-02-16T16:08:17.679+0000] {processor.py:840} INFO - DAG(s) 'sec_edgar_pipeline' retrieved from /opt/airflow/dags/sec_edgar_dag.py
[2026-02-16T16:08:17.720+0000] {logging_mixin.py:188} INFO - [2026-02-16T16:08:17.719+0000] {dag.py:3036} INFO - Sync 1 DAGs
[2026-02-16T16:08:17.754+0000] {logging_mixin.py:188} INFO - [2026-02-16T16:08:17.754+0000] {dag.py:3823} INFO - Setting next_dagrun for sec_edgar_pipeline to 2026-02-16 09:00:00+00:00, run_after=2026-02-17 09:00:00+00:00
[2026-02-16T16:08:17.833+0000] {processor.py:183} INFO - Processing /opt/airflow/dags/sec_edgar_dag.py took 0.455 seconds
[2026-02-16T16:08:47.936+0000] {processor.py:161} INFO - Started process (PID=834) to work on /opt/airflow/dags/sec_edgar_dag.py
[2026-02-16T16:08:47.939+0000] {processor.py:830} INFO - Processing file /opt/airflow/dags/sec_edgar_dag.py for tasks to queue
[2026-02-16T16:08:47.942+0000] {logging_mixin.py:188} INFO - [2026-02-16T16:08:47.942+0000] {dagbag.py:538} INFO - Filling up the DagBag from /opt/airflow/dags/sec_edgar_dag.py
[2026-02-16T16:08:48.256+0000] {processor.py:840} INFO - DAG(s) 'sec_edgar_pipeline' retrieved from /opt/airflow/dags/sec_edgar_dag.py
[2026-02-16T16:08:48.293+0000] {logging_mixin.py:188} INFO - [2026-02-16T16:08:48.292+0000] {dag.py:3036} INFO - Sync 1 DAGs
[2026-02-16T16:08:48.328+0000] {logging_mixin.py:188} INFO - [2026-02-16T16:08:48.328+0000] {dag.py:3823} INFO - Setting next_dagrun for sec_edgar_pipeline to 2026-02-16 09:00:00+00:00, run_after=2026-02-17 09:00:00+00:00
[2026-02-16T16:08:48.411+0000] {processor.py:183} INFO - Processing /opt/airflow/dags/sec_edgar_dag.py took 0.479 seconds
[2026-02-16T16:09:19.257+0000] {processor.py:161} INFO - Started process (PID=850) to work on /opt/airflow/dags/sec_edgar_dag.py
[2026-02-16T16:09:19.259+0000] {processor.py:830} INFO - Processing file /opt/airflow/dags/sec_edgar_dag.py for tasks to queue
[2026-02-16T16:09:19.262+0000] {logging_mixin.py:188} INFO - [2026-02-16T16:09:19.262+0000] {dagbag.py:538} INFO - Filling up the DagBag from /opt/airflow/dags/sec_edgar_dag.py
[2026-02-16T16:09:19.546+0000] {processor.py:840} INFO - DAG(s) 'sec_edgar_pipeline' retrieved from /opt/airflow/dags/sec_edgar_dag.py
[2026-02-16T16:09:19.578+0000] {logging_mixin.py:188} INFO - [2026-02-16T16:09:19.578+0000] {dag.py:3036} INFO - Sync 1 DAGs
[2026-02-16T16:09:19.616+0000] {logging_mixin.py:188} INFO - [2026-02-16T16:09:19.615+0000] {dag.py:3823} INFO - Setting next_dagrun for sec_edgar_pipeline to 2026-02-16 09:00:00+00:00, run_after=2026-02-17 09:00:00+00:00
[2026-02-16T16:09:19.695+0000] {processor.py:183} INFO - Processing /opt/airflow/dags/sec_edgar_dag.py took 0.443 seconds
[2026-02-16T16:09:49.927+0000] {processor.py:161} INFO - Started process (PID=866) to work on /opt/airflow/dags/sec_edgar_dag.py
[2026-02-16T16:09:49.929+0000] {processor.py:830} INFO - Processing file /opt/airflow/dags/sec_edgar_dag.py for tasks to queue
[2026-02-16T16:09:49.933+0000] {logging_mixin.py:188} INFO - [2026-02-16T16:09:49.932+0000] {dagbag.py:538} INFO - Filling up the DagBag from /opt/airflow/dags/sec_edgar_dag.py
[2026-02-16T16:09:50.282+0000] {processor.py:840} INFO - DAG(s) 'sec_edgar_pipeline' retrieved from /opt/airflow/dags/sec_edgar_dag.py
[2026-02-16T16:09:50.322+0000] {logging_mixin.py:188} INFO - [2026-02-16T16:09:50.322+0000] {dag.py:3036} INFO - Sync 1 DAGs
[2026-02-16T16:09:50.358+0000] {logging_mixin.py:188} INFO - [2026-02-16T16:09:50.357+0000] {dag.py:3823} INFO - Setting next_dagrun for sec_edgar_pipeline to 2026-02-16 09:00:00+00:00, run_after=2026-02-17 09:00:00+00:00
[2026-02-16T16:09:50.445+0000] {processor.py:183} INFO - Processing /opt/airflow/dags/sec_edgar_dag.py took 0.527 seconds
[2026-02-16T16:10:21.236+0000] {processor.py:161} INFO - Started process (PID=882) to work on /opt/airflow/dags/sec_edgar_dag.py
[2026-02-16T16:10:21.238+0000] {processor.py:830} INFO - Processing file /opt/airflow/dags/sec_edgar_dag.py for tasks to queue
[2026-02-16T16:10:21.242+0000] {logging_mixin.py:188} INFO - [2026-02-16T16:10:21.242+0000] {dagbag.py:538} INFO - Filling up the DagBag from /opt/airflow/dags/sec_edgar_dag.py
[2026-02-16T16:10:21.545+0000] {processor.py:840} INFO - DAG(s) 'sec_edgar_pipeline' retrieved from /opt/airflow/dags/sec_edgar_dag.py
[2026-02-16T16:10:21.584+0000] {logging_mixin.py:188} INFO - [2026-02-16T16:10:21.584+0000] {dag.py:3036} INFO - Sync 1 DAGs
[2026-02-16T16:10:21.627+0000] {logging_mixin.py:188} INFO - [2026-02-16T16:10:21.627+0000] {dag.py:3823} INFO - Setting next_dagrun for sec_edgar_pipeline to 2026-02-16 09:00:00+00:00, run_after=2026-02-17 09:00:00+00:00
[2026-02-16T16:10:21.710+0000] {processor.py:183} INFO - Processing /opt/airflow/dags/sec_edgar_dag.py took 0.479 seconds
[2026-02-16T16:10:51.973+0000] {processor.py:161} INFO - Started process (PID=899) to work on /opt/airflow/dags/sec_edgar_dag.py
[2026-02-16T16:10:51.974+0000] {processor.py:830} INFO - Processing file /opt/airflow/dags/sec_edgar_dag.py for tasks to queue
[2026-02-16T16:10:51.979+0000] {logging_mixin.py:188} INFO - [2026-02-16T16:10:51.978+0000] {dagbag.py:538} INFO - Filling up the DagBag from /opt/airflow/dags/sec_edgar_dag.py
[2026-02-16T16:10:52.302+0000] {processor.py:840} INFO - DAG(s) 'sec_edgar_pipeline' retrieved from /opt/airflow/dags/sec_edgar_dag.py
[2026-02-16T16:10:52.342+0000] {logging_mixin.py:188} INFO - [2026-02-16T16:10:52.341+0000] {dag.py:3036} INFO - Sync 1 DAGs
[2026-02-16T16:10:52.375+0000] {logging_mixin.py:188} INFO - [2026-02-16T16:10:52.375+0000] {dag.py:3823} INFO - Setting next_dagrun for sec_edgar_pipeline to 2026-02-16 09:00:00+00:00, run_after=2026-02-17 09:00:00+00:00
[2026-02-16T16:10:52.408+0000] {processor.py:183} INFO - Processing /opt/airflow/dags/sec_edgar_dag.py took 0.442 seconds
[2026-02-16T16:11:22.511+0000] {processor.py:161} INFO - Started process (PID=915) to work on /opt/airflow/dags/sec_edgar_dag.py
[2026-02-16T16:11:22.512+0000] {processor.py:830} INFO - Processing file /opt/airflow/dags/sec_edgar_dag.py for tasks to queue
[2026-02-16T16:11:22.515+0000] {logging_mixin.py:188} INFO - [2026-02-16T16:11:22.515+0000] {dagbag.py:538} INFO - Filling up the DagBag from /opt/airflow/dags/sec_edgar_dag.py
[2026-02-16T16:11:22.801+0000] {processor.py:840} INFO - DAG(s) 'sec_edgar_pipeline' retrieved from /opt/airflow/dags/sec_edgar_dag.py
[2026-02-16T16:11:22.834+0000] {logging_mixin.py:188} INFO - [2026-02-16T16:11:22.833+0000] {dag.py:3036} INFO - Sync 1 DAGs
[2026-02-16T16:11:22.870+0000] {logging_mixin.py:188} INFO - [2026-02-16T16:11:22.870+0000] {dag.py:3823} INFO - Setting next_dagrun for sec_edgar_pipeline to 2026-02-16 09:00:00+00:00, run_after=2026-02-17 09:00:00+00:00
[2026-02-16T16:11:22.898+0000] {processor.py:183} INFO - Processing /opt/airflow/dags/sec_edgar_dag.py took 0.392 seconds
[2026-02-16T16:11:53.000+0000] {processor.py:161} INFO - Started process (PID=931) to work on /opt/airflow/dags/sec_edgar_dag.py
[2026-02-16T16:11:53.003+0000] {processor.py:830} INFO - Processing file /opt/airflow/dags/sec_edgar_dag.py for tasks to queue
[2026-02-16T16:11:53.006+0000] {logging_mixin.py:188} INFO - [2026-02-16T16:11:53.006+0000] {dagbag.py:538} INFO - Filling up the DagBag from /opt/airflow/dags/sec_edgar_dag.py
[2026-02-16T16:11:53.304+0000] {processor.py:840} INFO - DAG(s) 'sec_edgar_pipeline' retrieved from /opt/airflow/dags/sec_edgar_dag.py
[2026-02-16T16:11:53.337+0000] {logging_mixin.py:188} INFO - [2026-02-16T16:11:53.336+0000] {dag.py:3036} INFO - Sync 1 DAGs
[2026-02-16T16:11:53.369+0000] {logging_mixin.py:188} INFO - [2026-02-16T16:11:53.369+0000] {dag.py:3823} INFO - Setting next_dagrun for sec_edgar_pipeline to 2026-02-16 09:00:00+00:00, run_after=2026-02-17 09:00:00+00:00
[2026-02-16T16:11:53.449+0000] {processor.py:183} INFO - Processing /opt/airflow/dags/sec_edgar_dag.py took 0.454 seconds
[2026-02-16T16:12:24.176+0000] {processor.py:161} INFO - Started process (PID=947) to work on /opt/airflow/dags/sec_edgar_dag.py
[2026-02-16T16:12:24.178+0000] {processor.py:830} INFO - Processing file /opt/airflow/dags/sec_edgar_dag.py for tasks to queue
[2026-02-16T16:12:24.182+0000] {logging_mixin.py:188} INFO - [2026-02-16T16:12:24.181+0000] {dagbag.py:538} INFO - Filling up the DagBag from /opt/airflow/dags/sec_edgar_dag.py
[2026-02-16T16:12:24.520+0000] {processor.py:840} INFO - DAG(s) 'sec_edgar_pipeline' retrieved from /opt/airflow/dags/sec_edgar_dag.py
[2026-02-16T16:12:24.557+0000] {logging_mixin.py:188} INFO - [2026-02-16T16:12:24.556+0000] {dag.py:3036} INFO - Sync 1 DAGs
[2026-02-16T16:12:24.595+0000] {logging_mixin.py:188} INFO - [2026-02-16T16:12:24.595+0000] {dag.py:3823} INFO - Setting next_dagrun for sec_edgar_pipeline to 2026-02-16 09:00:00+00:00, run_after=2026-02-17 09:00:00+00:00
[2026-02-16T16:12:24.678+0000] {processor.py:183} INFO - Processing /opt/airflow/dags/sec_edgar_dag.py took 0.508 seconds
[2026-02-16T16:12:54.796+0000] {processor.py:161} INFO - Started process (PID=963) to work on /opt/airflow/dags/sec_edgar_dag.py
[2026-02-16T16:12:54.797+0000] {processor.py:830} INFO - Processing file /opt/airflow/dags/sec_edgar_dag.py for tasks to queue
[2026-02-16T16:12:54.800+0000] {logging_mixin.py:188} INFO - [2026-02-16T16:12:54.800+0000] {dagbag.py:538} INFO - Filling up the DagBag from /opt/airflow/dags/sec_edgar_dag.py
[2026-02-16T16:12:55.092+0000] {processor.py:840} INFO - DAG(s) 'sec_edgar_pipeline' retrieved from /opt/airflow/dags/sec_edgar_dag.py
[2026-02-16T16:12:55.130+0000] {logging_mixin.py:188} INFO - [2026-02-16T16:12:55.129+0000] {dag.py:3036} INFO - Sync 1 DAGs
[2026-02-16T16:12:55.165+0000] {logging_mixin.py:188} INFO - [2026-02-16T16:12:55.165+0000] {dag.py:3823} INFO - Setting next_dagrun for sec_edgar_pipeline to 2026-02-16 09:00:00+00:00, run_after=2026-02-17 09:00:00+00:00
[2026-02-16T16:12:55.248+0000] {processor.py:183} INFO - Processing /opt/airflow/dags/sec_edgar_dag.py took 0.456 seconds
[2026-02-16T16:13:25.345+0000] {processor.py:161} INFO - Started process (PID=979) to work on /opt/airflow/dags/sec_edgar_dag.py
[2026-02-16T16:13:25.347+0000] {processor.py:830} INFO - Processing file /opt/airflow/dags/sec_edgar_dag.py for tasks to queue
[2026-02-16T16:13:25.350+0000] {logging_mixin.py:188} INFO - [2026-02-16T16:13:25.350+0000] {dagbag.py:538} INFO - Filling up the DagBag from /opt/airflow/dags/sec_edgar_dag.py
[2026-02-16T16:13:25.658+0000] {processor.py:840} INFO - DAG(s) 'sec_edgar_pipeline' retrieved from /opt/airflow/dags/sec_edgar_dag.py
[2026-02-16T16:13:25.694+0000] {logging_mixin.py:188} INFO - [2026-02-16T16:13:25.693+0000] {dag.py:3036} INFO - Sync 1 DAGs
[2026-02-16T16:13:25.727+0000] {logging_mixin.py:188} INFO - [2026-02-16T16:13:25.727+0000] {dag.py:3823} INFO - Setting next_dagrun for sec_edgar_pipeline to 2026-02-16 09:00:00+00:00, run_after=2026-02-17 09:00:00+00:00
[2026-02-16T16:13:25.808+0000] {processor.py:183} INFO - Processing /opt/airflow/dags/sec_edgar_dag.py took 0.467 seconds
[2026-02-16T16:56:48.943+0000] {processor.py:161} INFO - Started process (PID=992) to work on /opt/airflow/dags/sec_edgar_dag.py
[2026-02-16T16:56:48.945+0000] {processor.py:830} INFO - Processing file /opt/airflow/dags/sec_edgar_dag.py for tasks to queue
[2026-02-16T16:56:48.958+0000] {logging_mixin.py:188} INFO - [2026-02-16T16:56:48.957+0000] {dagbag.py:538} INFO - Filling up the DagBag from /opt/airflow/dags/sec_edgar_dag.py
[2026-02-16T16:56:49.379+0000] {processor.py:840} INFO - DAG(s) 'sec_edgar_pipeline' retrieved from /opt/airflow/dags/sec_edgar_dag.py
[2026-02-16T16:56:49.435+0000] {logging_mixin.py:188} INFO - [2026-02-16T16:56:49.434+0000] {dag.py:3036} INFO - Sync 1 DAGs
[2026-02-16T16:56:49.477+0000] {logging_mixin.py:188} INFO - [2026-02-16T16:56:49.477+0000] {dag.py:3823} INFO - Setting next_dagrun for sec_edgar_pipeline to 2026-02-16 09:00:00+00:00, run_after=2026-02-17 09:00:00+00:00
[2026-02-16T16:56:49.520+0000] {processor.py:183} INFO - Processing /opt/airflow/dags/sec_edgar_dag.py took 0.585 seconds
[2026-02-16T16:57:20.434+0000] {processor.py:161} INFO - Started process (PID=1013) to work on /opt/airflow/dags/sec_edgar_dag.py
[2026-02-16T16:57:20.435+0000] {processor.py:830} INFO - Processing file /opt/airflow/dags/sec_edgar_dag.py for tasks to queue
[2026-02-16T16:57:20.436+0000] {logging_mixin.py:188} INFO - [2026-02-16T16:57:20.436+0000] {dagbag.py:538} INFO - Filling up the DagBag from /opt/airflow/dags/sec_edgar_dag.py
[2026-02-16T16:57:20.652+0000] {processor.py:840} INFO - DAG(s) 'sec_edgar_pipeline' retrieved from /opt/airflow/dags/sec_edgar_dag.py
[2026-02-16T16:57:20.672+0000] {logging_mixin.py:188} INFO - [2026-02-16T16:57:20.672+0000] {dag.py:3036} INFO - Sync 1 DAGs
[2026-02-16T16:57:20.694+0000] {logging_mixin.py:188} INFO - [2026-02-16T16:57:20.694+0000] {dag.py:3823} INFO - Setting next_dagrun for sec_edgar_pipeline to 2026-02-16 09:00:00+00:00, run_after=2026-02-17 09:00:00+00:00
[2026-02-16T16:57:20.710+0000] {processor.py:183} INFO - Processing /opt/airflow/dags/sec_edgar_dag.py took 0.278 seconds
[2026-02-16T16:57:50.802+0000] {processor.py:161} INFO - Started process (PID=1029) to work on /opt/airflow/dags/sec_edgar_dag.py
[2026-02-16T16:57:50.803+0000] {processor.py:830} INFO - Processing file /opt/airflow/dags/sec_edgar_dag.py for tasks to queue
[2026-02-16T16:57:50.805+0000] {logging_mixin.py:188} INFO - [2026-02-16T16:57:50.805+0000] {dagbag.py:538} INFO - Filling up the DagBag from /opt/airflow/dags/sec_edgar_dag.py
[2026-02-16T16:57:50.988+0000] {processor.py:840} INFO - DAG(s) 'sec_edgar_pipeline' retrieved from /opt/airflow/dags/sec_edgar_dag.py
[2026-02-16T16:57:51.009+0000] {logging_mixin.py:188} INFO - [2026-02-16T16:57:51.008+0000] {dag.py:3036} INFO - Sync 1 DAGs
[2026-02-16T16:57:51.029+0000] {logging_mixin.py:188} INFO - [2026-02-16T16:57:51.029+0000] {dag.py:3823} INFO - Setting next_dagrun for sec_edgar_pipeline to 2026-02-16 09:00:00+00:00, run_after=2026-02-17 09:00:00+00:00
[2026-02-16T16:57:51.045+0000] {processor.py:183} INFO - Processing /opt/airflow/dags/sec_edgar_dag.py took 0.246 seconds
[2026-02-16T16:58:21.238+0000] {processor.py:161} INFO - Started process (PID=1045) to work on /opt/airflow/dags/sec_edgar_dag.py
[2026-02-16T16:58:21.241+0000] {processor.py:830} INFO - Processing file /opt/airflow/dags/sec_edgar_dag.py for tasks to queue
[2026-02-16T16:58:21.244+0000] {logging_mixin.py:188} INFO - [2026-02-16T16:58:21.244+0000] {dagbag.py:538} INFO - Filling up the DagBag from /opt/airflow/dags/sec_edgar_dag.py
[2026-02-16T16:58:21.577+0000] {processor.py:840} INFO - DAG(s) 'sec_edgar_pipeline' retrieved from /opt/airflow/dags/sec_edgar_dag.py
[2026-02-16T16:58:21.622+0000] {logging_mixin.py:188} INFO - [2026-02-16T16:58:21.622+0000] {dag.py:3036} INFO - Sync 1 DAGs
[2026-02-16T16:58:21.661+0000] {logging_mixin.py:188} INFO - [2026-02-16T16:58:21.661+0000] {dag.py:3823} INFO - Setting next_dagrun for sec_edgar_pipeline to 2026-02-16 09:00:00+00:00, run_after=2026-02-17 09:00:00+00:00
[2026-02-16T16:58:21.693+0000] {processor.py:183} INFO - Processing /opt/airflow/dags/sec_edgar_dag.py took 0.461 seconds
[2026-02-16T16:58:52.617+0000] {processor.py:161} INFO - Started process (PID=1061) to work on /opt/airflow/dags/sec_edgar_dag.py
[2026-02-16T16:58:52.618+0000] {processor.py:830} INFO - Processing file /opt/airflow/dags/sec_edgar_dag.py for tasks to queue
[2026-02-16T16:58:52.621+0000] {logging_mixin.py:188} INFO - [2026-02-16T16:58:52.621+0000] {dagbag.py:538} INFO - Filling up the DagBag from /opt/airflow/dags/sec_edgar_dag.py
[2026-02-16T16:58:52.959+0000] {processor.py:840} INFO - DAG(s) 'sec_edgar_pipeline' retrieved from /opt/airflow/dags/sec_edgar_dag.py
[2026-02-16T16:58:52.990+0000] {logging_mixin.py:188} INFO - [2026-02-16T16:58:52.990+0000] {dag.py:3036} INFO - Sync 1 DAGs
[2026-02-16T16:58:53.020+0000] {logging_mixin.py:188} INFO - [2026-02-16T16:58:53.020+0000] {dag.py:3823} INFO - Setting next_dagrun for sec_edgar_pipeline to 2026-02-16 09:00:00+00:00, run_after=2026-02-17 09:00:00+00:00
[2026-02-16T16:58:53.045+0000] {processor.py:183} INFO - Processing /opt/airflow/dags/sec_edgar_dag.py took 0.432 seconds
[2026-02-16T16:59:23.189+0000] {processor.py:161} INFO - Started process (PID=1077) to work on /opt/airflow/dags/sec_edgar_dag.py
[2026-02-16T16:59:23.190+0000] {processor.py:830} INFO - Processing file /opt/airflow/dags/sec_edgar_dag.py for tasks to queue
[2026-02-16T16:59:23.193+0000] {logging_mixin.py:188} INFO - [2026-02-16T16:59:23.193+0000] {dagbag.py:538} INFO - Filling up the DagBag from /opt/airflow/dags/sec_edgar_dag.py
[2026-02-16T16:59:23.508+0000] {processor.py:840} INFO - DAG(s) 'sec_edgar_pipeline' retrieved from /opt/airflow/dags/sec_edgar_dag.py
[2026-02-16T16:59:23.542+0000] {logging_mixin.py:188} INFO - [2026-02-16T16:59:23.541+0000] {dag.py:3036} INFO - Sync 1 DAGs
[2026-02-16T16:59:23.579+0000] {logging_mixin.py:188} INFO - [2026-02-16T16:59:23.578+0000] {dag.py:3823} INFO - Setting next_dagrun for sec_edgar_pipeline to 2026-02-16 09:00:00+00:00, run_after=2026-02-17 09:00:00+00:00
[2026-02-16T16:59:23.618+0000] {processor.py:183} INFO - Processing /opt/airflow/dags/sec_edgar_dag.py took 0.433 seconds
[2026-02-16T16:59:54.469+0000] {processor.py:161} INFO - Started process (PID=1093) to work on /opt/airflow/dags/sec_edgar_dag.py
[2026-02-16T16:59:54.471+0000] {processor.py:830} INFO - Processing file /opt/airflow/dags/sec_edgar_dag.py for tasks to queue
[2026-02-16T16:59:54.474+0000] {logging_mixin.py:188} INFO - [2026-02-16T16:59:54.473+0000] {dagbag.py:538} INFO - Filling up the DagBag from /opt/airflow/dags/sec_edgar_dag.py
[2026-02-16T16:59:54.773+0000] {processor.py:840} INFO - DAG(s) 'sec_edgar_pipeline' retrieved from /opt/airflow/dags/sec_edgar_dag.py
[2026-02-16T16:59:54.808+0000] {logging_mixin.py:188} INFO - [2026-02-16T16:59:54.808+0000] {dag.py:3036} INFO - Sync 1 DAGs
[2026-02-16T16:59:54.840+0000] {logging_mixin.py:188} INFO - [2026-02-16T16:59:54.840+0000] {dag.py:3823} INFO - Setting next_dagrun for sec_edgar_pipeline to 2026-02-16 09:00:00+00:00, run_after=2026-02-17 09:00:00+00:00
[2026-02-16T16:59:54.878+0000] {processor.py:183} INFO - Processing /opt/airflow/dags/sec_edgar_dag.py took 0.414 seconds
[2026-02-16T17:00:25.011+0000] {processor.py:161} INFO - Started process (PID=1109) to work on /opt/airflow/dags/sec_edgar_dag.py
[2026-02-16T17:00:25.013+0000] {processor.py:830} INFO - Processing file /opt/airflow/dags/sec_edgar_dag.py for tasks to queue
[2026-02-16T17:00:25.016+0000] {logging_mixin.py:188} INFO - [2026-02-16T17:00:25.016+0000] {dagbag.py:538} INFO - Filling up the DagBag from /opt/airflow/dags/sec_edgar_dag.py
[2026-02-16T17:00:25.326+0000] {processor.py:840} INFO - DAG(s) 'sec_edgar_pipeline' retrieved from /opt/airflow/dags/sec_edgar_dag.py
[2026-02-16T17:00:25.366+0000] {logging_mixin.py:188} INFO - [2026-02-16T17:00:25.365+0000] {dag.py:3036} INFO - Sync 1 DAGs
[2026-02-16T17:00:25.403+0000] {logging_mixin.py:188} INFO - [2026-02-16T17:00:25.403+0000] {dag.py:3823} INFO - Setting next_dagrun for sec_edgar_pipeline to 2026-02-16 09:00:00+00:00, run_after=2026-02-17 09:00:00+00:00
[2026-02-16T17:00:25.445+0000] {processor.py:183} INFO - Processing /opt/airflow/dags/sec_edgar_dag.py took 0.440 seconds
[2026-02-16T17:00:56.290+0000] {processor.py:161} INFO - Started process (PID=1125) to work on /opt/airflow/dags/sec_edgar_dag.py
[2026-02-16T17:00:56.292+0000] {processor.py:830} INFO - Processing file /opt/airflow/dags/sec_edgar_dag.py for tasks to queue
[2026-02-16T17:00:56.295+0000] {logging_mixin.py:188} INFO - [2026-02-16T17:00:56.295+0000] {dagbag.py:538} INFO - Filling up the DagBag from /opt/airflow/dags/sec_edgar_dag.py
[2026-02-16T17:00:56.583+0000] {processor.py:840} INFO - DAG(s) 'sec_edgar_pipeline' retrieved from /opt/airflow/dags/sec_edgar_dag.py
[2026-02-16T17:00:56.613+0000] {logging_mixin.py:188} INFO - [2026-02-16T17:00:56.613+0000] {dag.py:3036} INFO - Sync 1 DAGs
[2026-02-16T17:00:56.644+0000] {logging_mixin.py:188} INFO - [2026-02-16T17:00:56.644+0000] {dag.py:3823} INFO - Setting next_dagrun for sec_edgar_pipeline to 2026-02-16 09:00:00+00:00, run_after=2026-02-17 09:00:00+00:00
[2026-02-16T17:00:56.701+0000] {processor.py:183} INFO - Processing /opt/airflow/dags/sec_edgar_dag.py took 0.414 seconds
[2026-02-16T17:01:26.954+0000] {processor.py:161} INFO - Started process (PID=1141) to work on /opt/airflow/dags/sec_edgar_dag.py
[2026-02-16T17:01:26.957+0000] {processor.py:830} INFO - Processing file /opt/airflow/dags/sec_edgar_dag.py for tasks to queue
[2026-02-16T17:01:26.961+0000] {logging_mixin.py:188} INFO - [2026-02-16T17:01:26.960+0000] {dagbag.py:538} INFO - Filling up the DagBag from /opt/airflow/dags/sec_edgar_dag.py
[2026-02-16T17:01:27.266+0000] {processor.py:840} INFO - DAG(s) 'sec_edgar_pipeline' retrieved from /opt/airflow/dags/sec_edgar_dag.py
[2026-02-16T17:01:27.301+0000] {logging_mixin.py:188} INFO - [2026-02-16T17:01:27.301+0000] {dag.py:3036} INFO - Sync 1 DAGs
[2026-02-16T17:01:27.340+0000] {logging_mixin.py:188} INFO - [2026-02-16T17:01:27.340+0000] {dag.py:3823} INFO - Setting next_dagrun for sec_edgar_pipeline to 2026-02-16 09:00:00+00:00, run_after=2026-02-17 09:00:00+00:00
[2026-02-16T17:01:27.365+0000] {processor.py:183} INFO - Processing /opt/airflow/dags/sec_edgar_dag.py took 0.416 seconds
[2026-02-16T17:01:57.570+0000] {processor.py:161} INFO - Started process (PID=1157) to work on /opt/airflow/dags/sec_edgar_dag.py
[2026-02-16T17:01:57.571+0000] {processor.py:830} INFO - Processing file /opt/airflow/dags/sec_edgar_dag.py for tasks to queue
[2026-02-16T17:01:57.574+0000] {logging_mixin.py:188} INFO - [2026-02-16T17:01:57.574+0000] {dagbag.py:538} INFO - Filling up the DagBag from /opt/airflow/dags/sec_edgar_dag.py
[2026-02-16T17:01:57.864+0000] {processor.py:840} INFO - DAG(s) 'sec_edgar_pipeline' retrieved from /opt/airflow/dags/sec_edgar_dag.py
[2026-02-16T17:01:57.901+0000] {logging_mixin.py:188} INFO - [2026-02-16T17:01:57.901+0000] {dag.py:3036} INFO - Sync 1 DAGs
[2026-02-16T17:01:57.937+0000] {logging_mixin.py:188} INFO - [2026-02-16T17:01:57.937+0000] {dag.py:3823} INFO - Setting next_dagrun for sec_edgar_pipeline to 2026-02-16 09:00:00+00:00, run_after=2026-02-17 09:00:00+00:00
[2026-02-16T17:01:57.964+0000] {processor.py:183} INFO - Processing /opt/airflow/dags/sec_edgar_dag.py took 0.399 seconds
[2026-02-16T17:02:28.127+0000] {processor.py:161} INFO - Started process (PID=1174) to work on /opt/airflow/dags/sec_edgar_dag.py
[2026-02-16T17:02:28.129+0000] {processor.py:830} INFO - Processing file /opt/airflow/dags/sec_edgar_dag.py for tasks to queue
[2026-02-16T17:02:28.132+0000] {logging_mixin.py:188} INFO - [2026-02-16T17:02:28.131+0000] {dagbag.py:538} INFO - Filling up the DagBag from /opt/airflow/dags/sec_edgar_dag.py
[2026-02-16T17:02:28.408+0000] {processor.py:840} INFO - DAG(s) 'sec_edgar_pipeline' retrieved from /opt/airflow/dags/sec_edgar_dag.py
[2026-02-16T17:02:28.448+0000] {logging_mixin.py:188} INFO - [2026-02-16T17:02:28.448+0000] {dag.py:3036} INFO - Sync 1 DAGs
[2026-02-16T17:02:28.483+0000] {logging_mixin.py:188} INFO - [2026-02-16T17:02:28.483+0000] {dag.py:3823} INFO - Setting next_dagrun for sec_edgar_pipeline to 2026-02-16 09:00:00+00:00, run_after=2026-02-17 09:00:00+00:00
[2026-02-16T17:02:28.514+0000] {processor.py:183} INFO - Processing /opt/airflow/dags/sec_edgar_dag.py took 0.392 seconds
[2026-02-16T17:02:59.407+0000] {processor.py:161} INFO - Started process (PID=1190) to work on /opt/airflow/dags/sec_edgar_dag.py
[2026-02-16T17:02:59.408+0000] {processor.py:830} INFO - Processing file /opt/airflow/dags/sec_edgar_dag.py for tasks to queue
[2026-02-16T17:02:59.411+0000] {logging_mixin.py:188} INFO - [2026-02-16T17:02:59.411+0000] {dagbag.py:538} INFO - Filling up the DagBag from /opt/airflow/dags/sec_edgar_dag.py
[2026-02-16T17:02:59.698+0000] {processor.py:840} INFO - DAG(s) 'sec_edgar_pipeline' retrieved from /opt/airflow/dags/sec_edgar_dag.py
[2026-02-16T17:02:59.731+0000] {logging_mixin.py:188} INFO - [2026-02-16T17:02:59.731+0000] {dag.py:3036} INFO - Sync 1 DAGs
[2026-02-16T17:02:59.763+0000] {logging_mixin.py:188} INFO - [2026-02-16T17:02:59.762+0000] {dag.py:3823} INFO - Setting next_dagrun for sec_edgar_pipeline to 2026-02-16 09:00:00+00:00, run_after=2026-02-17 09:00:00+00:00
[2026-02-16T17:02:59.799+0000] {processor.py:183} INFO - Processing /opt/airflow/dags/sec_edgar_dag.py took 0.396 seconds
[2026-02-16T17:03:29.996+0000] {processor.py:161} INFO - Started process (PID=1206) to work on /opt/airflow/dags/sec_edgar_dag.py
[2026-02-16T17:03:29.997+0000] {processor.py:830} INFO - Processing file /opt/airflow/dags/sec_edgar_dag.py for tasks to queue
[2026-02-16T17:03:30.000+0000] {logging_mixin.py:188} INFO - [2026-02-16T17:03:30.000+0000] {dagbag.py:538} INFO - Filling up the DagBag from /opt/airflow/dags/sec_edgar_dag.py
[2026-02-16T17:03:30.318+0000] {processor.py:840} INFO - DAG(s) 'sec_edgar_pipeline' retrieved from /opt/airflow/dags/sec_edgar_dag.py
[2026-02-16T17:03:30.349+0000] {logging_mixin.py:188} INFO - [2026-02-16T17:03:30.348+0000] {dag.py:3036} INFO - Sync 1 DAGs
[2026-02-16T17:03:30.377+0000] {logging_mixin.py:188} INFO - [2026-02-16T17:03:30.377+0000] {dag.py:3823} INFO - Setting next_dagrun for sec_edgar_pipeline to 2026-02-16 09:00:00+00:00, run_after=2026-02-17 09:00:00+00:00
[2026-02-16T17:03:30.402+0000] {processor.py:183} INFO - Processing /opt/airflow/dags/sec_edgar_dag.py took 0.412 seconds
[2026-02-16T17:04:01.296+0000] {processor.py:161} INFO - Started process (PID=1222) to work on /opt/airflow/dags/sec_edgar_dag.py
[2026-02-16T17:04:01.298+0000] {processor.py:830} INFO - Processing file /opt/airflow/dags/sec_edgar_dag.py for tasks to queue
[2026-02-16T17:04:01.301+0000] {logging_mixin.py:188} INFO - [2026-02-16T17:04:01.301+0000] {dagbag.py:538} INFO - Filling up the DagBag from /opt/airflow/dags/sec_edgar_dag.py
[2026-02-16T17:04:01.585+0000] {processor.py:840} INFO - DAG(s) 'sec_edgar_pipeline' retrieved from /opt/airflow/dags/sec_edgar_dag.py
[2026-02-16T17:04:01.621+0000] {logging_mixin.py:188} INFO - [2026-02-16T17:04:01.621+0000] {dag.py:3036} INFO - Sync 1 DAGs
[2026-02-16T17:04:01.655+0000] {logging_mixin.py:188} INFO - [2026-02-16T17:04:01.655+0000] {dag.py:3823} INFO - Setting next_dagrun for sec_edgar_pipeline to 2026-02-16 09:00:00+00:00, run_after=2026-02-17 09:00:00+00:00
[2026-02-16T17:04:01.692+0000] {processor.py:183} INFO - Processing /opt/airflow/dags/sec_edgar_dag.py took 0.402 seconds
[2026-02-16T17:04:31.884+0000] {processor.py:161} INFO - Started process (PID=1238) to work on /opt/airflow/dags/sec_edgar_dag.py
[2026-02-16T17:04:31.886+0000] {processor.py:830} INFO - Processing file /opt/airflow/dags/sec_edgar_dag.py for tasks to queue
[2026-02-16T17:04:31.889+0000] {logging_mixin.py:188} INFO - [2026-02-16T17:04:31.888+0000] {dagbag.py:538} INFO - Filling up the DagBag from /opt/airflow/dags/sec_edgar_dag.py
[2026-02-16T17:04:32.185+0000] {processor.py:840} INFO - DAG(s) 'sec_edgar_pipeline' retrieved from /opt/airflow/dags/sec_edgar_dag.py
[2026-02-16T17:04:32.219+0000] {logging_mixin.py:188} INFO - [2026-02-16T17:04:32.218+0000] {dag.py:3036} INFO - Sync 1 DAGs
[2026-02-16T17:04:32.255+0000] {logging_mixin.py:188} INFO - [2026-02-16T17:04:32.255+0000] {dag.py:3823} INFO - Setting next_dagrun for sec_edgar_pipeline to 2026-02-16 09:00:00+00:00, run_after=2026-02-17 09:00:00+00:00
[2026-02-16T17:04:32.296+0000] {processor.py:183} INFO - Processing /opt/airflow/dags/sec_edgar_dag.py took 0.417 seconds
[2026-02-16T17:05:02.363+0000] {processor.py:161} INFO - Started process (PID=1260) to work on /opt/airflow/dags/sec_edgar_dag.py
[2026-02-16T17:05:02.365+0000] {processor.py:830} INFO - Processing file /opt/airflow/dags/sec_edgar_dag.py for tasks to queue
[2026-02-16T17:05:02.368+0000] {logging_mixin.py:188} INFO - [2026-02-16T17:05:02.368+0000] {dagbag.py:538} INFO - Filling up the DagBag from /opt/airflow/dags/sec_edgar_dag.py
[2026-02-16T17:05:02.635+0000] {processor.py:840} INFO - DAG(s) 'sec_edgar_pipeline' retrieved from /opt/airflow/dags/sec_edgar_dag.py
[2026-02-16T17:05:02.681+0000] {logging_mixin.py:188} INFO - [2026-02-16T17:05:02.681+0000] {dag.py:3036} INFO - Sync 1 DAGs
[2026-02-16T17:05:02.722+0000] {logging_mixin.py:188} INFO - [2026-02-16T17:05:02.721+0000] {dag.py:3823} INFO - Setting next_dagrun for sec_edgar_pipeline to 2026-02-16 09:00:00+00:00, run_after=2026-02-17 09:00:00+00:00
[2026-02-16T17:05:02.755+0000] {processor.py:183} INFO - Processing /opt/airflow/dags/sec_edgar_dag.py took 0.398 seconds
[2026-02-16T17:05:33.647+0000] {processor.py:161} INFO - Started process (PID=1276) to work on /opt/airflow/dags/sec_edgar_dag.py
[2026-02-16T17:05:33.649+0000] {processor.py:830} INFO - Processing file /opt/airflow/dags/sec_edgar_dag.py for tasks to queue
[2026-02-16T17:05:33.652+0000] {logging_mixin.py:188} INFO - [2026-02-16T17:05:33.651+0000] {dagbag.py:538} INFO - Filling up the DagBag from /opt/airflow/dags/sec_edgar_dag.py
[2026-02-16T17:05:33.965+0000] {processor.py:840} INFO - DAG(s) 'sec_edgar_pipeline' retrieved from /opt/airflow/dags/sec_edgar_dag.py
[2026-02-16T17:05:34.006+0000] {logging_mixin.py:188} INFO - [2026-02-16T17:05:34.005+0000] {dag.py:3036} INFO - Sync 1 DAGs
[2026-02-16T17:05:34.045+0000] {logging_mixin.py:188} INFO - [2026-02-16T17:05:34.044+0000] {dag.py:3823} INFO - Setting next_dagrun for sec_edgar_pipeline to 2026-02-16 09:00:00+00:00, run_after=2026-02-17 09:00:00+00:00
[2026-02-16T17:05:34.072+0000] {processor.py:183} INFO - Processing /opt/airflow/dags/sec_edgar_dag.py took 0.429 seconds
[2026-02-16T17:06:04.287+0000] {processor.py:161} INFO - Started process (PID=1291) to work on /opt/airflow/dags/sec_edgar_dag.py
[2026-02-16T17:06:04.288+0000] {processor.py:830} INFO - Processing file /opt/airflow/dags/sec_edgar_dag.py for tasks to queue
[2026-02-16T17:06:04.291+0000] {logging_mixin.py:188} INFO - [2026-02-16T17:06:04.290+0000] {dagbag.py:538} INFO - Filling up the DagBag from /opt/airflow/dags/sec_edgar_dag.py
[2026-02-16T17:06:04.561+0000] {processor.py:840} INFO - DAG(s) 'sec_edgar_pipeline' retrieved from /opt/airflow/dags/sec_edgar_dag.py
[2026-02-16T17:06:04.607+0000] {logging_mixin.py:188} INFO - [2026-02-16T17:06:04.607+0000] {dag.py:3036} INFO - Sync 1 DAGs
[2026-02-16T17:06:04.649+0000] {logging_mixin.py:188} INFO - [2026-02-16T17:06:04.649+0000] {dag.py:3823} INFO - Setting next_dagrun for sec_edgar_pipeline to 2026-02-16 09:00:00+00:00, run_after=2026-02-17 09:00:00+00:00
[2026-02-16T17:06:04.687+0000] {processor.py:183} INFO - Processing /opt/airflow/dags/sec_edgar_dag.py took 0.406 seconds
[2026-02-16T17:06:35.619+0000] {processor.py:161} INFO - Started process (PID=1307) to work on /opt/airflow/dags/sec_edgar_dag.py
[2026-02-16T17:06:35.620+0000] {processor.py:830} INFO - Processing file /opt/airflow/dags/sec_edgar_dag.py for tasks to queue
[2026-02-16T17:06:35.623+0000] {logging_mixin.py:188} INFO - [2026-02-16T17:06:35.622+0000] {dagbag.py:538} INFO - Filling up the DagBag from /opt/airflow/dags/sec_edgar_dag.py
[2026-02-16T17:06:35.918+0000] {processor.py:840} INFO - DAG(s) 'sec_edgar_pipeline' retrieved from /opt/airflow/dags/sec_edgar_dag.py
[2026-02-16T17:06:35.949+0000] {logging_mixin.py:188} INFO - [2026-02-16T17:06:35.948+0000] {dag.py:3036} INFO - Sync 1 DAGs
[2026-02-16T17:06:35.977+0000] {logging_mixin.py:188} INFO - [2026-02-16T17:06:35.977+0000] {dag.py:3823} INFO - Setting next_dagrun for sec_edgar_pipeline to 2026-02-16 09:00:00+00:00, run_after=2026-02-17 09:00:00+00:00
[2026-02-16T17:06:36.011+0000] {processor.py:183} INFO - Processing /opt/airflow/dags/sec_edgar_dag.py took 0.397 seconds
[2026-02-16T17:07:06.900+0000] {processor.py:161} INFO - Started process (PID=1323) to work on /opt/airflow/dags/sec_edgar_dag.py
[2026-02-16T17:07:06.901+0000] {processor.py:830} INFO - Processing file /opt/airflow/dags/sec_edgar_dag.py for tasks to queue
[2026-02-16T17:07:06.904+0000] {logging_mixin.py:188} INFO - [2026-02-16T17:07:06.903+0000] {dagbag.py:538} INFO - Filling up the DagBag from /opt/airflow/dags/sec_edgar_dag.py
[2026-02-16T17:07:07.199+0000] {processor.py:840} INFO - DAG(s) 'sec_edgar_pipeline' retrieved from /opt/airflow/dags/sec_edgar_dag.py
[2026-02-16T17:07:07.233+0000] {logging_mixin.py:188} INFO - [2026-02-16T17:07:07.233+0000] {dag.py:3036} INFO - Sync 1 DAGs
[2026-02-16T17:07:07.266+0000] {logging_mixin.py:188} INFO - [2026-02-16T17:07:07.266+0000] {dag.py:3823} INFO - Setting next_dagrun for sec_edgar_pipeline to 2026-02-16 09:00:00+00:00, run_after=2026-02-17 09:00:00+00:00
[2026-02-16T17:07:07.304+0000] {processor.py:183} INFO - Processing /opt/airflow/dags/sec_edgar_dag.py took 0.408 seconds
[2026-02-16T17:07:37.445+0000] {processor.py:161} INFO - Started process (PID=1339) to work on /opt/airflow/dags/sec_edgar_dag.py
[2026-02-16T17:07:37.446+0000] {processor.py:830} INFO - Processing file /opt/airflow/dags/sec_edgar_dag.py for tasks to queue
[2026-02-16T17:07:37.448+0000] {logging_mixin.py:188} INFO - [2026-02-16T17:07:37.448+0000] {dagbag.py:538} INFO - Filling up the DagBag from /opt/airflow/dags/sec_edgar_dag.py
[2026-02-16T17:07:37.770+0000] {processor.py:840} INFO - DAG(s) 'sec_edgar_pipeline' retrieved from /opt/airflow/dags/sec_edgar_dag.py
[2026-02-16T17:07:37.810+0000] {logging_mixin.py:188} INFO - [2026-02-16T17:07:37.809+0000] {dag.py:3036} INFO - Sync 1 DAGs
[2026-02-16T17:07:37.842+0000] {logging_mixin.py:188} INFO - [2026-02-16T17:07:37.842+0000] {dag.py:3823} INFO - Setting next_dagrun for sec_edgar_pipeline to 2026-02-16 09:00:00+00:00, run_after=2026-02-17 09:00:00+00:00
[2026-02-16T17:07:37.879+0000] {processor.py:183} INFO - Processing /opt/airflow/dags/sec_edgar_dag.py took 0.438 seconds
[2026-02-16T17:08:08.749+0000] {processor.py:161} INFO - Started process (PID=1355) to work on /opt/airflow/dags/sec_edgar_dag.py
[2026-02-16T17:08:08.751+0000] {processor.py:830} INFO - Processing file /opt/airflow/dags/sec_edgar_dag.py for tasks to queue
[2026-02-16T17:08:08.754+0000] {logging_mixin.py:188} INFO - [2026-02-16T17:08:08.754+0000] {dagbag.py:538} INFO - Filling up the DagBag from /opt/airflow/dags/sec_edgar_dag.py
[2026-02-16T17:08:09.048+0000] {processor.py:840} INFO - DAG(s) 'sec_edgar_pipeline' retrieved from /opt/airflow/dags/sec_edgar_dag.py
[2026-02-16T17:08:09.080+0000] {logging_mixin.py:188} INFO - [2026-02-16T17:08:09.080+0000] {dag.py:3036} INFO - Sync 1 DAGs
[2026-02-16T17:08:09.113+0000] {logging_mixin.py:188} INFO - [2026-02-16T17:08:09.112+0000] {dag.py:3823} INFO - Setting next_dagrun for sec_edgar_pipeline to 2026-02-16 09:00:00+00:00, run_after=2026-02-17 09:00:00+00:00
[2026-02-16T17:08:09.148+0000] {processor.py:183} INFO - Processing /opt/airflow/dags/sec_edgar_dag.py took 0.403 seconds
[2026-02-16T17:08:39.306+0000] {processor.py:161} INFO - Started process (PID=1371) to work on /opt/airflow/dags/sec_edgar_dag.py
[2026-02-16T17:08:39.308+0000] {processor.py:830} INFO - Processing file /opt/airflow/dags/sec_edgar_dag.py for tasks to queue
[2026-02-16T17:08:39.310+0000] {logging_mixin.py:188} INFO - [2026-02-16T17:08:39.310+0000] {dagbag.py:538} INFO - Filling up the DagBag from /opt/airflow/dags/sec_edgar_dag.py
[2026-02-16T17:08:39.599+0000] {processor.py:840} INFO - DAG(s) 'sec_edgar_pipeline' retrieved from /opt/airflow/dags/sec_edgar_dag.py
[2026-02-16T17:08:39.636+0000] {logging_mixin.py:188} INFO - [2026-02-16T17:08:39.635+0000] {dag.py:3036} INFO - Sync 1 DAGs
[2026-02-16T17:08:39.670+0000] {logging_mixin.py:188} INFO - [2026-02-16T17:08:39.669+0000] {dag.py:3823} INFO - Setting next_dagrun for sec_edgar_pipeline to 2026-02-16 09:00:00+00:00, run_after=2026-02-17 09:00:00+00:00
[2026-02-16T17:08:39.707+0000] {processor.py:183} INFO - Processing /opt/airflow/dags/sec_edgar_dag.py took 0.406 seconds
[2026-02-16T17:09:10.608+0000] {processor.py:161} INFO - Started process (PID=1387) to work on /opt/airflow/dags/sec_edgar_dag.py
[2026-02-16T17:09:10.610+0000] {processor.py:830} INFO - Processing file /opt/airflow/dags/sec_edgar_dag.py for tasks to queue
[2026-02-16T17:09:10.612+0000] {logging_mixin.py:188} INFO - [2026-02-16T17:09:10.612+0000] {dagbag.py:538} INFO - Filling up the DagBag from /opt/airflow/dags/sec_edgar_dag.py
[2026-02-16T17:09:10.889+0000] {processor.py:840} INFO - DAG(s) 'sec_edgar_pipeline' retrieved from /opt/airflow/dags/sec_edgar_dag.py
[2026-02-16T17:09:10.922+0000] {logging_mixin.py:188} INFO - [2026-02-16T17:09:10.922+0000] {dag.py:3036} INFO - Sync 1 DAGs
[2026-02-16T17:09:10.957+0000] {logging_mixin.py:188} INFO - [2026-02-16T17:09:10.957+0000] {dag.py:3823} INFO - Setting next_dagrun for sec_edgar_pipeline to 2026-02-16 09:00:00+00:00, run_after=2026-02-17 09:00:00+00:00
[2026-02-16T17:09:10.983+0000] {processor.py:183} INFO - Processing /opt/airflow/dags/sec_edgar_dag.py took 0.379 seconds
[2026-02-16T17:09:41.087+0000] {processor.py:161} INFO - Started process (PID=1403) to work on /opt/airflow/dags/sec_edgar_dag.py
[2026-02-16T17:09:41.088+0000] {processor.py:830} INFO - Processing file /opt/airflow/dags/sec_edgar_dag.py for tasks to queue
[2026-02-16T17:09:41.092+0000] {logging_mixin.py:188} INFO - [2026-02-16T17:09:41.091+0000] {dagbag.py:538} INFO - Filling up the DagBag from /opt/airflow/dags/sec_edgar_dag.py
[2026-02-16T17:09:41.369+0000] {processor.py:840} INFO - DAG(s) 'sec_edgar_pipeline' retrieved from /opt/airflow/dags/sec_edgar_dag.py
[2026-02-16T17:09:41.402+0000] {logging_mixin.py:188} INFO - [2026-02-16T17:09:41.402+0000] {dag.py:3036} INFO - Sync 1 DAGs
[2026-02-16T17:09:41.438+0000] {logging_mixin.py:188} INFO - [2026-02-16T17:09:41.437+0000] {dag.py:3823} INFO - Setting next_dagrun for sec_edgar_pipeline to 2026-02-16 09:00:00+00:00, run_after=2026-02-17 09:00:00+00:00
[2026-02-16T17:09:41.476+0000] {processor.py:183} INFO - Processing /opt/airflow/dags/sec_edgar_dag.py took 0.394 seconds
[2026-02-16T17:10:11.630+0000] {processor.py:161} INFO - Started process (PID=1419) to work on /opt/airflow/dags/sec_edgar_dag.py
[2026-02-16T17:10:11.632+0000] {processor.py:830} INFO - Processing file /opt/airflow/dags/sec_edgar_dag.py for tasks to queue
[2026-02-16T17:10:11.635+0000] {logging_mixin.py:188} INFO - [2026-02-16T17:10:11.634+0000] {dagbag.py:538} INFO - Filling up the DagBag from /opt/airflow/dags/sec_edgar_dag.py
[2026-02-16T17:10:11.920+0000] {processor.py:840} INFO - DAG(s) 'sec_edgar_pipeline' retrieved from /opt/airflow/dags/sec_edgar_dag.py
[2026-02-16T17:10:11.960+0000] {logging_mixin.py:188} INFO - [2026-02-16T17:10:11.959+0000] {dag.py:3036} INFO - Sync 1 DAGs
[2026-02-16T17:10:12.009+0000] {logging_mixin.py:188} INFO - [2026-02-16T17:10:12.008+0000] {dag.py:3823} INFO - Setting next_dagrun for sec_edgar_pipeline to 2026-02-16 09:00:00+00:00, run_after=2026-02-17 09:00:00+00:00
[2026-02-16T17:10:12.039+0000] {processor.py:183} INFO - Processing /opt/airflow/dags/sec_edgar_dag.py took 0.414 seconds
[2026-02-16T17:10:42.904+0000] {processor.py:161} INFO - Started process (PID=1436) to work on /opt/airflow/dags/sec_edgar_dag.py
[2026-02-16T17:10:42.905+0000] {processor.py:830} INFO - Processing file /opt/airflow/dags/sec_edgar_dag.py for tasks to queue
[2026-02-16T17:10:42.908+0000] {logging_mixin.py:188} INFO - [2026-02-16T17:10:42.908+0000] {dagbag.py:538} INFO - Filling up the DagBag from /opt/airflow/dags/sec_edgar_dag.py
[2026-02-16T17:10:43.237+0000] {processor.py:840} INFO - DAG(s) 'sec_edgar_pipeline' retrieved from /opt/airflow/dags/sec_edgar_dag.py
[2026-02-16T17:10:43.276+0000] {logging_mixin.py:188} INFO - [2026-02-16T17:10:43.275+0000] {dag.py:3036} INFO - Sync 1 DAGs
[2026-02-16T17:10:43.315+0000] {logging_mixin.py:188} INFO - [2026-02-16T17:10:43.315+0000] {dag.py:3823} INFO - Setting next_dagrun for sec_edgar_pipeline to 2026-02-16 09:00:00+00:00, run_after=2026-02-17 09:00:00+00:00
[2026-02-16T17:10:43.356+0000] {processor.py:183} INFO - Processing /opt/airflow/dags/sec_edgar_dag.py took 0.456 seconds
[2026-02-16T17:11:13.510+0000] {processor.py:161} INFO - Started process (PID=1452) to work on /opt/airflow/dags/sec_edgar_dag.py
[2026-02-16T17:11:13.512+0000] {processor.py:830} INFO - Processing file /opt/airflow/dags/sec_edgar_dag.py for tasks to queue
[2026-02-16T17:11:13.515+0000] {logging_mixin.py:188} INFO - [2026-02-16T17:11:13.515+0000] {dagbag.py:538} INFO - Filling up the DagBag from /opt/airflow/dags/sec_edgar_dag.py
[2026-02-16T17:11:13.797+0000] {processor.py:840} INFO - DAG(s) 'sec_edgar_pipeline' retrieved from /opt/airflow/dags/sec_edgar_dag.py
[2026-02-16T17:11:13.831+0000] {logging_mixin.py:188} INFO - [2026-02-16T17:11:13.830+0000] {dag.py:3036} INFO - Sync 1 DAGs
[2026-02-16T17:11:13.871+0000] {logging_mixin.py:188} INFO - [2026-02-16T17:11:13.870+0000] {dag.py:3823} INFO - Setting next_dagrun for sec_edgar_pipeline to 2026-02-16 09:00:00+00:00, run_after=2026-02-17 09:00:00+00:00
[2026-02-16T17:11:13.915+0000] {processor.py:183} INFO - Processing /opt/airflow/dags/sec_edgar_dag.py took 0.409 seconds
[2026-02-16T17:11:44.256+0000] {processor.py:161} INFO - Started process (PID=1468) to work on /opt/airflow/dags/sec_edgar_dag.py
[2026-02-16T17:11:44.257+0000] {processor.py:830} INFO - Processing file /opt/airflow/dags/sec_edgar_dag.py for tasks to queue
[2026-02-16T17:11:44.260+0000] {logging_mixin.py:188} INFO - [2026-02-16T17:11:44.260+0000] {dagbag.py:538} INFO - Filling up the DagBag from /opt/airflow/dags/sec_edgar_dag.py
[2026-02-16T17:11:44.558+0000] {processor.py:840} INFO - DAG(s) 'sec_edgar_pipeline' retrieved from /opt/airflow/dags/sec_edgar_dag.py
[2026-02-16T17:11:44.593+0000] {logging_mixin.py:188} INFO - [2026-02-16T17:11:44.592+0000] {dag.py:3036} INFO - Sync 1 DAGs
[2026-02-16T17:11:44.626+0000] {logging_mixin.py:188} INFO - [2026-02-16T17:11:44.625+0000] {dag.py:3823} INFO - Setting next_dagrun for sec_edgar_pipeline to 2026-02-16 09:00:00+00:00, run_after=2026-02-17 09:00:00+00:00
[2026-02-16T17:11:44.662+0000] {processor.py:183} INFO - Processing /opt/airflow/dags/sec_edgar_dag.py took 0.410 seconds
[2026-02-16T17:12:15.547+0000] {processor.py:161} INFO - Started process (PID=1484) to work on /opt/airflow/dags/sec_edgar_dag.py
[2026-02-16T17:12:15.548+0000] {processor.py:830} INFO - Processing file /opt/airflow/dags/sec_edgar_dag.py for tasks to queue
[2026-02-16T17:12:15.555+0000] {logging_mixin.py:188} INFO - [2026-02-16T17:12:15.554+0000] {dagbag.py:538} INFO - Filling up the DagBag from /opt/airflow/dags/sec_edgar_dag.py
[2026-02-16T17:12:15.868+0000] {processor.py:840} INFO - DAG(s) 'sec_edgar_pipeline' retrieved from /opt/airflow/dags/sec_edgar_dag.py
[2026-02-16T17:12:15.902+0000] {logging_mixin.py:188} INFO - [2026-02-16T17:12:15.902+0000] {dag.py:3036} INFO - Sync 1 DAGs
[2026-02-16T17:12:15.938+0000] {logging_mixin.py:188} INFO - [2026-02-16T17:12:15.938+0000] {dag.py:3823} INFO - Setting next_dagrun for sec_edgar_pipeline to 2026-02-16 09:00:00+00:00, run_after=2026-02-17 09:00:00+00:00
[2026-02-16T17:12:15.977+0000] {processor.py:183} INFO - Processing /opt/airflow/dags/sec_edgar_dag.py took 0.436 seconds
[2026-02-16T17:12:46.123+0000] {processor.py:161} INFO - Started process (PID=1500) to work on /opt/airflow/dags/sec_edgar_dag.py
[2026-02-16T17:12:46.125+0000] {processor.py:830} INFO - Processing file /opt/airflow/dags/sec_edgar_dag.py for tasks to queue
[2026-02-16T17:12:46.127+0000] {logging_mixin.py:188} INFO - [2026-02-16T17:12:46.127+0000] {dagbag.py:538} INFO - Filling up the DagBag from /opt/airflow/dags/sec_edgar_dag.py
[2026-02-16T17:12:46.403+0000] {processor.py:840} INFO - DAG(s) 'sec_edgar_pipeline' retrieved from /opt/airflow/dags/sec_edgar_dag.py
[2026-02-16T17:12:46.439+0000] {logging_mixin.py:188} INFO - [2026-02-16T17:12:46.439+0000] {dag.py:3036} INFO - Sync 1 DAGs
[2026-02-16T17:12:46.472+0000] {logging_mixin.py:188} INFO - [2026-02-16T17:12:46.472+0000] {dag.py:3823} INFO - Setting next_dagrun for sec_edgar_pipeline to 2026-02-16 09:00:00+00:00, run_after=2026-02-17 09:00:00+00:00
[2026-02-16T17:12:46.497+0000] {processor.py:183} INFO - Processing /opt/airflow/dags/sec_edgar_dag.py took 0.378 seconds
[2026-02-16T17:13:16.611+0000] {processor.py:161} INFO - Started process (PID=1516) to work on /opt/airflow/dags/sec_edgar_dag.py
[2026-02-16T17:13:16.613+0000] {processor.py:830} INFO - Processing file /opt/airflow/dags/sec_edgar_dag.py for tasks to queue
[2026-02-16T17:13:16.616+0000] {logging_mixin.py:188} INFO - [2026-02-16T17:13:16.615+0000] {dagbag.py:538} INFO - Filling up the DagBag from /opt/airflow/dags/sec_edgar_dag.py
[2026-02-16T17:13:16.912+0000] {processor.py:840} INFO - DAG(s) 'sec_edgar_pipeline' retrieved from /opt/airflow/dags/sec_edgar_dag.py
[2026-02-16T17:13:16.949+0000] {logging_mixin.py:188} INFO - [2026-02-16T17:13:16.949+0000] {dag.py:3036} INFO - Sync 1 DAGs
[2026-02-16T17:13:16.989+0000] {logging_mixin.py:188} INFO - [2026-02-16T17:13:16.989+0000] {dag.py:3823} INFO - Setting next_dagrun for sec_edgar_pipeline to 2026-02-16 09:00:00+00:00, run_after=2026-02-17 09:00:00+00:00
[2026-02-16T17:13:17.032+0000] {processor.py:183} INFO - Processing /opt/airflow/dags/sec_edgar_dag.py took 0.425 seconds
[2026-02-16T17:13:47.886+0000] {processor.py:161} INFO - Started process (PID=1532) to work on /opt/airflow/dags/sec_edgar_dag.py
[2026-02-16T17:13:47.887+0000] {processor.py:830} INFO - Processing file /opt/airflow/dags/sec_edgar_dag.py for tasks to queue
[2026-02-16T17:13:47.889+0000] {logging_mixin.py:188} INFO - [2026-02-16T17:13:47.889+0000] {dagbag.py:538} INFO - Filling up the DagBag from /opt/airflow/dags/sec_edgar_dag.py
[2026-02-16T17:13:48.169+0000] {processor.py:840} INFO - DAG(s) 'sec_edgar_pipeline' retrieved from /opt/airflow/dags/sec_edgar_dag.py
[2026-02-16T17:13:48.204+0000] {logging_mixin.py:188} INFO - [2026-02-16T17:13:48.204+0000] {dag.py:3036} INFO - Sync 1 DAGs
[2026-02-16T17:13:48.238+0000] {logging_mixin.py:188} INFO - [2026-02-16T17:13:48.237+0000] {dag.py:3823} INFO - Setting next_dagrun for sec_edgar_pipeline to 2026-02-16 09:00:00+00:00, run_after=2026-02-17 09:00:00+00:00
[2026-02-16T17:13:48.263+0000] {processor.py:183} INFO - Processing /opt/airflow/dags/sec_edgar_dag.py took 0.381 seconds
[2026-02-16T17:14:18.436+0000] {processor.py:161} INFO - Started process (PID=1548) to work on /opt/airflow/dags/sec_edgar_dag.py
[2026-02-16T17:14:18.437+0000] {processor.py:830} INFO - Processing file /opt/airflow/dags/sec_edgar_dag.py for tasks to queue
[2026-02-16T17:14:18.440+0000] {logging_mixin.py:188} INFO - [2026-02-16T17:14:18.440+0000] {dagbag.py:538} INFO - Filling up the DagBag from /opt/airflow/dags/sec_edgar_dag.py
[2026-02-16T17:14:18.730+0000] {processor.py:840} INFO - DAG(s) 'sec_edgar_pipeline' retrieved from /opt/airflow/dags/sec_edgar_dag.py
[2026-02-16T17:14:18.764+0000] {logging_mixin.py:188} INFO - [2026-02-16T17:14:18.763+0000] {dag.py:3036} INFO - Sync 1 DAGs
[2026-02-16T17:14:18.796+0000] {logging_mixin.py:188} INFO - [2026-02-16T17:14:18.795+0000] {dag.py:3823} INFO - Setting next_dagrun for sec_edgar_pipeline to 2026-02-16 09:00:00+00:00, run_after=2026-02-17 09:00:00+00:00
[2026-02-16T17:14:18.822+0000] {processor.py:183} INFO - Processing /opt/airflow/dags/sec_edgar_dag.py took 0.390 seconds
[2026-02-16T17:14:49.734+0000] {processor.py:161} INFO - Started process (PID=1564) to work on /opt/airflow/dags/sec_edgar_dag.py
[2026-02-16T17:14:49.736+0000] {processor.py:830} INFO - Processing file /opt/airflow/dags/sec_edgar_dag.py for tasks to queue
[2026-02-16T17:14:49.739+0000] {logging_mixin.py:188} INFO - [2026-02-16T17:14:49.739+0000] {dagbag.py:538} INFO - Filling up the DagBag from /opt/airflow/dags/sec_edgar_dag.py
[2026-02-16T17:14:50.010+0000] {processor.py:840} INFO - DAG(s) 'sec_edgar_pipeline' retrieved from /opt/airflow/dags/sec_edgar_dag.py
[2026-02-16T17:14:50.043+0000] {logging_mixin.py:188} INFO - [2026-02-16T17:14:50.043+0000] {dag.py:3036} INFO - Sync 1 DAGs
[2026-02-16T17:14:50.076+0000] {logging_mixin.py:188} INFO - [2026-02-16T17:14:50.075+0000] {dag.py:3823} INFO - Setting next_dagrun for sec_edgar_pipeline to 2026-02-16 09:00:00+00:00, run_after=2026-02-17 09:00:00+00:00
[2026-02-16T17:14:50.115+0000] {processor.py:183} INFO - Processing /opt/airflow/dags/sec_edgar_dag.py took 0.388 seconds
[2026-02-16T17:15:20.310+0000] {processor.py:161} INFO - Started process (PID=1580) to work on /opt/airflow/dags/sec_edgar_dag.py
[2026-02-16T17:15:20.312+0000] {processor.py:830} INFO - Processing file /opt/airflow/dags/sec_edgar_dag.py for tasks to queue
[2026-02-16T17:15:20.317+0000] {logging_mixin.py:188} INFO - [2026-02-16T17:15:20.316+0000] {dagbag.py:538} INFO - Filling up the DagBag from /opt/airflow/dags/sec_edgar_dag.py
[2026-02-16T17:15:20.605+0000] {processor.py:840} INFO - DAG(s) 'sec_edgar_pipeline' retrieved from /opt/airflow/dags/sec_edgar_dag.py
[2026-02-16T17:15:20.640+0000] {logging_mixin.py:188} INFO - [2026-02-16T17:15:20.640+0000] {dag.py:3036} INFO - Sync 1 DAGs
[2026-02-16T17:15:20.677+0000] {logging_mixin.py:188} INFO - [2026-02-16T17:15:20.676+0000] {dag.py:3823} INFO - Setting next_dagrun for sec_edgar_pipeline to 2026-02-16 09:00:00+00:00, run_after=2026-02-17 09:00:00+00:00
[2026-02-16T17:15:20.702+0000] {processor.py:183} INFO - Processing /opt/airflow/dags/sec_edgar_dag.py took 0.396 seconds
[2026-02-16T17:15:51.595+0000] {processor.py:161} INFO - Started process (PID=1596) to work on /opt/airflow/dags/sec_edgar_dag.py
[2026-02-16T17:15:51.597+0000] {processor.py:830} INFO - Processing file /opt/airflow/dags/sec_edgar_dag.py for tasks to queue
[2026-02-16T17:15:51.600+0000] {logging_mixin.py:188} INFO - [2026-02-16T17:15:51.600+0000] {dagbag.py:538} INFO - Filling up the DagBag from /opt/airflow/dags/sec_edgar_dag.py
[2026-02-16T17:15:51.909+0000] {processor.py:840} INFO - DAG(s) 'sec_edgar_pipeline' retrieved from /opt/airflow/dags/sec_edgar_dag.py
[2026-02-16T17:15:51.939+0000] {logging_mixin.py:188} INFO - [2026-02-16T17:15:51.938+0000] {dag.py:3036} INFO - Sync 1 DAGs
[2026-02-16T17:15:51.967+0000] {logging_mixin.py:188} INFO - [2026-02-16T17:15:51.967+0000] {dag.py:3823} INFO - Setting next_dagrun for sec_edgar_pipeline to 2026-02-16 09:00:00+00:00, run_after=2026-02-17 09:00:00+00:00
[2026-02-16T17:15:52.005+0000] {processor.py:183} INFO - Processing /opt/airflow/dags/sec_edgar_dag.py took 0.413 seconds
[2026-02-16T17:16:22.133+0000] {processor.py:161} INFO - Started process (PID=1612) to work on /opt/airflow/dags/sec_edgar_dag.py
[2026-02-16T17:16:22.135+0000] {processor.py:830} INFO - Processing file /opt/airflow/dags/sec_edgar_dag.py for tasks to queue
[2026-02-16T17:16:22.137+0000] {logging_mixin.py:188} INFO - [2026-02-16T17:16:22.137+0000] {dagbag.py:538} INFO - Filling up the DagBag from /opt/airflow/dags/sec_edgar_dag.py
[2026-02-16T17:16:22.415+0000] {processor.py:840} INFO - DAG(s) 'sec_edgar_pipeline' retrieved from /opt/airflow/dags/sec_edgar_dag.py
[2026-02-16T17:16:22.449+0000] {logging_mixin.py:188} INFO - [2026-02-16T17:16:22.448+0000] {dag.py:3036} INFO - Sync 1 DAGs
[2026-02-16T17:16:22.487+0000] {logging_mixin.py:188} INFO - [2026-02-16T17:16:22.486+0000] {dag.py:3823} INFO - Setting next_dagrun for sec_edgar_pipeline to 2026-02-16 09:00:00+00:00, run_after=2026-02-17 09:00:00+00:00
[2026-02-16T17:16:22.514+0000] {processor.py:183} INFO - Processing /opt/airflow/dags/sec_edgar_dag.py took 0.386 seconds
[2026-02-16T17:16:53.031+0000] {processor.py:161} INFO - Started process (PID=1628) to work on /opt/airflow/dags/sec_edgar_dag.py
[2026-02-16T17:16:53.032+0000] {processor.py:830} INFO - Processing file /opt/airflow/dags/sec_edgar_dag.py for tasks to queue
[2026-02-16T17:16:53.037+0000] {logging_mixin.py:188} INFO - [2026-02-16T17:16:53.036+0000] {dagbag.py:538} INFO - Filling up the DagBag from /opt/airflow/dags/sec_edgar_dag.py
[2026-02-16T17:16:53.376+0000] {processor.py:840} INFO - DAG(s) 'sec_edgar_pipeline' retrieved from /opt/airflow/dags/sec_edgar_dag.py
[2026-02-16T17:16:53.420+0000] {logging_mixin.py:188} INFO - [2026-02-16T17:16:53.419+0000] {dag.py:3036} INFO - Sync 1 DAGs
[2026-02-16T17:16:53.475+0000] {logging_mixin.py:188} INFO - [2026-02-16T17:16:53.474+0000] {dag.py:3823} INFO - Setting next_dagrun for sec_edgar_pipeline to 2026-02-16 09:00:00+00:00, run_after=2026-02-17 09:00:00+00:00
[2026-02-16T17:16:53.528+0000] {processor.py:183} INFO - Processing /opt/airflow/dags/sec_edgar_dag.py took 0.502 seconds
[2026-02-16T17:17:23.904+0000] {processor.py:161} INFO - Started process (PID=1644) to work on /opt/airflow/dags/sec_edgar_dag.py
[2026-02-16T17:17:23.906+0000] {processor.py:830} INFO - Processing file /opt/airflow/dags/sec_edgar_dag.py for tasks to queue
[2026-02-16T17:17:23.909+0000] {logging_mixin.py:188} INFO - [2026-02-16T17:17:23.908+0000] {dagbag.py:538} INFO - Filling up the DagBag from /opt/airflow/dags/sec_edgar_dag.py
[2026-02-16T17:17:24.240+0000] {processor.py:840} INFO - DAG(s) 'sec_edgar_pipeline' retrieved from /opt/airflow/dags/sec_edgar_dag.py
[2026-02-16T17:17:24.283+0000] {logging_mixin.py:188} INFO - [2026-02-16T17:17:24.282+0000] {dag.py:3036} INFO - Sync 1 DAGs
[2026-02-16T17:17:24.327+0000] {logging_mixin.py:188} INFO - [2026-02-16T17:17:24.327+0000] {dag.py:3823} INFO - Setting next_dagrun for sec_edgar_pipeline to 2026-02-16 09:00:00+00:00, run_after=2026-02-17 09:00:00+00:00
[2026-02-16T17:17:24.356+0000] {processor.py:183} INFO - Processing /opt/airflow/dags/sec_edgar_dag.py took 0.456 seconds
[2026-02-16T17:17:54.585+0000] {processor.py:161} INFO - Started process (PID=1661) to work on /opt/airflow/dags/sec_edgar_dag.py
[2026-02-16T17:17:54.587+0000] {processor.py:830} INFO - Processing file /opt/airflow/dags/sec_edgar_dag.py for tasks to queue
[2026-02-16T17:17:54.592+0000] {logging_mixin.py:188} INFO - [2026-02-16T17:17:54.592+0000] {dagbag.py:538} INFO - Filling up the DagBag from /opt/airflow/dags/sec_edgar_dag.py
[2026-02-16T17:17:54.910+0000] {processor.py:840} INFO - DAG(s) 'sec_edgar_pipeline' retrieved from /opt/airflow/dags/sec_edgar_dag.py
[2026-02-16T17:17:54.949+0000] {logging_mixin.py:188} INFO - [2026-02-16T17:17:54.948+0000] {dag.py:3036} INFO - Sync 1 DAGs
[2026-02-16T17:17:54.991+0000] {logging_mixin.py:188} INFO - [2026-02-16T17:17:54.990+0000] {dag.py:3823} INFO - Setting next_dagrun for sec_edgar_pipeline to 2026-02-16 09:00:00+00:00, run_after=2026-02-17 09:00:00+00:00
[2026-02-16T17:17:55.038+0000] {processor.py:183} INFO - Processing /opt/airflow/dags/sec_edgar_dag.py took 0.457 seconds
[2026-02-16T17:18:25.921+0000] {processor.py:161} INFO - Started process (PID=1677) to work on /opt/airflow/dags/sec_edgar_dag.py
[2026-02-16T17:18:25.925+0000] {processor.py:830} INFO - Processing file /opt/airflow/dags/sec_edgar_dag.py for tasks to queue
[2026-02-16T17:18:25.933+0000] {logging_mixin.py:188} INFO - [2026-02-16T17:18:25.932+0000] {dagbag.py:538} INFO - Filling up the DagBag from /opt/airflow/dags/sec_edgar_dag.py
[2026-02-16T17:18:26.289+0000] {processor.py:840} INFO - DAG(s) 'sec_edgar_pipeline' retrieved from /opt/airflow/dags/sec_edgar_dag.py
[2026-02-16T17:18:26.336+0000] {logging_mixin.py:188} INFO - [2026-02-16T17:18:26.335+0000] {dag.py:3036} INFO - Sync 1 DAGs
[2026-02-16T17:18:26.386+0000] {logging_mixin.py:188} INFO - [2026-02-16T17:18:26.385+0000] {dag.py:3823} INFO - Setting next_dagrun for sec_edgar_pipeline to 2026-02-16 09:00:00+00:00, run_after=2026-02-17 09:00:00+00:00
[2026-02-16T17:18:26.431+0000] {processor.py:183} INFO - Processing /opt/airflow/dags/sec_edgar_dag.py took 0.520 seconds
[2026-02-16T17:18:56.502+0000] {processor.py:161} INFO - Started process (PID=1693) to work on /opt/airflow/dags/sec_edgar_dag.py
[2026-02-16T17:18:56.503+0000] {processor.py:830} INFO - Processing file /opt/airflow/dags/sec_edgar_dag.py for tasks to queue
[2026-02-16T17:18:56.506+0000] {logging_mixin.py:188} INFO - [2026-02-16T17:18:56.506+0000] {dagbag.py:538} INFO - Filling up the DagBag from /opt/airflow/dags/sec_edgar_dag.py
[2026-02-16T17:18:56.842+0000] {processor.py:840} INFO - DAG(s) 'sec_edgar_pipeline' retrieved from /opt/airflow/dags/sec_edgar_dag.py
[2026-02-16T17:18:56.879+0000] {logging_mixin.py:188} INFO - [2026-02-16T17:18:56.879+0000] {dag.py:3036} INFO - Sync 1 DAGs
[2026-02-16T17:18:56.914+0000] {logging_mixin.py:188} INFO - [2026-02-16T17:18:56.914+0000] {dag.py:3823} INFO - Setting next_dagrun for sec_edgar_pipeline to 2026-02-16 09:00:00+00:00, run_after=2026-02-17 09:00:00+00:00
[2026-02-16T17:18:56.948+0000] {processor.py:183} INFO - Processing /opt/airflow/dags/sec_edgar_dag.py took 0.451 seconds
[2026-02-16T17:19:27.810+0000] {processor.py:161} INFO - Started process (PID=1709) to work on /opt/airflow/dags/sec_edgar_dag.py
[2026-02-16T17:19:27.812+0000] {processor.py:830} INFO - Processing file /opt/airflow/dags/sec_edgar_dag.py for tasks to queue
[2026-02-16T17:19:27.816+0000] {logging_mixin.py:188} INFO - [2026-02-16T17:19:27.816+0000] {dagbag.py:538} INFO - Filling up the DagBag from /opt/airflow/dags/sec_edgar_dag.py
[2026-02-16T17:19:28.138+0000] {processor.py:840} INFO - DAG(s) 'sec_edgar_pipeline' retrieved from /opt/airflow/dags/sec_edgar_dag.py
[2026-02-16T17:19:28.188+0000] {logging_mixin.py:188} INFO - [2026-02-16T17:19:28.187+0000] {dag.py:3036} INFO - Sync 1 DAGs
[2026-02-16T17:19:28.234+0000] {logging_mixin.py:188} INFO - [2026-02-16T17:19:28.233+0000] {dag.py:3823} INFO - Setting next_dagrun for sec_edgar_pipeline to 2026-02-16 09:00:00+00:00, run_after=2026-02-17 09:00:00+00:00
[2026-02-16T17:19:28.266+0000] {processor.py:183} INFO - Processing /opt/airflow/dags/sec_edgar_dag.py took 0.460 seconds
[2026-02-16T17:19:58.477+0000] {processor.py:161} INFO - Started process (PID=1725) to work on /opt/airflow/dags/sec_edgar_dag.py
[2026-02-16T17:19:58.479+0000] {processor.py:830} INFO - Processing file /opt/airflow/dags/sec_edgar_dag.py for tasks to queue
[2026-02-16T17:19:58.482+0000] {logging_mixin.py:188} INFO - [2026-02-16T17:19:58.481+0000] {dagbag.py:538} INFO - Filling up the DagBag from /opt/airflow/dags/sec_edgar_dag.py
[2026-02-16T17:19:58.797+0000] {processor.py:840} INFO - DAG(s) 'sec_edgar_pipeline' retrieved from /opt/airflow/dags/sec_edgar_dag.py
[2026-02-16T17:19:58.840+0000] {logging_mixin.py:188} INFO - [2026-02-16T17:19:58.839+0000] {dag.py:3036} INFO - Sync 1 DAGs
[2026-02-16T17:19:58.884+0000] {logging_mixin.py:188} INFO - [2026-02-16T17:19:58.884+0000] {dag.py:3823} INFO - Setting next_dagrun for sec_edgar_pipeline to 2026-02-16 09:00:00+00:00, run_after=2026-02-17 09:00:00+00:00
[2026-02-16T17:19:58.918+0000] {processor.py:183} INFO - Processing /opt/airflow/dags/sec_edgar_dag.py took 0.446 seconds
[2026-02-16T17:20:29.099+0000] {processor.py:161} INFO - Started process (PID=1741) to work on /opt/airflow/dags/sec_edgar_dag.py
[2026-02-16T17:20:29.100+0000] {processor.py:830} INFO - Processing file /opt/airflow/dags/sec_edgar_dag.py for tasks to queue
[2026-02-16T17:20:29.103+0000] {logging_mixin.py:188} INFO - [2026-02-16T17:20:29.103+0000] {dagbag.py:538} INFO - Filling up the DagBag from /opt/airflow/dags/sec_edgar_dag.py
[2026-02-16T17:20:29.424+0000] {processor.py:840} INFO - DAG(s) 'sec_edgar_pipeline' retrieved from /opt/airflow/dags/sec_edgar_dag.py
[2026-02-16T17:20:29.467+0000] {logging_mixin.py:188} INFO - [2026-02-16T17:20:29.466+0000] {dag.py:3036} INFO - Sync 1 DAGs
[2026-02-16T17:20:30.412+0000] {logging_mixin.py:188} INFO - [2026-02-16T17:20:30.412+0000] {dag.py:3823} INFO - Setting next_dagrun for sec_edgar_pipeline to 2026-02-16 09:00:00+00:00, run_after=2026-02-17 09:00:00+00:00
[2026-02-16T17:20:30.443+0000] {processor.py:183} INFO - Processing /opt/airflow/dags/sec_edgar_dag.py took 1.348 seconds
[2026-02-16T17:21:00.578+0000] {processor.py:161} INFO - Started process (PID=1757) to work on /opt/airflow/dags/sec_edgar_dag.py
[2026-02-16T17:21:00.580+0000] {processor.py:830} INFO - Processing file /opt/airflow/dags/sec_edgar_dag.py for tasks to queue
[2026-02-16T17:21:00.583+0000] {logging_mixin.py:188} INFO - [2026-02-16T17:21:00.582+0000] {dagbag.py:538} INFO - Filling up the DagBag from /opt/airflow/dags/sec_edgar_dag.py
[2026-02-16T17:21:00.921+0000] {processor.py:840} INFO - DAG(s) 'sec_edgar_pipeline' retrieved from /opt/airflow/dags/sec_edgar_dag.py
[2026-02-16T17:21:00.958+0000] {logging_mixin.py:188} INFO - [2026-02-16T17:21:00.958+0000] {dag.py:3036} INFO - Sync 1 DAGs
[2026-02-16T17:21:00.995+0000] {logging_mixin.py:188} INFO - [2026-02-16T17:21:00.995+0000] {dag.py:3823} INFO - Setting next_dagrun for sec_edgar_pipeline to 2026-02-16 09:00:00+00:00, run_after=2026-02-17 09:00:00+00:00
[2026-02-16T17:21:01.026+0000] {processor.py:183} INFO - Processing /opt/airflow/dags/sec_edgar_dag.py took 0.453 seconds
[2026-02-16T17:21:31.925+0000] {processor.py:161} INFO - Started process (PID=1773) to work on /opt/airflow/dags/sec_edgar_dag.py
[2026-02-16T17:21:31.926+0000] {processor.py:830} INFO - Processing file /opt/airflow/dags/sec_edgar_dag.py for tasks to queue
[2026-02-16T17:21:31.929+0000] {logging_mixin.py:188} INFO - [2026-02-16T17:21:31.929+0000] {dagbag.py:538} INFO - Filling up the DagBag from /opt/airflow/dags/sec_edgar_dag.py
[2026-02-16T17:21:32.217+0000] {processor.py:840} INFO - DAG(s) 'sec_edgar_pipeline' retrieved from /opt/airflow/dags/sec_edgar_dag.py
[2026-02-16T17:21:32.250+0000] {logging_mixin.py:188} INFO - [2026-02-16T17:21:32.250+0000] {dag.py:3036} INFO - Sync 1 DAGs
[2026-02-16T17:21:32.544+0000] {logging_mixin.py:188} INFO - [2026-02-16T17:21:32.543+0000] {dag.py:3823} INFO - Setting next_dagrun for sec_edgar_pipeline to 2026-02-16 09:00:00+00:00, run_after=2026-02-17 09:00:00+00:00
[2026-02-16T17:21:32.591+0000] {processor.py:183} INFO - Processing /opt/airflow/dags/sec_edgar_dag.py took 0.670 seconds
[2026-02-16T17:22:02.758+0000] {processor.py:161} INFO - Started process (PID=1789) to work on /opt/airflow/dags/sec_edgar_dag.py
[2026-02-16T17:22:02.760+0000] {processor.py:830} INFO - Processing file /opt/airflow/dags/sec_edgar_dag.py for tasks to queue
[2026-02-16T17:22:02.763+0000] {logging_mixin.py:188} INFO - [2026-02-16T17:22:02.763+0000] {dagbag.py:538} INFO - Filling up the DagBag from /opt/airflow/dags/sec_edgar_dag.py
[2026-02-16T17:22:03.083+0000] {processor.py:840} INFO - DAG(s) 'sec_edgar_pipeline' retrieved from /opt/airflow/dags/sec_edgar_dag.py
[2026-02-16T17:22:03.121+0000] {logging_mixin.py:188} INFO - [2026-02-16T17:22:03.120+0000] {dag.py:3036} INFO - Sync 1 DAGs
[2026-02-16T17:22:03.157+0000] {logging_mixin.py:188} INFO - [2026-02-16T17:22:03.157+0000] {dag.py:3823} INFO - Setting next_dagrun for sec_edgar_pipeline to 2026-02-16 09:00:00+00:00, run_after=2026-02-17 09:00:00+00:00
[2026-02-16T17:22:03.184+0000] {processor.py:183} INFO - Processing /opt/airflow/dags/sec_edgar_dag.py took 0.431 seconds
[2026-02-16T17:22:33.324+0000] {processor.py:161} INFO - Started process (PID=1805) to work on /opt/airflow/dags/sec_edgar_dag.py
[2026-02-16T17:22:33.326+0000] {processor.py:830} INFO - Processing file /opt/airflow/dags/sec_edgar_dag.py for tasks to queue
[2026-02-16T17:22:33.331+0000] {logging_mixin.py:188} INFO - [2026-02-16T17:22:33.330+0000] {dagbag.py:538} INFO - Filling up the DagBag from /opt/airflow/dags/sec_edgar_dag.py
[2026-02-16T17:22:33.655+0000] {processor.py:840} INFO - DAG(s) 'sec_edgar_pipeline' retrieved from /opt/airflow/dags/sec_edgar_dag.py
[2026-02-16T17:22:33.691+0000] {logging_mixin.py:188} INFO - [2026-02-16T17:22:33.690+0000] {dag.py:3036} INFO - Sync 1 DAGs
[2026-02-16T17:22:34.107+0000] {logging_mixin.py:188} INFO - [2026-02-16T17:22:34.106+0000] {dag.py:3823} INFO - Setting next_dagrun for sec_edgar_pipeline to 2026-02-16 09:00:00+00:00, run_after=2026-02-17 09:00:00+00:00
[2026-02-16T17:22:34.144+0000] {processor.py:183} INFO - Processing /opt/airflow/dags/sec_edgar_dag.py took 0.825 seconds
[2026-02-16T17:23:04.478+0000] {processor.py:161} INFO - Started process (PID=1821) to work on /opt/airflow/dags/sec_edgar_dag.py
[2026-02-16T17:23:04.480+0000] {processor.py:830} INFO - Processing file /opt/airflow/dags/sec_edgar_dag.py for tasks to queue
[2026-02-16T17:23:04.483+0000] {logging_mixin.py:188} INFO - [2026-02-16T17:23:04.483+0000] {dagbag.py:538} INFO - Filling up the DagBag from /opt/airflow/dags/sec_edgar_dag.py
[2026-02-16T17:23:04.871+0000] {processor.py:840} INFO - DAG(s) 'sec_edgar_pipeline' retrieved from /opt/airflow/dags/sec_edgar_dag.py
[2026-02-16T17:23:04.918+0000] {logging_mixin.py:188} INFO - [2026-02-16T17:23:04.917+0000] {dag.py:3036} INFO - Sync 1 DAGs
[2026-02-16T17:23:04.977+0000] {logging_mixin.py:188} INFO - [2026-02-16T17:23:04.976+0000] {dag.py:3823} INFO - Setting next_dagrun for sec_edgar_pipeline to 2026-02-16 09:00:00+00:00, run_after=2026-02-17 09:00:00+00:00
[2026-02-16T17:23:05.022+0000] {processor.py:183} INFO - Processing /opt/airflow/dags/sec_edgar_dag.py took 0.548 seconds
[2026-02-16T17:23:35.791+0000] {processor.py:161} INFO - Started process (PID=1843) to work on /opt/airflow/dags/sec_edgar_dag.py
[2026-02-16T17:23:35.793+0000] {processor.py:830} INFO - Processing file /opt/airflow/dags/sec_edgar_dag.py for tasks to queue
[2026-02-16T17:23:35.796+0000] {logging_mixin.py:188} INFO - [2026-02-16T17:23:35.796+0000] {dagbag.py:538} INFO - Filling up the DagBag from /opt/airflow/dags/sec_edgar_dag.py
[2026-02-16T17:23:36.112+0000] {processor.py:840} INFO - DAG(s) 'sec_edgar_pipeline' retrieved from /opt/airflow/dags/sec_edgar_dag.py
[2026-02-16T17:23:36.149+0000] {logging_mixin.py:188} INFO - [2026-02-16T17:23:36.148+0000] {dag.py:3036} INFO - Sync 1 DAGs
[2026-02-16T17:23:36.437+0000] {logging_mixin.py:188} INFO - [2026-02-16T17:23:36.436+0000] {dag.py:3823} INFO - Setting next_dagrun for sec_edgar_pipeline to 2026-02-16 09:00:00+00:00, run_after=2026-02-17 09:00:00+00:00
[2026-02-16T17:23:36.461+0000] {processor.py:183} INFO - Processing /opt/airflow/dags/sec_edgar_dag.py took 0.675 seconds
[2026-02-16T17:24:07.261+0000] {processor.py:161} INFO - Started process (PID=1859) to work on /opt/airflow/dags/sec_edgar_dag.py
[2026-02-16T17:24:07.266+0000] {processor.py:830} INFO - Processing file /opt/airflow/dags/sec_edgar_dag.py for tasks to queue
[2026-02-16T17:24:07.273+0000] {logging_mixin.py:188} INFO - [2026-02-16T17:24:07.273+0000] {dagbag.py:538} INFO - Filling up the DagBag from /opt/airflow/dags/sec_edgar_dag.py
[2026-02-16T17:24:07.611+0000] {processor.py:840} INFO - DAG(s) 'sec_edgar_pipeline' retrieved from /opt/airflow/dags/sec_edgar_dag.py
[2026-02-16T17:24:07.646+0000] {logging_mixin.py:188} INFO - [2026-02-16T17:24:07.645+0000] {dag.py:3036} INFO - Sync 1 DAGs
[2026-02-16T17:24:07.679+0000] {logging_mixin.py:188} INFO - [2026-02-16T17:24:07.679+0000] {dag.py:3823} INFO - Setting next_dagrun for sec_edgar_pipeline to 2026-02-16 09:00:00+00:00, run_after=2026-02-17 09:00:00+00:00
[2026-02-16T17:24:07.713+0000] {processor.py:183} INFO - Processing /opt/airflow/dags/sec_edgar_dag.py took 0.462 seconds
[2026-02-16T17:24:37.994+0000] {processor.py:161} INFO - Started process (PID=1875) to work on /opt/airflow/dags/sec_edgar_dag.py
[2026-02-16T17:24:37.996+0000] {processor.py:830} INFO - Processing file /opt/airflow/dags/sec_edgar_dag.py for tasks to queue
[2026-02-16T17:24:37.999+0000] {logging_mixin.py:188} INFO - [2026-02-16T17:24:37.998+0000] {dagbag.py:538} INFO - Filling up the DagBag from /opt/airflow/dags/sec_edgar_dag.py
[2026-02-16T17:24:38.320+0000] {processor.py:840} INFO - DAG(s) 'sec_edgar_pipeline' retrieved from /opt/airflow/dags/sec_edgar_dag.py
[2026-02-16T17:24:38.366+0000] {logging_mixin.py:188} INFO - [2026-02-16T17:24:38.366+0000] {dag.py:3036} INFO - Sync 1 DAGs
[2026-02-16T17:24:38.671+0000] {logging_mixin.py:188} INFO - [2026-02-16T17:24:38.670+0000] {dag.py:3823} INFO - Setting next_dagrun for sec_edgar_pipeline to 2026-02-16 09:00:00+00:00, run_after=2026-02-17 09:00:00+00:00
[2026-02-16T17:24:38.708+0000] {processor.py:183} INFO - Processing /opt/airflow/dags/sec_edgar_dag.py took 0.720 seconds
[2026-02-16T17:25:09.076+0000] {processor.py:161} INFO - Started process (PID=1891) to work on /opt/airflow/dags/sec_edgar_dag.py
[2026-02-16T17:25:09.078+0000] {processor.py:830} INFO - Processing file /opt/airflow/dags/sec_edgar_dag.py for tasks to queue
[2026-02-16T17:25:09.081+0000] {logging_mixin.py:188} INFO - [2026-02-16T17:25:09.080+0000] {dagbag.py:538} INFO - Filling up the DagBag from /opt/airflow/dags/sec_edgar_dag.py
[2026-02-16T17:25:09.377+0000] {processor.py:840} INFO - DAG(s) 'sec_edgar_pipeline' retrieved from /opt/airflow/dags/sec_edgar_dag.py
[2026-02-16T17:25:09.411+0000] {logging_mixin.py:188} INFO - [2026-02-16T17:25:09.410+0000] {dag.py:3036} INFO - Sync 1 DAGs
[2026-02-16T17:25:09.443+0000] {logging_mixin.py:188} INFO - [2026-02-16T17:25:09.443+0000] {dag.py:3823} INFO - Setting next_dagrun for sec_edgar_pipeline to 2026-02-16 09:00:00+00:00, run_after=2026-02-17 09:00:00+00:00
[2026-02-16T17:25:09.481+0000] {processor.py:183} INFO - Processing /opt/airflow/dags/sec_edgar_dag.py took 0.409 seconds
[2026-02-16T17:25:39.671+0000] {processor.py:161} INFO - Started process (PID=1907) to work on /opt/airflow/dags/sec_edgar_dag.py
[2026-02-16T17:25:39.672+0000] {processor.py:830} INFO - Processing file /opt/airflow/dags/sec_edgar_dag.py for tasks to queue
[2026-02-16T17:25:39.675+0000] {logging_mixin.py:188} INFO - [2026-02-16T17:25:39.675+0000] {dagbag.py:538} INFO - Filling up the DagBag from /opt/airflow/dags/sec_edgar_dag.py
[2026-02-16T17:25:39.989+0000] {processor.py:840} INFO - DAG(s) 'sec_edgar_pipeline' retrieved from /opt/airflow/dags/sec_edgar_dag.py
[2026-02-16T17:25:40.030+0000] {logging_mixin.py:188} INFO - [2026-02-16T17:25:40.029+0000] {dag.py:3036} INFO - Sync 1 DAGs
[2026-02-16T17:25:40.341+0000] {logging_mixin.py:188} INFO - [2026-02-16T17:25:40.341+0000] {dag.py:3823} INFO - Setting next_dagrun for sec_edgar_pipeline to 2026-02-16 09:00:00+00:00, run_after=2026-02-17 09:00:00+00:00
[2026-02-16T17:25:40.382+0000] {processor.py:183} INFO - Processing /opt/airflow/dags/sec_edgar_dag.py took 0.715 seconds
[2026-02-16T17:26:10.735+0000] {processor.py:161} INFO - Started process (PID=1923) to work on /opt/airflow/dags/sec_edgar_dag.py
[2026-02-16T17:26:10.736+0000] {processor.py:830} INFO - Processing file /opt/airflow/dags/sec_edgar_dag.py for tasks to queue
[2026-02-16T17:26:10.739+0000] {logging_mixin.py:188} INFO - [2026-02-16T17:26:10.739+0000] {dagbag.py:538} INFO - Filling up the DagBag from /opt/airflow/dags/sec_edgar_dag.py
[2026-02-16T17:26:11.048+0000] {processor.py:840} INFO - DAG(s) 'sec_edgar_pipeline' retrieved from /opt/airflow/dags/sec_edgar_dag.py
[2026-02-16T17:26:11.082+0000] {logging_mixin.py:188} INFO - [2026-02-16T17:26:11.081+0000] {dag.py:3036} INFO - Sync 1 DAGs
[2026-02-16T17:26:11.118+0000] {logging_mixin.py:188} INFO - [2026-02-16T17:26:11.118+0000] {dag.py:3823} INFO - Setting next_dagrun for sec_edgar_pipeline to 2026-02-16 09:00:00+00:00, run_after=2026-02-17 09:00:00+00:00
[2026-02-16T17:26:11.157+0000] {processor.py:183} INFO - Processing /opt/airflow/dags/sec_edgar_dag.py took 0.427 seconds
[2026-02-16T17:26:42.730+0000] {processor.py:161} INFO - Started process (PID=1939) to work on /opt/airflow/dags/sec_edgar_dag.py
[2026-02-16T17:26:42.732+0000] {processor.py:830} INFO - Processing file /opt/airflow/dags/sec_edgar_dag.py for tasks to queue
[2026-02-16T17:26:42.735+0000] {logging_mixin.py:188} INFO - [2026-02-16T17:26:42.734+0000] {dagbag.py:538} INFO - Filling up the DagBag from /opt/airflow/dags/sec_edgar_dag.py
[2026-02-16T17:26:43.040+0000] {processor.py:840} INFO - DAG(s) 'sec_edgar_pipeline' retrieved from /opt/airflow/dags/sec_edgar_dag.py
[2026-02-16T17:26:43.080+0000] {logging_mixin.py:188} INFO - [2026-02-16T17:26:43.079+0000] {dag.py:3036} INFO - Sync 1 DAGs
[2026-02-16T17:26:43.372+0000] {logging_mixin.py:188} INFO - [2026-02-16T17:26:43.372+0000] {dag.py:3823} INFO - Setting next_dagrun for sec_edgar_pipeline to 2026-02-16 09:00:00+00:00, run_after=2026-02-17 09:00:00+00:00
[2026-02-16T17:26:43.417+0000] {processor.py:183} INFO - Processing /opt/airflow/dags/sec_edgar_dag.py took 0.691 seconds
[2026-02-16T17:27:13.804+0000] {processor.py:161} INFO - Started process (PID=1955) to work on /opt/airflow/dags/sec_edgar_dag.py
[2026-02-16T17:27:13.806+0000] {processor.py:830} INFO - Processing file /opt/airflow/dags/sec_edgar_dag.py for tasks to queue
[2026-02-16T17:27:13.812+0000] {logging_mixin.py:188} INFO - [2026-02-16T17:27:13.811+0000] {dagbag.py:538} INFO - Filling up the DagBag from /opt/airflow/dags/sec_edgar_dag.py
[2026-02-16T17:27:14.173+0000] {processor.py:840} INFO - DAG(s) 'sec_edgar_pipeline' retrieved from /opt/airflow/dags/sec_edgar_dag.py
[2026-02-16T17:27:14.208+0000] {logging_mixin.py:188} INFO - [2026-02-16T17:27:14.207+0000] {dag.py:3036} INFO - Sync 1 DAGs
[2026-02-16T17:27:14.240+0000] {logging_mixin.py:188} INFO - [2026-02-16T17:27:14.239+0000] {dag.py:3823} INFO - Setting next_dagrun for sec_edgar_pipeline to 2026-02-16 09:00:00+00:00, run_after=2026-02-17 09:00:00+00:00
[2026-02-16T17:27:14.277+0000] {processor.py:183} INFO - Processing /opt/airflow/dags/sec_edgar_dag.py took 0.478 seconds
[2026-02-16T17:27:44.392+0000] {processor.py:161} INFO - Started process (PID=1971) to work on /opt/airflow/dags/sec_edgar_dag.py
[2026-02-16T17:27:44.398+0000] {processor.py:830} INFO - Processing file /opt/airflow/dags/sec_edgar_dag.py for tasks to queue
[2026-02-16T17:27:44.410+0000] {logging_mixin.py:188} INFO - [2026-02-16T17:27:44.409+0000] {dagbag.py:538} INFO - Filling up the DagBag from /opt/airflow/dags/sec_edgar_dag.py
[2026-02-16T17:27:45.018+0000] {processor.py:840} INFO - DAG(s) 'sec_edgar_pipeline' retrieved from /opt/airflow/dags/sec_edgar_dag.py
[2026-02-16T17:27:45.082+0000] {logging_mixin.py:188} INFO - [2026-02-16T17:27:45.081+0000] {dag.py:3036} INFO - Sync 1 DAGs
[2026-02-16T17:27:45.580+0000] {logging_mixin.py:188} INFO - [2026-02-16T17:27:45.579+0000] {dag.py:3823} INFO - Setting next_dagrun for sec_edgar_pipeline to 2026-02-16 09:00:00+00:00, run_after=2026-02-17 09:00:00+00:00
[2026-02-16T17:27:45.641+0000] {processor.py:183} INFO - Processing /opt/airflow/dags/sec_edgar_dag.py took 1.259 seconds
[2026-02-16T17:28:15.884+0000] {processor.py:161} INFO - Started process (PID=1987) to work on /opt/airflow/dags/sec_edgar_dag.py
[2026-02-16T17:28:15.890+0000] {processor.py:830} INFO - Processing file /opt/airflow/dags/sec_edgar_dag.py for tasks to queue
[2026-02-16T17:28:15.904+0000] {logging_mixin.py:188} INFO - [2026-02-16T17:28:15.902+0000] {dagbag.py:538} INFO - Filling up the DagBag from /opt/airflow/dags/sec_edgar_dag.py
[2026-02-16T17:28:16.295+0000] {processor.py:840} INFO - DAG(s) 'sec_edgar_pipeline' retrieved from /opt/airflow/dags/sec_edgar_dag.py
[2026-02-16T17:28:16.332+0000] {logging_mixin.py:188} INFO - [2026-02-16T17:28:16.332+0000] {dag.py:3036} INFO - Sync 1 DAGs
[2026-02-16T17:28:16.365+0000] {logging_mixin.py:188} INFO - [2026-02-16T17:28:16.365+0000] {dag.py:3823} INFO - Setting next_dagrun for sec_edgar_pipeline to 2026-02-16 09:00:00+00:00, run_after=2026-02-17 09:00:00+00:00
[2026-02-16T17:28:16.394+0000] {processor.py:183} INFO - Processing /opt/airflow/dags/sec_edgar_dag.py took 0.533 seconds
[2026-02-16T17:28:47.217+0000] {processor.py:161} INFO - Started process (PID=2003) to work on /opt/airflow/dags/sec_edgar_dag.py
[2026-02-16T17:28:47.219+0000] {processor.py:830} INFO - Processing file /opt/airflow/dags/sec_edgar_dag.py for tasks to queue
[2026-02-16T17:28:47.223+0000] {logging_mixin.py:188} INFO - [2026-02-16T17:28:47.222+0000] {dagbag.py:538} INFO - Filling up the DagBag from /opt/airflow/dags/sec_edgar_dag.py
[2026-02-16T17:28:47.548+0000] {processor.py:840} INFO - DAG(s) 'sec_edgar_pipeline' retrieved from /opt/airflow/dags/sec_edgar_dag.py
[2026-02-16T17:28:47.588+0000] {logging_mixin.py:188} INFO - [2026-02-16T17:28:47.587+0000] {dag.py:3036} INFO - Sync 1 DAGs
[2026-02-16T17:28:47.882+0000] {logging_mixin.py:188} INFO - [2026-02-16T17:28:47.882+0000] {dag.py:3823} INFO - Setting next_dagrun for sec_edgar_pipeline to 2026-02-16 09:00:00+00:00, run_after=2026-02-17 09:00:00+00:00
[2026-02-16T17:28:47.920+0000] {processor.py:183} INFO - Processing /opt/airflow/dags/sec_edgar_dag.py took 0.709 seconds
[2026-02-16T17:29:18.634+0000] {processor.py:161} INFO - Started process (PID=2019) to work on /opt/airflow/dags/sec_edgar_dag.py
[2026-02-16T17:29:18.635+0000] {processor.py:830} INFO - Processing file /opt/airflow/dags/sec_edgar_dag.py for tasks to queue
[2026-02-16T17:29:18.638+0000] {logging_mixin.py:188} INFO - [2026-02-16T17:29:18.638+0000] {dagbag.py:538} INFO - Filling up the DagBag from /opt/airflow/dags/sec_edgar_dag.py
[2026-02-16T17:29:18.957+0000] {processor.py:840} INFO - DAG(s) 'sec_edgar_pipeline' retrieved from /opt/airflow/dags/sec_edgar_dag.py
[2026-02-16T17:29:19.000+0000] {logging_mixin.py:188} INFO - [2026-02-16T17:29:18.999+0000] {dag.py:3036} INFO - Sync 1 DAGs
[2026-02-16T17:29:19.030+0000] {logging_mixin.py:188} INFO - [2026-02-16T17:29:19.030+0000] {dag.py:3823} INFO - Setting next_dagrun for sec_edgar_pipeline to 2026-02-16 09:00:00+00:00, run_after=2026-02-17 09:00:00+00:00
[2026-02-16T17:29:19.055+0000] {processor.py:183} INFO - Processing /opt/airflow/dags/sec_edgar_dag.py took 0.425 seconds
[2026-02-16T17:29:49.244+0000] {processor.py:161} INFO - Started process (PID=2040) to work on /opt/airflow/dags/sec_edgar_dag.py
[2026-02-16T17:29:49.246+0000] {processor.py:830} INFO - Processing file /opt/airflow/dags/sec_edgar_dag.py for tasks to queue
[2026-02-16T17:29:49.248+0000] {logging_mixin.py:188} INFO - [2026-02-16T17:29:49.248+0000] {dagbag.py:538} INFO - Filling up the DagBag from /opt/airflow/dags/sec_edgar_dag.py
[2026-02-16T17:29:49.514+0000] {processor.py:840} INFO - DAG(s) 'sec_edgar_pipeline' retrieved from /opt/airflow/dags/sec_edgar_dag.py
[2026-02-16T17:29:49.552+0000] {logging_mixin.py:188} INFO - [2026-02-16T17:29:49.551+0000] {dag.py:3036} INFO - Sync 1 DAGs
[2026-02-16T17:29:49.826+0000] {logging_mixin.py:188} INFO - [2026-02-16T17:29:49.826+0000] {dag.py:3823} INFO - Setting next_dagrun for sec_edgar_pipeline to 2026-02-16 09:00:00+00:00, run_after=2026-02-17 09:00:00+00:00
[2026-02-16T17:29:49.862+0000] {processor.py:183} INFO - Processing /opt/airflow/dags/sec_edgar_dag.py took 0.621 seconds
[2026-02-16T17:30:22.383+0000] {processor.py:161} INFO - Started process (PID=2056) to work on /opt/airflow/dags/sec_edgar_dag.py
[2026-02-16T17:30:22.385+0000] {processor.py:830} INFO - Processing file /opt/airflow/dags/sec_edgar_dag.py for tasks to queue
[2026-02-16T17:30:22.390+0000] {logging_mixin.py:188} INFO - [2026-02-16T17:30:22.389+0000] {dagbag.py:538} INFO - Filling up the DagBag from /opt/airflow/dags/sec_edgar_dag.py
[2026-02-16T17:30:22.924+0000] {processor.py:840} INFO - DAG(s) 'sec_edgar_pipeline' retrieved from /opt/airflow/dags/sec_edgar_dag.py
[2026-02-16T17:30:22.987+0000] {logging_mixin.py:188} INFO - [2026-02-16T17:30:22.987+0000] {dag.py:3036} INFO - Sync 1 DAGs
[2026-02-16T17:30:23.048+0000] {logging_mixin.py:188} INFO - [2026-02-16T17:30:23.047+0000] {dag.py:3823} INFO - Setting next_dagrun for sec_edgar_pipeline to 2026-02-16 09:00:00+00:00, run_after=2026-02-17 09:00:00+00:00
[2026-02-16T17:30:23.093+0000] {processor.py:183} INFO - Processing /opt/airflow/dags/sec_edgar_dag.py took 0.718 seconds
[2026-02-16T17:30:53.854+0000] {processor.py:161} INFO - Started process (PID=2072) to work on /opt/airflow/dags/sec_edgar_dag.py
[2026-02-16T17:30:53.858+0000] {processor.py:830} INFO - Processing file /opt/airflow/dags/sec_edgar_dag.py for tasks to queue
[2026-02-16T17:30:53.863+0000] {logging_mixin.py:188} INFO - [2026-02-16T17:30:53.862+0000] {dagbag.py:538} INFO - Filling up the DagBag from /opt/airflow/dags/sec_edgar_dag.py
[2026-02-16T17:30:54.497+0000] {processor.py:840} INFO - DAG(s) 'sec_edgar_pipeline' retrieved from /opt/airflow/dags/sec_edgar_dag.py
[2026-02-16T17:30:54.561+0000] {logging_mixin.py:188} INFO - [2026-02-16T17:30:54.560+0000] {dag.py:3036} INFO - Sync 1 DAGs
[2026-02-16T17:30:54.928+0000] {logging_mixin.py:188} INFO - [2026-02-16T17:30:54.928+0000] {dag.py:3823} INFO - Setting next_dagrun for sec_edgar_pipeline to 2026-02-16 09:00:00+00:00, run_after=2026-02-17 09:00:00+00:00
[2026-02-16T17:30:54.955+0000] {processor.py:183} INFO - Processing /opt/airflow/dags/sec_edgar_dag.py took 1.105 seconds
[2026-02-16T17:58:32.418+0000] {processor.py:161} INFO - Started process (PID=2088) to work on /opt/airflow/dags/sec_edgar_dag.py
[2026-02-16T17:58:32.421+0000] {processor.py:830} INFO - Processing file /opt/airflow/dags/sec_edgar_dag.py for tasks to queue
[2026-02-16T17:58:32.426+0000] {logging_mixin.py:188} INFO - [2026-02-16T17:58:32.425+0000] {dagbag.py:538} INFO - Filling up the DagBag from /opt/airflow/dags/sec_edgar_dag.py
[2026-02-16T17:58:33.645+0000] {processor.py:840} INFO - DAG(s) 'sec_edgar_pipeline' retrieved from /opt/airflow/dags/sec_edgar_dag.py
[2026-02-16T17:58:33.720+0000] {logging_mixin.py:188} INFO - [2026-02-16T17:58:33.720+0000] {dag.py:3036} INFO - Sync 1 DAGs
[2026-02-16T17:58:33.794+0000] {logging_mixin.py:188} INFO - [2026-02-16T17:58:33.794+0000] {dag.py:3823} INFO - Setting next_dagrun for sec_edgar_pipeline to 2026-02-16 09:00:00+00:00, run_after=2026-02-17 09:00:00+00:00
[2026-02-16T17:58:33.856+0000] {processor.py:183} INFO - Processing /opt/airflow/dags/sec_edgar_dag.py took 1.446 seconds
[2026-02-16T19:05:37.088+0000] {processor.py:161} INFO - Started process (PID=2106) to work on /opt/airflow/dags/sec_edgar_dag.py
[2026-02-16T19:05:37.091+0000] {processor.py:830} INFO - Processing file /opt/airflow/dags/sec_edgar_dag.py for tasks to queue
[2026-02-16T19:05:37.093+0000] {logging_mixin.py:188} INFO - [2026-02-16T19:05:37.092+0000] {dagbag.py:538} INFO - Filling up the DagBag from /opt/airflow/dags/sec_edgar_dag.py
[2026-02-16T19:05:37.553+0000] {processor.py:840} INFO - DAG(s) 'sec_edgar_pipeline' retrieved from /opt/airflow/dags/sec_edgar_dag.py
[2026-02-16T19:05:38.084+0000] {logging_mixin.py:188} INFO - [2026-02-16T19:05:38.083+0000] {dag.py:3036} INFO - Sync 1 DAGs
[2026-02-16T19:05:38.117+0000] {logging_mixin.py:188} INFO - [2026-02-16T19:05:38.116+0000] {dag.py:3823} INFO - Setting next_dagrun for sec_edgar_pipeline to 2026-02-16 09:00:00+00:00, run_after=2026-02-17 09:00:00+00:00
[2026-02-16T19:05:38.150+0000] {processor.py:183} INFO - Processing /opt/airflow/dags/sec_edgar_dag.py took 1.070 seconds
[2026-02-16T19:06:08.415+0000] {processor.py:161} INFO - Started process (PID=2122) to work on /opt/airflow/dags/sec_edgar_dag.py
[2026-02-16T19:06:08.417+0000] {processor.py:830} INFO - Processing file /opt/airflow/dags/sec_edgar_dag.py for tasks to queue
[2026-02-16T19:06:08.419+0000] {logging_mixin.py:188} INFO - [2026-02-16T19:06:08.418+0000] {dagbag.py:538} INFO - Filling up the DagBag from /opt/airflow/dags/sec_edgar_dag.py
[2026-02-16T19:06:08.735+0000] {processor.py:840} INFO - DAG(s) 'sec_edgar_pipeline' retrieved from /opt/airflow/dags/sec_edgar_dag.py
[2026-02-16T19:06:08.770+0000] {logging_mixin.py:188} INFO - [2026-02-16T19:06:08.770+0000] {dag.py:3036} INFO - Sync 1 DAGs
[2026-02-16T19:06:08.800+0000] {logging_mixin.py:188} INFO - [2026-02-16T19:06:08.799+0000] {dag.py:3823} INFO - Setting next_dagrun for sec_edgar_pipeline to 2026-02-16 09:00:00+00:00, run_after=2026-02-17 09:00:00+00:00
[2026-02-16T19:06:08.879+0000] {processor.py:183} INFO - Processing /opt/airflow/dags/sec_edgar_dag.py took 0.470 seconds
[2026-02-16T19:06:39.171+0000] {processor.py:161} INFO - Started process (PID=2143) to work on /opt/airflow/dags/sec_edgar_dag.py
[2026-02-16T19:06:39.173+0000] {processor.py:830} INFO - Processing file /opt/airflow/dags/sec_edgar_dag.py for tasks to queue
[2026-02-16T19:06:39.174+0000] {logging_mixin.py:188} INFO - [2026-02-16T19:06:39.174+0000] {dagbag.py:538} INFO - Filling up the DagBag from /opt/airflow/dags/sec_edgar_dag.py
[2026-02-16T19:06:39.524+0000] {processor.py:840} INFO - DAG(s) 'sec_edgar_pipeline' retrieved from /opt/airflow/dags/sec_edgar_dag.py
[2026-02-16T19:06:39.563+0000] {logging_mixin.py:188} INFO - [2026-02-16T19:06:39.563+0000] {dag.py:3036} INFO - Sync 1 DAGs
[2026-02-16T19:06:39.604+0000] {logging_mixin.py:188} INFO - [2026-02-16T19:06:39.604+0000] {dag.py:3823} INFO - Setting next_dagrun for sec_edgar_pipeline to 2026-02-16 09:00:00+00:00, run_after=2026-02-17 09:00:00+00:00
[2026-02-16T19:06:39.926+0000] {processor.py:183} INFO - Processing /opt/airflow/dags/sec_edgar_dag.py took 0.760 seconds
[2026-02-16T19:07:10.222+0000] {processor.py:161} INFO - Started process (PID=2159) to work on /opt/airflow/dags/sec_edgar_dag.py
[2026-02-16T19:07:10.224+0000] {processor.py:830} INFO - Processing file /opt/airflow/dags/sec_edgar_dag.py for tasks to queue
[2026-02-16T19:07:10.226+0000] {logging_mixin.py:188} INFO - [2026-02-16T19:07:10.225+0000] {dagbag.py:538} INFO - Filling up the DagBag from /opt/airflow/dags/sec_edgar_dag.py
[2026-02-16T19:07:10.577+0000] {processor.py:840} INFO - DAG(s) 'sec_edgar_pipeline' retrieved from /opt/airflow/dags/sec_edgar_dag.py
[2026-02-16T19:07:10.616+0000] {logging_mixin.py:188} INFO - [2026-02-16T19:07:10.615+0000] {dag.py:3036} INFO - Sync 1 DAGs
[2026-02-16T19:07:10.651+0000] {logging_mixin.py:188} INFO - [2026-02-16T19:07:10.651+0000] {dag.py:3823} INFO - Setting next_dagrun for sec_edgar_pipeline to 2026-02-16 09:00:00+00:00, run_after=2026-02-17 09:00:00+00:00
[2026-02-16T19:07:10.731+0000] {processor.py:183} INFO - Processing /opt/airflow/dags/sec_edgar_dag.py took 0.514 seconds
[2026-02-16T19:07:40.878+0000] {processor.py:161} INFO - Started process (PID=2175) to work on /opt/airflow/dags/sec_edgar_dag.py
[2026-02-16T19:07:40.879+0000] {processor.py:830} INFO - Processing file /opt/airflow/dags/sec_edgar_dag.py for tasks to queue
[2026-02-16T19:07:40.882+0000] {logging_mixin.py:188} INFO - [2026-02-16T19:07:40.881+0000] {dagbag.py:538} INFO - Filling up the DagBag from /opt/airflow/dags/sec_edgar_dag.py
[2026-02-16T19:07:41.192+0000] {processor.py:840} INFO - DAG(s) 'sec_edgar_pipeline' retrieved from /opt/airflow/dags/sec_edgar_dag.py
[2026-02-16T19:07:41.230+0000] {logging_mixin.py:188} INFO - [2026-02-16T19:07:41.229+0000] {dag.py:3036} INFO - Sync 1 DAGs
[2026-02-16T19:07:41.265+0000] {logging_mixin.py:188} INFO - [2026-02-16T19:07:41.265+0000] {dag.py:3823} INFO - Setting next_dagrun for sec_edgar_pipeline to 2026-02-16 09:00:00+00:00, run_after=2026-02-17 09:00:00+00:00
[2026-02-16T19:07:41.752+0000] {processor.py:183} INFO - Processing /opt/airflow/dags/sec_edgar_dag.py took 0.882 seconds
[2026-02-16T19:08:12.069+0000] {processor.py:161} INFO - Started process (PID=2191) to work on /opt/airflow/dags/sec_edgar_dag.py
[2026-02-16T19:08:12.071+0000] {processor.py:830} INFO - Processing file /opt/airflow/dags/sec_edgar_dag.py for tasks to queue
[2026-02-16T19:08:12.072+0000] {logging_mixin.py:188} INFO - [2026-02-16T19:08:12.072+0000] {dagbag.py:538} INFO - Filling up the DagBag from /opt/airflow/dags/sec_edgar_dag.py
[2026-02-16T19:08:12.392+0000] {processor.py:840} INFO - DAG(s) 'sec_edgar_pipeline' retrieved from /opt/airflow/dags/sec_edgar_dag.py
[2026-02-16T19:08:12.426+0000] {logging_mixin.py:188} INFO - [2026-02-16T19:08:12.425+0000] {dag.py:3036} INFO - Sync 1 DAGs
[2026-02-16T19:08:12.458+0000] {logging_mixin.py:188} INFO - [2026-02-16T19:08:12.458+0000] {dag.py:3823} INFO - Setting next_dagrun for sec_edgar_pipeline to 2026-02-16 09:00:00+00:00, run_after=2026-02-17 09:00:00+00:00
[2026-02-16T19:08:12.538+0000] {processor.py:183} INFO - Processing /opt/airflow/dags/sec_edgar_dag.py took 0.474 seconds
[2026-02-16T19:08:42.651+0000] {processor.py:161} INFO - Started process (PID=2207) to work on /opt/airflow/dags/sec_edgar_dag.py
[2026-02-16T19:08:42.653+0000] {processor.py:830} INFO - Processing file /opt/airflow/dags/sec_edgar_dag.py for tasks to queue
[2026-02-16T19:08:42.654+0000] {logging_mixin.py:188} INFO - [2026-02-16T19:08:42.654+0000] {dagbag.py:538} INFO - Filling up the DagBag from /opt/airflow/dags/sec_edgar_dag.py
[2026-02-16T19:08:42.951+0000] {processor.py:840} INFO - DAG(s) 'sec_edgar_pipeline' retrieved from /opt/airflow/dags/sec_edgar_dag.py
[2026-02-16T19:08:42.985+0000] {logging_mixin.py:188} INFO - [2026-02-16T19:08:42.984+0000] {dag.py:3036} INFO - Sync 1 DAGs
[2026-02-16T19:08:43.018+0000] {logging_mixin.py:188} INFO - [2026-02-16T19:08:43.018+0000] {dag.py:3823} INFO - Setting next_dagrun for sec_edgar_pipeline to 2026-02-16 09:00:00+00:00, run_after=2026-02-17 09:00:00+00:00
[2026-02-16T19:08:43.364+0000] {processor.py:183} INFO - Processing /opt/airflow/dags/sec_edgar_dag.py took 0.719 seconds
[2026-02-16T19:09:13.747+0000] {processor.py:161} INFO - Started process (PID=2223) to work on /opt/airflow/dags/sec_edgar_dag.py
[2026-02-16T19:09:13.749+0000] {processor.py:830} INFO - Processing file /opt/airflow/dags/sec_edgar_dag.py for tasks to queue
[2026-02-16T19:09:13.751+0000] {logging_mixin.py:188} INFO - [2026-02-16T19:09:13.750+0000] {dagbag.py:538} INFO - Filling up the DagBag from /opt/airflow/dags/sec_edgar_dag.py
[2026-02-16T19:09:14.059+0000] {processor.py:840} INFO - DAG(s) 'sec_edgar_pipeline' retrieved from /opt/airflow/dags/sec_edgar_dag.py
[2026-02-16T19:09:14.100+0000] {logging_mixin.py:188} INFO - [2026-02-16T19:09:14.100+0000] {dag.py:3036} INFO - Sync 1 DAGs
[2026-02-16T19:09:14.138+0000] {logging_mixin.py:188} INFO - [2026-02-16T19:09:14.138+0000] {dag.py:3823} INFO - Setting next_dagrun for sec_edgar_pipeline to 2026-02-16 09:00:00+00:00, run_after=2026-02-17 09:00:00+00:00
[2026-02-16T19:09:14.177+0000] {processor.py:183} INFO - Processing /opt/airflow/dags/sec_edgar_dag.py took 0.435 seconds
[2026-02-16T19:09:44.412+0000] {processor.py:161} INFO - Started process (PID=2239) to work on /opt/airflow/dags/sec_edgar_dag.py
[2026-02-16T19:09:44.414+0000] {processor.py:830} INFO - Processing file /opt/airflow/dags/sec_edgar_dag.py for tasks to queue
[2026-02-16T19:09:44.415+0000] {logging_mixin.py:188} INFO - [2026-02-16T19:09:44.415+0000] {dagbag.py:538} INFO - Filling up the DagBag from /opt/airflow/dags/sec_edgar_dag.py
[2026-02-16T19:09:44.733+0000] {processor.py:840} INFO - DAG(s) 'sec_edgar_pipeline' retrieved from /opt/airflow/dags/sec_edgar_dag.py
[2026-02-16T19:09:44.773+0000] {logging_mixin.py:188} INFO - [2026-02-16T19:09:44.772+0000] {dag.py:3036} INFO - Sync 1 DAGs
[2026-02-16T19:09:44.816+0000] {logging_mixin.py:188} INFO - [2026-02-16T19:09:44.815+0000] {dag.py:3823} INFO - Setting next_dagrun for sec_edgar_pipeline to 2026-02-16 09:00:00+00:00, run_after=2026-02-17 09:00:00+00:00
[2026-02-16T19:09:45.120+0000] {processor.py:183} INFO - Processing /opt/airflow/dags/sec_edgar_dag.py took 0.713 seconds
[2026-02-16T19:10:15.437+0000] {processor.py:161} INFO - Started process (PID=2255) to work on /opt/airflow/dags/sec_edgar_dag.py
[2026-02-16T19:10:15.439+0000] {processor.py:830} INFO - Processing file /opt/airflow/dags/sec_edgar_dag.py for tasks to queue
[2026-02-16T19:10:15.440+0000] {logging_mixin.py:188} INFO - [2026-02-16T19:10:15.440+0000] {dagbag.py:538} INFO - Filling up the DagBag from /opt/airflow/dags/sec_edgar_dag.py
[2026-02-16T19:10:15.757+0000] {processor.py:840} INFO - DAG(s) 'sec_edgar_pipeline' retrieved from /opt/airflow/dags/sec_edgar_dag.py
[2026-02-16T19:10:15.794+0000] {logging_mixin.py:188} INFO - [2026-02-16T19:10:15.793+0000] {dag.py:3036} INFO - Sync 1 DAGs
[2026-02-16T19:10:15.830+0000] {logging_mixin.py:188} INFO - [2026-02-16T19:10:15.830+0000] {dag.py:3823} INFO - Setting next_dagrun for sec_edgar_pipeline to 2026-02-16 09:00:00+00:00, run_after=2026-02-17 09:00:00+00:00
[2026-02-16T19:10:15.911+0000] {processor.py:183} INFO - Processing /opt/airflow/dags/sec_edgar_dag.py took 0.478 seconds
[2026-02-16T19:10:46.156+0000] {processor.py:161} INFO - Started process (PID=2271) to work on /opt/airflow/dags/sec_edgar_dag.py
[2026-02-16T19:10:46.157+0000] {processor.py:830} INFO - Processing file /opt/airflow/dags/sec_edgar_dag.py for tasks to queue
[2026-02-16T19:10:46.159+0000] {logging_mixin.py:188} INFO - [2026-02-16T19:10:46.158+0000] {dagbag.py:538} INFO - Filling up the DagBag from /opt/airflow/dags/sec_edgar_dag.py
[2026-02-16T19:10:46.479+0000] {processor.py:840} INFO - DAG(s) 'sec_edgar_pipeline' retrieved from /opt/airflow/dags/sec_edgar_dag.py
[2026-02-16T19:10:46.521+0000] {logging_mixin.py:188} INFO - [2026-02-16T19:10:46.521+0000] {dag.py:3036} INFO - Sync 1 DAGs
[2026-02-16T19:10:46.566+0000] {logging_mixin.py:188} INFO - [2026-02-16T19:10:46.566+0000] {dag.py:3823} INFO - Setting next_dagrun for sec_edgar_pipeline to 2026-02-16 09:00:00+00:00, run_after=2026-02-17 09:00:00+00:00
[2026-02-16T19:10:46.951+0000] {processor.py:183} INFO - Processing /opt/airflow/dags/sec_edgar_dag.py took 0.799 seconds
