[2026-02-15T14:46:26.929+0000] {processor.py:161} INFO - Started process (PID=4349) to work on /opt/airflow/dags/sec_edgar_dag.py
[2026-02-15T14:46:26.930+0000] {processor.py:830} INFO - Processing file /opt/airflow/dags/sec_edgar_dag.py for tasks to queue
[2026-02-15T14:46:26.932+0000] {logging_mixin.py:188} INFO - [2026-02-15T14:46:26.931+0000] {dagbag.py:538} INFO - Filling up the DagBag from /opt/airflow/dags/sec_edgar_dag.py
[2026-02-15T14:46:27.758+0000] {processor.py:840} INFO - DAG(s) 'sec_edgar_pipeline' retrieved from /opt/airflow/dags/sec_edgar_dag.py
[2026-02-15T14:46:28.552+0000] {logging_mixin.py:188} INFO - [2026-02-15T14:46:28.551+0000] {dag.py:3036} INFO - Sync 1 DAGs
[2026-02-15T14:46:28.722+0000] {processor.py:183} INFO - Processing /opt/airflow/dags/sec_edgar_dag.py took 1.812 seconds
[2026-02-15T14:46:59.379+0000] {processor.py:161} INFO - Started process (PID=4372) to work on /opt/airflow/dags/sec_edgar_dag.py
[2026-02-15T14:46:59.380+0000] {processor.py:830} INFO - Processing file /opt/airflow/dags/sec_edgar_dag.py for tasks to queue
[2026-02-15T14:46:59.381+0000] {logging_mixin.py:188} INFO - [2026-02-15T14:46:59.381+0000] {dagbag.py:538} INFO - Filling up the DagBag from /opt/airflow/dags/sec_edgar_dag.py
[2026-02-15T14:46:59.696+0000] {processor.py:840} INFO - DAG(s) 'sec_edgar_pipeline' retrieved from /opt/airflow/dags/sec_edgar_dag.py
[2026-02-15T14:46:59.729+0000] {logging_mixin.py:188} INFO - [2026-02-15T14:46:59.729+0000] {dag.py:3036} INFO - Sync 1 DAGs
[2026-02-15T14:46:59.784+0000] {processor.py:183} INFO - Processing /opt/airflow/dags/sec_edgar_dag.py took 0.408 seconds
[2026-02-15T14:47:30.725+0000] {processor.py:161} INFO - Started process (PID=4388) to work on /opt/airflow/dags/sec_edgar_dag.py
[2026-02-15T14:47:30.726+0000] {processor.py:830} INFO - Processing file /opt/airflow/dags/sec_edgar_dag.py for tasks to queue
[2026-02-15T14:47:30.727+0000] {logging_mixin.py:188} INFO - [2026-02-15T14:47:30.726+0000] {dagbag.py:538} INFO - Filling up the DagBag from /opt/airflow/dags/sec_edgar_dag.py
[2026-02-15T14:47:30.889+0000] {processor.py:840} INFO - DAG(s) 'sec_edgar_pipeline' retrieved from /opt/airflow/dags/sec_edgar_dag.py
[2026-02-15T14:47:30.908+0000] {logging_mixin.py:188} INFO - [2026-02-15T14:47:30.908+0000] {dag.py:3036} INFO - Sync 1 DAGs
[2026-02-15T14:47:30.943+0000] {processor.py:183} INFO - Processing /opt/airflow/dags/sec_edgar_dag.py took 0.221 seconds
[2026-02-15T14:48:01.164+0000] {processor.py:161} INFO - Started process (PID=4404) to work on /opt/airflow/dags/sec_edgar_dag.py
[2026-02-15T14:48:01.165+0000] {processor.py:830} INFO - Processing file /opt/airflow/dags/sec_edgar_dag.py for tasks to queue
[2026-02-15T14:48:01.167+0000] {logging_mixin.py:188} INFO - [2026-02-15T14:48:01.167+0000] {dagbag.py:538} INFO - Filling up the DagBag from /opt/airflow/dags/sec_edgar_dag.py
[2026-02-15T14:48:01.504+0000] {processor.py:840} INFO - DAG(s) 'sec_edgar_pipeline' retrieved from /opt/airflow/dags/sec_edgar_dag.py
[2026-02-15T14:48:01.541+0000] {logging_mixin.py:188} INFO - [2026-02-15T14:48:01.541+0000] {dag.py:3036} INFO - Sync 1 DAGs
[2026-02-15T14:48:01.603+0000] {processor.py:183} INFO - Processing /opt/airflow/dags/sec_edgar_dag.py took 0.443 seconds
[2026-02-15T14:48:31.745+0000] {processor.py:161} INFO - Started process (PID=4420) to work on /opt/airflow/dags/sec_edgar_dag.py
[2026-02-15T14:48:31.747+0000] {processor.py:830} INFO - Processing file /opt/airflow/dags/sec_edgar_dag.py for tasks to queue
[2026-02-15T14:48:31.749+0000] {logging_mixin.py:188} INFO - [2026-02-15T14:48:31.748+0000] {dagbag.py:538} INFO - Filling up the DagBag from /opt/airflow/dags/sec_edgar_dag.py
[2026-02-15T14:48:32.105+0000] {processor.py:840} INFO - DAG(s) 'sec_edgar_pipeline' retrieved from /opt/airflow/dags/sec_edgar_dag.py
[2026-02-15T14:48:32.167+0000] {logging_mixin.py:188} INFO - [2026-02-15T14:48:32.166+0000] {dag.py:3036} INFO - Sync 1 DAGs
[2026-02-15T14:48:32.228+0000] {processor.py:183} INFO - Processing /opt/airflow/dags/sec_edgar_dag.py took 0.487 seconds
[2026-02-15T14:49:03.046+0000] {processor.py:161} INFO - Started process (PID=4436) to work on /opt/airflow/dags/sec_edgar_dag.py
[2026-02-15T14:49:03.048+0000] {processor.py:830} INFO - Processing file /opt/airflow/dags/sec_edgar_dag.py for tasks to queue
[2026-02-15T14:49:03.049+0000] {logging_mixin.py:188} INFO - [2026-02-15T14:49:03.049+0000] {dagbag.py:538} INFO - Filling up the DagBag from /opt/airflow/dags/sec_edgar_dag.py
[2026-02-15T14:49:03.395+0000] {processor.py:840} INFO - DAG(s) 'sec_edgar_pipeline' retrieved from /opt/airflow/dags/sec_edgar_dag.py
[2026-02-15T14:49:03.426+0000] {logging_mixin.py:188} INFO - [2026-02-15T14:49:03.426+0000] {dag.py:3036} INFO - Sync 1 DAGs
[2026-02-15T14:49:03.479+0000] {processor.py:183} INFO - Processing /opt/airflow/dags/sec_edgar_dag.py took 0.437 seconds
[2026-02-15T14:49:33.641+0000] {processor.py:161} INFO - Started process (PID=4452) to work on /opt/airflow/dags/sec_edgar_dag.py
[2026-02-15T14:49:33.643+0000] {processor.py:830} INFO - Processing file /opt/airflow/dags/sec_edgar_dag.py for tasks to queue
[2026-02-15T14:49:33.644+0000] {logging_mixin.py:188} INFO - [2026-02-15T14:49:33.644+0000] {dagbag.py:538} INFO - Filling up the DagBag from /opt/airflow/dags/sec_edgar_dag.py
[2026-02-15T14:49:33.965+0000] {processor.py:840} INFO - DAG(s) 'sec_edgar_pipeline' retrieved from /opt/airflow/dags/sec_edgar_dag.py
[2026-02-15T14:49:34.012+0000] {logging_mixin.py:188} INFO - [2026-02-15T14:49:34.011+0000] {dag.py:3036} INFO - Sync 1 DAGs
[2026-02-15T14:49:34.091+0000] {processor.py:183} INFO - Processing /opt/airflow/dags/sec_edgar_dag.py took 0.454 seconds
[2026-02-15T14:50:04.925+0000] {processor.py:161} INFO - Started process (PID=4468) to work on /opt/airflow/dags/sec_edgar_dag.py
[2026-02-15T14:50:04.927+0000] {processor.py:830} INFO - Processing file /opt/airflow/dags/sec_edgar_dag.py for tasks to queue
[2026-02-15T14:50:04.928+0000] {logging_mixin.py:188} INFO - [2026-02-15T14:50:04.928+0000] {dagbag.py:538} INFO - Filling up the DagBag from /opt/airflow/dags/sec_edgar_dag.py
[2026-02-15T14:50:05.266+0000] {processor.py:840} INFO - DAG(s) 'sec_edgar_pipeline' retrieved from /opt/airflow/dags/sec_edgar_dag.py
[2026-02-15T14:50:05.306+0000] {logging_mixin.py:188} INFO - [2026-02-15T14:50:05.306+0000] {dag.py:3036} INFO - Sync 1 DAGs
[2026-02-15T14:50:05.374+0000] {processor.py:183} INFO - Processing /opt/airflow/dags/sec_edgar_dag.py took 0.453 seconds
[2026-02-15T14:50:35.535+0000] {processor.py:161} INFO - Started process (PID=4484) to work on /opt/airflow/dags/sec_edgar_dag.py
[2026-02-15T14:50:35.537+0000] {processor.py:830} INFO - Processing file /opt/airflow/dags/sec_edgar_dag.py for tasks to queue
[2026-02-15T14:50:35.538+0000] {logging_mixin.py:188} INFO - [2026-02-15T14:50:35.538+0000] {dagbag.py:538} INFO - Filling up the DagBag from /opt/airflow/dags/sec_edgar_dag.py
[2026-02-15T14:50:35.844+0000] {processor.py:840} INFO - DAG(s) 'sec_edgar_pipeline' retrieved from /opt/airflow/dags/sec_edgar_dag.py
[2026-02-15T14:50:35.883+0000] {logging_mixin.py:188} INFO - [2026-02-15T14:50:35.882+0000] {dag.py:3036} INFO - Sync 1 DAGs
[2026-02-15T14:50:35.947+0000] {processor.py:183} INFO - Processing /opt/airflow/dags/sec_edgar_dag.py took 0.417 seconds
[2026-02-15T14:51:06.820+0000] {processor.py:161} INFO - Started process (PID=4501) to work on /opt/airflow/dags/sec_edgar_dag.py
[2026-02-15T14:51:06.821+0000] {processor.py:830} INFO - Processing file /opt/airflow/dags/sec_edgar_dag.py for tasks to queue
[2026-02-15T14:51:06.823+0000] {logging_mixin.py:188} INFO - [2026-02-15T14:51:06.822+0000] {dagbag.py:538} INFO - Filling up the DagBag from /opt/airflow/dags/sec_edgar_dag.py
[2026-02-15T14:51:07.108+0000] {processor.py:840} INFO - DAG(s) 'sec_edgar_pipeline' retrieved from /opt/airflow/dags/sec_edgar_dag.py
[2026-02-15T14:51:07.147+0000] {logging_mixin.py:188} INFO - [2026-02-15T14:51:07.146+0000] {dag.py:3036} INFO - Sync 1 DAGs
[2026-02-15T14:51:07.214+0000] {processor.py:183} INFO - Processing /opt/airflow/dags/sec_edgar_dag.py took 0.398 seconds
[2026-02-15T14:51:37.341+0000] {processor.py:161} INFO - Started process (PID=4521) to work on /opt/airflow/dags/sec_edgar_dag.py
[2026-02-15T14:51:37.342+0000] {processor.py:830} INFO - Processing file /opt/airflow/dags/sec_edgar_dag.py for tasks to queue
[2026-02-15T14:51:37.343+0000] {logging_mixin.py:188} INFO - [2026-02-15T14:51:37.343+0000] {dagbag.py:538} INFO - Filling up the DagBag from /opt/airflow/dags/sec_edgar_dag.py
[2026-02-15T14:51:37.660+0000] {processor.py:840} INFO - DAG(s) 'sec_edgar_pipeline' retrieved from /opt/airflow/dags/sec_edgar_dag.py
[2026-02-15T14:51:37.695+0000] {logging_mixin.py:188} INFO - [2026-02-15T14:51:37.694+0000] {dag.py:3036} INFO - Sync 1 DAGs
[2026-02-15T14:51:38.978+0000] {processor.py:183} INFO - Processing /opt/airflow/dags/sec_edgar_dag.py took 1.641 seconds
[2026-02-15T14:52:09.808+0000] {processor.py:161} INFO - Started process (PID=4543) to work on /opt/airflow/dags/sec_edgar_dag.py
[2026-02-15T14:52:09.809+0000] {processor.py:830} INFO - Processing file /opt/airflow/dags/sec_edgar_dag.py for tasks to queue
[2026-02-15T14:52:09.811+0000] {logging_mixin.py:188} INFO - [2026-02-15T14:52:09.811+0000] {dagbag.py:538} INFO - Filling up the DagBag from /opt/airflow/dags/sec_edgar_dag.py
[2026-02-15T14:52:10.140+0000] {processor.py:840} INFO - DAG(s) 'sec_edgar_pipeline' retrieved from /opt/airflow/dags/sec_edgar_dag.py
[2026-02-15T14:52:10.175+0000] {logging_mixin.py:188} INFO - [2026-02-15T14:52:10.175+0000] {dag.py:3036} INFO - Sync 1 DAGs
[2026-02-15T14:52:10.231+0000] {processor.py:183} INFO - Processing /opt/airflow/dags/sec_edgar_dag.py took 0.429 seconds
[2026-02-15T14:52:40.444+0000] {processor.py:161} INFO - Started process (PID=4559) to work on /opt/airflow/dags/sec_edgar_dag.py
[2026-02-15T14:52:40.445+0000] {processor.py:830} INFO - Processing file /opt/airflow/dags/sec_edgar_dag.py for tasks to queue
[2026-02-15T14:52:40.447+0000] {logging_mixin.py:188} INFO - [2026-02-15T14:52:40.446+0000] {dagbag.py:538} INFO - Filling up the DagBag from /opt/airflow/dags/sec_edgar_dag.py
[2026-02-15T14:52:40.798+0000] {processor.py:840} INFO - DAG(s) 'sec_edgar_pipeline' retrieved from /opt/airflow/dags/sec_edgar_dag.py
[2026-02-15T14:52:40.832+0000] {logging_mixin.py:188} INFO - [2026-02-15T14:52:40.832+0000] {dag.py:3036} INFO - Sync 1 DAGs
[2026-02-15T14:52:41.142+0000] {processor.py:183} INFO - Processing /opt/airflow/dags/sec_edgar_dag.py took 0.703 seconds
[2026-02-15T14:53:11.777+0000] {processor.py:161} INFO - Started process (PID=4575) to work on /opt/airflow/dags/sec_edgar_dag.py
[2026-02-15T14:53:11.779+0000] {processor.py:830} INFO - Processing file /opt/airflow/dags/sec_edgar_dag.py for tasks to queue
[2026-02-15T14:53:11.787+0000] {logging_mixin.py:188} INFO - [2026-02-15T14:53:11.786+0000] {dagbag.py:538} INFO - Filling up the DagBag from /opt/airflow/dags/sec_edgar_dag.py
[2026-02-15T14:53:12.154+0000] {processor.py:840} INFO - DAG(s) 'sec_edgar_pipeline' retrieved from /opt/airflow/dags/sec_edgar_dag.py
[2026-02-15T14:53:12.212+0000] {logging_mixin.py:188} INFO - [2026-02-15T14:53:12.211+0000] {dag.py:3036} INFO - Sync 1 DAGs
[2026-02-15T14:53:12.279+0000] {processor.py:183} INFO - Processing /opt/airflow/dags/sec_edgar_dag.py took 0.508 seconds
[2026-02-15T14:53:43.074+0000] {processor.py:161} INFO - Started process (PID=4591) to work on /opt/airflow/dags/sec_edgar_dag.py
[2026-02-15T14:53:43.076+0000] {processor.py:830} INFO - Processing file /opt/airflow/dags/sec_edgar_dag.py for tasks to queue
[2026-02-15T14:53:43.078+0000] {logging_mixin.py:188} INFO - [2026-02-15T14:53:43.077+0000] {dagbag.py:538} INFO - Filling up the DagBag from /opt/airflow/dags/sec_edgar_dag.py
[2026-02-15T14:53:43.688+0000] {processor.py:840} INFO - DAG(s) 'sec_edgar_pipeline' retrieved from /opt/airflow/dags/sec_edgar_dag.py
[2026-02-15T14:53:43.722+0000] {logging_mixin.py:188} INFO - [2026-02-15T14:53:43.721+0000] {dag.py:3036} INFO - Sync 1 DAGs
[2026-02-15T14:53:43.776+0000] {processor.py:183} INFO - Processing /opt/airflow/dags/sec_edgar_dag.py took 0.706 seconds
[2026-02-15T14:54:14.517+0000] {processor.py:161} INFO - Started process (PID=4607) to work on /opt/airflow/dags/sec_edgar_dag.py
[2026-02-15T14:54:14.519+0000] {processor.py:830} INFO - Processing file /opt/airflow/dags/sec_edgar_dag.py for tasks to queue
[2026-02-15T14:54:14.520+0000] {logging_mixin.py:188} INFO - [2026-02-15T14:54:14.520+0000] {dagbag.py:538} INFO - Filling up the DagBag from /opt/airflow/dags/sec_edgar_dag.py
[2026-02-15T14:54:14.823+0000] {processor.py:840} INFO - DAG(s) 'sec_edgar_pipeline' retrieved from /opt/airflow/dags/sec_edgar_dag.py
[2026-02-15T14:54:14.854+0000] {logging_mixin.py:188} INFO - [2026-02-15T14:54:14.854+0000] {dag.py:3036} INFO - Sync 1 DAGs
[2026-02-15T14:54:14.917+0000] {processor.py:183} INFO - Processing /opt/airflow/dags/sec_edgar_dag.py took 0.404 seconds
[2026-02-15T14:54:45.098+0000] {processor.py:161} INFO - Started process (PID=4623) to work on /opt/airflow/dags/sec_edgar_dag.py
[2026-02-15T14:54:45.099+0000] {processor.py:830} INFO - Processing file /opt/airflow/dags/sec_edgar_dag.py for tasks to queue
[2026-02-15T14:54:45.101+0000] {logging_mixin.py:188} INFO - [2026-02-15T14:54:45.100+0000] {dagbag.py:538} INFO - Filling up the DagBag from /opt/airflow/dags/sec_edgar_dag.py
[2026-02-15T14:54:45.632+0000] {processor.py:840} INFO - DAG(s) 'sec_edgar_pipeline' retrieved from /opt/airflow/dags/sec_edgar_dag.py
[2026-02-15T14:54:45.663+0000] {logging_mixin.py:188} INFO - [2026-02-15T14:54:45.662+0000] {dag.py:3036} INFO - Sync 1 DAGs
[2026-02-15T14:54:45.712+0000] {processor.py:183} INFO - Processing /opt/airflow/dags/sec_edgar_dag.py took 0.619 seconds
[2026-02-15T14:55:16.412+0000] {processor.py:161} INFO - Started process (PID=4639) to work on /opt/airflow/dags/sec_edgar_dag.py
[2026-02-15T14:55:16.414+0000] {processor.py:830} INFO - Processing file /opt/airflow/dags/sec_edgar_dag.py for tasks to queue
[2026-02-15T14:55:16.415+0000] {logging_mixin.py:188} INFO - [2026-02-15T14:55:16.415+0000] {dagbag.py:538} INFO - Filling up the DagBag from /opt/airflow/dags/sec_edgar_dag.py
[2026-02-15T14:55:17.042+0000] {processor.py:840} INFO - DAG(s) 'sec_edgar_pipeline' retrieved from /opt/airflow/dags/sec_edgar_dag.py
[2026-02-15T14:55:17.077+0000] {logging_mixin.py:188} INFO - [2026-02-15T14:55:17.076+0000] {dag.py:3036} INFO - Sync 1 DAGs
[2026-02-15T14:55:17.132+0000] {processor.py:183} INFO - Processing /opt/airflow/dags/sec_edgar_dag.py took 0.725 seconds
[2026-02-15T14:55:47.890+0000] {processor.py:161} INFO - Started process (PID=4655) to work on /opt/airflow/dags/sec_edgar_dag.py
[2026-02-15T14:55:47.892+0000] {processor.py:830} INFO - Processing file /opt/airflow/dags/sec_edgar_dag.py for tasks to queue
[2026-02-15T14:55:47.893+0000] {logging_mixin.py:188} INFO - [2026-02-15T14:55:47.893+0000] {dagbag.py:538} INFO - Filling up the DagBag from /opt/airflow/dags/sec_edgar_dag.py
[2026-02-15T14:55:48.540+0000] {processor.py:840} INFO - DAG(s) 'sec_edgar_pipeline' retrieved from /opt/airflow/dags/sec_edgar_dag.py
[2026-02-15T14:55:48.569+0000] {logging_mixin.py:188} INFO - [2026-02-15T14:55:48.569+0000] {dag.py:3036} INFO - Sync 1 DAGs
[2026-02-15T14:55:48.629+0000] {processor.py:183} INFO - Processing /opt/airflow/dags/sec_edgar_dag.py took 0.743 seconds
[2026-02-15T14:56:19.322+0000] {processor.py:161} INFO - Started process (PID=4671) to work on /opt/airflow/dags/sec_edgar_dag.py
[2026-02-15T14:56:19.323+0000] {processor.py:830} INFO - Processing file /opt/airflow/dags/sec_edgar_dag.py for tasks to queue
[2026-02-15T14:56:19.324+0000] {logging_mixin.py:188} INFO - [2026-02-15T14:56:19.324+0000] {dagbag.py:538} INFO - Filling up the DagBag from /opt/airflow/dags/sec_edgar_dag.py
[2026-02-15T14:56:19.845+0000] {processor.py:840} INFO - DAG(s) 'sec_edgar_pipeline' retrieved from /opt/airflow/dags/sec_edgar_dag.py
[2026-02-15T14:56:19.874+0000] {logging_mixin.py:188} INFO - [2026-02-15T14:56:19.874+0000] {dag.py:3036} INFO - Sync 1 DAGs
[2026-02-15T14:56:19.922+0000] {processor.py:183} INFO - Processing /opt/airflow/dags/sec_edgar_dag.py took 0.605 seconds
[2026-02-15T14:56:50.874+0000] {processor.py:161} INFO - Started process (PID=4691) to work on /opt/airflow/dags/sec_edgar_dag.py
[2026-02-15T14:56:50.876+0000] {processor.py:830} INFO - Processing file /opt/airflow/dags/sec_edgar_dag.py for tasks to queue
[2026-02-15T14:56:50.878+0000] {logging_mixin.py:188} INFO - [2026-02-15T14:56:50.878+0000] {dagbag.py:538} INFO - Filling up the DagBag from /opt/airflow/dags/sec_edgar_dag.py
[2026-02-15T14:56:51.500+0000] {processor.py:840} INFO - DAG(s) 'sec_edgar_pipeline' retrieved from /opt/airflow/dags/sec_edgar_dag.py
[2026-02-15T14:56:51.533+0000] {logging_mixin.py:188} INFO - [2026-02-15T14:56:51.532+0000] {dag.py:3036} INFO - Sync 1 DAGs
[2026-02-15T14:56:51.593+0000] {processor.py:183} INFO - Processing /opt/airflow/dags/sec_edgar_dag.py took 0.724 seconds
[2026-02-15T14:57:22.231+0000] {processor.py:161} INFO - Started process (PID=4707) to work on /opt/airflow/dags/sec_edgar_dag.py
[2026-02-15T14:57:22.233+0000] {processor.py:830} INFO - Processing file /opt/airflow/dags/sec_edgar_dag.py for tasks to queue
[2026-02-15T14:57:22.234+0000] {logging_mixin.py:188} INFO - [2026-02-15T14:57:22.234+0000] {dagbag.py:538} INFO - Filling up the DagBag from /opt/airflow/dags/sec_edgar_dag.py
[2026-02-15T14:57:22.880+0000] {processor.py:840} INFO - DAG(s) 'sec_edgar_pipeline' retrieved from /opt/airflow/dags/sec_edgar_dag.py
[2026-02-15T14:57:22.917+0000] {logging_mixin.py:188} INFO - [2026-02-15T14:57:22.916+0000] {dag.py:3036} INFO - Sync 1 DAGs
[2026-02-15T14:57:22.971+0000] {processor.py:183} INFO - Processing /opt/airflow/dags/sec_edgar_dag.py took 0.745 seconds
[2026-02-15T14:57:53.713+0000] {processor.py:161} INFO - Started process (PID=4723) to work on /opt/airflow/dags/sec_edgar_dag.py
[2026-02-15T14:57:53.715+0000] {processor.py:830} INFO - Processing file /opt/airflow/dags/sec_edgar_dag.py for tasks to queue
[2026-02-15T14:57:53.717+0000] {logging_mixin.py:188} INFO - [2026-02-15T14:57:53.716+0000] {dagbag.py:538} INFO - Filling up the DagBag from /opt/airflow/dags/sec_edgar_dag.py
[2026-02-15T14:57:54.354+0000] {processor.py:840} INFO - DAG(s) 'sec_edgar_pipeline' retrieved from /opt/airflow/dags/sec_edgar_dag.py
[2026-02-15T14:57:54.390+0000] {logging_mixin.py:188} INFO - [2026-02-15T14:57:54.389+0000] {dag.py:3036} INFO - Sync 1 DAGs
[2026-02-15T14:57:54.452+0000] {processor.py:183} INFO - Processing /opt/airflow/dags/sec_edgar_dag.py took 0.744 seconds
[2026-02-15T14:58:25.247+0000] {processor.py:161} INFO - Started process (PID=4739) to work on /opt/airflow/dags/sec_edgar_dag.py
[2026-02-15T14:58:25.248+0000] {processor.py:830} INFO - Processing file /opt/airflow/dags/sec_edgar_dag.py for tasks to queue
[2026-02-15T14:58:25.250+0000] {logging_mixin.py:188} INFO - [2026-02-15T14:58:25.249+0000] {dagbag.py:538} INFO - Filling up the DagBag from /opt/airflow/dags/sec_edgar_dag.py
[2026-02-15T14:58:25.845+0000] {processor.py:840} INFO - DAG(s) 'sec_edgar_pipeline' retrieved from /opt/airflow/dags/sec_edgar_dag.py
[2026-02-15T14:58:25.878+0000] {logging_mixin.py:188} INFO - [2026-02-15T14:58:25.877+0000] {dag.py:3036} INFO - Sync 1 DAGs
[2026-02-15T14:58:25.949+0000] {processor.py:183} INFO - Processing /opt/airflow/dags/sec_edgar_dag.py took 0.707 seconds
[2026-02-15T14:58:56.200+0000] {processor.py:161} INFO - Started process (PID=4755) to work on /opt/airflow/dags/sec_edgar_dag.py
[2026-02-15T14:58:56.201+0000] {processor.py:830} INFO - Processing file /opt/airflow/dags/sec_edgar_dag.py for tasks to queue
[2026-02-15T14:58:56.203+0000] {logging_mixin.py:188} INFO - [2026-02-15T14:58:56.202+0000] {dagbag.py:538} INFO - Filling up the DagBag from /opt/airflow/dags/sec_edgar_dag.py
[2026-02-15T14:58:56.843+0000] {processor.py:840} INFO - DAG(s) 'sec_edgar_pipeline' retrieved from /opt/airflow/dags/sec_edgar_dag.py
[2026-02-15T14:58:56.889+0000] {logging_mixin.py:188} INFO - [2026-02-15T14:58:56.888+0000] {dag.py:3036} INFO - Sync 1 DAGs
[2026-02-15T14:58:56.959+0000] {processor.py:183} INFO - Processing /opt/airflow/dags/sec_edgar_dag.py took 0.764 seconds
[2026-02-15T14:59:27.392+0000] {processor.py:161} INFO - Started process (PID=4771) to work on /opt/airflow/dags/sec_edgar_dag.py
[2026-02-15T14:59:27.393+0000] {processor.py:830} INFO - Processing file /opt/airflow/dags/sec_edgar_dag.py for tasks to queue
[2026-02-15T14:59:27.395+0000] {logging_mixin.py:188} INFO - [2026-02-15T14:59:27.394+0000] {dagbag.py:538} INFO - Filling up the DagBag from /opt/airflow/dags/sec_edgar_dag.py
[2026-02-15T14:59:27.728+0000] {processor.py:840} INFO - DAG(s) 'sec_edgar_pipeline' retrieved from /opt/airflow/dags/sec_edgar_dag.py
[2026-02-15T14:59:27.765+0000] {logging_mixin.py:188} INFO - [2026-02-15T14:59:27.765+0000] {dag.py:3036} INFO - Sync 1 DAGs
[2026-02-15T14:59:27.831+0000] {processor.py:183} INFO - Processing /opt/airflow/dags/sec_edgar_dag.py took 0.444 seconds
[2026-02-15T14:59:58.183+0000] {processor.py:161} INFO - Started process (PID=4787) to work on /opt/airflow/dags/sec_edgar_dag.py
[2026-02-15T14:59:58.185+0000] {processor.py:830} INFO - Processing file /opt/airflow/dags/sec_edgar_dag.py for tasks to queue
[2026-02-15T14:59:58.187+0000] {logging_mixin.py:188} INFO - [2026-02-15T14:59:58.187+0000] {dagbag.py:538} INFO - Filling up the DagBag from /opt/airflow/dags/sec_edgar_dag.py
[2026-02-15T14:59:58.468+0000] {processor.py:840} INFO - DAG(s) 'sec_edgar_pipeline' retrieved from /opt/airflow/dags/sec_edgar_dag.py
[2026-02-15T14:59:58.500+0000] {logging_mixin.py:188} INFO - [2026-02-15T14:59:58.500+0000] {dag.py:3036} INFO - Sync 1 DAGs
[2026-02-15T14:59:58.560+0000] {processor.py:183} INFO - Processing /opt/airflow/dags/sec_edgar_dag.py took 0.380 seconds
[2026-02-15T15:00:28.701+0000] {processor.py:161} INFO - Started process (PID=4803) to work on /opt/airflow/dags/sec_edgar_dag.py
[2026-02-15T15:00:28.702+0000] {processor.py:830} INFO - Processing file /opt/airflow/dags/sec_edgar_dag.py for tasks to queue
[2026-02-15T15:00:28.704+0000] {logging_mixin.py:188} INFO - [2026-02-15T15:00:28.704+0000] {dagbag.py:538} INFO - Filling up the DagBag from /opt/airflow/dags/sec_edgar_dag.py
[2026-02-15T15:00:29.002+0000] {processor.py:840} INFO - DAG(s) 'sec_edgar_pipeline' retrieved from /opt/airflow/dags/sec_edgar_dag.py
[2026-02-15T15:00:29.031+0000] {logging_mixin.py:188} INFO - [2026-02-15T15:00:29.030+0000] {dag.py:3036} INFO - Sync 1 DAGs
[2026-02-15T15:00:29.078+0000] {processor.py:183} INFO - Processing /opt/airflow/dags/sec_edgar_dag.py took 0.382 seconds
[2026-02-15T15:00:59.243+0000] {processor.py:161} INFO - Started process (PID=4819) to work on /opt/airflow/dags/sec_edgar_dag.py
[2026-02-15T15:00:59.246+0000] {processor.py:830} INFO - Processing file /opt/airflow/dags/sec_edgar_dag.py for tasks to queue
[2026-02-15T15:00:59.247+0000] {logging_mixin.py:188} INFO - [2026-02-15T15:00:59.246+0000] {dagbag.py:538} INFO - Filling up the DagBag from /opt/airflow/dags/sec_edgar_dag.py
[2026-02-15T15:00:59.556+0000] {processor.py:840} INFO - DAG(s) 'sec_edgar_pipeline' retrieved from /opt/airflow/dags/sec_edgar_dag.py
[2026-02-15T15:00:59.591+0000] {logging_mixin.py:188} INFO - [2026-02-15T15:00:59.590+0000] {dag.py:3036} INFO - Sync 1 DAGs
[2026-02-15T15:00:59.667+0000] {processor.py:183} INFO - Processing /opt/airflow/dags/sec_edgar_dag.py took 0.429 seconds
[2026-02-15T15:01:29.777+0000] {processor.py:161} INFO - Started process (PID=4835) to work on /opt/airflow/dags/sec_edgar_dag.py
[2026-02-15T15:01:29.778+0000] {processor.py:830} INFO - Processing file /opt/airflow/dags/sec_edgar_dag.py for tasks to queue
[2026-02-15T15:01:29.780+0000] {logging_mixin.py:188} INFO - [2026-02-15T15:01:29.779+0000] {dagbag.py:538} INFO - Filling up the DagBag from /opt/airflow/dags/sec_edgar_dag.py
[2026-02-15T15:01:30.059+0000] {processor.py:840} INFO - DAG(s) 'sec_edgar_pipeline' retrieved from /opt/airflow/dags/sec_edgar_dag.py
[2026-02-15T15:01:30.097+0000] {logging_mixin.py:188} INFO - [2026-02-15T15:01:30.096+0000] {dag.py:3036} INFO - Sync 1 DAGs
[2026-02-15T15:01:30.156+0000] {processor.py:183} INFO - Processing /opt/airflow/dags/sec_edgar_dag.py took 0.384 seconds
[2026-02-15T15:02:01.064+0000] {processor.py:161} INFO - Started process (PID=4855) to work on /opt/airflow/dags/sec_edgar_dag.py
[2026-02-15T15:02:01.066+0000] {processor.py:830} INFO - Processing file /opt/airflow/dags/sec_edgar_dag.py for tasks to queue
[2026-02-15T15:02:01.067+0000] {logging_mixin.py:188} INFO - [2026-02-15T15:02:01.067+0000] {dagbag.py:538} INFO - Filling up the DagBag from /opt/airflow/dags/sec_edgar_dag.py
[2026-02-15T15:02:01.392+0000] {processor.py:840} INFO - DAG(s) 'sec_edgar_pipeline' retrieved from /opt/airflow/dags/sec_edgar_dag.py
[2026-02-15T15:02:01.432+0000] {logging_mixin.py:188} INFO - [2026-02-15T15:02:01.431+0000] {dag.py:3036} INFO - Sync 1 DAGs
[2026-02-15T15:02:01.470+0000] {logging_mixin.py:188} INFO - [2026-02-15T15:02:01.469+0000] {dag.py:3823} INFO - Setting next_dagrun for sec_edgar_pipeline to 2026-02-15 09:00:00+00:00, run_after=2026-02-16 09:00:00+00:00
[2026-02-15T15:02:01.506+0000] {processor.py:183} INFO - Processing /opt/airflow/dags/sec_edgar_dag.py took 0.447 seconds
[2026-02-15T15:02:31.682+0000] {processor.py:161} INFO - Started process (PID=4871) to work on /opt/airflow/dags/sec_edgar_dag.py
[2026-02-15T15:02:31.684+0000] {processor.py:830} INFO - Processing file /opt/airflow/dags/sec_edgar_dag.py for tasks to queue
[2026-02-15T15:02:31.685+0000] {logging_mixin.py:188} INFO - [2026-02-15T15:02:31.685+0000] {dagbag.py:538} INFO - Filling up the DagBag from /opt/airflow/dags/sec_edgar_dag.py
[2026-02-15T15:02:31.971+0000] {processor.py:840} INFO - DAG(s) 'sec_edgar_pipeline' retrieved from /opt/airflow/dags/sec_edgar_dag.py
[2026-02-15T15:02:32.005+0000] {logging_mixin.py:188} INFO - [2026-02-15T15:02:32.005+0000] {dag.py:3036} INFO - Sync 1 DAGs
[2026-02-15T15:02:32.034+0000] {logging_mixin.py:188} INFO - [2026-02-15T15:02:32.034+0000] {dag.py:3823} INFO - Setting next_dagrun for sec_edgar_pipeline to 2026-02-15 09:00:00+00:00, run_after=2026-02-16 09:00:00+00:00
[2026-02-15T15:02:32.059+0000] {processor.py:183} INFO - Processing /opt/airflow/dags/sec_edgar_dag.py took 0.380 seconds
[2026-02-15T15:03:02.239+0000] {processor.py:161} INFO - Started process (PID=4887) to work on /opt/airflow/dags/sec_edgar_dag.py
[2026-02-15T15:03:02.241+0000] {processor.py:830} INFO - Processing file /opt/airflow/dags/sec_edgar_dag.py for tasks to queue
[2026-02-15T15:03:02.242+0000] {logging_mixin.py:188} INFO - [2026-02-15T15:03:02.242+0000] {dagbag.py:538} INFO - Filling up the DagBag from /opt/airflow/dags/sec_edgar_dag.py
[2026-02-15T15:03:02.570+0000] {processor.py:840} INFO - DAG(s) 'sec_edgar_pipeline' retrieved from /opt/airflow/dags/sec_edgar_dag.py
[2026-02-15T15:03:02.610+0000] {logging_mixin.py:188} INFO - [2026-02-15T15:03:02.609+0000] {dag.py:3036} INFO - Sync 1 DAGs
[2026-02-15T15:03:02.643+0000] {logging_mixin.py:188} INFO - [2026-02-15T15:03:02.643+0000] {dag.py:3823} INFO - Setting next_dagrun for sec_edgar_pipeline to 2026-02-15 09:00:00+00:00, run_after=2026-02-16 09:00:00+00:00
[2026-02-15T15:03:02.672+0000] {processor.py:183} INFO - Processing /opt/airflow/dags/sec_edgar_dag.py took 0.439 seconds
[2026-02-15T15:03:33.541+0000] {processor.py:161} INFO - Started process (PID=4903) to work on /opt/airflow/dags/sec_edgar_dag.py
[2026-02-15T15:03:33.542+0000] {processor.py:830} INFO - Processing file /opt/airflow/dags/sec_edgar_dag.py for tasks to queue
[2026-02-15T15:03:33.544+0000] {logging_mixin.py:188} INFO - [2026-02-15T15:03:33.543+0000] {dagbag.py:538} INFO - Filling up the DagBag from /opt/airflow/dags/sec_edgar_dag.py
[2026-02-15T15:03:33.865+0000] {processor.py:840} INFO - DAG(s) 'sec_edgar_pipeline' retrieved from /opt/airflow/dags/sec_edgar_dag.py
[2026-02-15T15:03:33.903+0000] {logging_mixin.py:188} INFO - [2026-02-15T15:03:33.902+0000] {dag.py:3036} INFO - Sync 1 DAGs
[2026-02-15T15:03:33.940+0000] {logging_mixin.py:188} INFO - [2026-02-15T15:03:33.940+0000] {dag.py:3823} INFO - Setting next_dagrun for sec_edgar_pipeline to 2026-02-15 09:00:00+00:00, run_after=2026-02-16 09:00:00+00:00
[2026-02-15T15:03:33.989+0000] {processor.py:183} INFO - Processing /opt/airflow/dags/sec_edgar_dag.py took 0.454 seconds
[2026-02-15T15:04:04.145+0000] {processor.py:161} INFO - Started process (PID=4920) to work on /opt/airflow/dags/sec_edgar_dag.py
[2026-02-15T15:04:04.147+0000] {processor.py:830} INFO - Processing file /opt/airflow/dags/sec_edgar_dag.py for tasks to queue
[2026-02-15T15:04:04.148+0000] {logging_mixin.py:188} INFO - [2026-02-15T15:04:04.147+0000] {dagbag.py:538} INFO - Filling up the DagBag from /opt/airflow/dags/sec_edgar_dag.py
[2026-02-15T15:04:04.463+0000] {processor.py:840} INFO - DAG(s) 'sec_edgar_pipeline' retrieved from /opt/airflow/dags/sec_edgar_dag.py
[2026-02-15T15:04:04.501+0000] {logging_mixin.py:188} INFO - [2026-02-15T15:04:04.500+0000] {dag.py:3036} INFO - Sync 1 DAGs
[2026-02-15T15:04:04.542+0000] {logging_mixin.py:188} INFO - [2026-02-15T15:04:04.541+0000] {dag.py:3823} INFO - Setting next_dagrun for sec_edgar_pipeline to 2026-02-15 09:00:00+00:00, run_after=2026-02-16 09:00:00+00:00
[2026-02-15T15:04:04.576+0000] {processor.py:183} INFO - Processing /opt/airflow/dags/sec_edgar_dag.py took 0.435 seconds
[2026-02-15T15:04:35.445+0000] {processor.py:161} INFO - Started process (PID=4937) to work on /opt/airflow/dags/sec_edgar_dag.py
[2026-02-15T15:04:35.447+0000] {processor.py:830} INFO - Processing file /opt/airflow/dags/sec_edgar_dag.py for tasks to queue
[2026-02-15T15:04:35.449+0000] {logging_mixin.py:188} INFO - [2026-02-15T15:04:35.448+0000] {dagbag.py:538} INFO - Filling up the DagBag from /opt/airflow/dags/sec_edgar_dag.py
[2026-02-15T15:04:35.768+0000] {processor.py:840} INFO - DAG(s) 'sec_edgar_pipeline' retrieved from /opt/airflow/dags/sec_edgar_dag.py
[2026-02-15T15:04:35.807+0000] {logging_mixin.py:188} INFO - [2026-02-15T15:04:35.806+0000] {dag.py:3036} INFO - Sync 1 DAGs
[2026-02-15T15:04:35.842+0000] {logging_mixin.py:188} INFO - [2026-02-15T15:04:35.842+0000] {dag.py:3823} INFO - Setting next_dagrun for sec_edgar_pipeline to 2026-02-15 09:00:00+00:00, run_after=2026-02-16 09:00:00+00:00
[2026-02-15T15:04:35.875+0000] {processor.py:183} INFO - Processing /opt/airflow/dags/sec_edgar_dag.py took 0.435 seconds
[2026-02-15T15:05:06.120+0000] {processor.py:161} INFO - Started process (PID=4953) to work on /opt/airflow/dags/sec_edgar_dag.py
[2026-02-15T15:05:06.122+0000] {processor.py:830} INFO - Processing file /opt/airflow/dags/sec_edgar_dag.py for tasks to queue
[2026-02-15T15:05:06.123+0000] {logging_mixin.py:188} INFO - [2026-02-15T15:05:06.123+0000] {dagbag.py:538} INFO - Filling up the DagBag from /opt/airflow/dags/sec_edgar_dag.py
[2026-02-15T15:05:06.427+0000] {processor.py:840} INFO - DAG(s) 'sec_edgar_pipeline' retrieved from /opt/airflow/dags/sec_edgar_dag.py
[2026-02-15T15:05:06.465+0000] {logging_mixin.py:188} INFO - [2026-02-15T15:05:06.464+0000] {dag.py:3036} INFO - Sync 1 DAGs
[2026-02-15T15:05:06.505+0000] {logging_mixin.py:188} INFO - [2026-02-15T15:05:06.504+0000] {dag.py:3823} INFO - Setting next_dagrun for sec_edgar_pipeline to 2026-02-15 09:00:00+00:00, run_after=2026-02-16 09:00:00+00:00
[2026-02-15T15:05:06.535+0000] {processor.py:183} INFO - Processing /opt/airflow/dags/sec_edgar_dag.py took 0.420 seconds
[2026-02-15T15:05:37.402+0000] {processor.py:161} INFO - Started process (PID=4969) to work on /opt/airflow/dags/sec_edgar_dag.py
[2026-02-15T15:05:37.404+0000] {processor.py:830} INFO - Processing file /opt/airflow/dags/sec_edgar_dag.py for tasks to queue
[2026-02-15T15:05:37.405+0000] {logging_mixin.py:188} INFO - [2026-02-15T15:05:37.405+0000] {dagbag.py:538} INFO - Filling up the DagBag from /opt/airflow/dags/sec_edgar_dag.py
[2026-02-15T15:05:37.717+0000] {processor.py:840} INFO - DAG(s) 'sec_edgar_pipeline' retrieved from /opt/airflow/dags/sec_edgar_dag.py
[2026-02-15T15:05:37.759+0000] {logging_mixin.py:188} INFO - [2026-02-15T15:05:37.758+0000] {dag.py:3036} INFO - Sync 1 DAGs
[2026-02-15T15:05:37.799+0000] {logging_mixin.py:188} INFO - [2026-02-15T15:05:37.798+0000] {dag.py:3823} INFO - Setting next_dagrun for sec_edgar_pipeline to 2026-02-15 09:00:00+00:00, run_after=2026-02-16 09:00:00+00:00
[2026-02-15T15:05:37.829+0000] {processor.py:183} INFO - Processing /opt/airflow/dags/sec_edgar_dag.py took 0.433 seconds
[2026-02-15T15:06:08.056+0000] {processor.py:161} INFO - Started process (PID=4985) to work on /opt/airflow/dags/sec_edgar_dag.py
[2026-02-15T15:06:08.058+0000] {processor.py:830} INFO - Processing file /opt/airflow/dags/sec_edgar_dag.py for tasks to queue
[2026-02-15T15:06:08.060+0000] {logging_mixin.py:188} INFO - [2026-02-15T15:06:08.059+0000] {dagbag.py:538} INFO - Filling up the DagBag from /opt/airflow/dags/sec_edgar_dag.py
[2026-02-15T15:06:08.357+0000] {processor.py:840} INFO - DAG(s) 'sec_edgar_pipeline' retrieved from /opt/airflow/dags/sec_edgar_dag.py
[2026-02-15T15:06:08.394+0000] {logging_mixin.py:188} INFO - [2026-02-15T15:06:08.394+0000] {dag.py:3036} INFO - Sync 1 DAGs
[2026-02-15T15:06:08.431+0000] {logging_mixin.py:188} INFO - [2026-02-15T15:06:08.431+0000] {dag.py:3823} INFO - Setting next_dagrun for sec_edgar_pipeline to 2026-02-15 09:00:00+00:00, run_after=2026-02-16 09:00:00+00:00
[2026-02-15T15:06:08.457+0000] {processor.py:183} INFO - Processing /opt/airflow/dags/sec_edgar_dag.py took 0.406 seconds
[2026-02-15T15:06:38.550+0000] {processor.py:161} INFO - Started process (PID=5001) to work on /opt/airflow/dags/sec_edgar_dag.py
[2026-02-15T15:06:38.552+0000] {processor.py:830} INFO - Processing file /opt/airflow/dags/sec_edgar_dag.py for tasks to queue
[2026-02-15T15:06:38.554+0000] {logging_mixin.py:188} INFO - [2026-02-15T15:06:38.553+0000] {dagbag.py:538} INFO - Filling up the DagBag from /opt/airflow/dags/sec_edgar_dag.py
[2026-02-15T15:06:38.875+0000] {processor.py:840} INFO - DAG(s) 'sec_edgar_pipeline' retrieved from /opt/airflow/dags/sec_edgar_dag.py
[2026-02-15T15:06:38.910+0000] {logging_mixin.py:188} INFO - [2026-02-15T15:06:38.909+0000] {dag.py:3036} INFO - Sync 1 DAGs
[2026-02-15T15:06:38.949+0000] {logging_mixin.py:188} INFO - [2026-02-15T15:06:38.948+0000] {dag.py:3823} INFO - Setting next_dagrun for sec_edgar_pipeline to 2026-02-15 09:00:00+00:00, run_after=2026-02-16 09:00:00+00:00
[2026-02-15T15:06:38.985+0000] {processor.py:183} INFO - Processing /opt/airflow/dags/sec_edgar_dag.py took 0.440 seconds
[2026-02-15T15:07:09.868+0000] {processor.py:161} INFO - Started process (PID=5017) to work on /opt/airflow/dags/sec_edgar_dag.py
[2026-02-15T15:07:09.870+0000] {processor.py:830} INFO - Processing file /opt/airflow/dags/sec_edgar_dag.py for tasks to queue
[2026-02-15T15:07:09.871+0000] {logging_mixin.py:188} INFO - [2026-02-15T15:07:09.871+0000] {dagbag.py:538} INFO - Filling up the DagBag from /opt/airflow/dags/sec_edgar_dag.py
[2026-02-15T15:07:10.181+0000] {processor.py:840} INFO - DAG(s) 'sec_edgar_pipeline' retrieved from /opt/airflow/dags/sec_edgar_dag.py
[2026-02-15T15:07:10.216+0000] {logging_mixin.py:188} INFO - [2026-02-15T15:07:10.216+0000] {dag.py:3036} INFO - Sync 1 DAGs
[2026-02-15T15:07:10.251+0000] {logging_mixin.py:188} INFO - [2026-02-15T15:07:10.250+0000] {dag.py:3823} INFO - Setting next_dagrun for sec_edgar_pipeline to 2026-02-15 09:00:00+00:00, run_after=2026-02-16 09:00:00+00:00
[2026-02-15T15:07:10.292+0000] {processor.py:183} INFO - Processing /opt/airflow/dags/sec_edgar_dag.py took 0.429 seconds
[2026-02-15T15:07:40.473+0000] {processor.py:161} INFO - Started process (PID=5033) to work on /opt/airflow/dags/sec_edgar_dag.py
[2026-02-15T15:07:40.475+0000] {processor.py:830} INFO - Processing file /opt/airflow/dags/sec_edgar_dag.py for tasks to queue
[2026-02-15T15:07:40.477+0000] {logging_mixin.py:188} INFO - [2026-02-15T15:07:40.477+0000] {dagbag.py:538} INFO - Filling up the DagBag from /opt/airflow/dags/sec_edgar_dag.py
[2026-02-15T15:07:40.819+0000] {processor.py:840} INFO - DAG(s) 'sec_edgar_pipeline' retrieved from /opt/airflow/dags/sec_edgar_dag.py
[2026-02-15T15:07:40.864+0000] {logging_mixin.py:188} INFO - [2026-02-15T15:07:40.863+0000] {dag.py:3036} INFO - Sync 1 DAGs
[2026-02-15T15:07:40.904+0000] {logging_mixin.py:188} INFO - [2026-02-15T15:07:40.904+0000] {dag.py:3823} INFO - Setting next_dagrun for sec_edgar_pipeline to 2026-02-15 09:00:00+00:00, run_after=2026-02-16 09:00:00+00:00
[2026-02-15T15:07:40.950+0000] {processor.py:183} INFO - Processing /opt/airflow/dags/sec_edgar_dag.py took 0.482 seconds
[2026-02-15T15:08:11.810+0000] {processor.py:161} INFO - Started process (PID=5055) to work on /opt/airflow/dags/sec_edgar_dag.py
[2026-02-15T15:08:11.811+0000] {processor.py:830} INFO - Processing file /opt/airflow/dags/sec_edgar_dag.py for tasks to queue
[2026-02-15T15:08:11.813+0000] {logging_mixin.py:188} INFO - [2026-02-15T15:08:11.812+0000] {dagbag.py:538} INFO - Filling up the DagBag from /opt/airflow/dags/sec_edgar_dag.py
[2026-02-15T15:08:12.253+0000] {processor.py:840} INFO - DAG(s) 'sec_edgar_pipeline' retrieved from /opt/airflow/dags/sec_edgar_dag.py
[2026-02-15T15:08:12.306+0000] {logging_mixin.py:188} INFO - [2026-02-15T15:08:12.305+0000] {dag.py:3036} INFO - Sync 1 DAGs
[2026-02-15T15:08:12.366+0000] {logging_mixin.py:188} INFO - [2026-02-15T15:08:12.366+0000] {dag.py:3823} INFO - Setting next_dagrun for sec_edgar_pipeline to 2026-02-15 09:00:00+00:00, run_after=2026-02-16 09:00:00+00:00
[2026-02-15T15:08:12.409+0000] {processor.py:183} INFO - Processing /opt/airflow/dags/sec_edgar_dag.py took 0.604 seconds
[2026-02-15T15:08:42.631+0000] {processor.py:161} INFO - Started process (PID=5072) to work on /opt/airflow/dags/sec_edgar_dag.py
[2026-02-15T15:08:42.634+0000] {processor.py:830} INFO - Processing file /opt/airflow/dags/sec_edgar_dag.py for tasks to queue
[2026-02-15T15:08:42.637+0000] {logging_mixin.py:188} INFO - [2026-02-15T15:08:42.636+0000] {dagbag.py:538} INFO - Filling up the DagBag from /opt/airflow/dags/sec_edgar_dag.py
[2026-02-15T15:08:43.067+0000] {processor.py:840} INFO - DAG(s) 'sec_edgar_pipeline' retrieved from /opt/airflow/dags/sec_edgar_dag.py
[2026-02-15T15:08:43.108+0000] {logging_mixin.py:188} INFO - [2026-02-15T15:08:43.107+0000] {dag.py:3036} INFO - Sync 1 DAGs
[2026-02-15T15:08:43.146+0000] {logging_mixin.py:188} INFO - [2026-02-15T15:08:43.145+0000] {dag.py:3823} INFO - Setting next_dagrun for sec_edgar_pipeline to 2026-02-15 09:00:00+00:00, run_after=2026-02-16 09:00:00+00:00
[2026-02-15T15:08:43.179+0000] {processor.py:183} INFO - Processing /opt/airflow/dags/sec_edgar_dag.py took 0.554 seconds
[2026-02-15T15:09:13.944+0000] {processor.py:161} INFO - Started process (PID=5088) to work on /opt/airflow/dags/sec_edgar_dag.py
[2026-02-15T15:09:13.946+0000] {processor.py:830} INFO - Processing file /opt/airflow/dags/sec_edgar_dag.py for tasks to queue
[2026-02-15T15:09:13.948+0000] {logging_mixin.py:188} INFO - [2026-02-15T15:09:13.947+0000] {dagbag.py:538} INFO - Filling up the DagBag from /opt/airflow/dags/sec_edgar_dag.py
[2026-02-15T15:09:14.412+0000] {processor.py:840} INFO - DAG(s) 'sec_edgar_pipeline' retrieved from /opt/airflow/dags/sec_edgar_dag.py
[2026-02-15T15:09:14.466+0000] {logging_mixin.py:188} INFO - [2026-02-15T15:09:14.463+0000] {dag.py:3036} INFO - Sync 1 DAGs
[2026-02-15T15:09:14.519+0000] {logging_mixin.py:188} INFO - [2026-02-15T15:09:14.518+0000] {dag.py:3823} INFO - Setting next_dagrun for sec_edgar_pipeline to 2026-02-15 09:00:00+00:00, run_after=2026-02-16 09:00:00+00:00
[2026-02-15T15:09:14.553+0000] {processor.py:183} INFO - Processing /opt/airflow/dags/sec_edgar_dag.py took 0.613 seconds
[2026-02-15T15:09:45.327+0000] {processor.py:161} INFO - Started process (PID=5104) to work on /opt/airflow/dags/sec_edgar_dag.py
[2026-02-15T15:09:45.328+0000] {processor.py:830} INFO - Processing file /opt/airflow/dags/sec_edgar_dag.py for tasks to queue
[2026-02-15T15:09:45.330+0000] {logging_mixin.py:188} INFO - [2026-02-15T15:09:45.329+0000] {dagbag.py:538} INFO - Filling up the DagBag from /opt/airflow/dags/sec_edgar_dag.py
[2026-02-15T15:09:45.652+0000] {processor.py:840} INFO - DAG(s) 'sec_edgar_pipeline' retrieved from /opt/airflow/dags/sec_edgar_dag.py
[2026-02-15T15:09:45.688+0000] {logging_mixin.py:188} INFO - [2026-02-15T15:09:45.687+0000] {dag.py:3036} INFO - Sync 1 DAGs
[2026-02-15T15:09:45.725+0000] {logging_mixin.py:188} INFO - [2026-02-15T15:09:45.724+0000] {dag.py:3823} INFO - Setting next_dagrun for sec_edgar_pipeline to 2026-02-15 09:00:00+00:00, run_after=2026-02-16 09:00:00+00:00
[2026-02-15T15:09:45.755+0000] {processor.py:183} INFO - Processing /opt/airflow/dags/sec_edgar_dag.py took 0.432 seconds
[2026-02-15T15:10:15.883+0000] {processor.py:161} INFO - Started process (PID=5120) to work on /opt/airflow/dags/sec_edgar_dag.py
[2026-02-15T15:10:15.885+0000] {processor.py:830} INFO - Processing file /opt/airflow/dags/sec_edgar_dag.py for tasks to queue
[2026-02-15T15:10:15.887+0000] {logging_mixin.py:188} INFO - [2026-02-15T15:10:15.886+0000] {dagbag.py:538} INFO - Filling up the DagBag from /opt/airflow/dags/sec_edgar_dag.py
[2026-02-15T15:10:16.216+0000] {processor.py:840} INFO - DAG(s) 'sec_edgar_pipeline' retrieved from /opt/airflow/dags/sec_edgar_dag.py
[2026-02-15T15:10:16.260+0000] {logging_mixin.py:188} INFO - [2026-02-15T15:10:16.259+0000] {dag.py:3036} INFO - Sync 1 DAGs
[2026-02-15T15:10:16.300+0000] {logging_mixin.py:188} INFO - [2026-02-15T15:10:16.299+0000] {dag.py:3823} INFO - Setting next_dagrun for sec_edgar_pipeline to 2026-02-15 09:00:00+00:00, run_after=2026-02-16 09:00:00+00:00
[2026-02-15T15:10:16.329+0000] {processor.py:183} INFO - Processing /opt/airflow/dags/sec_edgar_dag.py took 0.451 seconds
[2026-02-15T15:10:47.169+0000] {processor.py:161} INFO - Started process (PID=5136) to work on /opt/airflow/dags/sec_edgar_dag.py
[2026-02-15T15:10:47.171+0000] {processor.py:830} INFO - Processing file /opt/airflow/dags/sec_edgar_dag.py for tasks to queue
[2026-02-15T15:10:47.173+0000] {logging_mixin.py:188} INFO - [2026-02-15T15:10:47.172+0000] {dagbag.py:538} INFO - Filling up the DagBag from /opt/airflow/dags/sec_edgar_dag.py
[2026-02-15T15:10:47.554+0000] {processor.py:840} INFO - DAG(s) 'sec_edgar_pipeline' retrieved from /opt/airflow/dags/sec_edgar_dag.py
[2026-02-15T15:10:47.596+0000] {logging_mixin.py:188} INFO - [2026-02-15T15:10:47.595+0000] {dag.py:3036} INFO - Sync 1 DAGs
[2026-02-15T15:10:47.631+0000] {logging_mixin.py:188} INFO - [2026-02-15T15:10:47.630+0000] {dag.py:3823} INFO - Setting next_dagrun for sec_edgar_pipeline to 2026-02-15 09:00:00+00:00, run_after=2026-02-16 09:00:00+00:00
[2026-02-15T15:10:47.660+0000] {processor.py:183} INFO - Processing /opt/airflow/dags/sec_edgar_dag.py took 0.497 seconds
[2026-02-15T15:11:18.537+0000] {processor.py:161} INFO - Started process (PID=5152) to work on /opt/airflow/dags/sec_edgar_dag.py
[2026-02-15T15:11:18.539+0000] {processor.py:830} INFO - Processing file /opt/airflow/dags/sec_edgar_dag.py for tasks to queue
[2026-02-15T15:11:18.540+0000] {logging_mixin.py:188} INFO - [2026-02-15T15:11:18.540+0000] {dagbag.py:538} INFO - Filling up the DagBag from /opt/airflow/dags/sec_edgar_dag.py
[2026-02-15T15:11:18.876+0000] {processor.py:840} INFO - DAG(s) 'sec_edgar_pipeline' retrieved from /opt/airflow/dags/sec_edgar_dag.py
[2026-02-15T15:11:18.921+0000] {logging_mixin.py:188} INFO - [2026-02-15T15:11:18.920+0000] {dag.py:3036} INFO - Sync 1 DAGs
[2026-02-15T15:11:18.970+0000] {logging_mixin.py:188} INFO - [2026-02-15T15:11:18.969+0000] {dag.py:3823} INFO - Setting next_dagrun for sec_edgar_pipeline to 2026-02-15 09:00:00+00:00, run_after=2026-02-16 09:00:00+00:00
[2026-02-15T15:11:19.005+0000] {processor.py:183} INFO - Processing /opt/airflow/dags/sec_edgar_dag.py took 0.473 seconds
[2026-02-15T15:11:49.090+0000] {processor.py:161} INFO - Started process (PID=5168) to work on /opt/airflow/dags/sec_edgar_dag.py
[2026-02-15T15:11:49.092+0000] {processor.py:830} INFO - Processing file /opt/airflow/dags/sec_edgar_dag.py for tasks to queue
[2026-02-15T15:11:49.093+0000] {logging_mixin.py:188} INFO - [2026-02-15T15:11:49.092+0000] {dagbag.py:538} INFO - Filling up the DagBag from /opt/airflow/dags/sec_edgar_dag.py
[2026-02-15T15:11:49.424+0000] {processor.py:840} INFO - DAG(s) 'sec_edgar_pipeline' retrieved from /opt/airflow/dags/sec_edgar_dag.py
[2026-02-15T15:11:49.482+0000] {logging_mixin.py:188} INFO - [2026-02-15T15:11:49.482+0000] {dag.py:3036} INFO - Sync 1 DAGs
[2026-02-15T15:11:49.525+0000] {logging_mixin.py:188} INFO - [2026-02-15T15:11:49.525+0000] {dag.py:3823} INFO - Setting next_dagrun for sec_edgar_pipeline to 2026-02-15 09:00:00+00:00, run_after=2026-02-16 09:00:00+00:00
[2026-02-15T15:11:49.555+0000] {processor.py:183} INFO - Processing /opt/airflow/dags/sec_edgar_dag.py took 0.469 seconds
[2026-02-15T15:12:20.373+0000] {processor.py:161} INFO - Started process (PID=5185) to work on /opt/airflow/dags/sec_edgar_dag.py
[2026-02-15T15:12:20.375+0000] {processor.py:830} INFO - Processing file /opt/airflow/dags/sec_edgar_dag.py for tasks to queue
[2026-02-15T15:12:20.376+0000] {logging_mixin.py:188} INFO - [2026-02-15T15:12:20.376+0000] {dagbag.py:538} INFO - Filling up the DagBag from /opt/airflow/dags/sec_edgar_dag.py
[2026-02-15T15:12:20.752+0000] {processor.py:840} INFO - DAG(s) 'sec_edgar_pipeline' retrieved from /opt/airflow/dags/sec_edgar_dag.py
[2026-02-15T15:12:20.795+0000] {logging_mixin.py:188} INFO - [2026-02-15T15:12:20.794+0000] {dag.py:3036} INFO - Sync 1 DAGs
[2026-02-15T15:12:20.831+0000] {logging_mixin.py:188} INFO - [2026-02-15T15:12:20.830+0000] {dag.py:3823} INFO - Setting next_dagrun for sec_edgar_pipeline to 2026-02-15 09:00:00+00:00, run_after=2026-02-16 09:00:00+00:00
[2026-02-15T15:12:20.863+0000] {processor.py:183} INFO - Processing /opt/airflow/dags/sec_edgar_dag.py took 0.493 seconds
[2026-02-15T15:12:51.129+0000] {processor.py:161} INFO - Started process (PID=5206) to work on /opt/airflow/dags/sec_edgar_dag.py
[2026-02-15T15:12:51.131+0000] {processor.py:830} INFO - Processing file /opt/airflow/dags/sec_edgar_dag.py for tasks to queue
[2026-02-15T15:12:51.133+0000] {logging_mixin.py:188} INFO - [2026-02-15T15:12:51.132+0000] {dagbag.py:538} INFO - Filling up the DagBag from /opt/airflow/dags/sec_edgar_dag.py
[2026-02-15T15:12:51.486+0000] {processor.py:840} INFO - DAG(s) 'sec_edgar_pipeline' retrieved from /opt/airflow/dags/sec_edgar_dag.py
[2026-02-15T15:12:51.527+0000] {logging_mixin.py:188} INFO - [2026-02-15T15:12:51.527+0000] {dag.py:3036} INFO - Sync 1 DAGs
[2026-02-15T15:12:51.566+0000] {logging_mixin.py:188} INFO - [2026-02-15T15:12:51.565+0000] {dag.py:3823} INFO - Setting next_dagrun for sec_edgar_pipeline to 2026-02-15 09:00:00+00:00, run_after=2026-02-16 09:00:00+00:00
[2026-02-15T15:12:51.599+0000] {processor.py:183} INFO - Processing /opt/airflow/dags/sec_edgar_dag.py took 0.474 seconds
[2026-02-15T15:13:22.372+0000] {processor.py:161} INFO - Started process (PID=5222) to work on /opt/airflow/dags/sec_edgar_dag.py
[2026-02-15T15:13:22.373+0000] {processor.py:830} INFO - Processing file /opt/airflow/dags/sec_edgar_dag.py for tasks to queue
[2026-02-15T15:13:22.375+0000] {logging_mixin.py:188} INFO - [2026-02-15T15:13:22.374+0000] {dagbag.py:538} INFO - Filling up the DagBag from /opt/airflow/dags/sec_edgar_dag.py
[2026-02-15T15:13:22.676+0000] {processor.py:840} INFO - DAG(s) 'sec_edgar_pipeline' retrieved from /opt/airflow/dags/sec_edgar_dag.py
[2026-02-15T15:13:22.714+0000] {logging_mixin.py:188} INFO - [2026-02-15T15:13:22.714+0000] {dag.py:3036} INFO - Sync 1 DAGs
[2026-02-15T15:13:22.757+0000] {logging_mixin.py:188} INFO - [2026-02-15T15:13:22.757+0000] {dag.py:3823} INFO - Setting next_dagrun for sec_edgar_pipeline to 2026-02-15 09:00:00+00:00, run_after=2026-02-16 09:00:00+00:00
[2026-02-15T15:13:22.786+0000] {processor.py:183} INFO - Processing /opt/airflow/dags/sec_edgar_dag.py took 0.419 seconds
[2026-02-15T15:13:53.002+0000] {processor.py:161} INFO - Started process (PID=5238) to work on /opt/airflow/dags/sec_edgar_dag.py
[2026-02-15T15:13:53.004+0000] {processor.py:830} INFO - Processing file /opt/airflow/dags/sec_edgar_dag.py for tasks to queue
[2026-02-15T15:13:53.005+0000] {logging_mixin.py:188} INFO - [2026-02-15T15:13:53.005+0000] {dagbag.py:538} INFO - Filling up the DagBag from /opt/airflow/dags/sec_edgar_dag.py
[2026-02-15T15:13:53.321+0000] {processor.py:840} INFO - DAG(s) 'sec_edgar_pipeline' retrieved from /opt/airflow/dags/sec_edgar_dag.py
[2026-02-15T15:13:53.359+0000] {logging_mixin.py:188} INFO - [2026-02-15T15:13:53.358+0000] {dag.py:3036} INFO - Sync 1 DAGs
[2026-02-15T15:13:53.396+0000] {logging_mixin.py:188} INFO - [2026-02-15T15:13:53.396+0000] {dag.py:3823} INFO - Setting next_dagrun for sec_edgar_pipeline to 2026-02-15 09:00:00+00:00, run_after=2026-02-16 09:00:00+00:00
[2026-02-15T15:13:53.426+0000] {processor.py:183} INFO - Processing /opt/airflow/dags/sec_edgar_dag.py took 0.428 seconds
[2026-02-15T15:14:24.283+0000] {processor.py:161} INFO - Started process (PID=5255) to work on /opt/airflow/dags/sec_edgar_dag.py
[2026-02-15T15:14:24.284+0000] {processor.py:830} INFO - Processing file /opt/airflow/dags/sec_edgar_dag.py for tasks to queue
[2026-02-15T15:14:24.286+0000] {logging_mixin.py:188} INFO - [2026-02-15T15:14:24.285+0000] {dagbag.py:538} INFO - Filling up the DagBag from /opt/airflow/dags/sec_edgar_dag.py
[2026-02-15T15:14:24.602+0000] {processor.py:840} INFO - DAG(s) 'sec_edgar_pipeline' retrieved from /opt/airflow/dags/sec_edgar_dag.py
[2026-02-15T15:14:24.643+0000] {logging_mixin.py:188} INFO - [2026-02-15T15:14:24.642+0000] {dag.py:3036} INFO - Sync 1 DAGs
[2026-02-15T15:14:24.679+0000] {logging_mixin.py:188} INFO - [2026-02-15T15:14:24.679+0000] {dag.py:3823} INFO - Setting next_dagrun for sec_edgar_pipeline to 2026-02-15 09:00:00+00:00, run_after=2026-02-16 09:00:00+00:00
[2026-02-15T15:14:24.706+0000] {processor.py:183} INFO - Processing /opt/airflow/dags/sec_edgar_dag.py took 0.429 seconds
[2026-02-15T15:14:54.822+0000] {processor.py:161} INFO - Started process (PID=5271) to work on /opt/airflow/dags/sec_edgar_dag.py
[2026-02-15T15:14:54.824+0000] {processor.py:830} INFO - Processing file /opt/airflow/dags/sec_edgar_dag.py for tasks to queue
[2026-02-15T15:14:54.826+0000] {logging_mixin.py:188} INFO - [2026-02-15T15:14:54.825+0000] {dagbag.py:538} INFO - Filling up the DagBag from /opt/airflow/dags/sec_edgar_dag.py
[2026-02-15T15:14:55.130+0000] {processor.py:840} INFO - DAG(s) 'sec_edgar_pipeline' retrieved from /opt/airflow/dags/sec_edgar_dag.py
[2026-02-15T15:14:55.167+0000] {logging_mixin.py:188} INFO - [2026-02-15T15:14:55.167+0000] {dag.py:3036} INFO - Sync 1 DAGs
[2026-02-15T15:14:55.203+0000] {logging_mixin.py:188} INFO - [2026-02-15T15:14:55.203+0000] {dag.py:3823} INFO - Setting next_dagrun for sec_edgar_pipeline to 2026-02-15 09:00:00+00:00, run_after=2026-02-16 09:00:00+00:00
[2026-02-15T15:14:55.233+0000] {processor.py:183} INFO - Processing /opt/airflow/dags/sec_edgar_dag.py took 0.416 seconds
[2026-02-15T15:15:26.102+0000] {processor.py:161} INFO - Started process (PID=5287) to work on /opt/airflow/dags/sec_edgar_dag.py
[2026-02-15T15:15:26.104+0000] {processor.py:830} INFO - Processing file /opt/airflow/dags/sec_edgar_dag.py for tasks to queue
[2026-02-15T15:15:26.105+0000] {logging_mixin.py:188} INFO - [2026-02-15T15:15:26.105+0000] {dagbag.py:538} INFO - Filling up the DagBag from /opt/airflow/dags/sec_edgar_dag.py
[2026-02-15T15:15:26.424+0000] {processor.py:840} INFO - DAG(s) 'sec_edgar_pipeline' retrieved from /opt/airflow/dags/sec_edgar_dag.py
[2026-02-15T15:15:26.463+0000] {logging_mixin.py:188} INFO - [2026-02-15T15:15:26.462+0000] {dag.py:3036} INFO - Sync 1 DAGs
[2026-02-15T15:15:26.502+0000] {logging_mixin.py:188} INFO - [2026-02-15T15:15:26.502+0000] {dag.py:3823} INFO - Setting next_dagrun for sec_edgar_pipeline to 2026-02-15 09:00:00+00:00, run_after=2026-02-16 09:00:00+00:00
[2026-02-15T15:15:26.530+0000] {processor.py:183} INFO - Processing /opt/airflow/dags/sec_edgar_dag.py took 0.432 seconds
[2026-02-15T15:15:56.666+0000] {processor.py:161} INFO - Started process (PID=5303) to work on /opt/airflow/dags/sec_edgar_dag.py
[2026-02-15T15:15:56.668+0000] {processor.py:830} INFO - Processing file /opt/airflow/dags/sec_edgar_dag.py for tasks to queue
[2026-02-15T15:15:56.669+0000] {logging_mixin.py:188} INFO - [2026-02-15T15:15:56.668+0000] {dagbag.py:538} INFO - Filling up the DagBag from /opt/airflow/dags/sec_edgar_dag.py
[2026-02-15T15:15:56.979+0000] {processor.py:840} INFO - DAG(s) 'sec_edgar_pipeline' retrieved from /opt/airflow/dags/sec_edgar_dag.py
[2026-02-15T15:15:57.018+0000] {logging_mixin.py:188} INFO - [2026-02-15T15:15:57.017+0000] {dag.py:3036} INFO - Sync 1 DAGs
[2026-02-15T15:15:57.051+0000] {logging_mixin.py:188} INFO - [2026-02-15T15:15:57.051+0000] {dag.py:3823} INFO - Setting next_dagrun for sec_edgar_pipeline to 2026-02-15 09:00:00+00:00, run_after=2026-02-16 09:00:00+00:00
[2026-02-15T15:15:57.077+0000] {processor.py:183} INFO - Processing /opt/airflow/dags/sec_edgar_dag.py took 0.414 seconds
[2026-02-15T15:16:28.029+0000] {processor.py:161} INFO - Started process (PID=5319) to work on /opt/airflow/dags/sec_edgar_dag.py
[2026-02-15T15:16:28.032+0000] {processor.py:830} INFO - Processing file /opt/airflow/dags/sec_edgar_dag.py for tasks to queue
[2026-02-15T15:16:28.033+0000] {logging_mixin.py:188} INFO - [2026-02-15T15:16:28.033+0000] {dagbag.py:538} INFO - Filling up the DagBag from /opt/airflow/dags/sec_edgar_dag.py
[2026-02-15T15:16:28.315+0000] {processor.py:840} INFO - DAG(s) 'sec_edgar_pipeline' retrieved from /opt/airflow/dags/sec_edgar_dag.py
[2026-02-15T15:16:28.355+0000] {logging_mixin.py:188} INFO - [2026-02-15T15:16:28.354+0000] {dag.py:3036} INFO - Sync 1 DAGs
[2026-02-15T15:16:28.391+0000] {logging_mixin.py:188} INFO - [2026-02-15T15:16:28.391+0000] {dag.py:3823} INFO - Setting next_dagrun for sec_edgar_pipeline to 2026-02-15 09:00:00+00:00, run_after=2026-02-16 09:00:00+00:00
[2026-02-15T15:16:28.421+0000] {processor.py:183} INFO - Processing /opt/airflow/dags/sec_edgar_dag.py took 0.398 seconds
[2026-02-15T15:16:58.526+0000] {processor.py:161} INFO - Started process (PID=5335) to work on /opt/airflow/dags/sec_edgar_dag.py
[2026-02-15T15:16:58.527+0000] {processor.py:830} INFO - Processing file /opt/airflow/dags/sec_edgar_dag.py for tasks to queue
[2026-02-15T15:16:58.528+0000] {logging_mixin.py:188} INFO - [2026-02-15T15:16:58.528+0000] {dagbag.py:538} INFO - Filling up the DagBag from /opt/airflow/dags/sec_edgar_dag.py
[2026-02-15T15:16:58.840+0000] {processor.py:840} INFO - DAG(s) 'sec_edgar_pipeline' retrieved from /opt/airflow/dags/sec_edgar_dag.py
[2026-02-15T15:16:58.882+0000] {logging_mixin.py:188} INFO - [2026-02-15T15:16:58.881+0000] {dag.py:3036} INFO - Sync 1 DAGs
[2026-02-15T15:16:58.920+0000] {logging_mixin.py:188} INFO - [2026-02-15T15:16:58.919+0000] {dag.py:3823} INFO - Setting next_dagrun for sec_edgar_pipeline to 2026-02-15 09:00:00+00:00, run_after=2026-02-16 09:00:00+00:00
[2026-02-15T15:16:58.948+0000] {processor.py:183} INFO - Processing /opt/airflow/dags/sec_edgar_dag.py took 0.428 seconds
[2026-02-15T15:17:29.116+0000] {processor.py:161} INFO - Started process (PID=5351) to work on /opt/airflow/dags/sec_edgar_dag.py
[2026-02-15T15:17:29.117+0000] {processor.py:830} INFO - Processing file /opt/airflow/dags/sec_edgar_dag.py for tasks to queue
[2026-02-15T15:17:29.119+0000] {logging_mixin.py:188} INFO - [2026-02-15T15:17:29.118+0000] {dagbag.py:538} INFO - Filling up the DagBag from /opt/airflow/dags/sec_edgar_dag.py
[2026-02-15T15:17:29.330+0000] {processor.py:840} INFO - DAG(s) 'sec_edgar_pipeline' retrieved from /opt/airflow/dags/sec_edgar_dag.py
[2026-02-15T15:17:29.358+0000] {logging_mixin.py:188} INFO - [2026-02-15T15:17:29.358+0000] {dag.py:3036} INFO - Sync 1 DAGs
[2026-02-15T15:17:29.408+0000] {logging_mixin.py:188} INFO - [2026-02-15T15:17:29.408+0000] {dag.py:3823} INFO - Setting next_dagrun for sec_edgar_pipeline to 2026-02-15 09:00:00+00:00, run_after=2026-02-16 09:00:00+00:00
[2026-02-15T15:17:29.468+0000] {processor.py:183} INFO - Processing /opt/airflow/dags/sec_edgar_dag.py took 0.356 seconds
[2026-02-15T15:18:00.412+0000] {processor.py:161} INFO - Started process (PID=5367) to work on /opt/airflow/dags/sec_edgar_dag.py
[2026-02-15T15:18:00.414+0000] {processor.py:830} INFO - Processing file /opt/airflow/dags/sec_edgar_dag.py for tasks to queue
[2026-02-15T15:18:00.417+0000] {logging_mixin.py:188} INFO - [2026-02-15T15:18:00.416+0000] {dagbag.py:538} INFO - Filling up the DagBag from /opt/airflow/dags/sec_edgar_dag.py
[2026-02-15T15:18:00.798+0000] {processor.py:840} INFO - DAG(s) 'sec_edgar_pipeline' retrieved from /opt/airflow/dags/sec_edgar_dag.py
[2026-02-15T15:18:00.846+0000] {logging_mixin.py:188} INFO - [2026-02-15T15:18:00.846+0000] {dag.py:3036} INFO - Sync 1 DAGs
[2026-02-15T15:18:00.899+0000] {logging_mixin.py:188} INFO - [2026-02-15T15:18:00.899+0000] {dag.py:3823} INFO - Setting next_dagrun for sec_edgar_pipeline to 2026-02-15 09:00:00+00:00, run_after=2026-02-16 09:00:00+00:00
[2026-02-15T15:18:00.943+0000] {processor.py:183} INFO - Processing /opt/airflow/dags/sec_edgar_dag.py took 0.536 seconds
[2026-02-15T15:18:31.806+0000] {processor.py:161} INFO - Started process (PID=5383) to work on /opt/airflow/dags/sec_edgar_dag.py
[2026-02-15T15:18:31.807+0000] {processor.py:830} INFO - Processing file /opt/airflow/dags/sec_edgar_dag.py for tasks to queue
[2026-02-15T15:18:31.809+0000] {logging_mixin.py:188} INFO - [2026-02-15T15:18:31.809+0000] {dagbag.py:538} INFO - Filling up the DagBag from /opt/airflow/dags/sec_edgar_dag.py
[2026-02-15T15:18:32.131+0000] {processor.py:840} INFO - DAG(s) 'sec_edgar_pipeline' retrieved from /opt/airflow/dags/sec_edgar_dag.py
[2026-02-15T15:18:32.166+0000] {logging_mixin.py:188} INFO - [2026-02-15T15:18:32.165+0000] {dag.py:3036} INFO - Sync 1 DAGs
[2026-02-15T15:18:32.204+0000] {logging_mixin.py:188} INFO - [2026-02-15T15:18:32.203+0000] {dag.py:3823} INFO - Setting next_dagrun for sec_edgar_pipeline to 2026-02-15 09:00:00+00:00, run_after=2026-02-16 09:00:00+00:00
[2026-02-15T15:18:32.237+0000] {processor.py:183} INFO - Processing /opt/airflow/dags/sec_edgar_dag.py took 0.436 seconds
[2026-02-15T15:19:02.409+0000] {processor.py:161} INFO - Started process (PID=5399) to work on /opt/airflow/dags/sec_edgar_dag.py
[2026-02-15T15:19:02.410+0000] {processor.py:830} INFO - Processing file /opt/airflow/dags/sec_edgar_dag.py for tasks to queue
[2026-02-15T15:19:02.412+0000] {logging_mixin.py:188} INFO - [2026-02-15T15:19:02.412+0000] {dagbag.py:538} INFO - Filling up the DagBag from /opt/airflow/dags/sec_edgar_dag.py
[2026-02-15T15:19:02.737+0000] {processor.py:840} INFO - DAG(s) 'sec_edgar_pipeline' retrieved from /opt/airflow/dags/sec_edgar_dag.py
[2026-02-15T15:19:02.775+0000] {logging_mixin.py:188} INFO - [2026-02-15T15:19:02.774+0000] {dag.py:3036} INFO - Sync 1 DAGs
[2026-02-15T15:19:02.811+0000] {logging_mixin.py:188} INFO - [2026-02-15T15:19:02.811+0000] {dag.py:3823} INFO - Setting next_dagrun for sec_edgar_pipeline to 2026-02-15 09:00:00+00:00, run_after=2026-02-16 09:00:00+00:00
[2026-02-15T15:19:03.525+0000] {processor.py:183} INFO - Processing /opt/airflow/dags/sec_edgar_dag.py took 1.120 seconds
[2026-02-15T15:19:33.829+0000] {processor.py:161} INFO - Started process (PID=5415) to work on /opt/airflow/dags/sec_edgar_dag.py
[2026-02-15T15:19:33.831+0000] {processor.py:830} INFO - Processing file /opt/airflow/dags/sec_edgar_dag.py for tasks to queue
[2026-02-15T15:19:33.832+0000] {logging_mixin.py:188} INFO - [2026-02-15T15:19:33.832+0000] {dagbag.py:538} INFO - Filling up the DagBag from /opt/airflow/dags/sec_edgar_dag.py
[2026-02-15T15:19:34.138+0000] {processor.py:840} INFO - DAG(s) 'sec_edgar_pipeline' retrieved from /opt/airflow/dags/sec_edgar_dag.py
[2026-02-15T15:19:34.181+0000] {logging_mixin.py:188} INFO - [2026-02-15T15:19:34.180+0000] {dag.py:3036} INFO - Sync 1 DAGs
[2026-02-15T15:19:34.219+0000] {logging_mixin.py:188} INFO - [2026-02-15T15:19:34.219+0000] {dag.py:3823} INFO - Setting next_dagrun for sec_edgar_pipeline to 2026-02-15 09:00:00+00:00, run_after=2026-02-16 09:00:00+00:00
[2026-02-15T15:19:34.303+0000] {processor.py:183} INFO - Processing /opt/airflow/dags/sec_edgar_dag.py took 0.478 seconds
[2026-02-15T15:20:04.410+0000] {processor.py:161} INFO - Started process (PID=5431) to work on /opt/airflow/dags/sec_edgar_dag.py
[2026-02-15T15:20:04.411+0000] {processor.py:830} INFO - Processing file /opt/airflow/dags/sec_edgar_dag.py for tasks to queue
[2026-02-15T15:20:04.413+0000] {logging_mixin.py:188} INFO - [2026-02-15T15:20:04.412+0000] {dagbag.py:538} INFO - Filling up the DagBag from /opt/airflow/dags/sec_edgar_dag.py
[2026-02-15T15:20:04.755+0000] {processor.py:840} INFO - DAG(s) 'sec_edgar_pipeline' retrieved from /opt/airflow/dags/sec_edgar_dag.py
[2026-02-15T15:20:04.797+0000] {logging_mixin.py:188} INFO - [2026-02-15T15:20:04.796+0000] {dag.py:3036} INFO - Sync 1 DAGs
[2026-02-15T15:20:04.837+0000] {logging_mixin.py:188} INFO - [2026-02-15T15:20:04.837+0000] {dag.py:3823} INFO - Setting next_dagrun for sec_edgar_pipeline to 2026-02-15 09:00:00+00:00, run_after=2026-02-16 09:00:00+00:00
[2026-02-15T15:20:04.871+0000] {processor.py:183} INFO - Processing /opt/airflow/dags/sec_edgar_dag.py took 0.467 seconds
[2026-02-15T15:20:34.994+0000] {processor.py:161} INFO - Started process (PID=5447) to work on /opt/airflow/dags/sec_edgar_dag.py
[2026-02-15T15:20:34.996+0000] {processor.py:830} INFO - Processing file /opt/airflow/dags/sec_edgar_dag.py for tasks to queue
[2026-02-15T15:20:34.998+0000] {logging_mixin.py:188} INFO - [2026-02-15T15:20:34.997+0000] {dagbag.py:538} INFO - Filling up the DagBag from /opt/airflow/dags/sec_edgar_dag.py
[2026-02-15T15:20:35.309+0000] {processor.py:840} INFO - DAG(s) 'sec_edgar_pipeline' retrieved from /opt/airflow/dags/sec_edgar_dag.py
[2026-02-15T15:20:35.350+0000] {logging_mixin.py:188} INFO - [2026-02-15T15:20:35.349+0000] {dag.py:3036} INFO - Sync 1 DAGs
[2026-02-15T15:20:35.394+0000] {logging_mixin.py:188} INFO - [2026-02-15T15:20:35.393+0000] {dag.py:3823} INFO - Setting next_dagrun for sec_edgar_pipeline to 2026-02-15 09:00:00+00:00, run_after=2026-02-16 09:00:00+00:00
[2026-02-15T15:20:35.436+0000] {processor.py:183} INFO - Processing /opt/airflow/dags/sec_edgar_dag.py took 0.447 seconds
[2026-02-15T15:21:06.290+0000] {processor.py:161} INFO - Started process (PID=5463) to work on /opt/airflow/dags/sec_edgar_dag.py
[2026-02-15T15:21:06.292+0000] {processor.py:830} INFO - Processing file /opt/airflow/dags/sec_edgar_dag.py for tasks to queue
[2026-02-15T15:21:06.293+0000] {logging_mixin.py:188} INFO - [2026-02-15T15:21:06.293+0000] {dagbag.py:538} INFO - Filling up the DagBag from /opt/airflow/dags/sec_edgar_dag.py
[2026-02-15T15:21:06.613+0000] {processor.py:840} INFO - DAG(s) 'sec_edgar_pipeline' retrieved from /opt/airflow/dags/sec_edgar_dag.py
[2026-02-15T15:21:06.650+0000] {logging_mixin.py:188} INFO - [2026-02-15T15:21:06.650+0000] {dag.py:3036} INFO - Sync 1 DAGs
[2026-02-15T15:21:06.687+0000] {logging_mixin.py:188} INFO - [2026-02-15T15:21:06.687+0000] {dag.py:3823} INFO - Setting next_dagrun for sec_edgar_pipeline to 2026-02-15 09:00:00+00:00, run_after=2026-02-16 09:00:00+00:00
[2026-02-15T15:21:06.766+0000] {processor.py:183} INFO - Processing /opt/airflow/dags/sec_edgar_dag.py took 0.480 seconds
[2026-02-15T15:21:36.892+0000] {processor.py:161} INFO - Started process (PID=5479) to work on /opt/airflow/dags/sec_edgar_dag.py
[2026-02-15T15:21:36.894+0000] {processor.py:830} INFO - Processing file /opt/airflow/dags/sec_edgar_dag.py for tasks to queue
[2026-02-15T15:21:36.895+0000] {logging_mixin.py:188} INFO - [2026-02-15T15:21:36.895+0000] {dagbag.py:538} INFO - Filling up the DagBag from /opt/airflow/dags/sec_edgar_dag.py
[2026-02-15T15:21:37.198+0000] {processor.py:840} INFO - DAG(s) 'sec_edgar_pipeline' retrieved from /opt/airflow/dags/sec_edgar_dag.py
[2026-02-15T15:21:37.234+0000] {logging_mixin.py:188} INFO - [2026-02-15T15:21:37.233+0000] {dag.py:3036} INFO - Sync 1 DAGs
[2026-02-15T15:21:37.270+0000] {logging_mixin.py:188} INFO - [2026-02-15T15:21:37.270+0000] {dag.py:3823} INFO - Setting next_dagrun for sec_edgar_pipeline to 2026-02-15 09:00:00+00:00, run_after=2026-02-16 09:00:00+00:00
[2026-02-15T15:21:37.350+0000] {processor.py:183} INFO - Processing /opt/airflow/dags/sec_edgar_dag.py took 0.461 seconds
[2026-02-15T15:22:08.160+0000] {processor.py:161} INFO - Started process (PID=5495) to work on /opt/airflow/dags/sec_edgar_dag.py
[2026-02-15T15:22:08.161+0000] {processor.py:830} INFO - Processing file /opt/airflow/dags/sec_edgar_dag.py for tasks to queue
[2026-02-15T15:22:08.162+0000] {logging_mixin.py:188} INFO - [2026-02-15T15:22:08.162+0000] {dagbag.py:538} INFO - Filling up the DagBag from /opt/airflow/dags/sec_edgar_dag.py
[2026-02-15T15:22:08.477+0000] {processor.py:840} INFO - DAG(s) 'sec_edgar_pipeline' retrieved from /opt/airflow/dags/sec_edgar_dag.py
[2026-02-15T15:22:08.515+0000] {logging_mixin.py:188} INFO - [2026-02-15T15:22:08.515+0000] {dag.py:3036} INFO - Sync 1 DAGs
[2026-02-15T15:22:08.552+0000] {logging_mixin.py:188} INFO - [2026-02-15T15:22:08.552+0000] {dag.py:3823} INFO - Setting next_dagrun for sec_edgar_pipeline to 2026-02-15 09:00:00+00:00, run_after=2026-02-16 09:00:00+00:00
[2026-02-15T15:22:08.631+0000] {processor.py:183} INFO - Processing /opt/airflow/dags/sec_edgar_dag.py took 0.475 seconds
[2026-02-15T15:22:38.844+0000] {processor.py:161} INFO - Started process (PID=5511) to work on /opt/airflow/dags/sec_edgar_dag.py
[2026-02-15T15:22:38.845+0000] {processor.py:830} INFO - Processing file /opt/airflow/dags/sec_edgar_dag.py for tasks to queue
[2026-02-15T15:22:38.847+0000] {logging_mixin.py:188} INFO - [2026-02-15T15:22:38.846+0000] {dagbag.py:538} INFO - Filling up the DagBag from /opt/airflow/dags/sec_edgar_dag.py
[2026-02-15T15:22:39.157+0000] {processor.py:840} INFO - DAG(s) 'sec_edgar_pipeline' retrieved from /opt/airflow/dags/sec_edgar_dag.py
[2026-02-15T15:22:39.197+0000] {logging_mixin.py:188} INFO - [2026-02-15T15:22:39.196+0000] {dag.py:3036} INFO - Sync 1 DAGs
[2026-02-15T15:22:39.236+0000] {logging_mixin.py:188} INFO - [2026-02-15T15:22:39.235+0000] {dag.py:3823} INFO - Setting next_dagrun for sec_edgar_pipeline to 2026-02-15 09:00:00+00:00, run_after=2026-02-16 09:00:00+00:00
[2026-02-15T15:22:39.314+0000] {processor.py:183} INFO - Processing /opt/airflow/dags/sec_edgar_dag.py took 0.474 seconds
[2026-02-15T15:23:10.113+0000] {processor.py:161} INFO - Started process (PID=5526) to work on /opt/airflow/dags/sec_edgar_dag.py
[2026-02-15T15:23:10.115+0000] {processor.py:830} INFO - Processing file /opt/airflow/dags/sec_edgar_dag.py for tasks to queue
[2026-02-15T15:23:10.117+0000] {logging_mixin.py:188} INFO - [2026-02-15T15:23:10.116+0000] {dagbag.py:538} INFO - Filling up the DagBag from /opt/airflow/dags/sec_edgar_dag.py
[2026-02-15T15:23:10.437+0000] {processor.py:840} INFO - DAG(s) 'sec_edgar_pipeline' retrieved from /opt/airflow/dags/sec_edgar_dag.py
[2026-02-15T15:23:10.473+0000] {logging_mixin.py:188} INFO - [2026-02-15T15:23:10.472+0000] {dag.py:3036} INFO - Sync 1 DAGs
[2026-02-15T15:23:10.508+0000] {logging_mixin.py:188} INFO - [2026-02-15T15:23:10.508+0000] {dag.py:3823} INFO - Setting next_dagrun for sec_edgar_pipeline to 2026-02-15 09:00:00+00:00, run_after=2026-02-16 09:00:00+00:00
[2026-02-15T15:23:10.553+0000] {processor.py:183} INFO - Processing /opt/airflow/dags/sec_edgar_dag.py took 0.445 seconds
[2026-02-15T15:23:40.759+0000] {processor.py:161} INFO - Started process (PID=5542) to work on /opt/airflow/dags/sec_edgar_dag.py
[2026-02-15T15:23:40.761+0000] {processor.py:830} INFO - Processing file /opt/airflow/dags/sec_edgar_dag.py for tasks to queue
[2026-02-15T15:23:40.762+0000] {logging_mixin.py:188} INFO - [2026-02-15T15:23:40.762+0000] {dagbag.py:538} INFO - Filling up the DagBag from /opt/airflow/dags/sec_edgar_dag.py
[2026-02-15T15:23:41.085+0000] {processor.py:840} INFO - DAG(s) 'sec_edgar_pipeline' retrieved from /opt/airflow/dags/sec_edgar_dag.py
[2026-02-15T15:23:41.123+0000] {logging_mixin.py:188} INFO - [2026-02-15T15:23:41.123+0000] {dag.py:3036} INFO - Sync 1 DAGs
[2026-02-15T15:23:41.161+0000] {logging_mixin.py:188} INFO - [2026-02-15T15:23:41.160+0000] {dag.py:3823} INFO - Setting next_dagrun for sec_edgar_pipeline to 2026-02-15 09:00:00+00:00, run_after=2026-02-16 09:00:00+00:00
[2026-02-15T15:23:41.243+0000] {processor.py:183} INFO - Processing /opt/airflow/dags/sec_edgar_dag.py took 0.488 seconds
[2026-02-15T15:24:12.020+0000] {processor.py:161} INFO - Started process (PID=5558) to work on /opt/airflow/dags/sec_edgar_dag.py
[2026-02-15T15:24:12.022+0000] {processor.py:830} INFO - Processing file /opt/airflow/dags/sec_edgar_dag.py for tasks to queue
[2026-02-15T15:24:12.023+0000] {logging_mixin.py:188} INFO - [2026-02-15T15:24:12.022+0000] {dagbag.py:538} INFO - Filling up the DagBag from /opt/airflow/dags/sec_edgar_dag.py
[2026-02-15T15:24:12.320+0000] {processor.py:840} INFO - DAG(s) 'sec_edgar_pipeline' retrieved from /opt/airflow/dags/sec_edgar_dag.py
[2026-02-15T15:24:12.354+0000] {logging_mixin.py:188} INFO - [2026-02-15T15:24:12.353+0000] {dag.py:3036} INFO - Sync 1 DAGs
[2026-02-15T15:24:12.390+0000] {logging_mixin.py:188} INFO - [2026-02-15T15:24:12.389+0000] {dag.py:3823} INFO - Setting next_dagrun for sec_edgar_pipeline to 2026-02-15 09:00:00+00:00, run_after=2026-02-16 09:00:00+00:00
[2026-02-15T15:24:12.420+0000] {processor.py:183} INFO - Processing /opt/airflow/dags/sec_edgar_dag.py took 0.403 seconds
[2026-02-15T15:24:42.705+0000] {processor.py:161} INFO - Started process (PID=5574) to work on /opt/airflow/dags/sec_edgar_dag.py
[2026-02-15T15:24:42.707+0000] {processor.py:830} INFO - Processing file /opt/airflow/dags/sec_edgar_dag.py for tasks to queue
[2026-02-15T15:24:42.708+0000] {logging_mixin.py:188} INFO - [2026-02-15T15:24:42.708+0000] {dagbag.py:538} INFO - Filling up the DagBag from /opt/airflow/dags/sec_edgar_dag.py
[2026-02-15T15:24:43.044+0000] {processor.py:840} INFO - DAG(s) 'sec_edgar_pipeline' retrieved from /opt/airflow/dags/sec_edgar_dag.py
[2026-02-15T15:24:43.084+0000] {logging_mixin.py:188} INFO - [2026-02-15T15:24:43.084+0000] {dag.py:3036} INFO - Sync 1 DAGs
[2026-02-15T15:24:43.123+0000] {logging_mixin.py:188} INFO - [2026-02-15T15:24:43.123+0000] {dag.py:3823} INFO - Setting next_dagrun for sec_edgar_pipeline to 2026-02-15 09:00:00+00:00, run_after=2026-02-16 09:00:00+00:00
[2026-02-15T15:24:43.152+0000] {processor.py:183} INFO - Processing /opt/airflow/dags/sec_edgar_dag.py took 0.451 seconds
[2026-02-15T15:25:13.972+0000] {processor.py:161} INFO - Started process (PID=5596) to work on /opt/airflow/dags/sec_edgar_dag.py
[2026-02-15T15:25:13.973+0000] {processor.py:830} INFO - Processing file /opt/airflow/dags/sec_edgar_dag.py for tasks to queue
[2026-02-15T15:25:13.975+0000] {logging_mixin.py:188} INFO - [2026-02-15T15:25:13.974+0000] {dagbag.py:538} INFO - Filling up the DagBag from /opt/airflow/dags/sec_edgar_dag.py
[2026-02-15T15:25:14.273+0000] {processor.py:840} INFO - DAG(s) 'sec_edgar_pipeline' retrieved from /opt/airflow/dags/sec_edgar_dag.py
[2026-02-15T15:25:14.311+0000] {logging_mixin.py:188} INFO - [2026-02-15T15:25:14.311+0000] {dag.py:3036} INFO - Sync 1 DAGs
[2026-02-15T15:25:14.345+0000] {logging_mixin.py:188} INFO - [2026-02-15T15:25:14.345+0000] {dag.py:3823} INFO - Setting next_dagrun for sec_edgar_pipeline to 2026-02-15 09:00:00+00:00, run_after=2026-02-16 09:00:00+00:00
[2026-02-15T15:25:14.428+0000] {processor.py:183} INFO - Processing /opt/airflow/dags/sec_edgar_dag.py took 0.460 seconds
[2026-02-15T15:25:44.658+0000] {processor.py:161} INFO - Started process (PID=5612) to work on /opt/airflow/dags/sec_edgar_dag.py
[2026-02-15T15:25:44.659+0000] {processor.py:830} INFO - Processing file /opt/airflow/dags/sec_edgar_dag.py for tasks to queue
[2026-02-15T15:25:44.661+0000] {logging_mixin.py:188} INFO - [2026-02-15T15:25:44.660+0000] {dagbag.py:538} INFO - Filling up the DagBag from /opt/airflow/dags/sec_edgar_dag.py
[2026-02-15T15:25:44.989+0000] {processor.py:840} INFO - DAG(s) 'sec_edgar_pipeline' retrieved from /opt/airflow/dags/sec_edgar_dag.py
[2026-02-15T15:25:45.039+0000] {logging_mixin.py:188} INFO - [2026-02-15T15:25:45.038+0000] {dag.py:3036} INFO - Sync 1 DAGs
[2026-02-15T15:25:45.081+0000] {logging_mixin.py:188} INFO - [2026-02-15T15:25:45.080+0000] {dag.py:3823} INFO - Setting next_dagrun for sec_edgar_pipeline to 2026-02-15 09:00:00+00:00, run_after=2026-02-16 09:00:00+00:00
[2026-02-15T15:25:45.118+0000] {processor.py:183} INFO - Processing /opt/airflow/dags/sec_edgar_dag.py took 0.464 seconds
[2026-02-15T15:26:15.938+0000] {processor.py:161} INFO - Started process (PID=5628) to work on /opt/airflow/dags/sec_edgar_dag.py
[2026-02-15T15:26:15.940+0000] {processor.py:830} INFO - Processing file /opt/airflow/dags/sec_edgar_dag.py for tasks to queue
[2026-02-15T15:26:15.943+0000] {logging_mixin.py:188} INFO - [2026-02-15T15:26:15.942+0000] {dagbag.py:538} INFO - Filling up the DagBag from /opt/airflow/dags/sec_edgar_dag.py
[2026-02-15T15:26:16.270+0000] {processor.py:840} INFO - DAG(s) 'sec_edgar_pipeline' retrieved from /opt/airflow/dags/sec_edgar_dag.py
[2026-02-15T15:26:16.310+0000] {logging_mixin.py:188} INFO - [2026-02-15T15:26:16.309+0000] {dag.py:3036} INFO - Sync 1 DAGs
[2026-02-15T15:26:16.347+0000] {logging_mixin.py:188} INFO - [2026-02-15T15:26:16.347+0000] {dag.py:3823} INFO - Setting next_dagrun for sec_edgar_pipeline to 2026-02-15 09:00:00+00:00, run_after=2026-02-16 09:00:00+00:00
[2026-02-15T15:26:16.390+0000] {processor.py:183} INFO - Processing /opt/airflow/dags/sec_edgar_dag.py took 0.457 seconds
[2026-02-15T15:26:46.482+0000] {processor.py:161} INFO - Started process (PID=5644) to work on /opt/airflow/dags/sec_edgar_dag.py
[2026-02-15T15:26:46.484+0000] {processor.py:830} INFO - Processing file /opt/airflow/dags/sec_edgar_dag.py for tasks to queue
[2026-02-15T15:26:46.486+0000] {logging_mixin.py:188} INFO - [2026-02-15T15:26:46.485+0000] {dagbag.py:538} INFO - Filling up the DagBag from /opt/airflow/dags/sec_edgar_dag.py
[2026-02-15T15:26:46.787+0000] {processor.py:840} INFO - DAG(s) 'sec_edgar_pipeline' retrieved from /opt/airflow/dags/sec_edgar_dag.py
[2026-02-15T15:26:46.827+0000] {logging_mixin.py:188} INFO - [2026-02-15T15:26:46.827+0000] {dag.py:3036} INFO - Sync 1 DAGs
[2026-02-15T15:26:46.870+0000] {logging_mixin.py:188} INFO - [2026-02-15T15:26:46.869+0000] {dag.py:3823} INFO - Setting next_dagrun for sec_edgar_pipeline to 2026-02-15 09:00:00+00:00, run_after=2026-02-16 09:00:00+00:00
[2026-02-15T15:26:46.923+0000] {processor.py:183} INFO - Processing /opt/airflow/dags/sec_edgar_dag.py took 0.446 seconds
[2026-02-15T15:27:17.163+0000] {processor.py:161} INFO - Started process (PID=5660) to work on /opt/airflow/dags/sec_edgar_dag.py
[2026-02-15T15:27:17.164+0000] {processor.py:830} INFO - Processing file /opt/airflow/dags/sec_edgar_dag.py for tasks to queue
[2026-02-15T15:27:17.166+0000] {logging_mixin.py:188} INFO - [2026-02-15T15:27:17.165+0000] {dagbag.py:538} INFO - Filling up the DagBag from /opt/airflow/dags/sec_edgar_dag.py
[2026-02-15T15:27:17.486+0000] {processor.py:840} INFO - DAG(s) 'sec_edgar_pipeline' retrieved from /opt/airflow/dags/sec_edgar_dag.py
[2026-02-15T15:27:17.525+0000] {logging_mixin.py:188} INFO - [2026-02-15T15:27:17.524+0000] {dag.py:3036} INFO - Sync 1 DAGs
[2026-02-15T15:27:17.562+0000] {logging_mixin.py:188} INFO - [2026-02-15T15:27:17.562+0000] {dag.py:3823} INFO - Setting next_dagrun for sec_edgar_pipeline to 2026-02-15 09:00:00+00:00, run_after=2026-02-16 09:00:00+00:00
[2026-02-15T15:27:17.643+0000] {processor.py:183} INFO - Processing /opt/airflow/dags/sec_edgar_dag.py took 0.485 seconds
[2026-02-15T15:27:48.448+0000] {processor.py:161} INFO - Started process (PID=5676) to work on /opt/airflow/dags/sec_edgar_dag.py
[2026-02-15T15:27:48.450+0000] {processor.py:830} INFO - Processing file /opt/airflow/dags/sec_edgar_dag.py for tasks to queue
[2026-02-15T15:27:48.451+0000] {logging_mixin.py:188} INFO - [2026-02-15T15:27:48.451+0000] {dagbag.py:538} INFO - Filling up the DagBag from /opt/airflow/dags/sec_edgar_dag.py
[2026-02-15T15:27:48.746+0000] {processor.py:840} INFO - DAG(s) 'sec_edgar_pipeline' retrieved from /opt/airflow/dags/sec_edgar_dag.py
[2026-02-15T15:27:48.786+0000] {logging_mixin.py:188} INFO - [2026-02-15T15:27:48.785+0000] {dag.py:3036} INFO - Sync 1 DAGs
[2026-02-15T15:27:48.822+0000] {logging_mixin.py:188} INFO - [2026-02-15T15:27:48.822+0000] {dag.py:3823} INFO - Setting next_dagrun for sec_edgar_pipeline to 2026-02-15 09:00:00+00:00, run_after=2026-02-16 09:00:00+00:00
[2026-02-15T15:27:48.900+0000] {processor.py:183} INFO - Processing /opt/airflow/dags/sec_edgar_dag.py took 0.456 seconds
[2026-02-15T15:28:19.141+0000] {processor.py:161} INFO - Started process (PID=5693) to work on /opt/airflow/dags/sec_edgar_dag.py
[2026-02-15T15:28:19.142+0000] {processor.py:830} INFO - Processing file /opt/airflow/dags/sec_edgar_dag.py for tasks to queue
[2026-02-15T15:28:19.144+0000] {logging_mixin.py:188} INFO - [2026-02-15T15:28:19.143+0000] {dagbag.py:538} INFO - Filling up the DagBag from /opt/airflow/dags/sec_edgar_dag.py
[2026-02-15T15:28:19.460+0000] {processor.py:840} INFO - DAG(s) 'sec_edgar_pipeline' retrieved from /opt/airflow/dags/sec_edgar_dag.py
[2026-02-15T15:28:19.501+0000] {logging_mixin.py:188} INFO - [2026-02-15T15:28:19.500+0000] {dag.py:3036} INFO - Sync 1 DAGs
[2026-02-15T15:28:19.537+0000] {logging_mixin.py:188} INFO - [2026-02-15T15:28:19.537+0000] {dag.py:3823} INFO - Setting next_dagrun for sec_edgar_pipeline to 2026-02-15 09:00:00+00:00, run_after=2026-02-16 09:00:00+00:00
[2026-02-15T15:28:19.569+0000] {processor.py:183} INFO - Processing /opt/airflow/dags/sec_edgar_dag.py took 0.433 seconds
[2026-02-15T15:28:49.705+0000] {processor.py:161} INFO - Started process (PID=5709) to work on /opt/airflow/dags/sec_edgar_dag.py
[2026-02-15T15:28:49.707+0000] {processor.py:830} INFO - Processing file /opt/airflow/dags/sec_edgar_dag.py for tasks to queue
[2026-02-15T15:28:49.709+0000] {logging_mixin.py:188} INFO - [2026-02-15T15:28:49.708+0000] {dagbag.py:538} INFO - Filling up the DagBag from /opt/airflow/dags/sec_edgar_dag.py
[2026-02-15T15:28:50.038+0000] {processor.py:840} INFO - DAG(s) 'sec_edgar_pipeline' retrieved from /opt/airflow/dags/sec_edgar_dag.py
[2026-02-15T15:28:50.085+0000] {logging_mixin.py:188} INFO - [2026-02-15T15:28:50.084+0000] {dag.py:3036} INFO - Sync 1 DAGs
[2026-02-15T15:28:50.125+0000] {logging_mixin.py:188} INFO - [2026-02-15T15:28:50.124+0000] {dag.py:3823} INFO - Setting next_dagrun for sec_edgar_pipeline to 2026-02-15 09:00:00+00:00, run_after=2026-02-16 09:00:00+00:00
[2026-02-15T15:28:50.209+0000] {processor.py:183} INFO - Processing /opt/airflow/dags/sec_edgar_dag.py took 0.509 seconds
[2026-02-15T15:29:21.029+0000] {processor.py:161} INFO - Started process (PID=5725) to work on /opt/airflow/dags/sec_edgar_dag.py
[2026-02-15T15:29:21.031+0000] {processor.py:830} INFO - Processing file /opt/airflow/dags/sec_edgar_dag.py for tasks to queue
[2026-02-15T15:29:21.033+0000] {logging_mixin.py:188} INFO - [2026-02-15T15:29:21.032+0000] {dagbag.py:538} INFO - Filling up the DagBag from /opt/airflow/dags/sec_edgar_dag.py
[2026-02-15T15:29:21.413+0000] {processor.py:840} INFO - DAG(s) 'sec_edgar_pipeline' retrieved from /opt/airflow/dags/sec_edgar_dag.py
[2026-02-15T15:29:21.450+0000] {logging_mixin.py:188} INFO - [2026-02-15T15:29:21.449+0000] {dag.py:3036} INFO - Sync 1 DAGs
[2026-02-15T15:29:21.482+0000] {logging_mixin.py:188} INFO - [2026-02-15T15:29:21.481+0000] {dag.py:3823} INFO - Setting next_dagrun for sec_edgar_pipeline to 2026-02-15 09:00:00+00:00, run_after=2026-02-16 09:00:00+00:00
[2026-02-15T15:29:21.517+0000] {processor.py:183} INFO - Processing /opt/airflow/dags/sec_edgar_dag.py took 0.493 seconds
[2026-02-15T15:29:51.772+0000] {processor.py:161} INFO - Started process (PID=5741) to work on /opt/airflow/dags/sec_edgar_dag.py
[2026-02-15T15:29:51.774+0000] {processor.py:830} INFO - Processing file /opt/airflow/dags/sec_edgar_dag.py for tasks to queue
[2026-02-15T15:29:51.775+0000] {logging_mixin.py:188} INFO - [2026-02-15T15:29:51.775+0000] {dagbag.py:538} INFO - Filling up the DagBag from /opt/airflow/dags/sec_edgar_dag.py
[2026-02-15T15:29:52.109+0000] {processor.py:840} INFO - DAG(s) 'sec_edgar_pipeline' retrieved from /opt/airflow/dags/sec_edgar_dag.py
[2026-02-15T15:29:52.154+0000] {logging_mixin.py:188} INFO - [2026-02-15T15:29:52.153+0000] {dag.py:3036} INFO - Sync 1 DAGs
[2026-02-15T15:29:52.193+0000] {logging_mixin.py:188} INFO - [2026-02-15T15:29:52.193+0000] {dag.py:3823} INFO - Setting next_dagrun for sec_edgar_pipeline to 2026-02-15 09:00:00+00:00, run_after=2026-02-16 09:00:00+00:00
[2026-02-15T15:29:52.278+0000] {processor.py:183} INFO - Processing /opt/airflow/dags/sec_edgar_dag.py took 0.511 seconds
[2026-02-15T15:30:23.116+0000] {processor.py:161} INFO - Started process (PID=5757) to work on /opt/airflow/dags/sec_edgar_dag.py
[2026-02-15T15:30:23.119+0000] {processor.py:830} INFO - Processing file /opt/airflow/dags/sec_edgar_dag.py for tasks to queue
[2026-02-15T15:30:23.121+0000] {logging_mixin.py:188} INFO - [2026-02-15T15:30:23.121+0000] {dagbag.py:538} INFO - Filling up the DagBag from /opt/airflow/dags/sec_edgar_dag.py
[2026-02-15T15:30:23.492+0000] {processor.py:840} INFO - DAG(s) 'sec_edgar_pipeline' retrieved from /opt/airflow/dags/sec_edgar_dag.py
[2026-02-15T15:30:23.534+0000] {logging_mixin.py:188} INFO - [2026-02-15T15:30:23.534+0000] {dag.py:3036} INFO - Sync 1 DAGs
[2026-02-15T15:30:23.572+0000] {logging_mixin.py:188} INFO - [2026-02-15T15:30:23.572+0000] {dag.py:3823} INFO - Setting next_dagrun for sec_edgar_pipeline to 2026-02-15 09:00:00+00:00, run_after=2026-02-16 09:00:00+00:00
[2026-02-15T15:30:23.606+0000] {processor.py:183} INFO - Processing /opt/airflow/dags/sec_edgar_dag.py took 0.496 seconds
[2026-02-15T15:30:53.728+0000] {processor.py:161} INFO - Started process (PID=5773) to work on /opt/airflow/dags/sec_edgar_dag.py
[2026-02-15T15:30:53.730+0000] {processor.py:830} INFO - Processing file /opt/airflow/dags/sec_edgar_dag.py for tasks to queue
[2026-02-15T15:30:53.731+0000] {logging_mixin.py:188} INFO - [2026-02-15T15:30:53.731+0000] {dagbag.py:538} INFO - Filling up the DagBag from /opt/airflow/dags/sec_edgar_dag.py
[2026-02-15T15:30:54.033+0000] {processor.py:840} INFO - DAG(s) 'sec_edgar_pipeline' retrieved from /opt/airflow/dags/sec_edgar_dag.py
[2026-02-15T15:30:54.068+0000] {logging_mixin.py:188} INFO - [2026-02-15T15:30:54.068+0000] {dag.py:3036} INFO - Sync 1 DAGs
[2026-02-15T15:30:54.106+0000] {logging_mixin.py:188} INFO - [2026-02-15T15:30:54.106+0000] {dag.py:3823} INFO - Setting next_dagrun for sec_edgar_pipeline to 2026-02-15 09:00:00+00:00, run_after=2026-02-16 09:00:00+00:00
[2026-02-15T15:30:54.190+0000] {processor.py:183} INFO - Processing /opt/airflow/dags/sec_edgar_dag.py took 0.466 seconds
[2026-02-15T15:31:25.046+0000] {processor.py:161} INFO - Started process (PID=5789) to work on /opt/airflow/dags/sec_edgar_dag.py
[2026-02-15T15:31:25.048+0000] {processor.py:830} INFO - Processing file /opt/airflow/dags/sec_edgar_dag.py for tasks to queue
[2026-02-15T15:31:25.050+0000] {logging_mixin.py:188} INFO - [2026-02-15T15:31:25.050+0000] {dagbag.py:538} INFO - Filling up the DagBag from /opt/airflow/dags/sec_edgar_dag.py
[2026-02-15T15:31:25.362+0000] {processor.py:840} INFO - DAG(s) 'sec_edgar_pipeline' retrieved from /opt/airflow/dags/sec_edgar_dag.py
[2026-02-15T15:31:25.402+0000] {logging_mixin.py:188} INFO - [2026-02-15T15:31:25.401+0000] {dag.py:3036} INFO - Sync 1 DAGs
[2026-02-15T15:31:25.441+0000] {logging_mixin.py:188} INFO - [2026-02-15T15:31:25.441+0000] {dag.py:3823} INFO - Setting next_dagrun for sec_edgar_pipeline to 2026-02-15 09:00:00+00:00, run_after=2026-02-16 09:00:00+00:00
[2026-02-15T15:31:25.493+0000] {processor.py:183} INFO - Processing /opt/airflow/dags/sec_edgar_dag.py took 0.452 seconds
[2026-02-15T15:31:55.851+0000] {processor.py:161} INFO - Started process (PID=5805) to work on /opt/airflow/dags/sec_edgar_dag.py
[2026-02-15T15:31:55.853+0000] {processor.py:830} INFO - Processing file /opt/airflow/dags/sec_edgar_dag.py for tasks to queue
[2026-02-15T15:31:55.856+0000] {logging_mixin.py:188} INFO - [2026-02-15T15:31:55.855+0000] {dagbag.py:538} INFO - Filling up the DagBag from /opt/airflow/dags/sec_edgar_dag.py
[2026-02-15T15:31:56.188+0000] {processor.py:840} INFO - DAG(s) 'sec_edgar_pipeline' retrieved from /opt/airflow/dags/sec_edgar_dag.py
[2026-02-15T15:31:56.232+0000] {logging_mixin.py:188} INFO - [2026-02-15T15:31:56.231+0000] {dag.py:3036} INFO - Sync 1 DAGs
[2026-02-15T15:31:56.285+0000] {logging_mixin.py:188} INFO - [2026-02-15T15:31:56.285+0000] {dag.py:3823} INFO - Setting next_dagrun for sec_edgar_pipeline to 2026-02-15 09:00:00+00:00, run_after=2026-02-16 09:00:00+00:00
[2026-02-15T15:31:56.370+0000] {processor.py:183} INFO - Processing /opt/airflow/dags/sec_edgar_dag.py took 0.524 seconds
[2026-02-15T15:32:27.163+0000] {processor.py:161} INFO - Started process (PID=5821) to work on /opt/airflow/dags/sec_edgar_dag.py
[2026-02-15T15:32:27.165+0000] {processor.py:830} INFO - Processing file /opt/airflow/dags/sec_edgar_dag.py for tasks to queue
[2026-02-15T15:32:27.166+0000] {logging_mixin.py:188} INFO - [2026-02-15T15:32:27.166+0000] {dagbag.py:538} INFO - Filling up the DagBag from /opt/airflow/dags/sec_edgar_dag.py
[2026-02-15T15:32:27.508+0000] {processor.py:840} INFO - DAG(s) 'sec_edgar_pipeline' retrieved from /opt/airflow/dags/sec_edgar_dag.py
[2026-02-15T15:32:27.573+0000] {logging_mixin.py:188} INFO - [2026-02-15T15:32:27.572+0000] {dag.py:3036} INFO - Sync 1 DAGs
[2026-02-15T15:32:27.618+0000] {logging_mixin.py:188} INFO - [2026-02-15T15:32:27.618+0000] {dag.py:3823} INFO - Setting next_dagrun for sec_edgar_pipeline to 2026-02-15 09:00:00+00:00, run_after=2026-02-16 09:00:00+00:00
[2026-02-15T15:32:27.702+0000] {processor.py:183} INFO - Processing /opt/airflow/dags/sec_edgar_dag.py took 0.543 seconds
[2026-02-15T15:32:57.792+0000] {processor.py:161} INFO - Started process (PID=5837) to work on /opt/airflow/dags/sec_edgar_dag.py
[2026-02-15T15:32:57.794+0000] {processor.py:830} INFO - Processing file /opt/airflow/dags/sec_edgar_dag.py for tasks to queue
[2026-02-15T15:32:57.796+0000] {logging_mixin.py:188} INFO - [2026-02-15T15:32:57.795+0000] {dagbag.py:538} INFO - Filling up the DagBag from /opt/airflow/dags/sec_edgar_dag.py
[2026-02-15T15:32:58.097+0000] {processor.py:840} INFO - DAG(s) 'sec_edgar_pipeline' retrieved from /opt/airflow/dags/sec_edgar_dag.py
[2026-02-15T15:32:58.138+0000] {logging_mixin.py:188} INFO - [2026-02-15T15:32:58.137+0000] {dag.py:3036} INFO - Sync 1 DAGs
[2026-02-15T15:32:58.176+0000] {logging_mixin.py:188} INFO - [2026-02-15T15:32:58.176+0000] {dag.py:3823} INFO - Setting next_dagrun for sec_edgar_pipeline to 2026-02-15 09:00:00+00:00, run_after=2026-02-16 09:00:00+00:00
[2026-02-15T15:32:58.256+0000] {processor.py:183} INFO - Processing /opt/airflow/dags/sec_edgar_dag.py took 0.467 seconds
[2026-02-15T15:33:29.073+0000] {processor.py:161} INFO - Started process (PID=5853) to work on /opt/airflow/dags/sec_edgar_dag.py
[2026-02-15T15:33:29.075+0000] {processor.py:830} INFO - Processing file /opt/airflow/dags/sec_edgar_dag.py for tasks to queue
[2026-02-15T15:33:29.077+0000] {logging_mixin.py:188} INFO - [2026-02-15T15:33:29.076+0000] {dagbag.py:538} INFO - Filling up the DagBag from /opt/airflow/dags/sec_edgar_dag.py
[2026-02-15T15:33:29.404+0000] {processor.py:840} INFO - DAG(s) 'sec_edgar_pipeline' retrieved from /opt/airflow/dags/sec_edgar_dag.py
[2026-02-15T15:33:29.439+0000] {logging_mixin.py:188} INFO - [2026-02-15T15:33:29.439+0000] {dag.py:3036} INFO - Sync 1 DAGs
[2026-02-15T15:33:29.484+0000] {logging_mixin.py:188} INFO - [2026-02-15T15:33:29.483+0000] {dag.py:3823} INFO - Setting next_dagrun for sec_edgar_pipeline to 2026-02-15 09:00:00+00:00, run_after=2026-02-16 09:00:00+00:00
[2026-02-15T15:33:29.564+0000] {processor.py:183} INFO - Processing /opt/airflow/dags/sec_edgar_dag.py took 0.496 seconds
[2026-02-15T15:33:59.731+0000] {processor.py:161} INFO - Started process (PID=5869) to work on /opt/airflow/dags/sec_edgar_dag.py
[2026-02-15T15:33:59.733+0000] {processor.py:830} INFO - Processing file /opt/airflow/dags/sec_edgar_dag.py for tasks to queue
[2026-02-15T15:33:59.735+0000] {logging_mixin.py:188} INFO - [2026-02-15T15:33:59.734+0000] {dagbag.py:538} INFO - Filling up the DagBag from /opt/airflow/dags/sec_edgar_dag.py
[2026-02-15T15:34:00.057+0000] {processor.py:840} INFO - DAG(s) 'sec_edgar_pipeline' retrieved from /opt/airflow/dags/sec_edgar_dag.py
[2026-02-15T15:34:00.100+0000] {logging_mixin.py:188} INFO - [2026-02-15T15:34:00.100+0000] {dag.py:3036} INFO - Sync 1 DAGs
[2026-02-15T15:34:00.145+0000] {logging_mixin.py:188} INFO - [2026-02-15T15:34:00.145+0000] {dag.py:3823} INFO - Setting next_dagrun for sec_edgar_pipeline to 2026-02-15 09:00:00+00:00, run_after=2026-02-16 09:00:00+00:00
[2026-02-15T15:34:00.229+0000] {processor.py:183} INFO - Processing /opt/airflow/dags/sec_edgar_dag.py took 0.505 seconds
[2026-02-15T15:34:31.016+0000] {processor.py:161} INFO - Started process (PID=5885) to work on /opt/airflow/dags/sec_edgar_dag.py
[2026-02-15T15:34:31.017+0000] {processor.py:830} INFO - Processing file /opt/airflow/dags/sec_edgar_dag.py for tasks to queue
[2026-02-15T15:34:31.019+0000] {logging_mixin.py:188} INFO - [2026-02-15T15:34:31.019+0000] {dagbag.py:538} INFO - Filling up the DagBag from /opt/airflow/dags/sec_edgar_dag.py
[2026-02-15T15:34:31.357+0000] {processor.py:840} INFO - DAG(s) 'sec_edgar_pipeline' retrieved from /opt/airflow/dags/sec_edgar_dag.py
[2026-02-15T15:34:31.391+0000] {logging_mixin.py:188} INFO - [2026-02-15T15:34:31.390+0000] {dag.py:3036} INFO - Sync 1 DAGs
[2026-02-15T15:34:31.426+0000] {logging_mixin.py:188} INFO - [2026-02-15T15:34:31.425+0000] {dag.py:3823} INFO - Setting next_dagrun for sec_edgar_pipeline to 2026-02-15 09:00:00+00:00, run_after=2026-02-16 09:00:00+00:00
[2026-02-15T15:34:31.503+0000] {processor.py:183} INFO - Processing /opt/airflow/dags/sec_edgar_dag.py took 0.493 seconds
[2026-02-15T15:35:01.692+0000] {processor.py:161} INFO - Started process (PID=5901) to work on /opt/airflow/dags/sec_edgar_dag.py
[2026-02-15T15:35:01.694+0000] {processor.py:830} INFO - Processing file /opt/airflow/dags/sec_edgar_dag.py for tasks to queue
[2026-02-15T15:35:01.696+0000] {logging_mixin.py:188} INFO - [2026-02-15T15:35:01.695+0000] {dagbag.py:538} INFO - Filling up the DagBag from /opt/airflow/dags/sec_edgar_dag.py
[2026-02-15T15:35:02.014+0000] {processor.py:840} INFO - DAG(s) 'sec_edgar_pipeline' retrieved from /opt/airflow/dags/sec_edgar_dag.py
[2026-02-15T15:35:02.051+0000] {logging_mixin.py:188} INFO - [2026-02-15T15:35:02.050+0000] {dag.py:3036} INFO - Sync 1 DAGs
[2026-02-15T15:35:02.088+0000] {logging_mixin.py:188} INFO - [2026-02-15T15:35:02.088+0000] {dag.py:3823} INFO - Setting next_dagrun for sec_edgar_pipeline to 2026-02-15 09:00:00+00:00, run_after=2026-02-16 09:00:00+00:00
[2026-02-15T15:35:02.123+0000] {processor.py:183} INFO - Processing /opt/airflow/dags/sec_edgar_dag.py took 0.435 seconds
[2026-02-15T15:35:32.981+0000] {processor.py:161} INFO - Started process (PID=5917) to work on /opt/airflow/dags/sec_edgar_dag.py
[2026-02-15T15:35:32.983+0000] {processor.py:830} INFO - Processing file /opt/airflow/dags/sec_edgar_dag.py for tasks to queue
[2026-02-15T15:35:32.985+0000] {logging_mixin.py:188} INFO - [2026-02-15T15:35:32.984+0000] {dagbag.py:538} INFO - Filling up the DagBag from /opt/airflow/dags/sec_edgar_dag.py
[2026-02-15T15:35:33.309+0000] {processor.py:840} INFO - DAG(s) 'sec_edgar_pipeline' retrieved from /opt/airflow/dags/sec_edgar_dag.py
[2026-02-15T15:35:33.348+0000] {logging_mixin.py:188} INFO - [2026-02-15T15:35:33.347+0000] {dag.py:3036} INFO - Sync 1 DAGs
[2026-02-15T15:35:33.383+0000] {logging_mixin.py:188} INFO - [2026-02-15T15:35:33.383+0000] {dag.py:3823} INFO - Setting next_dagrun for sec_edgar_pipeline to 2026-02-15 09:00:00+00:00, run_after=2026-02-16 09:00:00+00:00
[2026-02-15T15:35:33.461+0000] {processor.py:183} INFO - Processing /opt/airflow/dags/sec_edgar_dag.py took 0.485 seconds
[2026-02-15T15:36:03.686+0000] {processor.py:161} INFO - Started process (PID=5933) to work on /opt/airflow/dags/sec_edgar_dag.py
[2026-02-15T15:36:03.688+0000] {processor.py:830} INFO - Processing file /opt/airflow/dags/sec_edgar_dag.py for tasks to queue
[2026-02-15T15:36:03.690+0000] {logging_mixin.py:188} INFO - [2026-02-15T15:36:03.690+0000] {dagbag.py:538} INFO - Filling up the DagBag from /opt/airflow/dags/sec_edgar_dag.py
[2026-02-15T15:36:04.015+0000] {processor.py:840} INFO - DAG(s) 'sec_edgar_pipeline' retrieved from /opt/airflow/dags/sec_edgar_dag.py
[2026-02-15T15:36:04.053+0000] {logging_mixin.py:188} INFO - [2026-02-15T15:36:04.052+0000] {dag.py:3036} INFO - Sync 1 DAGs
[2026-02-15T15:36:04.093+0000] {logging_mixin.py:188} INFO - [2026-02-15T15:36:04.092+0000] {dag.py:3823} INFO - Setting next_dagrun for sec_edgar_pipeline to 2026-02-15 09:00:00+00:00, run_after=2026-02-16 09:00:00+00:00
[2026-02-15T15:36:04.170+0000] {processor.py:183} INFO - Processing /opt/airflow/dags/sec_edgar_dag.py took 0.489 seconds
[2026-02-15T15:36:35.104+0000] {processor.py:161} INFO - Started process (PID=5949) to work on /opt/airflow/dags/sec_edgar_dag.py
[2026-02-15T15:36:35.106+0000] {processor.py:830} INFO - Processing file /opt/airflow/dags/sec_edgar_dag.py for tasks to queue
[2026-02-15T15:36:35.109+0000] {logging_mixin.py:188} INFO - [2026-02-15T15:36:35.108+0000] {dagbag.py:538} INFO - Filling up the DagBag from /opt/airflow/dags/sec_edgar_dag.py
[2026-02-15T15:36:35.419+0000] {processor.py:840} INFO - DAG(s) 'sec_edgar_pipeline' retrieved from /opt/airflow/dags/sec_edgar_dag.py
[2026-02-15T15:36:35.455+0000] {logging_mixin.py:188} INFO - [2026-02-15T15:36:35.455+0000] {dag.py:3036} INFO - Sync 1 DAGs
[2026-02-15T15:36:35.493+0000] {logging_mixin.py:188} INFO - [2026-02-15T15:36:35.492+0000] {dag.py:3823} INFO - Setting next_dagrun for sec_edgar_pipeline to 2026-02-15 09:00:00+00:00, run_after=2026-02-16 09:00:00+00:00
[2026-02-15T15:36:35.570+0000] {processor.py:183} INFO - Processing /opt/airflow/dags/sec_edgar_dag.py took 0.471 seconds
[2026-02-15T15:37:06.506+0000] {processor.py:161} INFO - Started process (PID=5965) to work on /opt/airflow/dags/sec_edgar_dag.py
[2026-02-15T15:37:06.508+0000] {processor.py:830} INFO - Processing file /opt/airflow/dags/sec_edgar_dag.py for tasks to queue
[2026-02-15T15:37:06.510+0000] {logging_mixin.py:188} INFO - [2026-02-15T15:37:06.510+0000] {dagbag.py:538} INFO - Filling up the DagBag from /opt/airflow/dags/sec_edgar_dag.py
[2026-02-15T15:37:06.872+0000] {processor.py:840} INFO - DAG(s) 'sec_edgar_pipeline' retrieved from /opt/airflow/dags/sec_edgar_dag.py
[2026-02-15T15:37:06.917+0000] {logging_mixin.py:188} INFO - [2026-02-15T15:37:06.916+0000] {dag.py:3036} INFO - Sync 1 DAGs
[2026-02-15T15:37:06.962+0000] {logging_mixin.py:188} INFO - [2026-02-15T15:37:06.961+0000] {dag.py:3823} INFO - Setting next_dagrun for sec_edgar_pipeline to 2026-02-15 09:00:00+00:00, run_after=2026-02-16 09:00:00+00:00
[2026-02-15T15:37:06.997+0000] {processor.py:183} INFO - Processing /opt/airflow/dags/sec_edgar_dag.py took 0.496 seconds
[2026-02-15T15:37:37.926+0000] {processor.py:161} INFO - Started process (PID=5981) to work on /opt/airflow/dags/sec_edgar_dag.py
[2026-02-15T15:37:37.928+0000] {processor.py:830} INFO - Processing file /opt/airflow/dags/sec_edgar_dag.py for tasks to queue
[2026-02-15T15:37:37.930+0000] {logging_mixin.py:188} INFO - [2026-02-15T15:37:37.929+0000] {dagbag.py:538} INFO - Filling up the DagBag from /opt/airflow/dags/sec_edgar_dag.py
[2026-02-15T15:37:38.288+0000] {processor.py:840} INFO - DAG(s) 'sec_edgar_pipeline' retrieved from /opt/airflow/dags/sec_edgar_dag.py
[2026-02-15T15:37:38.323+0000] {logging_mixin.py:188} INFO - [2026-02-15T15:37:38.323+0000] {dag.py:3036} INFO - Sync 1 DAGs
[2026-02-15T15:37:38.358+0000] {logging_mixin.py:188} INFO - [2026-02-15T15:37:38.358+0000] {dag.py:3823} INFO - Setting next_dagrun for sec_edgar_pipeline to 2026-02-15 09:00:00+00:00, run_after=2026-02-16 09:00:00+00:00
[2026-02-15T15:37:38.436+0000] {processor.py:183} INFO - Processing /opt/airflow/dags/sec_edgar_dag.py took 0.515 seconds
[2026-02-15T15:38:08.536+0000] {processor.py:161} INFO - Started process (PID=5997) to work on /opt/airflow/dags/sec_edgar_dag.py
[2026-02-15T15:38:08.539+0000] {processor.py:830} INFO - Processing file /opt/airflow/dags/sec_edgar_dag.py for tasks to queue
[2026-02-15T15:38:08.541+0000] {logging_mixin.py:188} INFO - [2026-02-15T15:38:08.540+0000] {dagbag.py:538} INFO - Filling up the DagBag from /opt/airflow/dags/sec_edgar_dag.py
[2026-02-15T15:38:08.924+0000] {processor.py:840} INFO - DAG(s) 'sec_edgar_pipeline' retrieved from /opt/airflow/dags/sec_edgar_dag.py
[2026-02-15T15:38:08.964+0000] {logging_mixin.py:188} INFO - [2026-02-15T15:38:08.964+0000] {dag.py:3036} INFO - Sync 1 DAGs
[2026-02-15T15:38:09.003+0000] {logging_mixin.py:188} INFO - [2026-02-15T15:38:09.002+0000] {dag.py:3823} INFO - Setting next_dagrun for sec_edgar_pipeline to 2026-02-15 09:00:00+00:00, run_after=2026-02-16 09:00:00+00:00
[2026-02-15T15:38:09.079+0000] {processor.py:183} INFO - Processing /opt/airflow/dags/sec_edgar_dag.py took 0.550 seconds
[2026-02-15T15:38:39.822+0000] {processor.py:161} INFO - Started process (PID=6013) to work on /opt/airflow/dags/sec_edgar_dag.py
[2026-02-15T15:38:39.824+0000] {processor.py:830} INFO - Processing file /opt/airflow/dags/sec_edgar_dag.py for tasks to queue
[2026-02-15T15:38:39.826+0000] {logging_mixin.py:188} INFO - [2026-02-15T15:38:39.825+0000] {dagbag.py:538} INFO - Filling up the DagBag from /opt/airflow/dags/sec_edgar_dag.py
[2026-02-15T15:38:40.176+0000] {processor.py:840} INFO - DAG(s) 'sec_edgar_pipeline' retrieved from /opt/airflow/dags/sec_edgar_dag.py
[2026-02-15T15:38:40.220+0000] {logging_mixin.py:188} INFO - [2026-02-15T15:38:40.219+0000] {dag.py:3036} INFO - Sync 1 DAGs
[2026-02-15T15:38:40.259+0000] {logging_mixin.py:188} INFO - [2026-02-15T15:38:40.259+0000] {dag.py:3823} INFO - Setting next_dagrun for sec_edgar_pipeline to 2026-02-15 09:00:00+00:00, run_after=2026-02-16 09:00:00+00:00
[2026-02-15T15:38:40.338+0000] {processor.py:183} INFO - Processing /opt/airflow/dags/sec_edgar_dag.py took 0.521 seconds
[2026-02-15T15:39:10.523+0000] {processor.py:161} INFO - Started process (PID=6029) to work on /opt/airflow/dags/sec_edgar_dag.py
[2026-02-15T15:39:10.525+0000] {processor.py:830} INFO - Processing file /opt/airflow/dags/sec_edgar_dag.py for tasks to queue
[2026-02-15T15:39:10.527+0000] {logging_mixin.py:188} INFO - [2026-02-15T15:39:10.526+0000] {dagbag.py:538} INFO - Filling up the DagBag from /opt/airflow/dags/sec_edgar_dag.py
[2026-02-15T15:39:10.911+0000] {processor.py:840} INFO - DAG(s) 'sec_edgar_pipeline' retrieved from /opt/airflow/dags/sec_edgar_dag.py
[2026-02-15T15:39:10.967+0000] {logging_mixin.py:188} INFO - [2026-02-15T15:39:10.966+0000] {dag.py:3036} INFO - Sync 1 DAGs
[2026-02-15T15:39:11.024+0000] {logging_mixin.py:188} INFO - [2026-02-15T15:39:11.024+0000] {dag.py:3823} INFO - Setting next_dagrun for sec_edgar_pipeline to 2026-02-15 09:00:00+00:00, run_after=2026-02-16 09:00:00+00:00
[2026-02-15T15:39:11.115+0000] {processor.py:183} INFO - Processing /opt/airflow/dags/sec_edgar_dag.py took 0.597 seconds
[2026-02-15T15:39:41.817+0000] {processor.py:161} INFO - Started process (PID=6045) to work on /opt/airflow/dags/sec_edgar_dag.py
[2026-02-15T15:39:41.819+0000] {processor.py:830} INFO - Processing file /opt/airflow/dags/sec_edgar_dag.py for tasks to queue
[2026-02-15T15:39:41.821+0000] {logging_mixin.py:188} INFO - [2026-02-15T15:39:41.820+0000] {dagbag.py:538} INFO - Filling up the DagBag from /opt/airflow/dags/sec_edgar_dag.py
[2026-02-15T15:39:42.151+0000] {processor.py:840} INFO - DAG(s) 'sec_edgar_pipeline' retrieved from /opt/airflow/dags/sec_edgar_dag.py
[2026-02-15T15:39:42.190+0000] {logging_mixin.py:188} INFO - [2026-02-15T15:39:42.190+0000] {dag.py:3036} INFO - Sync 1 DAGs
[2026-02-15T15:39:42.225+0000] {logging_mixin.py:188} INFO - [2026-02-15T15:39:42.225+0000] {dag.py:3823} INFO - Setting next_dagrun for sec_edgar_pipeline to 2026-02-15 09:00:00+00:00, run_after=2026-02-16 09:00:00+00:00
[2026-02-15T15:39:42.301+0000] {processor.py:183} INFO - Processing /opt/airflow/dags/sec_edgar_dag.py took 0.489 seconds
[2026-02-15T15:40:12.413+0000] {processor.py:161} INFO - Started process (PID=6061) to work on /opt/airflow/dags/sec_edgar_dag.py
[2026-02-15T15:40:12.415+0000] {processor.py:830} INFO - Processing file /opt/airflow/dags/sec_edgar_dag.py for tasks to queue
[2026-02-15T15:40:12.417+0000] {logging_mixin.py:188} INFO - [2026-02-15T15:40:12.417+0000] {dagbag.py:538} INFO - Filling up the DagBag from /opt/airflow/dags/sec_edgar_dag.py
[2026-02-15T15:40:12.756+0000] {processor.py:840} INFO - DAG(s) 'sec_edgar_pipeline' retrieved from /opt/airflow/dags/sec_edgar_dag.py
[2026-02-15T15:40:12.798+0000] {logging_mixin.py:188} INFO - [2026-02-15T15:40:12.797+0000] {dag.py:3036} INFO - Sync 1 DAGs
[2026-02-15T15:40:12.835+0000] {logging_mixin.py:188} INFO - [2026-02-15T15:40:12.835+0000] {dag.py:3823} INFO - Setting next_dagrun for sec_edgar_pipeline to 2026-02-15 09:00:00+00:00, run_after=2026-02-16 09:00:00+00:00
[2026-02-15T15:40:12.913+0000] {processor.py:183} INFO - Processing /opt/airflow/dags/sec_edgar_dag.py took 0.505 seconds
[2026-02-15T15:40:43.712+0000] {processor.py:161} INFO - Started process (PID=6077) to work on /opt/airflow/dags/sec_edgar_dag.py
[2026-02-15T15:40:43.714+0000] {processor.py:830} INFO - Processing file /opt/airflow/dags/sec_edgar_dag.py for tasks to queue
[2026-02-15T15:40:43.716+0000] {logging_mixin.py:188} INFO - [2026-02-15T15:40:43.715+0000] {dagbag.py:538} INFO - Filling up the DagBag from /opt/airflow/dags/sec_edgar_dag.py
[2026-02-15T15:40:44.043+0000] {processor.py:840} INFO - DAG(s) 'sec_edgar_pipeline' retrieved from /opt/airflow/dags/sec_edgar_dag.py
[2026-02-15T15:40:44.079+0000] {logging_mixin.py:188} INFO - [2026-02-15T15:40:44.079+0000] {dag.py:3036} INFO - Sync 1 DAGs
[2026-02-15T15:40:44.119+0000] {logging_mixin.py:188} INFO - [2026-02-15T15:40:44.118+0000] {dag.py:3823} INFO - Setting next_dagrun for sec_edgar_pipeline to 2026-02-15 09:00:00+00:00, run_after=2026-02-16 09:00:00+00:00
[2026-02-15T15:40:44.196+0000] {processor.py:183} INFO - Processing /opt/airflow/dags/sec_edgar_dag.py took 0.488 seconds
[2026-02-15T15:41:14.432+0000] {processor.py:161} INFO - Started process (PID=6093) to work on /opt/airflow/dags/sec_edgar_dag.py
[2026-02-15T15:41:14.434+0000] {processor.py:830} INFO - Processing file /opt/airflow/dags/sec_edgar_dag.py for tasks to queue
[2026-02-15T15:41:14.436+0000] {logging_mixin.py:188} INFO - [2026-02-15T15:41:14.436+0000] {dagbag.py:538} INFO - Filling up the DagBag from /opt/airflow/dags/sec_edgar_dag.py
[2026-02-15T15:41:14.739+0000] {processor.py:840} INFO - DAG(s) 'sec_edgar_pipeline' retrieved from /opt/airflow/dags/sec_edgar_dag.py
[2026-02-15T15:41:14.780+0000] {logging_mixin.py:188} INFO - [2026-02-15T15:41:14.779+0000] {dag.py:3036} INFO - Sync 1 DAGs
[2026-02-15T15:41:14.817+0000] {logging_mixin.py:188} INFO - [2026-02-15T15:41:14.816+0000] {dag.py:3823} INFO - Setting next_dagrun for sec_edgar_pipeline to 2026-02-15 09:00:00+00:00, run_after=2026-02-16 09:00:00+00:00
[2026-02-15T15:41:14.904+0000] {processor.py:183} INFO - Processing /opt/airflow/dags/sec_edgar_dag.py took 0.476 seconds
[2026-02-15T15:41:45.855+0000] {processor.py:161} INFO - Started process (PID=6115) to work on /opt/airflow/dags/sec_edgar_dag.py
[2026-02-15T15:41:45.858+0000] {processor.py:830} INFO - Processing file /opt/airflow/dags/sec_edgar_dag.py for tasks to queue
[2026-02-15T15:41:45.861+0000] {logging_mixin.py:188} INFO - [2026-02-15T15:41:45.860+0000] {dagbag.py:538} INFO - Filling up the DagBag from /opt/airflow/dags/sec_edgar_dag.py
[2026-02-15T15:41:46.181+0000] {processor.py:840} INFO - DAG(s) 'sec_edgar_pipeline' retrieved from /opt/airflow/dags/sec_edgar_dag.py
[2026-02-15T15:41:46.219+0000] {logging_mixin.py:188} INFO - [2026-02-15T15:41:46.218+0000] {dag.py:3036} INFO - Sync 1 DAGs
[2026-02-15T15:41:46.256+0000] {logging_mixin.py:188} INFO - [2026-02-15T15:41:46.256+0000] {dag.py:3823} INFO - Setting next_dagrun for sec_edgar_pipeline to 2026-02-15 09:00:00+00:00, run_after=2026-02-16 09:00:00+00:00
[2026-02-15T15:41:46.336+0000] {processor.py:183} INFO - Processing /opt/airflow/dags/sec_edgar_dag.py took 0.487 seconds
[2026-02-15T15:42:16.479+0000] {processor.py:161} INFO - Started process (PID=6131) to work on /opt/airflow/dags/sec_edgar_dag.py
[2026-02-15T15:42:16.481+0000] {processor.py:830} INFO - Processing file /opt/airflow/dags/sec_edgar_dag.py for tasks to queue
[2026-02-15T15:42:16.483+0000] {logging_mixin.py:188} INFO - [2026-02-15T15:42:16.483+0000] {dagbag.py:538} INFO - Filling up the DagBag from /opt/airflow/dags/sec_edgar_dag.py
[2026-02-15T15:42:16.803+0000] {processor.py:840} INFO - DAG(s) 'sec_edgar_pipeline' retrieved from /opt/airflow/dags/sec_edgar_dag.py
[2026-02-15T15:42:16.845+0000] {logging_mixin.py:188} INFO - [2026-02-15T15:42:16.844+0000] {dag.py:3036} INFO - Sync 1 DAGs
[2026-02-15T15:42:16.884+0000] {logging_mixin.py:188} INFO - [2026-02-15T15:42:16.884+0000] {dag.py:3823} INFO - Setting next_dagrun for sec_edgar_pipeline to 2026-02-15 09:00:00+00:00, run_after=2026-02-16 09:00:00+00:00
[2026-02-15T15:42:16.913+0000] {processor.py:183} INFO - Processing /opt/airflow/dags/sec_edgar_dag.py took 0.439 seconds
[2026-02-15T15:42:47.034+0000] {processor.py:161} INFO - Started process (PID=6147) to work on /opt/airflow/dags/sec_edgar_dag.py
[2026-02-15T15:42:47.035+0000] {processor.py:830} INFO - Processing file /opt/airflow/dags/sec_edgar_dag.py for tasks to queue
[2026-02-15T15:42:47.037+0000] {logging_mixin.py:188} INFO - [2026-02-15T15:42:47.037+0000] {dagbag.py:538} INFO - Filling up the DagBag from /opt/airflow/dags/sec_edgar_dag.py
[2026-02-15T15:42:47.332+0000] {processor.py:840} INFO - DAG(s) 'sec_edgar_pipeline' retrieved from /opt/airflow/dags/sec_edgar_dag.py
[2026-02-15T15:42:47.369+0000] {logging_mixin.py:188} INFO - [2026-02-15T15:42:47.369+0000] {dag.py:3036} INFO - Sync 1 DAGs
[2026-02-15T15:42:47.411+0000] {logging_mixin.py:188} INFO - [2026-02-15T15:42:47.411+0000] {dag.py:3823} INFO - Setting next_dagrun for sec_edgar_pipeline to 2026-02-15 09:00:00+00:00, run_after=2026-02-16 09:00:00+00:00
[2026-02-15T15:42:47.493+0000] {processor.py:183} INFO - Processing /opt/airflow/dags/sec_edgar_dag.py took 0.464 seconds
[2026-02-15T15:43:18.372+0000] {processor.py:161} INFO - Started process (PID=6163) to work on /opt/airflow/dags/sec_edgar_dag.py
[2026-02-15T15:43:18.374+0000] {processor.py:830} INFO - Processing file /opt/airflow/dags/sec_edgar_dag.py for tasks to queue
[2026-02-15T15:43:18.375+0000] {logging_mixin.py:188} INFO - [2026-02-15T15:43:18.375+0000] {dagbag.py:538} INFO - Filling up the DagBag from /opt/airflow/dags/sec_edgar_dag.py
[2026-02-15T15:43:18.713+0000] {processor.py:840} INFO - DAG(s) 'sec_edgar_pipeline' retrieved from /opt/airflow/dags/sec_edgar_dag.py
[2026-02-15T15:43:18.757+0000] {logging_mixin.py:188} INFO - [2026-02-15T15:43:18.756+0000] {dag.py:3036} INFO - Sync 1 DAGs
[2026-02-15T15:43:18.800+0000] {logging_mixin.py:188} INFO - [2026-02-15T15:43:18.799+0000] {dag.py:3823} INFO - Setting next_dagrun for sec_edgar_pipeline to 2026-02-15 09:00:00+00:00, run_after=2026-02-16 09:00:00+00:00
[2026-02-15T15:43:18.835+0000] {processor.py:183} INFO - Processing /opt/airflow/dags/sec_edgar_dag.py took 0.467 seconds
[2026-02-15T15:43:48.987+0000] {processor.py:161} INFO - Started process (PID=6179) to work on /opt/airflow/dags/sec_edgar_dag.py
[2026-02-15T15:43:48.989+0000] {processor.py:830} INFO - Processing file /opt/airflow/dags/sec_edgar_dag.py for tasks to queue
[2026-02-15T15:43:48.991+0000] {logging_mixin.py:188} INFO - [2026-02-15T15:43:48.990+0000] {dagbag.py:538} INFO - Filling up the DagBag from /opt/airflow/dags/sec_edgar_dag.py
[2026-02-15T15:43:49.313+0000] {processor.py:840} INFO - DAG(s) 'sec_edgar_pipeline' retrieved from /opt/airflow/dags/sec_edgar_dag.py
[2026-02-15T15:43:49.353+0000] {logging_mixin.py:188} INFO - [2026-02-15T15:43:49.352+0000] {dag.py:3036} INFO - Sync 1 DAGs
[2026-02-15T15:43:49.389+0000] {logging_mixin.py:188} INFO - [2026-02-15T15:43:49.389+0000] {dag.py:3823} INFO - Setting next_dagrun for sec_edgar_pipeline to 2026-02-15 09:00:00+00:00, run_after=2026-02-16 09:00:00+00:00
[2026-02-15T15:43:49.467+0000] {processor.py:183} INFO - Processing /opt/airflow/dags/sec_edgar_dag.py took 0.485 seconds
[2026-02-15T16:01:26.473+0000] {processor.py:161} INFO - Started process (PID=6191) to work on /opt/airflow/dags/sec_edgar_dag.py
[2026-02-15T16:01:26.481+0000] {processor.py:830} INFO - Processing file /opt/airflow/dags/sec_edgar_dag.py for tasks to queue
[2026-02-15T16:01:26.494+0000] {logging_mixin.py:188} INFO - [2026-02-15T16:01:26.492+0000] {dagbag.py:538} INFO - Filling up the DagBag from /opt/airflow/dags/sec_edgar_dag.py
[2026-02-15T16:01:27.623+0000] {processor.py:840} INFO - DAG(s) 'sec_edgar_pipeline' retrieved from /opt/airflow/dags/sec_edgar_dag.py
[2026-02-15T16:01:27.683+0000] {logging_mixin.py:188} INFO - [2026-02-15T16:01:27.683+0000] {dag.py:3036} INFO - Sync 1 DAGs
[2026-02-15T16:01:27.758+0000] {logging_mixin.py:188} INFO - [2026-02-15T16:01:27.757+0000] {dag.py:3823} INFO - Setting next_dagrun for sec_edgar_pipeline to 2026-02-15 09:00:00+00:00, run_after=2026-02-16 09:00:00+00:00
[2026-02-15T16:01:27.819+0000] {processor.py:183} INFO - Processing /opt/airflow/dags/sec_edgar_dag.py took 1.353 seconds
[2026-02-15T16:01:58.137+0000] {processor.py:161} INFO - Started process (PID=6213) to work on /opt/airflow/dags/sec_edgar_dag.py
[2026-02-15T16:01:58.151+0000] {processor.py:830} INFO - Processing file /opt/airflow/dags/sec_edgar_dag.py for tasks to queue
[2026-02-15T16:01:58.153+0000] {logging_mixin.py:188} INFO - [2026-02-15T16:01:58.152+0000] {dagbag.py:538} INFO - Filling up the DagBag from /opt/airflow/dags/sec_edgar_dag.py
[2026-02-15T16:01:58.527+0000] {processor.py:840} INFO - DAG(s) 'sec_edgar_pipeline' retrieved from /opt/airflow/dags/sec_edgar_dag.py
[2026-02-15T16:01:58.579+0000] {logging_mixin.py:188} INFO - [2026-02-15T16:01:58.578+0000] {dag.py:3036} INFO - Sync 1 DAGs
[2026-02-15T16:01:58.615+0000] {logging_mixin.py:188} INFO - [2026-02-15T16:01:58.614+0000] {dag.py:3823} INFO - Setting next_dagrun for sec_edgar_pipeline to 2026-02-15 09:00:00+00:00, run_after=2026-02-16 09:00:00+00:00
[2026-02-15T16:01:58.658+0000] {processor.py:183} INFO - Processing /opt/airflow/dags/sec_edgar_dag.py took 0.526 seconds
[2026-02-15T16:02:29.412+0000] {processor.py:161} INFO - Started process (PID=6229) to work on /opt/airflow/dags/sec_edgar_dag.py
[2026-02-15T16:02:29.414+0000] {processor.py:830} INFO - Processing file /opt/airflow/dags/sec_edgar_dag.py for tasks to queue
[2026-02-15T16:02:29.415+0000] {logging_mixin.py:188} INFO - [2026-02-15T16:02:29.415+0000] {dagbag.py:538} INFO - Filling up the DagBag from /opt/airflow/dags/sec_edgar_dag.py
[2026-02-15T16:02:29.753+0000] {processor.py:840} INFO - DAG(s) 'sec_edgar_pipeline' retrieved from /opt/airflow/dags/sec_edgar_dag.py
[2026-02-15T16:02:29.786+0000] {logging_mixin.py:188} INFO - [2026-02-15T16:02:29.785+0000] {dag.py:3036} INFO - Sync 1 DAGs
[2026-02-15T16:02:29.827+0000] {logging_mixin.py:188} INFO - [2026-02-15T16:02:29.827+0000] {dag.py:3823} INFO - Setting next_dagrun for sec_edgar_pipeline to 2026-02-15 09:00:00+00:00, run_after=2026-02-16 09:00:00+00:00
[2026-02-15T16:02:29.910+0000] {processor.py:183} INFO - Processing /opt/airflow/dags/sec_edgar_dag.py took 0.503 seconds
[2026-02-15T16:03:00.166+0000] {processor.py:161} INFO - Started process (PID=6245) to work on /opt/airflow/dags/sec_edgar_dag.py
[2026-02-15T16:03:00.168+0000] {processor.py:830} INFO - Processing file /opt/airflow/dags/sec_edgar_dag.py for tasks to queue
[2026-02-15T16:03:00.170+0000] {logging_mixin.py:188} INFO - [2026-02-15T16:03:00.169+0000] {dagbag.py:538} INFO - Filling up the DagBag from /opt/airflow/dags/sec_edgar_dag.py
[2026-02-15T16:03:00.503+0000] {processor.py:840} INFO - DAG(s) 'sec_edgar_pipeline' retrieved from /opt/airflow/dags/sec_edgar_dag.py
[2026-02-15T16:03:00.548+0000] {logging_mixin.py:188} INFO - [2026-02-15T16:03:00.547+0000] {dag.py:3036} INFO - Sync 1 DAGs
[2026-02-15T16:03:00.584+0000] {logging_mixin.py:188} INFO - [2026-02-15T16:03:00.584+0000] {dag.py:3823} INFO - Setting next_dagrun for sec_edgar_pipeline to 2026-02-15 09:00:00+00:00, run_after=2026-02-16 09:00:00+00:00
[2026-02-15T16:03:00.668+0000] {processor.py:183} INFO - Processing /opt/airflow/dags/sec_edgar_dag.py took 0.507 seconds
[2026-02-15T16:03:31.503+0000] {processor.py:161} INFO - Started process (PID=6261) to work on /opt/airflow/dags/sec_edgar_dag.py
[2026-02-15T16:03:31.505+0000] {processor.py:830} INFO - Processing file /opt/airflow/dags/sec_edgar_dag.py for tasks to queue
[2026-02-15T16:03:31.507+0000] {logging_mixin.py:188} INFO - [2026-02-15T16:03:31.507+0000] {dagbag.py:538} INFO - Filling up the DagBag from /opt/airflow/dags/sec_edgar_dag.py
[2026-02-15T16:03:31.866+0000] {processor.py:840} INFO - DAG(s) 'sec_edgar_pipeline' retrieved from /opt/airflow/dags/sec_edgar_dag.py
[2026-02-15T16:03:31.912+0000] {logging_mixin.py:188} INFO - [2026-02-15T16:03:31.911+0000] {dag.py:3036} INFO - Sync 1 DAGs
[2026-02-15T16:03:31.958+0000] {logging_mixin.py:188} INFO - [2026-02-15T16:03:31.958+0000] {dag.py:3823} INFO - Setting next_dagrun for sec_edgar_pipeline to 2026-02-15 09:00:00+00:00, run_after=2026-02-16 09:00:00+00:00
[2026-02-15T16:03:32.040+0000] {processor.py:183} INFO - Processing /opt/airflow/dags/sec_edgar_dag.py took 0.542 seconds
[2026-02-15T16:04:02.230+0000] {processor.py:161} INFO - Started process (PID=6277) to work on /opt/airflow/dags/sec_edgar_dag.py
[2026-02-15T16:04:02.232+0000] {processor.py:830} INFO - Processing file /opt/airflow/dags/sec_edgar_dag.py for tasks to queue
[2026-02-15T16:04:02.234+0000] {logging_mixin.py:188} INFO - [2026-02-15T16:04:02.234+0000] {dagbag.py:538} INFO - Filling up the DagBag from /opt/airflow/dags/sec_edgar_dag.py
[2026-02-15T16:04:02.609+0000] {processor.py:840} INFO - DAG(s) 'sec_edgar_pipeline' retrieved from /opt/airflow/dags/sec_edgar_dag.py
[2026-02-15T16:04:02.643+0000] {logging_mixin.py:188} INFO - [2026-02-15T16:04:02.643+0000] {dag.py:3036} INFO - Sync 1 DAGs
[2026-02-15T16:04:02.675+0000] {logging_mixin.py:188} INFO - [2026-02-15T16:04:02.674+0000] {dag.py:3823} INFO - Setting next_dagrun for sec_edgar_pipeline to 2026-02-15 09:00:00+00:00, run_after=2026-02-16 09:00:00+00:00
[2026-02-15T16:04:02.704+0000] {processor.py:183} INFO - Processing /opt/airflow/dags/sec_edgar_dag.py took 0.478 seconds
[2026-02-15T16:04:32.807+0000] {processor.py:161} INFO - Started process (PID=6293) to work on /opt/airflow/dags/sec_edgar_dag.py
[2026-02-15T16:04:32.809+0000] {processor.py:830} INFO - Processing file /opt/airflow/dags/sec_edgar_dag.py for tasks to queue
[2026-02-15T16:04:32.811+0000] {logging_mixin.py:188} INFO - [2026-02-15T16:04:32.810+0000] {dagbag.py:538} INFO - Filling up the DagBag from /opt/airflow/dags/sec_edgar_dag.py
[2026-02-15T16:04:33.141+0000] {processor.py:840} INFO - DAG(s) 'sec_edgar_pipeline' retrieved from /opt/airflow/dags/sec_edgar_dag.py
[2026-02-15T16:04:33.175+0000] {logging_mixin.py:188} INFO - [2026-02-15T16:04:33.175+0000] {dag.py:3036} INFO - Sync 1 DAGs
[2026-02-15T16:04:33.207+0000] {logging_mixin.py:188} INFO - [2026-02-15T16:04:33.207+0000] {dag.py:3823} INFO - Setting next_dagrun for sec_edgar_pipeline to 2026-02-15 09:00:00+00:00, run_after=2026-02-16 09:00:00+00:00
[2026-02-15T16:04:33.235+0000] {processor.py:183} INFO - Processing /opt/airflow/dags/sec_edgar_dag.py took 0.433 seconds
[2026-02-15T16:05:03.376+0000] {processor.py:161} INFO - Started process (PID=6309) to work on /opt/airflow/dags/sec_edgar_dag.py
[2026-02-15T16:05:03.378+0000] {processor.py:830} INFO - Processing file /opt/airflow/dags/sec_edgar_dag.py for tasks to queue
[2026-02-15T16:05:03.380+0000] {logging_mixin.py:188} INFO - [2026-02-15T16:05:03.379+0000] {dagbag.py:538} INFO - Filling up the DagBag from /opt/airflow/dags/sec_edgar_dag.py
[2026-02-15T16:05:03.744+0000] {processor.py:840} INFO - DAG(s) 'sec_edgar_pipeline' retrieved from /opt/airflow/dags/sec_edgar_dag.py
[2026-02-15T16:05:03.793+0000] {logging_mixin.py:188} INFO - [2026-02-15T16:05:03.792+0000] {dag.py:3036} INFO - Sync 1 DAGs
[2026-02-15T16:05:03.833+0000] {logging_mixin.py:188} INFO - [2026-02-15T16:05:03.833+0000] {dag.py:3823} INFO - Setting next_dagrun for sec_edgar_pipeline to 2026-02-15 09:00:00+00:00, run_after=2026-02-16 09:00:00+00:00
[2026-02-15T16:05:03.862+0000] {processor.py:183} INFO - Processing /opt/airflow/dags/sec_edgar_dag.py took 0.492 seconds
[2026-02-15T16:05:34.699+0000] {processor.py:161} INFO - Started process (PID=6325) to work on /opt/airflow/dags/sec_edgar_dag.py
[2026-02-15T16:05:34.700+0000] {processor.py:830} INFO - Processing file /opt/airflow/dags/sec_edgar_dag.py for tasks to queue
[2026-02-15T16:05:34.702+0000] {logging_mixin.py:188} INFO - [2026-02-15T16:05:34.701+0000] {dagbag.py:538} INFO - Filling up the DagBag from /opt/airflow/dags/sec_edgar_dag.py
[2026-02-15T16:05:35.015+0000] {processor.py:840} INFO - DAG(s) 'sec_edgar_pipeline' retrieved from /opt/airflow/dags/sec_edgar_dag.py
[2026-02-15T16:05:35.050+0000] {logging_mixin.py:188} INFO - [2026-02-15T16:05:35.049+0000] {dag.py:3036} INFO - Sync 1 DAGs
[2026-02-15T16:05:35.088+0000] {logging_mixin.py:188} INFO - [2026-02-15T16:05:35.088+0000] {dag.py:3823} INFO - Setting next_dagrun for sec_edgar_pipeline to 2026-02-15 09:00:00+00:00, run_after=2026-02-16 09:00:00+00:00
[2026-02-15T16:05:35.169+0000] {processor.py:183} INFO - Processing /opt/airflow/dags/sec_edgar_dag.py took 0.475 seconds
[2026-02-15T16:06:05.436+0000] {processor.py:161} INFO - Started process (PID=6341) to work on /opt/airflow/dags/sec_edgar_dag.py
[2026-02-15T16:06:05.438+0000] {processor.py:830} INFO - Processing file /opt/airflow/dags/sec_edgar_dag.py for tasks to queue
[2026-02-15T16:06:05.440+0000] {logging_mixin.py:188} INFO - [2026-02-15T16:06:05.440+0000] {dagbag.py:538} INFO - Filling up the DagBag from /opt/airflow/dags/sec_edgar_dag.py
[2026-02-15T16:06:05.777+0000] {processor.py:840} INFO - DAG(s) 'sec_edgar_pipeline' retrieved from /opt/airflow/dags/sec_edgar_dag.py
[2026-02-15T16:06:05.822+0000] {logging_mixin.py:188} INFO - [2026-02-15T16:06:05.821+0000] {dag.py:3036} INFO - Sync 1 DAGs
[2026-02-15T16:06:05.859+0000] {logging_mixin.py:188} INFO - [2026-02-15T16:06:05.859+0000] {dag.py:3823} INFO - Setting next_dagrun for sec_edgar_pipeline to 2026-02-15 09:00:00+00:00, run_after=2026-02-16 09:00:00+00:00
[2026-02-15T16:06:05.918+0000] {processor.py:183} INFO - Processing /opt/airflow/dags/sec_edgar_dag.py took 0.486 seconds
[2026-02-15T16:06:36.512+0000] {processor.py:161} INFO - Started process (PID=6357) to work on /opt/airflow/dags/sec_edgar_dag.py
[2026-02-15T16:06:36.514+0000] {processor.py:830} INFO - Processing file /opt/airflow/dags/sec_edgar_dag.py for tasks to queue
[2026-02-15T16:06:36.516+0000] {logging_mixin.py:188} INFO - [2026-02-15T16:06:36.515+0000] {dagbag.py:538} INFO - Filling up the DagBag from /opt/airflow/dags/sec_edgar_dag.py
[2026-02-15T16:06:36.905+0000] {processor.py:840} INFO - DAG(s) 'sec_edgar_pipeline' retrieved from /opt/airflow/dags/sec_edgar_dag.py
[2026-02-15T16:06:36.950+0000] {logging_mixin.py:188} INFO - [2026-02-15T16:06:36.949+0000] {dag.py:3036} INFO - Sync 1 DAGs
[2026-02-15T16:06:36.991+0000] {logging_mixin.py:188} INFO - [2026-02-15T16:06:36.991+0000] {dag.py:3823} INFO - Setting next_dagrun for sec_edgar_pipeline to 2026-02-15 09:00:00+00:00, run_after=2026-02-16 09:00:00+00:00
[2026-02-15T16:06:37.022+0000] {processor.py:183} INFO - Processing /opt/airflow/dags/sec_edgar_dag.py took 0.514 seconds
[2026-02-15T16:07:07.206+0000] {processor.py:161} INFO - Started process (PID=6373) to work on /opt/airflow/dags/sec_edgar_dag.py
[2026-02-15T16:07:07.209+0000] {processor.py:830} INFO - Processing file /opt/airflow/dags/sec_edgar_dag.py for tasks to queue
[2026-02-15T16:07:07.211+0000] {logging_mixin.py:188} INFO - [2026-02-15T16:07:07.210+0000] {dagbag.py:538} INFO - Filling up the DagBag from /opt/airflow/dags/sec_edgar_dag.py
[2026-02-15T16:07:07.530+0000] {processor.py:840} INFO - DAG(s) 'sec_edgar_pipeline' retrieved from /opt/airflow/dags/sec_edgar_dag.py
[2026-02-15T16:07:07.571+0000] {logging_mixin.py:188} INFO - [2026-02-15T16:07:07.570+0000] {dag.py:3036} INFO - Sync 1 DAGs
[2026-02-15T16:07:07.610+0000] {logging_mixin.py:188} INFO - [2026-02-15T16:07:07.609+0000] {dag.py:3823} INFO - Setting next_dagrun for sec_edgar_pipeline to 2026-02-15 09:00:00+00:00, run_after=2026-02-16 09:00:00+00:00
[2026-02-15T16:07:07.690+0000] {processor.py:183} INFO - Processing /opt/airflow/dags/sec_edgar_dag.py took 0.491 seconds
[2026-02-15T16:07:37.785+0000] {processor.py:161} INFO - Started process (PID=6389) to work on /opt/airflow/dags/sec_edgar_dag.py
[2026-02-15T16:07:37.787+0000] {processor.py:830} INFO - Processing file /opt/airflow/dags/sec_edgar_dag.py for tasks to queue
[2026-02-15T16:07:37.788+0000] {logging_mixin.py:188} INFO - [2026-02-15T16:07:37.788+0000] {dagbag.py:538} INFO - Filling up the DagBag from /opt/airflow/dags/sec_edgar_dag.py
[2026-02-15T16:07:38.134+0000] {processor.py:840} INFO - DAG(s) 'sec_edgar_pipeline' retrieved from /opt/airflow/dags/sec_edgar_dag.py
[2026-02-15T16:07:38.182+0000] {logging_mixin.py:188} INFO - [2026-02-15T16:07:38.181+0000] {dag.py:3036} INFO - Sync 1 DAGs
[2026-02-15T16:07:38.228+0000] {logging_mixin.py:188} INFO - [2026-02-15T16:07:38.227+0000] {dag.py:3823} INFO - Setting next_dagrun for sec_edgar_pipeline to 2026-02-15 09:00:00+00:00, run_after=2026-02-16 09:00:00+00:00
[2026-02-15T16:07:38.305+0000] {processor.py:183} INFO - Processing /opt/airflow/dags/sec_edgar_dag.py took 0.525 seconds
[2026-02-15T16:08:09.093+0000] {processor.py:161} INFO - Started process (PID=6411) to work on /opt/airflow/dags/sec_edgar_dag.py
[2026-02-15T16:08:09.095+0000] {processor.py:830} INFO - Processing file /opt/airflow/dags/sec_edgar_dag.py for tasks to queue
[2026-02-15T16:08:09.097+0000] {logging_mixin.py:188} INFO - [2026-02-15T16:08:09.096+0000] {dagbag.py:538} INFO - Filling up the DagBag from /opt/airflow/dags/sec_edgar_dag.py
[2026-02-15T16:08:09.413+0000] {processor.py:840} INFO - DAG(s) 'sec_edgar_pipeline' retrieved from /opt/airflow/dags/sec_edgar_dag.py
[2026-02-15T16:08:09.453+0000] {logging_mixin.py:188} INFO - [2026-02-15T16:08:09.453+0000] {dag.py:3036} INFO - Sync 1 DAGs
[2026-02-15T16:08:09.493+0000] {logging_mixin.py:188} INFO - [2026-02-15T16:08:09.492+0000] {dag.py:3823} INFO - Setting next_dagrun for sec_edgar_pipeline to 2026-02-15 09:00:00+00:00, run_after=2026-02-16 09:00:00+00:00
[2026-02-15T16:08:09.566+0000] {processor.py:183} INFO - Processing /opt/airflow/dags/sec_edgar_dag.py took 0.476 seconds
[2026-02-15T16:08:39.662+0000] {processor.py:161} INFO - Started process (PID=6427) to work on /opt/airflow/dags/sec_edgar_dag.py
[2026-02-15T16:08:39.664+0000] {processor.py:830} INFO - Processing file /opt/airflow/dags/sec_edgar_dag.py for tasks to queue
[2026-02-15T16:08:39.667+0000] {logging_mixin.py:188} INFO - [2026-02-15T16:08:39.666+0000] {dagbag.py:538} INFO - Filling up the DagBag from /opt/airflow/dags/sec_edgar_dag.py
[2026-02-15T16:08:40.009+0000] {processor.py:840} INFO - DAG(s) 'sec_edgar_pipeline' retrieved from /opt/airflow/dags/sec_edgar_dag.py
[2026-02-15T16:08:40.048+0000] {logging_mixin.py:188} INFO - [2026-02-15T16:08:40.047+0000] {dag.py:3036} INFO - Sync 1 DAGs
[2026-02-15T16:08:40.092+0000] {logging_mixin.py:188} INFO - [2026-02-15T16:08:40.091+0000] {dag.py:3823} INFO - Setting next_dagrun for sec_edgar_pipeline to 2026-02-15 09:00:00+00:00, run_after=2026-02-16 09:00:00+00:00
[2026-02-15T16:08:40.127+0000] {processor.py:183} INFO - Processing /opt/airflow/dags/sec_edgar_dag.py took 0.472 seconds
[2026-02-15T16:09:10.337+0000] {processor.py:161} INFO - Started process (PID=6443) to work on /opt/airflow/dags/sec_edgar_dag.py
[2026-02-15T16:09:10.339+0000] {processor.py:830} INFO - Processing file /opt/airflow/dags/sec_edgar_dag.py for tasks to queue
[2026-02-15T16:09:10.341+0000] {logging_mixin.py:188} INFO - [2026-02-15T16:09:10.340+0000] {dagbag.py:538} INFO - Filling up the DagBag from /opt/airflow/dags/sec_edgar_dag.py
[2026-02-15T16:09:10.659+0000] {processor.py:840} INFO - DAG(s) 'sec_edgar_pipeline' retrieved from /opt/airflow/dags/sec_edgar_dag.py
[2026-02-15T16:09:10.696+0000] {logging_mixin.py:188} INFO - [2026-02-15T16:09:10.696+0000] {dag.py:3036} INFO - Sync 1 DAGs
[2026-02-15T16:09:10.734+0000] {logging_mixin.py:188} INFO - [2026-02-15T16:09:10.734+0000] {dag.py:3823} INFO - Setting next_dagrun for sec_edgar_pipeline to 2026-02-15 09:00:00+00:00, run_after=2026-02-16 09:00:00+00:00
[2026-02-15T16:09:10.817+0000] {processor.py:183} INFO - Processing /opt/airflow/dags/sec_edgar_dag.py took 0.485 seconds
[2026-02-15T16:09:40.921+0000] {processor.py:161} INFO - Started process (PID=6459) to work on /opt/airflow/dags/sec_edgar_dag.py
[2026-02-15T16:09:40.924+0000] {processor.py:830} INFO - Processing file /opt/airflow/dags/sec_edgar_dag.py for tasks to queue
[2026-02-15T16:09:40.925+0000] {logging_mixin.py:188} INFO - [2026-02-15T16:09:40.925+0000] {dagbag.py:538} INFO - Filling up the DagBag from /opt/airflow/dags/sec_edgar_dag.py
[2026-02-15T16:09:41.272+0000] {processor.py:840} INFO - DAG(s) 'sec_edgar_pipeline' retrieved from /opt/airflow/dags/sec_edgar_dag.py
[2026-02-15T16:09:41.312+0000] {logging_mixin.py:188} INFO - [2026-02-15T16:09:41.311+0000] {dag.py:3036} INFO - Sync 1 DAGs
[2026-02-15T16:09:41.349+0000] {logging_mixin.py:188} INFO - [2026-02-15T16:09:41.349+0000] {dag.py:3823} INFO - Setting next_dagrun for sec_edgar_pipeline to 2026-02-15 09:00:00+00:00, run_after=2026-02-16 09:00:00+00:00
[2026-02-15T16:09:41.430+0000] {processor.py:183} INFO - Processing /opt/airflow/dags/sec_edgar_dag.py took 0.513 seconds
[2026-02-15T16:10:12.236+0000] {processor.py:161} INFO - Started process (PID=6475) to work on /opt/airflow/dags/sec_edgar_dag.py
[2026-02-15T16:10:12.238+0000] {processor.py:830} INFO - Processing file /opt/airflow/dags/sec_edgar_dag.py for tasks to queue
[2026-02-15T16:10:12.239+0000] {logging_mixin.py:188} INFO - [2026-02-15T16:10:12.239+0000] {dagbag.py:538} INFO - Filling up the DagBag from /opt/airflow/dags/sec_edgar_dag.py
[2026-02-15T16:10:12.551+0000] {processor.py:840} INFO - DAG(s) 'sec_edgar_pipeline' retrieved from /opt/airflow/dags/sec_edgar_dag.py
[2026-02-15T16:10:12.591+0000] {logging_mixin.py:188} INFO - [2026-02-15T16:10:12.590+0000] {dag.py:3036} INFO - Sync 1 DAGs
[2026-02-15T16:10:12.627+0000] {logging_mixin.py:188} INFO - [2026-02-15T16:10:12.626+0000] {dag.py:3823} INFO - Setting next_dagrun for sec_edgar_pipeline to 2026-02-15 09:00:00+00:00, run_after=2026-02-16 09:00:00+00:00
[2026-02-15T16:10:12.707+0000] {processor.py:183} INFO - Processing /opt/airflow/dags/sec_edgar_dag.py took 0.476 seconds
[2026-02-15T16:10:42.911+0000] {processor.py:161} INFO - Started process (PID=6491) to work on /opt/airflow/dags/sec_edgar_dag.py
[2026-02-15T16:10:42.912+0000] {processor.py:830} INFO - Processing file /opt/airflow/dags/sec_edgar_dag.py for tasks to queue
[2026-02-15T16:10:42.914+0000] {logging_mixin.py:188} INFO - [2026-02-15T16:10:42.913+0000] {dagbag.py:538} INFO - Filling up the DagBag from /opt/airflow/dags/sec_edgar_dag.py
[2026-02-15T16:10:43.224+0000] {processor.py:840} INFO - DAG(s) 'sec_edgar_pipeline' retrieved from /opt/airflow/dags/sec_edgar_dag.py
[2026-02-15T16:10:43.265+0000] {logging_mixin.py:188} INFO - [2026-02-15T16:10:43.264+0000] {dag.py:3036} INFO - Sync 1 DAGs
[2026-02-15T16:10:43.304+0000] {logging_mixin.py:188} INFO - [2026-02-15T16:10:43.304+0000] {dag.py:3823} INFO - Setting next_dagrun for sec_edgar_pipeline to 2026-02-15 09:00:00+00:00, run_after=2026-02-16 09:00:00+00:00
[2026-02-15T16:10:43.385+0000] {processor.py:183} INFO - Processing /opt/airflow/dags/sec_edgar_dag.py took 0.479 seconds
[2026-02-15T16:11:14.207+0000] {processor.py:161} INFO - Started process (PID=6507) to work on /opt/airflow/dags/sec_edgar_dag.py
[2026-02-15T16:11:14.208+0000] {processor.py:830} INFO - Processing file /opt/airflow/dags/sec_edgar_dag.py for tasks to queue
[2026-02-15T16:11:14.210+0000] {logging_mixin.py:188} INFO - [2026-02-15T16:11:14.209+0000] {dagbag.py:538} INFO - Filling up the DagBag from /opt/airflow/dags/sec_edgar_dag.py
[2026-02-15T16:11:14.548+0000] {processor.py:840} INFO - DAG(s) 'sec_edgar_pipeline' retrieved from /opt/airflow/dags/sec_edgar_dag.py
[2026-02-15T16:11:14.588+0000] {logging_mixin.py:188} INFO - [2026-02-15T16:11:14.587+0000] {dag.py:3036} INFO - Sync 1 DAGs
[2026-02-15T16:11:14.635+0000] {logging_mixin.py:188} INFO - [2026-02-15T16:11:14.635+0000] {dag.py:3823} INFO - Setting next_dagrun for sec_edgar_pipeline to 2026-02-15 09:00:00+00:00, run_after=2026-02-16 09:00:00+00:00
[2026-02-15T16:11:14.722+0000] {processor.py:183} INFO - Processing /opt/airflow/dags/sec_edgar_dag.py took 0.519 seconds
[2026-02-15T16:11:44.980+0000] {processor.py:161} INFO - Started process (PID=6523) to work on /opt/airflow/dags/sec_edgar_dag.py
[2026-02-15T16:11:44.982+0000] {processor.py:830} INFO - Processing file /opt/airflow/dags/sec_edgar_dag.py for tasks to queue
[2026-02-15T16:11:44.984+0000] {logging_mixin.py:188} INFO - [2026-02-15T16:11:44.983+0000] {dagbag.py:538} INFO - Filling up the DagBag from /opt/airflow/dags/sec_edgar_dag.py
[2026-02-15T16:11:45.302+0000] {processor.py:840} INFO - DAG(s) 'sec_edgar_pipeline' retrieved from /opt/airflow/dags/sec_edgar_dag.py
[2026-02-15T16:11:45.342+0000] {logging_mixin.py:188} INFO - [2026-02-15T16:11:45.342+0000] {dag.py:3036} INFO - Sync 1 DAGs
[2026-02-15T16:11:45.380+0000] {logging_mixin.py:188} INFO - [2026-02-15T16:11:45.379+0000] {dag.py:3823} INFO - Setting next_dagrun for sec_edgar_pipeline to 2026-02-15 09:00:00+00:00, run_after=2026-02-16 09:00:00+00:00
[2026-02-15T16:11:45.459+0000] {processor.py:183} INFO - Processing /opt/airflow/dags/sec_edgar_dag.py took 0.482 seconds
[2026-02-15T16:12:15.768+0000] {processor.py:161} INFO - Started process (PID=6539) to work on /opt/airflow/dags/sec_edgar_dag.py
[2026-02-15T16:12:15.769+0000] {processor.py:830} INFO - Processing file /opt/airflow/dags/sec_edgar_dag.py for tasks to queue
[2026-02-15T16:12:15.771+0000] {logging_mixin.py:188} INFO - [2026-02-15T16:12:15.770+0000] {dagbag.py:538} INFO - Filling up the DagBag from /opt/airflow/dags/sec_edgar_dag.py
[2026-02-15T16:12:16.089+0000] {processor.py:840} INFO - DAG(s) 'sec_edgar_pipeline' retrieved from /opt/airflow/dags/sec_edgar_dag.py
[2026-02-15T16:12:16.133+0000] {logging_mixin.py:188} INFO - [2026-02-15T16:12:16.132+0000] {dag.py:3036} INFO - Sync 1 DAGs
[2026-02-15T16:12:16.168+0000] {logging_mixin.py:188} INFO - [2026-02-15T16:12:16.167+0000] {dag.py:3823} INFO - Setting next_dagrun for sec_edgar_pipeline to 2026-02-15 09:00:00+00:00, run_after=2026-02-16 09:00:00+00:00
[2026-02-15T16:12:16.249+0000] {processor.py:183} INFO - Processing /opt/airflow/dags/sec_edgar_dag.py took 0.485 seconds
[2026-02-15T16:12:47.094+0000] {processor.py:161} INFO - Started process (PID=6555) to work on /opt/airflow/dags/sec_edgar_dag.py
[2026-02-15T16:12:47.096+0000] {processor.py:830} INFO - Processing file /opt/airflow/dags/sec_edgar_dag.py for tasks to queue
[2026-02-15T16:12:47.098+0000] {logging_mixin.py:188} INFO - [2026-02-15T16:12:47.097+0000] {dagbag.py:538} INFO - Filling up the DagBag from /opt/airflow/dags/sec_edgar_dag.py
[2026-02-15T16:12:47.426+0000] {processor.py:840} INFO - DAG(s) 'sec_edgar_pipeline' retrieved from /opt/airflow/dags/sec_edgar_dag.py
[2026-02-15T16:12:47.464+0000] {logging_mixin.py:188} INFO - [2026-02-15T16:12:47.464+0000] {dag.py:3036} INFO - Sync 1 DAGs
[2026-02-15T16:12:47.502+0000] {logging_mixin.py:188} INFO - [2026-02-15T16:12:47.501+0000] {dag.py:3823} INFO - Setting next_dagrun for sec_edgar_pipeline to 2026-02-15 09:00:00+00:00, run_after=2026-02-16 09:00:00+00:00
[2026-02-15T16:12:47.584+0000] {processor.py:183} INFO - Processing /opt/airflow/dags/sec_edgar_dag.py took 0.496 seconds
[2026-02-15T16:13:17.822+0000] {processor.py:161} INFO - Started process (PID=6572) to work on /opt/airflow/dags/sec_edgar_dag.py
[2026-02-15T16:13:17.824+0000] {processor.py:830} INFO - Processing file /opt/airflow/dags/sec_edgar_dag.py for tasks to queue
[2026-02-15T16:13:17.826+0000] {logging_mixin.py:188} INFO - [2026-02-15T16:13:17.826+0000] {dagbag.py:538} INFO - Filling up the DagBag from /opt/airflow/dags/sec_edgar_dag.py
[2026-02-15T16:13:18.169+0000] {processor.py:840} INFO - DAG(s) 'sec_edgar_pipeline' retrieved from /opt/airflow/dags/sec_edgar_dag.py
[2026-02-15T16:13:18.212+0000] {logging_mixin.py:188} INFO - [2026-02-15T16:13:18.211+0000] {dag.py:3036} INFO - Sync 1 DAGs
[2026-02-15T16:13:18.256+0000] {logging_mixin.py:188} INFO - [2026-02-15T16:13:18.255+0000] {dag.py:3823} INFO - Setting next_dagrun for sec_edgar_pipeline to 2026-02-15 09:00:00+00:00, run_after=2026-02-16 09:00:00+00:00
[2026-02-15T16:13:18.285+0000] {processor.py:183} INFO - Processing /opt/airflow/dags/sec_edgar_dag.py took 0.467 seconds
[2026-02-15T16:13:49.104+0000] {processor.py:161} INFO - Started process (PID=6588) to work on /opt/airflow/dags/sec_edgar_dag.py
[2026-02-15T16:13:49.106+0000] {processor.py:830} INFO - Processing file /opt/airflow/dags/sec_edgar_dag.py for tasks to queue
[2026-02-15T16:13:49.107+0000] {logging_mixin.py:188} INFO - [2026-02-15T16:13:49.107+0000] {dagbag.py:538} INFO - Filling up the DagBag from /opt/airflow/dags/sec_edgar_dag.py
[2026-02-15T16:13:49.412+0000] {processor.py:840} INFO - DAG(s) 'sec_edgar_pipeline' retrieved from /opt/airflow/dags/sec_edgar_dag.py
[2026-02-15T16:13:49.448+0000] {logging_mixin.py:188} INFO - [2026-02-15T16:13:49.447+0000] {dag.py:3036} INFO - Sync 1 DAGs
[2026-02-15T16:13:49.485+0000] {logging_mixin.py:188} INFO - [2026-02-15T16:13:49.485+0000] {dag.py:3823} INFO - Setting next_dagrun for sec_edgar_pipeline to 2026-02-15 09:00:00+00:00, run_after=2026-02-16 09:00:00+00:00
[2026-02-15T16:13:49.515+0000] {processor.py:183} INFO - Processing /opt/airflow/dags/sec_edgar_dag.py took 0.415 seconds
[2026-02-15T16:14:19.821+0000] {processor.py:161} INFO - Started process (PID=6604) to work on /opt/airflow/dags/sec_edgar_dag.py
[2026-02-15T16:14:19.824+0000] {processor.py:830} INFO - Processing file /opt/airflow/dags/sec_edgar_dag.py for tasks to queue
[2026-02-15T16:14:19.825+0000] {logging_mixin.py:188} INFO - [2026-02-15T16:14:19.825+0000] {dagbag.py:538} INFO - Filling up the DagBag from /opt/airflow/dags/sec_edgar_dag.py
[2026-02-15T16:14:20.174+0000] {processor.py:840} INFO - DAG(s) 'sec_edgar_pipeline' retrieved from /opt/airflow/dags/sec_edgar_dag.py
[2026-02-15T16:14:20.210+0000] {logging_mixin.py:188} INFO - [2026-02-15T16:14:20.210+0000] {dag.py:3036} INFO - Sync 1 DAGs
[2026-02-15T16:14:20.242+0000] {logging_mixin.py:188} INFO - [2026-02-15T16:14:20.242+0000] {dag.py:3823} INFO - Setting next_dagrun for sec_edgar_pipeline to 2026-02-15 09:00:00+00:00, run_after=2026-02-16 09:00:00+00:00
[2026-02-15T16:14:20.325+0000] {processor.py:183} INFO - Processing /opt/airflow/dags/sec_edgar_dag.py took 0.509 seconds
[2026-02-15T16:14:51.077+0000] {processor.py:161} INFO - Started process (PID=6621) to work on /opt/airflow/dags/sec_edgar_dag.py
[2026-02-15T16:14:51.078+0000] {processor.py:830} INFO - Processing file /opt/airflow/dags/sec_edgar_dag.py for tasks to queue
[2026-02-15T16:14:51.080+0000] {logging_mixin.py:188} INFO - [2026-02-15T16:14:51.079+0000] {dagbag.py:538} INFO - Filling up the DagBag from /opt/airflow/dags/sec_edgar_dag.py
[2026-02-15T16:14:51.421+0000] {processor.py:840} INFO - DAG(s) 'sec_edgar_pipeline' retrieved from /opt/airflow/dags/sec_edgar_dag.py
[2026-02-15T16:14:51.455+0000] {logging_mixin.py:188} INFO - [2026-02-15T16:14:51.454+0000] {dag.py:3036} INFO - Sync 1 DAGs
[2026-02-15T16:14:51.491+0000] {logging_mixin.py:188} INFO - [2026-02-15T16:14:51.491+0000] {dag.py:3823} INFO - Setting next_dagrun for sec_edgar_pipeline to 2026-02-15 09:00:00+00:00, run_after=2026-02-16 09:00:00+00:00
[2026-02-15T16:14:51.523+0000] {processor.py:183} INFO - Processing /opt/airflow/dags/sec_edgar_dag.py took 0.450 seconds
[2026-02-15T16:15:21.793+0000] {processor.py:161} INFO - Started process (PID=6637) to work on /opt/airflow/dags/sec_edgar_dag.py
[2026-02-15T16:15:21.794+0000] {processor.py:830} INFO - Processing file /opt/airflow/dags/sec_edgar_dag.py for tasks to queue
[2026-02-15T16:15:21.796+0000] {logging_mixin.py:188} INFO - [2026-02-15T16:15:21.795+0000] {dagbag.py:538} INFO - Filling up the DagBag from /opt/airflow/dags/sec_edgar_dag.py
[2026-02-15T16:15:22.126+0000] {processor.py:840} INFO - DAG(s) 'sec_edgar_pipeline' retrieved from /opt/airflow/dags/sec_edgar_dag.py
[2026-02-15T16:15:22.173+0000] {logging_mixin.py:188} INFO - [2026-02-15T16:15:22.172+0000] {dag.py:3036} INFO - Sync 1 DAGs
[2026-02-15T16:15:22.211+0000] {logging_mixin.py:188} INFO - [2026-02-15T16:15:22.211+0000] {dag.py:3823} INFO - Setting next_dagrun for sec_edgar_pipeline to 2026-02-15 09:00:00+00:00, run_after=2026-02-16 09:00:00+00:00
[2026-02-15T16:15:22.261+0000] {processor.py:183} INFO - Processing /opt/airflow/dags/sec_edgar_dag.py took 0.473 seconds
[2026-02-15T16:15:53.080+0000] {processor.py:161} INFO - Started process (PID=6653) to work on /opt/airflow/dags/sec_edgar_dag.py
[2026-02-15T16:15:53.082+0000] {processor.py:830} INFO - Processing file /opt/airflow/dags/sec_edgar_dag.py for tasks to queue
[2026-02-15T16:15:53.083+0000] {logging_mixin.py:188} INFO - [2026-02-15T16:15:53.083+0000] {dagbag.py:538} INFO - Filling up the DagBag from /opt/airflow/dags/sec_edgar_dag.py
[2026-02-15T16:15:53.375+0000] {processor.py:840} INFO - DAG(s) 'sec_edgar_pipeline' retrieved from /opt/airflow/dags/sec_edgar_dag.py
[2026-02-15T16:15:53.414+0000] {logging_mixin.py:188} INFO - [2026-02-15T16:15:53.414+0000] {dag.py:3036} INFO - Sync 1 DAGs
[2026-02-15T16:15:53.453+0000] {logging_mixin.py:188} INFO - [2026-02-15T16:15:53.453+0000] {dag.py:3823} INFO - Setting next_dagrun for sec_edgar_pipeline to 2026-02-15 09:00:00+00:00, run_after=2026-02-16 09:00:00+00:00
[2026-02-15T16:15:53.486+0000] {processor.py:183} INFO - Processing /opt/airflow/dags/sec_edgar_dag.py took 0.413 seconds
[2026-02-15T16:16:23.762+0000] {processor.py:161} INFO - Started process (PID=6669) to work on /opt/airflow/dags/sec_edgar_dag.py
[2026-02-15T16:16:23.763+0000] {processor.py:830} INFO - Processing file /opt/airflow/dags/sec_edgar_dag.py for tasks to queue
[2026-02-15T16:16:23.765+0000] {logging_mixin.py:188} INFO - [2026-02-15T16:16:23.764+0000] {dagbag.py:538} INFO - Filling up the DagBag from /opt/airflow/dags/sec_edgar_dag.py
[2026-02-15T16:16:24.072+0000] {processor.py:840} INFO - DAG(s) 'sec_edgar_pipeline' retrieved from /opt/airflow/dags/sec_edgar_dag.py
[2026-02-15T16:16:24.109+0000] {logging_mixin.py:188} INFO - [2026-02-15T16:16:24.109+0000] {dag.py:3036} INFO - Sync 1 DAGs
[2026-02-15T16:16:24.140+0000] {logging_mixin.py:188} INFO - [2026-02-15T16:16:24.140+0000] {dag.py:3823} INFO - Setting next_dagrun for sec_edgar_pipeline to 2026-02-15 09:00:00+00:00, run_after=2026-02-16 09:00:00+00:00
[2026-02-15T16:16:24.171+0000] {processor.py:183} INFO - Processing /opt/airflow/dags/sec_edgar_dag.py took 0.413 seconds
[2026-02-15T16:16:54.883+0000] {processor.py:161} INFO - Started process (PID=6685) to work on /opt/airflow/dags/sec_edgar_dag.py
[2026-02-15T16:16:54.885+0000] {processor.py:830} INFO - Processing file /opt/airflow/dags/sec_edgar_dag.py for tasks to queue
[2026-02-15T16:16:54.887+0000] {logging_mixin.py:188} INFO - [2026-02-15T16:16:54.886+0000] {dagbag.py:538} INFO - Filling up the DagBag from /opt/airflow/dags/sec_edgar_dag.py
[2026-02-15T16:16:55.224+0000] {processor.py:840} INFO - DAG(s) 'sec_edgar_pipeline' retrieved from /opt/airflow/dags/sec_edgar_dag.py
[2026-02-15T16:16:55.258+0000] {logging_mixin.py:188} INFO - [2026-02-15T16:16:55.257+0000] {dag.py:3036} INFO - Sync 1 DAGs
[2026-02-15T16:16:55.295+0000] {logging_mixin.py:188} INFO - [2026-02-15T16:16:55.294+0000] {dag.py:3823} INFO - Setting next_dagrun for sec_edgar_pipeline to 2026-02-15 09:00:00+00:00, run_after=2026-02-16 09:00:00+00:00
[2026-02-15T16:16:55.372+0000] {processor.py:183} INFO - Processing /opt/airflow/dags/sec_edgar_dag.py took 0.494 seconds
[2026-02-15T16:17:25.561+0000] {processor.py:161} INFO - Started process (PID=6701) to work on /opt/airflow/dags/sec_edgar_dag.py
[2026-02-15T16:17:25.562+0000] {processor.py:830} INFO - Processing file /opt/airflow/dags/sec_edgar_dag.py for tasks to queue
[2026-02-15T16:17:25.564+0000] {logging_mixin.py:188} INFO - [2026-02-15T16:17:25.564+0000] {dagbag.py:538} INFO - Filling up the DagBag from /opt/airflow/dags/sec_edgar_dag.py
[2026-02-15T16:17:25.872+0000] {processor.py:840} INFO - DAG(s) 'sec_edgar_pipeline' retrieved from /opt/airflow/dags/sec_edgar_dag.py
[2026-02-15T16:17:25.913+0000] {logging_mixin.py:188} INFO - [2026-02-15T16:17:25.913+0000] {dag.py:3036} INFO - Sync 1 DAGs
[2026-02-15T16:17:25.952+0000] {logging_mixin.py:188} INFO - [2026-02-15T16:17:25.952+0000] {dag.py:3823} INFO - Setting next_dagrun for sec_edgar_pipeline to 2026-02-15 09:00:00+00:00, run_after=2026-02-16 09:00:00+00:00
[2026-02-15T16:17:26.033+0000] {processor.py:183} INFO - Processing /opt/airflow/dags/sec_edgar_dag.py took 0.477 seconds
[2026-02-15T16:17:56.855+0000] {processor.py:161} INFO - Started process (PID=6717) to work on /opt/airflow/dags/sec_edgar_dag.py
[2026-02-15T16:17:56.857+0000] {processor.py:830} INFO - Processing file /opt/airflow/dags/sec_edgar_dag.py for tasks to queue
[2026-02-15T16:17:56.859+0000] {logging_mixin.py:188} INFO - [2026-02-15T16:17:56.859+0000] {dagbag.py:538} INFO - Filling up the DagBag from /opt/airflow/dags/sec_edgar_dag.py
[2026-02-15T16:17:57.188+0000] {processor.py:840} INFO - DAG(s) 'sec_edgar_pipeline' retrieved from /opt/airflow/dags/sec_edgar_dag.py
[2026-02-15T16:17:57.231+0000] {logging_mixin.py:188} INFO - [2026-02-15T16:17:57.230+0000] {dag.py:3036} INFO - Sync 1 DAGs
[2026-02-15T16:17:57.275+0000] {logging_mixin.py:188} INFO - [2026-02-15T16:17:57.275+0000] {dag.py:3823} INFO - Setting next_dagrun for sec_edgar_pipeline to 2026-02-15 09:00:00+00:00, run_after=2026-02-16 09:00:00+00:00
[2026-02-15T16:17:57.358+0000] {processor.py:183} INFO - Processing /opt/airflow/dags/sec_edgar_dag.py took 0.508 seconds
[2026-02-15T16:18:27.456+0000] {processor.py:161} INFO - Started process (PID=6733) to work on /opt/airflow/dags/sec_edgar_dag.py
[2026-02-15T16:18:27.458+0000] {processor.py:830} INFO - Processing file /opt/airflow/dags/sec_edgar_dag.py for tasks to queue
[2026-02-15T16:18:27.459+0000] {logging_mixin.py:188} INFO - [2026-02-15T16:18:27.459+0000] {dagbag.py:538} INFO - Filling up the DagBag from /opt/airflow/dags/sec_edgar_dag.py
[2026-02-15T16:18:27.810+0000] {processor.py:840} INFO - DAG(s) 'sec_edgar_pipeline' retrieved from /opt/airflow/dags/sec_edgar_dag.py
[2026-02-15T16:18:27.855+0000] {logging_mixin.py:188} INFO - [2026-02-15T16:18:27.855+0000] {dag.py:3036} INFO - Sync 1 DAGs
[2026-02-15T16:18:27.892+0000] {logging_mixin.py:188} INFO - [2026-02-15T16:18:27.892+0000] {dag.py:3823} INFO - Setting next_dagrun for sec_edgar_pipeline to 2026-02-15 09:00:00+00:00, run_after=2026-02-16 09:00:00+00:00
[2026-02-15T16:18:27.972+0000] {processor.py:183} INFO - Processing /opt/airflow/dags/sec_edgar_dag.py took 0.519 seconds
[2026-02-15T16:18:58.732+0000] {processor.py:161} INFO - Started process (PID=6749) to work on /opt/airflow/dags/sec_edgar_dag.py
[2026-02-15T16:18:58.734+0000] {processor.py:830} INFO - Processing file /opt/airflow/dags/sec_edgar_dag.py for tasks to queue
[2026-02-15T16:18:58.735+0000] {logging_mixin.py:188} INFO - [2026-02-15T16:18:58.734+0000] {dagbag.py:538} INFO - Filling up the DagBag from /opt/airflow/dags/sec_edgar_dag.py
[2026-02-15T16:18:59.043+0000] {processor.py:840} INFO - DAG(s) 'sec_edgar_pipeline' retrieved from /opt/airflow/dags/sec_edgar_dag.py
[2026-02-15T16:18:59.076+0000] {logging_mixin.py:188} INFO - [2026-02-15T16:18:59.075+0000] {dag.py:3036} INFO - Sync 1 DAGs
[2026-02-15T16:18:59.108+0000] {logging_mixin.py:188} INFO - [2026-02-15T16:18:59.108+0000] {dag.py:3823} INFO - Setting next_dagrun for sec_edgar_pipeline to 2026-02-15 09:00:00+00:00, run_after=2026-02-16 09:00:00+00:00
[2026-02-15T16:18:59.190+0000] {processor.py:183} INFO - Processing /opt/airflow/dags/sec_edgar_dag.py took 0.462 seconds
[2026-02-15T16:19:29.364+0000] {processor.py:161} INFO - Started process (PID=6765) to work on /opt/airflow/dags/sec_edgar_dag.py
[2026-02-15T16:19:29.366+0000] {processor.py:830} INFO - Processing file /opt/airflow/dags/sec_edgar_dag.py for tasks to queue
[2026-02-15T16:19:29.367+0000] {logging_mixin.py:188} INFO - [2026-02-15T16:19:29.367+0000] {dagbag.py:538} INFO - Filling up the DagBag from /opt/airflow/dags/sec_edgar_dag.py
[2026-02-15T16:19:29.686+0000] {processor.py:840} INFO - DAG(s) 'sec_edgar_pipeline' retrieved from /opt/airflow/dags/sec_edgar_dag.py
[2026-02-15T16:19:29.728+0000] {logging_mixin.py:188} INFO - [2026-02-15T16:19:29.727+0000] {dag.py:3036} INFO - Sync 1 DAGs
[2026-02-15T16:19:29.760+0000] {logging_mixin.py:188} INFO - [2026-02-15T16:19:29.760+0000] {dag.py:3823} INFO - Setting next_dagrun for sec_edgar_pipeline to 2026-02-15 09:00:00+00:00, run_after=2026-02-16 09:00:00+00:00
[2026-02-15T16:19:29.794+0000] {processor.py:183} INFO - Processing /opt/airflow/dags/sec_edgar_dag.py took 0.435 seconds
[2026-02-15T16:19:59.898+0000] {processor.py:161} INFO - Started process (PID=6781) to work on /opt/airflow/dags/sec_edgar_dag.py
[2026-02-15T16:19:59.900+0000] {processor.py:830} INFO - Processing file /opt/airflow/dags/sec_edgar_dag.py for tasks to queue
[2026-02-15T16:19:59.901+0000] {logging_mixin.py:188} INFO - [2026-02-15T16:19:59.901+0000] {dagbag.py:538} INFO - Filling up the DagBag from /opt/airflow/dags/sec_edgar_dag.py
[2026-02-15T16:20:00.251+0000] {processor.py:840} INFO - DAG(s) 'sec_edgar_pipeline' retrieved from /opt/airflow/dags/sec_edgar_dag.py
[2026-02-15T16:20:00.284+0000] {logging_mixin.py:188} INFO - [2026-02-15T16:20:00.283+0000] {dag.py:3036} INFO - Sync 1 DAGs
[2026-02-15T16:20:00.320+0000] {logging_mixin.py:188} INFO - [2026-02-15T16:20:00.320+0000] {dag.py:3823} INFO - Setting next_dagrun for sec_edgar_pipeline to 2026-02-15 09:00:00+00:00, run_after=2026-02-16 09:00:00+00:00
[2026-02-15T16:20:00.403+0000] {processor.py:183} INFO - Processing /opt/airflow/dags/sec_edgar_dag.py took 0.509 seconds
[2026-02-15T16:20:31.238+0000] {processor.py:161} INFO - Started process (PID=6797) to work on /opt/airflow/dags/sec_edgar_dag.py
[2026-02-15T16:20:31.240+0000] {processor.py:830} INFO - Processing file /opt/airflow/dags/sec_edgar_dag.py for tasks to queue
[2026-02-15T16:20:31.242+0000] {logging_mixin.py:188} INFO - [2026-02-15T16:20:31.241+0000] {dagbag.py:538} INFO - Filling up the DagBag from /opt/airflow/dags/sec_edgar_dag.py
[2026-02-15T16:20:31.543+0000] {processor.py:840} INFO - DAG(s) 'sec_edgar_pipeline' retrieved from /opt/airflow/dags/sec_edgar_dag.py
[2026-02-15T16:20:31.583+0000] {logging_mixin.py:188} INFO - [2026-02-15T16:20:31.582+0000] {dag.py:3036} INFO - Sync 1 DAGs
[2026-02-15T16:20:31.618+0000] {logging_mixin.py:188} INFO - [2026-02-15T16:20:31.618+0000] {dag.py:3823} INFO - Setting next_dagrun for sec_edgar_pipeline to 2026-02-15 09:00:00+00:00, run_after=2026-02-16 09:00:00+00:00
[2026-02-15T16:20:31.699+0000] {processor.py:183} INFO - Processing /opt/airflow/dags/sec_edgar_dag.py took 0.465 seconds
[2026-02-15T16:21:01.871+0000] {processor.py:161} INFO - Started process (PID=6813) to work on /opt/airflow/dags/sec_edgar_dag.py
[2026-02-15T16:21:01.874+0000] {processor.py:830} INFO - Processing file /opt/airflow/dags/sec_edgar_dag.py for tasks to queue
[2026-02-15T16:21:01.876+0000] {logging_mixin.py:188} INFO - [2026-02-15T16:21:01.875+0000] {dagbag.py:538} INFO - Filling up the DagBag from /opt/airflow/dags/sec_edgar_dag.py
[2026-02-15T16:21:02.204+0000] {processor.py:840} INFO - DAG(s) 'sec_edgar_pipeline' retrieved from /opt/airflow/dags/sec_edgar_dag.py
[2026-02-15T16:21:02.246+0000] {logging_mixin.py:188} INFO - [2026-02-15T16:21:02.245+0000] {dag.py:3036} INFO - Sync 1 DAGs
[2026-02-15T16:21:02.285+0000] {logging_mixin.py:188} INFO - [2026-02-15T16:21:02.284+0000] {dag.py:3823} INFO - Setting next_dagrun for sec_edgar_pipeline to 2026-02-15 09:00:00+00:00, run_after=2026-02-16 09:00:00+00:00
[2026-02-15T16:21:02.366+0000] {processor.py:183} INFO - Processing /opt/airflow/dags/sec_edgar_dag.py took 0.500 seconds
[2026-02-15T16:21:32.456+0000] {processor.py:161} INFO - Started process (PID=6829) to work on /opt/airflow/dags/sec_edgar_dag.py
[2026-02-15T16:21:32.459+0000] {processor.py:830} INFO - Processing file /opt/airflow/dags/sec_edgar_dag.py for tasks to queue
[2026-02-15T16:21:32.460+0000] {logging_mixin.py:188} INFO - [2026-02-15T16:21:32.460+0000] {dagbag.py:538} INFO - Filling up the DagBag from /opt/airflow/dags/sec_edgar_dag.py
[2026-02-15T16:21:32.774+0000] {processor.py:840} INFO - DAG(s) 'sec_edgar_pipeline' retrieved from /opt/airflow/dags/sec_edgar_dag.py
[2026-02-15T16:21:32.805+0000] {logging_mixin.py:188} INFO - [2026-02-15T16:21:32.805+0000] {dag.py:3036} INFO - Sync 1 DAGs
[2026-02-15T16:21:32.837+0000] {logging_mixin.py:188} INFO - [2026-02-15T16:21:32.836+0000] {dag.py:3823} INFO - Setting next_dagrun for sec_edgar_pipeline to 2026-02-15 09:00:00+00:00, run_after=2026-02-16 09:00:00+00:00
[2026-02-15T16:21:32.929+0000] {processor.py:183} INFO - Processing /opt/airflow/dags/sec_edgar_dag.py took 0.477 seconds
[2026-02-15T16:22:03.023+0000] {processor.py:161} INFO - Started process (PID=6845) to work on /opt/airflow/dags/sec_edgar_dag.py
[2026-02-15T16:22:03.025+0000] {processor.py:830} INFO - Processing file /opt/airflow/dags/sec_edgar_dag.py for tasks to queue
[2026-02-15T16:22:03.027+0000] {logging_mixin.py:188} INFO - [2026-02-15T16:22:03.026+0000] {dagbag.py:538} INFO - Filling up the DagBag from /opt/airflow/dags/sec_edgar_dag.py
[2026-02-15T16:22:03.358+0000] {processor.py:840} INFO - DAG(s) 'sec_edgar_pipeline' retrieved from /opt/airflow/dags/sec_edgar_dag.py
[2026-02-15T16:22:03.397+0000] {logging_mixin.py:188} INFO - [2026-02-15T16:22:03.397+0000] {dag.py:3036} INFO - Sync 1 DAGs
[2026-02-15T16:22:03.436+0000] {logging_mixin.py:188} INFO - [2026-02-15T16:22:03.436+0000] {dag.py:3823} INFO - Setting next_dagrun for sec_edgar_pipeline to 2026-02-15 09:00:00+00:00, run_after=2026-02-16 09:00:00+00:00
[2026-02-15T16:22:03.466+0000] {processor.py:183} INFO - Processing /opt/airflow/dags/sec_edgar_dag.py took 0.448 seconds
[2026-02-15T16:22:33.579+0000] {processor.py:161} INFO - Started process (PID=6861) to work on /opt/airflow/dags/sec_edgar_dag.py
[2026-02-15T16:22:33.581+0000] {processor.py:830} INFO - Processing file /opt/airflow/dags/sec_edgar_dag.py for tasks to queue
[2026-02-15T16:22:33.583+0000] {logging_mixin.py:188} INFO - [2026-02-15T16:22:33.582+0000] {dagbag.py:538} INFO - Filling up the DagBag from /opt/airflow/dags/sec_edgar_dag.py
[2026-02-15T16:22:33.922+0000] {processor.py:840} INFO - DAG(s) 'sec_edgar_pipeline' retrieved from /opt/airflow/dags/sec_edgar_dag.py
[2026-02-15T16:22:33.965+0000] {logging_mixin.py:188} INFO - [2026-02-15T16:22:33.964+0000] {dag.py:3036} INFO - Sync 1 DAGs
[2026-02-15T16:22:34.006+0000] {logging_mixin.py:188} INFO - [2026-02-15T16:22:34.006+0000] {dag.py:3823} INFO - Setting next_dagrun for sec_edgar_pipeline to 2026-02-15 09:00:00+00:00, run_after=2026-02-16 09:00:00+00:00
[2026-02-15T16:22:34.099+0000] {processor.py:183} INFO - Processing /opt/airflow/dags/sec_edgar_dag.py took 0.526 seconds
[2026-02-15T16:23:04.874+0000] {processor.py:161} INFO - Started process (PID=6877) to work on /opt/airflow/dags/sec_edgar_dag.py
[2026-02-15T16:23:04.875+0000] {processor.py:830} INFO - Processing file /opt/airflow/dags/sec_edgar_dag.py for tasks to queue
[2026-02-15T16:23:04.877+0000] {logging_mixin.py:188} INFO - [2026-02-15T16:23:04.876+0000] {dagbag.py:538} INFO - Filling up the DagBag from /opt/airflow/dags/sec_edgar_dag.py
[2026-02-15T16:23:05.170+0000] {processor.py:840} INFO - DAG(s) 'sec_edgar_pipeline' retrieved from /opt/airflow/dags/sec_edgar_dag.py
[2026-02-15T16:23:05.204+0000] {logging_mixin.py:188} INFO - [2026-02-15T16:23:05.204+0000] {dag.py:3036} INFO - Sync 1 DAGs
[2026-02-15T16:23:05.241+0000] {logging_mixin.py:188} INFO - [2026-02-15T16:23:05.241+0000] {dag.py:3823} INFO - Setting next_dagrun for sec_edgar_pipeline to 2026-02-15 09:00:00+00:00, run_after=2026-02-16 09:00:00+00:00
[2026-02-15T16:23:05.326+0000] {processor.py:183} INFO - Processing /opt/airflow/dags/sec_edgar_dag.py took 0.456 seconds
[2026-02-15T16:23:35.559+0000] {processor.py:161} INFO - Started process (PID=6893) to work on /opt/airflow/dags/sec_edgar_dag.py
[2026-02-15T16:23:35.561+0000] {processor.py:830} INFO - Processing file /opt/airflow/dags/sec_edgar_dag.py for tasks to queue
[2026-02-15T16:23:35.562+0000] {logging_mixin.py:188} INFO - [2026-02-15T16:23:35.562+0000] {dagbag.py:538} INFO - Filling up the DagBag from /opt/airflow/dags/sec_edgar_dag.py
[2026-02-15T16:23:35.873+0000] {processor.py:840} INFO - DAG(s) 'sec_edgar_pipeline' retrieved from /opt/airflow/dags/sec_edgar_dag.py
[2026-02-15T16:23:35.914+0000] {logging_mixin.py:188} INFO - [2026-02-15T16:23:35.913+0000] {dag.py:3036} INFO - Sync 1 DAGs
[2026-02-15T16:23:35.950+0000] {logging_mixin.py:188} INFO - [2026-02-15T16:23:35.950+0000] {dag.py:3823} INFO - Setting next_dagrun for sec_edgar_pipeline to 2026-02-15 09:00:00+00:00, run_after=2026-02-16 09:00:00+00:00
[2026-02-15T16:23:36.030+0000] {processor.py:183} INFO - Processing /opt/airflow/dags/sec_edgar_dag.py took 0.475 seconds
[2026-02-15T16:24:06.871+0000] {processor.py:161} INFO - Started process (PID=6909) to work on /opt/airflow/dags/sec_edgar_dag.py
[2026-02-15T16:24:06.872+0000] {processor.py:830} INFO - Processing file /opt/airflow/dags/sec_edgar_dag.py for tasks to queue
[2026-02-15T16:24:06.874+0000] {logging_mixin.py:188} INFO - [2026-02-15T16:24:06.873+0000] {dagbag.py:538} INFO - Filling up the DagBag from /opt/airflow/dags/sec_edgar_dag.py
[2026-02-15T16:24:07.178+0000] {processor.py:840} INFO - DAG(s) 'sec_edgar_pipeline' retrieved from /opt/airflow/dags/sec_edgar_dag.py
[2026-02-15T16:24:07.217+0000] {logging_mixin.py:188} INFO - [2026-02-15T16:24:07.216+0000] {dag.py:3036} INFO - Sync 1 DAGs
[2026-02-15T16:24:07.256+0000] {logging_mixin.py:188} INFO - [2026-02-15T16:24:07.256+0000] {dag.py:3823} INFO - Setting next_dagrun for sec_edgar_pipeline to 2026-02-15 09:00:00+00:00, run_after=2026-02-16 09:00:00+00:00
[2026-02-15T16:24:07.290+0000] {processor.py:183} INFO - Processing /opt/airflow/dags/sec_edgar_dag.py took 0.423 seconds
[2026-02-15T16:24:37.371+0000] {processor.py:161} INFO - Started process (PID=6925) to work on /opt/airflow/dags/sec_edgar_dag.py
[2026-02-15T16:24:37.373+0000] {processor.py:830} INFO - Processing file /opt/airflow/dags/sec_edgar_dag.py for tasks to queue
[2026-02-15T16:24:37.374+0000] {logging_mixin.py:188} INFO - [2026-02-15T16:24:37.374+0000] {dagbag.py:538} INFO - Filling up the DagBag from /opt/airflow/dags/sec_edgar_dag.py
[2026-02-15T16:24:37.685+0000] {processor.py:840} INFO - DAG(s) 'sec_edgar_pipeline' retrieved from /opt/airflow/dags/sec_edgar_dag.py
[2026-02-15T16:24:37.719+0000] {logging_mixin.py:188} INFO - [2026-02-15T16:24:37.719+0000] {dag.py:3036} INFO - Sync 1 DAGs
[2026-02-15T16:24:37.753+0000] {logging_mixin.py:188} INFO - [2026-02-15T16:24:37.753+0000] {dag.py:3823} INFO - Setting next_dagrun for sec_edgar_pipeline to 2026-02-15 09:00:00+00:00, run_after=2026-02-16 09:00:00+00:00
[2026-02-15T16:24:37.834+0000] {processor.py:183} INFO - Processing /opt/airflow/dags/sec_edgar_dag.py took 0.467 seconds
[2026-02-15T16:25:08.073+0000] {processor.py:161} INFO - Started process (PID=6941) to work on /opt/airflow/dags/sec_edgar_dag.py
[2026-02-15T16:25:08.074+0000] {processor.py:830} INFO - Processing file /opt/airflow/dags/sec_edgar_dag.py for tasks to queue
[2026-02-15T16:25:08.076+0000] {logging_mixin.py:188} INFO - [2026-02-15T16:25:08.076+0000] {dagbag.py:538} INFO - Filling up the DagBag from /opt/airflow/dags/sec_edgar_dag.py
[2026-02-15T16:25:08.374+0000] {processor.py:840} INFO - DAG(s) 'sec_edgar_pipeline' retrieved from /opt/airflow/dags/sec_edgar_dag.py
[2026-02-15T16:25:08.408+0000] {logging_mixin.py:188} INFO - [2026-02-15T16:25:08.407+0000] {dag.py:3036} INFO - Sync 1 DAGs
[2026-02-15T16:25:08.449+0000] {logging_mixin.py:188} INFO - [2026-02-15T16:25:08.449+0000] {dag.py:3823} INFO - Setting next_dagrun for sec_edgar_pipeline to 2026-02-15 09:00:00+00:00, run_after=2026-02-16 09:00:00+00:00
[2026-02-15T16:25:08.527+0000] {processor.py:183} INFO - Processing /opt/airflow/dags/sec_edgar_dag.py took 0.458 seconds
[2026-02-15T16:25:39.366+0000] {processor.py:161} INFO - Started process (PID=6957) to work on /opt/airflow/dags/sec_edgar_dag.py
[2026-02-15T16:25:39.367+0000] {processor.py:830} INFO - Processing file /opt/airflow/dags/sec_edgar_dag.py for tasks to queue
[2026-02-15T16:25:39.369+0000] {logging_mixin.py:188} INFO - [2026-02-15T16:25:39.369+0000] {dagbag.py:538} INFO - Filling up the DagBag from /opt/airflow/dags/sec_edgar_dag.py
[2026-02-15T16:25:39.685+0000] {processor.py:840} INFO - DAG(s) 'sec_edgar_pipeline' retrieved from /opt/airflow/dags/sec_edgar_dag.py
[2026-02-15T16:25:39.725+0000] {logging_mixin.py:188} INFO - [2026-02-15T16:25:39.724+0000] {dag.py:3036} INFO - Sync 1 DAGs
[2026-02-15T16:25:39.759+0000] {logging_mixin.py:188} INFO - [2026-02-15T16:25:39.758+0000] {dag.py:3823} INFO - Setting next_dagrun for sec_edgar_pipeline to 2026-02-15 09:00:00+00:00, run_after=2026-02-16 09:00:00+00:00
[2026-02-15T16:25:39.836+0000] {processor.py:183} INFO - Processing /opt/airflow/dags/sec_edgar_dag.py took 0.474 seconds
[2026-02-15T16:26:10.052+0000] {processor.py:161} INFO - Started process (PID=6973) to work on /opt/airflow/dags/sec_edgar_dag.py
[2026-02-15T16:26:10.054+0000] {processor.py:830} INFO - Processing file /opt/airflow/dags/sec_edgar_dag.py for tasks to queue
[2026-02-15T16:26:10.056+0000] {logging_mixin.py:188} INFO - [2026-02-15T16:26:10.055+0000] {dagbag.py:538} INFO - Filling up the DagBag from /opt/airflow/dags/sec_edgar_dag.py
[2026-02-15T16:26:10.368+0000] {processor.py:840} INFO - DAG(s) 'sec_edgar_pipeline' retrieved from /opt/airflow/dags/sec_edgar_dag.py
[2026-02-15T16:26:10.401+0000] {logging_mixin.py:188} INFO - [2026-02-15T16:26:10.400+0000] {dag.py:3036} INFO - Sync 1 DAGs
[2026-02-15T16:26:10.440+0000] {logging_mixin.py:188} INFO - [2026-02-15T16:26:10.440+0000] {dag.py:3823} INFO - Setting next_dagrun for sec_edgar_pipeline to 2026-02-15 09:00:00+00:00, run_after=2026-02-16 09:00:00+00:00
[2026-02-15T16:26:10.521+0000] {processor.py:183} INFO - Processing /opt/airflow/dags/sec_edgar_dag.py took 0.473 seconds
[2026-02-15T16:26:40.864+0000] {processor.py:161} INFO - Started process (PID=6989) to work on /opt/airflow/dags/sec_edgar_dag.py
[2026-02-15T16:26:40.865+0000] {processor.py:830} INFO - Processing file /opt/airflow/dags/sec_edgar_dag.py for tasks to queue
[2026-02-15T16:26:40.867+0000] {logging_mixin.py:188} INFO - [2026-02-15T16:26:40.866+0000] {dagbag.py:538} INFO - Filling up the DagBag from /opt/airflow/dags/sec_edgar_dag.py
[2026-02-15T16:26:41.163+0000] {processor.py:840} INFO - DAG(s) 'sec_edgar_pipeline' retrieved from /opt/airflow/dags/sec_edgar_dag.py
[2026-02-15T16:26:41.207+0000] {logging_mixin.py:188} INFO - [2026-02-15T16:26:41.206+0000] {dag.py:3036} INFO - Sync 1 DAGs
[2026-02-15T16:26:41.241+0000] {logging_mixin.py:188} INFO - [2026-02-15T16:26:41.241+0000] {dag.py:3823} INFO - Setting next_dagrun for sec_edgar_pipeline to 2026-02-15 09:00:00+00:00, run_after=2026-02-16 09:00:00+00:00
[2026-02-15T16:26:41.272+0000] {processor.py:183} INFO - Processing /opt/airflow/dags/sec_edgar_dag.py took 0.412 seconds
[2026-02-15T16:27:11.634+0000] {processor.py:161} INFO - Started process (PID=7011) to work on /opt/airflow/dags/sec_edgar_dag.py
[2026-02-15T16:27:11.636+0000] {processor.py:830} INFO - Processing file /opt/airflow/dags/sec_edgar_dag.py for tasks to queue
[2026-02-15T16:27:11.638+0000] {logging_mixin.py:188} INFO - [2026-02-15T16:27:11.637+0000] {dagbag.py:538} INFO - Filling up the DagBag from /opt/airflow/dags/sec_edgar_dag.py
[2026-02-15T16:27:11.929+0000] {processor.py:840} INFO - DAG(s) 'sec_edgar_pipeline' retrieved from /opt/airflow/dags/sec_edgar_dag.py
[2026-02-15T16:27:11.969+0000] {logging_mixin.py:188} INFO - [2026-02-15T16:27:11.968+0000] {dag.py:3036} INFO - Sync 1 DAGs
[2026-02-15T16:27:12.017+0000] {logging_mixin.py:188} INFO - [2026-02-15T16:27:12.016+0000] {dag.py:3823} INFO - Setting next_dagrun for sec_edgar_pipeline to 2026-02-15 09:00:00+00:00, run_after=2026-02-16 09:00:00+00:00
[2026-02-15T16:27:12.101+0000] {processor.py:183} INFO - Processing /opt/airflow/dags/sec_edgar_dag.py took 0.471 seconds
[2026-02-15T16:27:42.290+0000] {processor.py:161} INFO - Started process (PID=7027) to work on /opt/airflow/dags/sec_edgar_dag.py
[2026-02-15T16:27:42.291+0000] {processor.py:830} INFO - Processing file /opt/airflow/dags/sec_edgar_dag.py for tasks to queue
[2026-02-15T16:27:42.293+0000] {logging_mixin.py:188} INFO - [2026-02-15T16:27:42.292+0000] {dagbag.py:538} INFO - Filling up the DagBag from /opt/airflow/dags/sec_edgar_dag.py
[2026-02-15T16:27:42.624+0000] {processor.py:840} INFO - DAG(s) 'sec_edgar_pipeline' retrieved from /opt/airflow/dags/sec_edgar_dag.py
[2026-02-15T16:27:42.660+0000] {logging_mixin.py:188} INFO - [2026-02-15T16:27:42.660+0000] {dag.py:3036} INFO - Sync 1 DAGs
[2026-02-15T16:27:42.690+0000] {logging_mixin.py:188} INFO - [2026-02-15T16:27:42.689+0000] {dag.py:3823} INFO - Setting next_dagrun for sec_edgar_pipeline to 2026-02-15 09:00:00+00:00, run_after=2026-02-16 09:00:00+00:00
[2026-02-15T16:27:42.769+0000] {processor.py:183} INFO - Processing /opt/airflow/dags/sec_edgar_dag.py took 0.484 seconds
[2026-02-15T16:28:13.594+0000] {processor.py:161} INFO - Started process (PID=7043) to work on /opt/airflow/dags/sec_edgar_dag.py
[2026-02-15T16:28:13.596+0000] {processor.py:830} INFO - Processing file /opt/airflow/dags/sec_edgar_dag.py for tasks to queue
[2026-02-15T16:28:13.598+0000] {logging_mixin.py:188} INFO - [2026-02-15T16:28:13.598+0000] {dagbag.py:538} INFO - Filling up the DagBag from /opt/airflow/dags/sec_edgar_dag.py
[2026-02-15T16:28:13.914+0000] {processor.py:840} INFO - DAG(s) 'sec_edgar_pipeline' retrieved from /opt/airflow/dags/sec_edgar_dag.py
[2026-02-15T16:28:13.951+0000] {logging_mixin.py:188} INFO - [2026-02-15T16:28:13.950+0000] {dag.py:3036} INFO - Sync 1 DAGs
[2026-02-15T16:28:13.987+0000] {logging_mixin.py:188} INFO - [2026-02-15T16:28:13.987+0000] {dag.py:3823} INFO - Setting next_dagrun for sec_edgar_pipeline to 2026-02-15 09:00:00+00:00, run_after=2026-02-16 09:00:00+00:00
[2026-02-15T16:28:14.070+0000] {processor.py:183} INFO - Processing /opt/airflow/dags/sec_edgar_dag.py took 0.480 seconds
[2026-02-15T16:28:44.239+0000] {processor.py:161} INFO - Started process (PID=7059) to work on /opt/airflow/dags/sec_edgar_dag.py
[2026-02-15T16:28:44.241+0000] {processor.py:830} INFO - Processing file /opt/airflow/dags/sec_edgar_dag.py for tasks to queue
[2026-02-15T16:28:44.243+0000] {logging_mixin.py:188} INFO - [2026-02-15T16:28:44.242+0000] {dagbag.py:538} INFO - Filling up the DagBag from /opt/airflow/dags/sec_edgar_dag.py
[2026-02-15T16:28:44.566+0000] {processor.py:840} INFO - DAG(s) 'sec_edgar_pipeline' retrieved from /opt/airflow/dags/sec_edgar_dag.py
[2026-02-15T16:28:44.606+0000] {logging_mixin.py:188} INFO - [2026-02-15T16:28:44.605+0000] {dag.py:3036} INFO - Sync 1 DAGs
[2026-02-15T16:28:44.643+0000] {logging_mixin.py:188} INFO - [2026-02-15T16:28:44.642+0000] {dag.py:3823} INFO - Setting next_dagrun for sec_edgar_pipeline to 2026-02-15 09:00:00+00:00, run_after=2026-02-16 09:00:00+00:00
[2026-02-15T16:28:44.726+0000] {processor.py:183} INFO - Processing /opt/airflow/dags/sec_edgar_dag.py took 0.493 seconds
[2026-02-15T16:29:15.537+0000] {processor.py:161} INFO - Started process (PID=7075) to work on /opt/airflow/dags/sec_edgar_dag.py
[2026-02-15T16:29:15.538+0000] {processor.py:830} INFO - Processing file /opt/airflow/dags/sec_edgar_dag.py for tasks to queue
[2026-02-15T16:29:15.540+0000] {logging_mixin.py:188} INFO - [2026-02-15T16:29:15.539+0000] {dagbag.py:538} INFO - Filling up the DagBag from /opt/airflow/dags/sec_edgar_dag.py
[2026-02-15T16:29:15.853+0000] {processor.py:840} INFO - DAG(s) 'sec_edgar_pipeline' retrieved from /opt/airflow/dags/sec_edgar_dag.py
[2026-02-15T16:29:15.888+0000] {logging_mixin.py:188} INFO - [2026-02-15T16:29:15.887+0000] {dag.py:3036} INFO - Sync 1 DAGs
[2026-02-15T16:29:15.927+0000] {logging_mixin.py:188} INFO - [2026-02-15T16:29:15.926+0000] {dag.py:3823} INFO - Setting next_dagrun for sec_edgar_pipeline to 2026-02-15 09:00:00+00:00, run_after=2026-02-16 09:00:00+00:00
[2026-02-15T16:29:16.008+0000] {processor.py:183} INFO - Processing /opt/airflow/dags/sec_edgar_dag.py took 0.476 seconds
[2026-02-15T16:29:46.214+0000] {processor.py:161} INFO - Started process (PID=7091) to work on /opt/airflow/dags/sec_edgar_dag.py
[2026-02-15T16:29:46.215+0000] {processor.py:830} INFO - Processing file /opt/airflow/dags/sec_edgar_dag.py for tasks to queue
[2026-02-15T16:29:46.216+0000] {logging_mixin.py:188} INFO - [2026-02-15T16:29:46.216+0000] {dagbag.py:538} INFO - Filling up the DagBag from /opt/airflow/dags/sec_edgar_dag.py
[2026-02-15T16:29:46.524+0000] {processor.py:840} INFO - DAG(s) 'sec_edgar_pipeline' retrieved from /opt/airflow/dags/sec_edgar_dag.py
[2026-02-15T16:29:46.557+0000] {logging_mixin.py:188} INFO - [2026-02-15T16:29:46.557+0000] {dag.py:3036} INFO - Sync 1 DAGs
[2026-02-15T16:29:46.593+0000] {logging_mixin.py:188} INFO - [2026-02-15T16:29:46.593+0000] {dag.py:3823} INFO - Setting next_dagrun for sec_edgar_pipeline to 2026-02-15 09:00:00+00:00, run_after=2026-02-16 09:00:00+00:00
[2026-02-15T16:29:46.657+0000] {processor.py:183} INFO - Processing /opt/airflow/dags/sec_edgar_dag.py took 0.448 seconds
[2026-02-15T16:30:17.500+0000] {processor.py:161} INFO - Started process (PID=7107) to work on /opt/airflow/dags/sec_edgar_dag.py
[2026-02-15T16:30:17.502+0000] {processor.py:830} INFO - Processing file /opt/airflow/dags/sec_edgar_dag.py for tasks to queue
[2026-02-15T16:30:17.504+0000] {logging_mixin.py:188} INFO - [2026-02-15T16:30:17.503+0000] {dagbag.py:538} INFO - Filling up the DagBag from /opt/airflow/dags/sec_edgar_dag.py
[2026-02-15T16:30:17.827+0000] {processor.py:840} INFO - DAG(s) 'sec_edgar_pipeline' retrieved from /opt/airflow/dags/sec_edgar_dag.py
[2026-02-15T16:30:17.862+0000] {logging_mixin.py:188} INFO - [2026-02-15T16:30:17.861+0000] {dag.py:3036} INFO - Sync 1 DAGs
[2026-02-15T16:30:17.900+0000] {logging_mixin.py:188} INFO - [2026-02-15T16:30:17.899+0000] {dag.py:3823} INFO - Setting next_dagrun for sec_edgar_pipeline to 2026-02-15 09:00:00+00:00, run_after=2026-02-16 09:00:00+00:00
[2026-02-15T16:30:17.975+0000] {processor.py:183} INFO - Processing /opt/airflow/dags/sec_edgar_dag.py took 0.480 seconds
[2026-02-15T16:30:48.108+0000] {processor.py:161} INFO - Started process (PID=7123) to work on /opt/airflow/dags/sec_edgar_dag.py
[2026-02-15T16:30:48.110+0000] {processor.py:830} INFO - Processing file /opt/airflow/dags/sec_edgar_dag.py for tasks to queue
[2026-02-15T16:30:48.111+0000] {logging_mixin.py:188} INFO - [2026-02-15T16:30:48.110+0000] {dagbag.py:538} INFO - Filling up the DagBag from /opt/airflow/dags/sec_edgar_dag.py
[2026-02-15T16:30:48.406+0000] {processor.py:840} INFO - DAG(s) 'sec_edgar_pipeline' retrieved from /opt/airflow/dags/sec_edgar_dag.py
[2026-02-15T16:30:48.441+0000] {logging_mixin.py:188} INFO - [2026-02-15T16:30:48.441+0000] {dag.py:3036} INFO - Sync 1 DAGs
[2026-02-15T16:30:48.477+0000] {logging_mixin.py:188} INFO - [2026-02-15T16:30:48.476+0000] {dag.py:3823} INFO - Setting next_dagrun for sec_edgar_pipeline to 2026-02-15 09:00:00+00:00, run_after=2026-02-16 09:00:00+00:00
[2026-02-15T16:30:48.555+0000] {processor.py:183} INFO - Processing /opt/airflow/dags/sec_edgar_dag.py took 0.451 seconds
[2026-02-15T16:31:19.404+0000] {processor.py:161} INFO - Started process (PID=7139) to work on /opt/airflow/dags/sec_edgar_dag.py
[2026-02-15T16:31:19.406+0000] {processor.py:830} INFO - Processing file /opt/airflow/dags/sec_edgar_dag.py for tasks to queue
[2026-02-15T16:31:19.408+0000] {logging_mixin.py:188} INFO - [2026-02-15T16:31:19.407+0000] {dagbag.py:538} INFO - Filling up the DagBag from /opt/airflow/dags/sec_edgar_dag.py
[2026-02-15T16:31:19.737+0000] {processor.py:840} INFO - DAG(s) 'sec_edgar_pipeline' retrieved from /opt/airflow/dags/sec_edgar_dag.py
[2026-02-15T16:31:19.784+0000] {logging_mixin.py:188} INFO - [2026-02-15T16:31:19.783+0000] {dag.py:3036} INFO - Sync 1 DAGs
[2026-02-15T16:31:19.829+0000] {logging_mixin.py:188} INFO - [2026-02-15T16:31:19.829+0000] {dag.py:3823} INFO - Setting next_dagrun for sec_edgar_pipeline to 2026-02-15 09:00:00+00:00, run_after=2026-02-16 09:00:00+00:00
[2026-02-15T16:31:19.912+0000] {processor.py:183} INFO - Processing /opt/airflow/dags/sec_edgar_dag.py took 0.513 seconds
[2026-02-15T16:31:50.811+0000] {processor.py:161} INFO - Started process (PID=7155) to work on /opt/airflow/dags/sec_edgar_dag.py
[2026-02-15T16:31:50.813+0000] {processor.py:830} INFO - Processing file /opt/airflow/dags/sec_edgar_dag.py for tasks to queue
[2026-02-15T16:31:50.815+0000] {logging_mixin.py:188} INFO - [2026-02-15T16:31:50.814+0000] {dagbag.py:538} INFO - Filling up the DagBag from /opt/airflow/dags/sec_edgar_dag.py
[2026-02-15T16:31:51.142+0000] {processor.py:840} INFO - DAG(s) 'sec_edgar_pipeline' retrieved from /opt/airflow/dags/sec_edgar_dag.py
[2026-02-15T16:31:51.187+0000] {logging_mixin.py:188} INFO - [2026-02-15T16:31:51.186+0000] {dag.py:3036} INFO - Sync 1 DAGs
[2026-02-15T16:31:51.224+0000] {logging_mixin.py:188} INFO - [2026-02-15T16:31:51.224+0000] {dag.py:3823} INFO - Setting next_dagrun for sec_edgar_pipeline to 2026-02-15 09:00:00+00:00, run_after=2026-02-16 09:00:00+00:00
[2026-02-15T16:31:51.307+0000] {processor.py:183} INFO - Processing /opt/airflow/dags/sec_edgar_dag.py took 0.500 seconds
[2026-02-15T16:32:21.681+0000] {processor.py:161} INFO - Started process (PID=7171) to work on /opt/airflow/dags/sec_edgar_dag.py
[2026-02-15T16:32:21.683+0000] {processor.py:830} INFO - Processing file /opt/airflow/dags/sec_edgar_dag.py for tasks to queue
[2026-02-15T16:32:21.685+0000] {logging_mixin.py:188} INFO - [2026-02-15T16:32:21.684+0000] {dagbag.py:538} INFO - Filling up the DagBag from /opt/airflow/dags/sec_edgar_dag.py
[2026-02-15T16:32:22.006+0000] {processor.py:840} INFO - DAG(s) 'sec_edgar_pipeline' retrieved from /opt/airflow/dags/sec_edgar_dag.py
[2026-02-15T16:32:22.042+0000] {logging_mixin.py:188} INFO - [2026-02-15T16:32:22.041+0000] {dag.py:3036} INFO - Sync 1 DAGs
[2026-02-15T16:32:22.077+0000] {logging_mixin.py:188} INFO - [2026-02-15T16:32:22.076+0000] {dag.py:3823} INFO - Setting next_dagrun for sec_edgar_pipeline to 2026-02-15 09:00:00+00:00, run_after=2026-02-16 09:00:00+00:00
[2026-02-15T16:32:22.157+0000] {processor.py:183} INFO - Processing /opt/airflow/dags/sec_edgar_dag.py took 0.480 seconds
[2026-02-15T16:32:52.352+0000] {processor.py:161} INFO - Started process (PID=7187) to work on /opt/airflow/dags/sec_edgar_dag.py
[2026-02-15T16:32:52.354+0000] {processor.py:830} INFO - Processing file /opt/airflow/dags/sec_edgar_dag.py for tasks to queue
[2026-02-15T16:32:52.356+0000] {logging_mixin.py:188} INFO - [2026-02-15T16:32:52.355+0000] {dagbag.py:538} INFO - Filling up the DagBag from /opt/airflow/dags/sec_edgar_dag.py
[2026-02-15T16:32:52.703+0000] {processor.py:840} INFO - DAG(s) 'sec_edgar_pipeline' retrieved from /opt/airflow/dags/sec_edgar_dag.py
[2026-02-15T16:32:52.749+0000] {logging_mixin.py:188} INFO - [2026-02-15T16:32:52.748+0000] {dag.py:3036} INFO - Sync 1 DAGs
[2026-02-15T16:32:52.789+0000] {logging_mixin.py:188} INFO - [2026-02-15T16:32:52.789+0000] {dag.py:3823} INFO - Setting next_dagrun for sec_edgar_pipeline to 2026-02-15 09:00:00+00:00, run_after=2026-02-16 09:00:00+00:00
[2026-02-15T16:32:52.874+0000] {processor.py:183} INFO - Processing /opt/airflow/dags/sec_edgar_dag.py took 0.528 seconds
[2026-02-15T16:33:23.630+0000] {processor.py:161} INFO - Started process (PID=7203) to work on /opt/airflow/dags/sec_edgar_dag.py
[2026-02-15T16:33:23.632+0000] {processor.py:830} INFO - Processing file /opt/airflow/dags/sec_edgar_dag.py for tasks to queue
[2026-02-15T16:33:23.634+0000] {logging_mixin.py:188} INFO - [2026-02-15T16:33:23.633+0000] {dagbag.py:538} INFO - Filling up the DagBag from /opt/airflow/dags/sec_edgar_dag.py
[2026-02-15T16:33:23.932+0000] {processor.py:840} INFO - DAG(s) 'sec_edgar_pipeline' retrieved from /opt/airflow/dags/sec_edgar_dag.py
[2026-02-15T16:33:23.970+0000] {logging_mixin.py:188} INFO - [2026-02-15T16:33:23.970+0000] {dag.py:3036} INFO - Sync 1 DAGs
[2026-02-15T16:33:24.008+0000] {logging_mixin.py:188} INFO - [2026-02-15T16:33:24.008+0000] {dag.py:3823} INFO - Setting next_dagrun for sec_edgar_pipeline to 2026-02-15 09:00:00+00:00, run_after=2026-02-16 09:00:00+00:00
[2026-02-15T16:33:24.043+0000] {processor.py:183} INFO - Processing /opt/airflow/dags/sec_edgar_dag.py took 0.419 seconds
[2026-02-15T16:33:54.312+0000] {processor.py:161} INFO - Started process (PID=7219) to work on /opt/airflow/dags/sec_edgar_dag.py
[2026-02-15T16:33:54.314+0000] {processor.py:830} INFO - Processing file /opt/airflow/dags/sec_edgar_dag.py for tasks to queue
[2026-02-15T16:33:54.315+0000] {logging_mixin.py:188} INFO - [2026-02-15T16:33:54.315+0000] {dagbag.py:538} INFO - Filling up the DagBag from /opt/airflow/dags/sec_edgar_dag.py
[2026-02-15T16:33:54.622+0000] {processor.py:840} INFO - DAG(s) 'sec_edgar_pipeline' retrieved from /opt/airflow/dags/sec_edgar_dag.py
[2026-02-15T16:33:54.663+0000] {logging_mixin.py:188} INFO - [2026-02-15T16:33:54.662+0000] {dag.py:3036} INFO - Sync 1 DAGs
[2026-02-15T16:33:54.700+0000] {logging_mixin.py:188} INFO - [2026-02-15T16:33:54.699+0000] {dag.py:3823} INFO - Setting next_dagrun for sec_edgar_pipeline to 2026-02-15 09:00:00+00:00, run_after=2026-02-16 09:00:00+00:00
[2026-02-15T16:33:54.781+0000] {processor.py:183} INFO - Processing /opt/airflow/dags/sec_edgar_dag.py took 0.472 seconds
[2026-02-15T16:34:25.615+0000] {processor.py:161} INFO - Started process (PID=7235) to work on /opt/airflow/dags/sec_edgar_dag.py
[2026-02-15T16:34:25.616+0000] {processor.py:830} INFO - Processing file /opt/airflow/dags/sec_edgar_dag.py for tasks to queue
[2026-02-15T16:34:25.618+0000] {logging_mixin.py:188} INFO - [2026-02-15T16:34:25.618+0000] {dagbag.py:538} INFO - Filling up the DagBag from /opt/airflow/dags/sec_edgar_dag.py
[2026-02-15T16:34:25.938+0000] {processor.py:840} INFO - DAG(s) 'sec_edgar_pipeline' retrieved from /opt/airflow/dags/sec_edgar_dag.py
[2026-02-15T16:34:25.977+0000] {logging_mixin.py:188} INFO - [2026-02-15T16:34:25.976+0000] {dag.py:3036} INFO - Sync 1 DAGs
[2026-02-15T16:34:26.015+0000] {logging_mixin.py:188} INFO - [2026-02-15T16:34:26.015+0000] {dag.py:3823} INFO - Setting next_dagrun for sec_edgar_pipeline to 2026-02-15 09:00:00+00:00, run_after=2026-02-16 09:00:00+00:00
[2026-02-15T16:34:26.044+0000] {processor.py:183} INFO - Processing /opt/airflow/dags/sec_edgar_dag.py took 0.433 seconds
[2026-02-15T16:34:56.247+0000] {processor.py:161} INFO - Started process (PID=7251) to work on /opt/airflow/dags/sec_edgar_dag.py
[2026-02-15T16:34:56.249+0000] {processor.py:830} INFO - Processing file /opt/airflow/dags/sec_edgar_dag.py for tasks to queue
[2026-02-15T16:34:56.251+0000] {logging_mixin.py:188} INFO - [2026-02-15T16:34:56.250+0000] {dagbag.py:538} INFO - Filling up the DagBag from /opt/airflow/dags/sec_edgar_dag.py
[2026-02-15T16:34:56.595+0000] {processor.py:840} INFO - DAG(s) 'sec_edgar_pipeline' retrieved from /opt/airflow/dags/sec_edgar_dag.py
[2026-02-15T16:34:56.641+0000] {logging_mixin.py:188} INFO - [2026-02-15T16:34:56.640+0000] {dag.py:3036} INFO - Sync 1 DAGs
[2026-02-15T16:34:56.681+0000] {logging_mixin.py:188} INFO - [2026-02-15T16:34:56.680+0000] {dag.py:3823} INFO - Setting next_dagrun for sec_edgar_pipeline to 2026-02-15 09:00:00+00:00, run_after=2026-02-16 09:00:00+00:00
[2026-02-15T16:34:56.760+0000] {processor.py:183} INFO - Processing /opt/airflow/dags/sec_edgar_dag.py took 0.518 seconds
[2026-02-15T16:35:27.554+0000] {processor.py:161} INFO - Started process (PID=7267) to work on /opt/airflow/dags/sec_edgar_dag.py
[2026-02-15T16:35:27.556+0000] {processor.py:830} INFO - Processing file /opt/airflow/dags/sec_edgar_dag.py for tasks to queue
[2026-02-15T16:35:27.558+0000] {logging_mixin.py:188} INFO - [2026-02-15T16:35:27.558+0000] {dagbag.py:538} INFO - Filling up the DagBag from /opt/airflow/dags/sec_edgar_dag.py
[2026-02-15T16:35:27.877+0000] {processor.py:840} INFO - DAG(s) 'sec_edgar_pipeline' retrieved from /opt/airflow/dags/sec_edgar_dag.py
[2026-02-15T16:35:27.922+0000] {logging_mixin.py:188} INFO - [2026-02-15T16:35:27.922+0000] {dag.py:3036} INFO - Sync 1 DAGs
[2026-02-15T16:35:27.960+0000] {logging_mixin.py:188} INFO - [2026-02-15T16:35:27.959+0000] {dag.py:3823} INFO - Setting next_dagrun for sec_edgar_pipeline to 2026-02-15 09:00:00+00:00, run_after=2026-02-16 09:00:00+00:00
[2026-02-15T16:35:28.042+0000] {processor.py:183} INFO - Processing /opt/airflow/dags/sec_edgar_dag.py took 0.493 seconds
[2026-02-15T16:35:58.238+0000] {processor.py:161} INFO - Started process (PID=7284) to work on /opt/airflow/dags/sec_edgar_dag.py
[2026-02-15T16:35:58.239+0000] {processor.py:830} INFO - Processing file /opt/airflow/dags/sec_edgar_dag.py for tasks to queue
[2026-02-15T16:35:58.241+0000] {logging_mixin.py:188} INFO - [2026-02-15T16:35:58.240+0000] {dagbag.py:538} INFO - Filling up the DagBag from /opt/airflow/dags/sec_edgar_dag.py
[2026-02-15T16:35:58.543+0000] {processor.py:840} INFO - DAG(s) 'sec_edgar_pipeline' retrieved from /opt/airflow/dags/sec_edgar_dag.py
[2026-02-15T16:35:58.583+0000] {logging_mixin.py:188} INFO - [2026-02-15T16:35:58.583+0000] {dag.py:3036} INFO - Sync 1 DAGs
[2026-02-15T16:35:58.617+0000] {logging_mixin.py:188} INFO - [2026-02-15T16:35:58.617+0000] {dag.py:3823} INFO - Setting next_dagrun for sec_edgar_pipeline to 2026-02-15 09:00:00+00:00, run_after=2026-02-16 09:00:00+00:00
[2026-02-15T16:35:58.646+0000] {processor.py:183} INFO - Processing /opt/airflow/dags/sec_edgar_dag.py took 0.412 seconds
[2026-02-15T16:36:28.860+0000] {processor.py:161} INFO - Started process (PID=7300) to work on /opt/airflow/dags/sec_edgar_dag.py
[2026-02-15T16:36:28.863+0000] {processor.py:830} INFO - Processing file /opt/airflow/dags/sec_edgar_dag.py for tasks to queue
[2026-02-15T16:36:28.865+0000] {logging_mixin.py:188} INFO - [2026-02-15T16:36:28.864+0000] {dagbag.py:538} INFO - Filling up the DagBag from /opt/airflow/dags/sec_edgar_dag.py
[2026-02-15T16:36:29.218+0000] {processor.py:840} INFO - DAG(s) 'sec_edgar_pipeline' retrieved from /opt/airflow/dags/sec_edgar_dag.py
[2026-02-15T16:36:29.263+0000] {logging_mixin.py:188} INFO - [2026-02-15T16:36:29.262+0000] {dag.py:3036} INFO - Sync 1 DAGs
[2026-02-15T16:36:29.306+0000] {logging_mixin.py:188} INFO - [2026-02-15T16:36:29.306+0000] {dag.py:3823} INFO - Setting next_dagrun for sec_edgar_pipeline to 2026-02-15 09:00:00+00:00, run_after=2026-02-16 09:00:00+00:00
[2026-02-15T16:36:29.393+0000] {processor.py:183} INFO - Processing /opt/airflow/dags/sec_edgar_dag.py took 0.539 seconds
[2026-02-15T16:36:59.708+0000] {processor.py:161} INFO - Started process (PID=7317) to work on /opt/airflow/dags/sec_edgar_dag.py
[2026-02-15T16:36:59.710+0000] {processor.py:830} INFO - Processing file /opt/airflow/dags/sec_edgar_dag.py for tasks to queue
[2026-02-15T16:36:59.711+0000] {logging_mixin.py:188} INFO - [2026-02-15T16:36:59.711+0000] {dagbag.py:538} INFO - Filling up the DagBag from /opt/airflow/dags/sec_edgar_dag.py
[2026-02-15T16:37:00.020+0000] {processor.py:840} INFO - DAG(s) 'sec_edgar_pipeline' retrieved from /opt/airflow/dags/sec_edgar_dag.py
[2026-02-15T16:37:00.057+0000] {logging_mixin.py:188} INFO - [2026-02-15T16:37:00.057+0000] {dag.py:3036} INFO - Sync 1 DAGs
[2026-02-15T16:37:00.091+0000] {logging_mixin.py:188} INFO - [2026-02-15T16:37:00.091+0000] {dag.py:3823} INFO - Setting next_dagrun for sec_edgar_pipeline to 2026-02-15 09:00:00+00:00, run_after=2026-02-16 09:00:00+00:00
[2026-02-15T16:37:00.116+0000] {processor.py:183} INFO - Processing /opt/airflow/dags/sec_edgar_dag.py took 0.412 seconds
[2026-02-15T16:37:30.482+0000] {processor.py:161} INFO - Started process (PID=7333) to work on /opt/airflow/dags/sec_edgar_dag.py
[2026-02-15T16:37:30.484+0000] {processor.py:830} INFO - Processing file /opt/airflow/dags/sec_edgar_dag.py for tasks to queue
[2026-02-15T16:37:30.486+0000] {logging_mixin.py:188} INFO - [2026-02-15T16:37:30.486+0000] {dagbag.py:538} INFO - Filling up the DagBag from /opt/airflow/dags/sec_edgar_dag.py
[2026-02-15T16:37:30.813+0000] {processor.py:840} INFO - DAG(s) 'sec_edgar_pipeline' retrieved from /opt/airflow/dags/sec_edgar_dag.py
[2026-02-15T16:37:30.851+0000] {logging_mixin.py:188} INFO - [2026-02-15T16:37:30.850+0000] {dag.py:3036} INFO - Sync 1 DAGs
[2026-02-15T16:37:30.888+0000] {logging_mixin.py:188} INFO - [2026-02-15T16:37:30.888+0000] {dag.py:3823} INFO - Setting next_dagrun for sec_edgar_pipeline to 2026-02-15 09:00:00+00:00, run_after=2026-02-16 09:00:00+00:00
[2026-02-15T16:37:30.922+0000] {processor.py:183} INFO - Processing /opt/airflow/dags/sec_edgar_dag.py took 0.449 seconds
[2026-02-15T16:38:01.156+0000] {processor.py:161} INFO - Started process (PID=7349) to work on /opt/airflow/dags/sec_edgar_dag.py
[2026-02-15T16:38:01.158+0000] {processor.py:830} INFO - Processing file /opt/airflow/dags/sec_edgar_dag.py for tasks to queue
[2026-02-15T16:38:01.160+0000] {logging_mixin.py:188} INFO - [2026-02-15T16:38:01.159+0000] {dagbag.py:538} INFO - Filling up the DagBag from /opt/airflow/dags/sec_edgar_dag.py
[2026-02-15T16:38:01.477+0000] {processor.py:840} INFO - DAG(s) 'sec_edgar_pipeline' retrieved from /opt/airflow/dags/sec_edgar_dag.py
[2026-02-15T16:38:01.514+0000] {logging_mixin.py:188} INFO - [2026-02-15T16:38:01.514+0000] {dag.py:3036} INFO - Sync 1 DAGs
[2026-02-15T16:38:01.547+0000] {logging_mixin.py:188} INFO - [2026-02-15T16:38:01.546+0000] {dag.py:3823} INFO - Setting next_dagrun for sec_edgar_pipeline to 2026-02-15 09:00:00+00:00, run_after=2026-02-16 09:00:00+00:00
[2026-02-15T16:38:01.575+0000] {processor.py:183} INFO - Processing /opt/airflow/dags/sec_edgar_dag.py took 0.423 seconds
[2026-02-15T16:38:32.429+0000] {processor.py:161} INFO - Started process (PID=7365) to work on /opt/airflow/dags/sec_edgar_dag.py
[2026-02-15T16:38:32.431+0000] {processor.py:830} INFO - Processing file /opt/airflow/dags/sec_edgar_dag.py for tasks to queue
[2026-02-15T16:38:32.433+0000] {logging_mixin.py:188} INFO - [2026-02-15T16:38:32.432+0000] {dagbag.py:538} INFO - Filling up the DagBag from /opt/airflow/dags/sec_edgar_dag.py
[2026-02-15T16:38:32.757+0000] {processor.py:840} INFO - DAG(s) 'sec_edgar_pipeline' retrieved from /opt/airflow/dags/sec_edgar_dag.py
[2026-02-15T16:38:32.794+0000] {logging_mixin.py:188} INFO - [2026-02-15T16:38:32.794+0000] {dag.py:3036} INFO - Sync 1 DAGs
[2026-02-15T16:38:32.828+0000] {logging_mixin.py:188} INFO - [2026-02-15T16:38:32.828+0000] {dag.py:3823} INFO - Setting next_dagrun for sec_edgar_pipeline to 2026-02-15 09:00:00+00:00, run_after=2026-02-16 09:00:00+00:00
[2026-02-15T16:38:32.872+0000] {processor.py:183} INFO - Processing /opt/airflow/dags/sec_edgar_dag.py took 0.447 seconds
[2026-02-15T16:39:03.100+0000] {processor.py:161} INFO - Started process (PID=7381) to work on /opt/airflow/dags/sec_edgar_dag.py
[2026-02-15T16:39:03.102+0000] {processor.py:830} INFO - Processing file /opt/airflow/dags/sec_edgar_dag.py for tasks to queue
[2026-02-15T16:39:03.104+0000] {logging_mixin.py:188} INFO - [2026-02-15T16:39:03.103+0000] {dagbag.py:538} INFO - Filling up the DagBag from /opt/airflow/dags/sec_edgar_dag.py
[2026-02-15T16:39:03.403+0000] {processor.py:840} INFO - DAG(s) 'sec_edgar_pipeline' retrieved from /opt/airflow/dags/sec_edgar_dag.py
[2026-02-15T16:39:03.443+0000] {logging_mixin.py:188} INFO - [2026-02-15T16:39:03.443+0000] {dag.py:3036} INFO - Sync 1 DAGs
[2026-02-15T16:39:03.482+0000] {logging_mixin.py:188} INFO - [2026-02-15T16:39:03.482+0000] {dag.py:3823} INFO - Setting next_dagrun for sec_edgar_pipeline to 2026-02-15 09:00:00+00:00, run_after=2026-02-16 09:00:00+00:00
[2026-02-15T16:39:03.560+0000] {processor.py:183} INFO - Processing /opt/airflow/dags/sec_edgar_dag.py took 0.464 seconds
[2026-02-15T16:39:34.405+0000] {processor.py:161} INFO - Started process (PID=7397) to work on /opt/airflow/dags/sec_edgar_dag.py
[2026-02-15T16:39:34.407+0000] {processor.py:830} INFO - Processing file /opt/airflow/dags/sec_edgar_dag.py for tasks to queue
[2026-02-15T16:39:34.409+0000] {logging_mixin.py:188} INFO - [2026-02-15T16:39:34.409+0000] {dagbag.py:538} INFO - Filling up the DagBag from /opt/airflow/dags/sec_edgar_dag.py
[2026-02-15T16:39:34.725+0000] {processor.py:840} INFO - DAG(s) 'sec_edgar_pipeline' retrieved from /opt/airflow/dags/sec_edgar_dag.py
[2026-02-15T16:39:34.758+0000] {logging_mixin.py:188} INFO - [2026-02-15T16:39:34.757+0000] {dag.py:3036} INFO - Sync 1 DAGs
[2026-02-15T16:39:34.787+0000] {logging_mixin.py:188} INFO - [2026-02-15T16:39:34.787+0000] {dag.py:3823} INFO - Setting next_dagrun for sec_edgar_pipeline to 2026-02-15 09:00:00+00:00, run_after=2026-02-16 09:00:00+00:00
[2026-02-15T16:39:34.867+0000] {processor.py:183} INFO - Processing /opt/airflow/dags/sec_edgar_dag.py took 0.467 seconds
[2026-02-15T16:40:05.127+0000] {processor.py:161} INFO - Started process (PID=7418) to work on /opt/airflow/dags/sec_edgar_dag.py
[2026-02-15T16:40:05.128+0000] {processor.py:830} INFO - Processing file /opt/airflow/dags/sec_edgar_dag.py for tasks to queue
[2026-02-15T16:40:05.130+0000] {logging_mixin.py:188} INFO - [2026-02-15T16:40:05.129+0000] {dagbag.py:538} INFO - Filling up the DagBag from /opt/airflow/dags/sec_edgar_dag.py
[2026-02-15T16:40:05.446+0000] {processor.py:840} INFO - DAG(s) 'sec_edgar_pipeline' retrieved from /opt/airflow/dags/sec_edgar_dag.py
[2026-02-15T16:40:05.481+0000] {logging_mixin.py:188} INFO - [2026-02-15T16:40:05.481+0000] {dag.py:3036} INFO - Sync 1 DAGs
[2026-02-15T16:40:05.514+0000] {logging_mixin.py:188} INFO - [2026-02-15T16:40:05.513+0000] {dag.py:3823} INFO - Setting next_dagrun for sec_edgar_pipeline to 2026-02-15 09:00:00+00:00, run_after=2026-02-16 09:00:00+00:00
[2026-02-15T16:40:05.593+0000] {processor.py:183} INFO - Processing /opt/airflow/dags/sec_edgar_dag.py took 0.470 seconds
[2026-02-15T16:40:36.452+0000] {processor.py:161} INFO - Started process (PID=7434) to work on /opt/airflow/dags/sec_edgar_dag.py
[2026-02-15T16:40:36.455+0000] {processor.py:830} INFO - Processing file /opt/airflow/dags/sec_edgar_dag.py for tasks to queue
[2026-02-15T16:40:36.456+0000] {logging_mixin.py:188} INFO - [2026-02-15T16:40:36.456+0000] {dagbag.py:538} INFO - Filling up the DagBag from /opt/airflow/dags/sec_edgar_dag.py
[2026-02-15T16:40:36.811+0000] {processor.py:840} INFO - DAG(s) 'sec_edgar_pipeline' retrieved from /opt/airflow/dags/sec_edgar_dag.py
[2026-02-15T16:40:36.852+0000] {logging_mixin.py:188} INFO - [2026-02-15T16:40:36.851+0000] {dag.py:3036} INFO - Sync 1 DAGs
[2026-02-15T16:40:36.889+0000] {logging_mixin.py:188} INFO - [2026-02-15T16:40:36.889+0000] {dag.py:3823} INFO - Setting next_dagrun for sec_edgar_pipeline to 2026-02-15 09:00:00+00:00, run_after=2026-02-16 09:00:00+00:00
[2026-02-15T16:40:36.980+0000] {processor.py:183} INFO - Processing /opt/airflow/dags/sec_edgar_dag.py took 0.533 seconds
[2026-02-15T16:41:07.128+0000] {processor.py:161} INFO - Started process (PID=7450) to work on /opt/airflow/dags/sec_edgar_dag.py
[2026-02-15T16:41:07.129+0000] {processor.py:830} INFO - Processing file /opt/airflow/dags/sec_edgar_dag.py for tasks to queue
[2026-02-15T16:41:07.131+0000] {logging_mixin.py:188} INFO - [2026-02-15T16:41:07.130+0000] {dagbag.py:538} INFO - Filling up the DagBag from /opt/airflow/dags/sec_edgar_dag.py
[2026-02-15T16:41:07.469+0000] {processor.py:840} INFO - DAG(s) 'sec_edgar_pipeline' retrieved from /opt/airflow/dags/sec_edgar_dag.py
[2026-02-15T16:41:07.514+0000] {logging_mixin.py:188} INFO - [2026-02-15T16:41:07.513+0000] {dag.py:3036} INFO - Sync 1 DAGs
[2026-02-15T16:41:07.546+0000] {logging_mixin.py:188} INFO - [2026-02-15T16:41:07.545+0000] {dag.py:3823} INFO - Setting next_dagrun for sec_edgar_pipeline to 2026-02-15 09:00:00+00:00, run_after=2026-02-16 09:00:00+00:00
[2026-02-15T16:41:07.625+0000] {processor.py:183} INFO - Processing /opt/airflow/dags/sec_edgar_dag.py took 0.501 seconds
[2026-02-15T16:41:37.869+0000] {processor.py:161} INFO - Started process (PID=7461) to work on /opt/airflow/dags/sec_edgar_dag.py
[2026-02-15T16:41:37.870+0000] {processor.py:830} INFO - Processing file /opt/airflow/dags/sec_edgar_dag.py for tasks to queue
[2026-02-15T16:41:37.872+0000] {logging_mixin.py:188} INFO - [2026-02-15T16:41:37.872+0000] {dagbag.py:538} INFO - Filling up the DagBag from /opt/airflow/dags/sec_edgar_dag.py
[2026-02-15T16:41:38.174+0000] {processor.py:840} INFO - DAG(s) 'sec_edgar_pipeline' retrieved from /opt/airflow/dags/sec_edgar_dag.py
[2026-02-15T16:41:38.207+0000] {logging_mixin.py:188} INFO - [2026-02-15T16:41:38.207+0000] {dag.py:3036} INFO - Sync 1 DAGs
[2026-02-15T16:41:38.237+0000] {logging_mixin.py:188} INFO - [2026-02-15T16:41:38.237+0000] {dag.py:3823} INFO - Setting next_dagrun for sec_edgar_pipeline to 2026-02-15 09:00:00+00:00, run_after=2026-02-16 09:00:00+00:00
[2026-02-15T16:41:38.268+0000] {processor.py:183} INFO - Processing /opt/airflow/dags/sec_edgar_dag.py took 0.405 seconds
[2026-02-15T16:42:08.386+0000] {processor.py:161} INFO - Started process (PID=7477) to work on /opt/airflow/dags/sec_edgar_dag.py
[2026-02-15T16:42:08.387+0000] {processor.py:830} INFO - Processing file /opt/airflow/dags/sec_edgar_dag.py for tasks to queue
[2026-02-15T16:42:08.389+0000] {logging_mixin.py:188} INFO - [2026-02-15T16:42:08.388+0000] {dagbag.py:538} INFO - Filling up the DagBag from /opt/airflow/dags/sec_edgar_dag.py
[2026-02-15T16:42:08.702+0000] {processor.py:840} INFO - DAG(s) 'sec_edgar_pipeline' retrieved from /opt/airflow/dags/sec_edgar_dag.py
[2026-02-15T16:42:08.742+0000] {logging_mixin.py:188} INFO - [2026-02-15T16:42:08.741+0000] {dag.py:3036} INFO - Sync 1 DAGs
[2026-02-15T16:42:08.776+0000] {logging_mixin.py:188} INFO - [2026-02-15T16:42:08.775+0000] {dag.py:3823} INFO - Setting next_dagrun for sec_edgar_pipeline to 2026-02-15 09:00:00+00:00, run_after=2026-02-16 09:00:00+00:00
[2026-02-15T16:42:08.858+0000] {processor.py:183} INFO - Processing /opt/airflow/dags/sec_edgar_dag.py took 0.476 seconds
[2026-02-15T16:42:39.134+0000] {processor.py:161} INFO - Started process (PID=7498) to work on /opt/airflow/dags/sec_edgar_dag.py
[2026-02-15T16:42:39.136+0000] {processor.py:830} INFO - Processing file /opt/airflow/dags/sec_edgar_dag.py for tasks to queue
[2026-02-15T16:42:39.138+0000] {logging_mixin.py:188} INFO - [2026-02-15T16:42:39.137+0000] {dagbag.py:538} INFO - Filling up the DagBag from /opt/airflow/dags/sec_edgar_dag.py
[2026-02-15T16:42:39.480+0000] {processor.py:840} INFO - DAG(s) 'sec_edgar_pipeline' retrieved from /opt/airflow/dags/sec_edgar_dag.py
[2026-02-15T16:42:39.524+0000] {logging_mixin.py:188} INFO - [2026-02-15T16:42:39.523+0000] {dag.py:3036} INFO - Sync 1 DAGs
[2026-02-15T16:42:39.566+0000] {logging_mixin.py:188} INFO - [2026-02-15T16:42:39.566+0000] {dag.py:3823} INFO - Setting next_dagrun for sec_edgar_pipeline to 2026-02-15 09:00:00+00:00, run_after=2026-02-16 09:00:00+00:00
[2026-02-15T16:42:39.656+0000] {processor.py:183} INFO - Processing /opt/airflow/dags/sec_edgar_dag.py took 0.526 seconds
[2026-02-15T16:43:10.481+0000] {processor.py:161} INFO - Started process (PID=7514) to work on /opt/airflow/dags/sec_edgar_dag.py
[2026-02-15T16:43:10.484+0000] {processor.py:830} INFO - Processing file /opt/airflow/dags/sec_edgar_dag.py for tasks to queue
[2026-02-15T16:43:10.486+0000] {logging_mixin.py:188} INFO - [2026-02-15T16:43:10.486+0000] {dagbag.py:538} INFO - Filling up the DagBag from /opt/airflow/dags/sec_edgar_dag.py
[2026-02-15T16:43:11.134+0000] {processor.py:840} INFO - DAG(s) 'sec_edgar_pipeline' retrieved from /opt/airflow/dags/sec_edgar_dag.py
[2026-02-15T16:43:11.172+0000] {logging_mixin.py:188} INFO - [2026-02-15T16:43:11.171+0000] {dag.py:3036} INFO - Sync 1 DAGs
[2026-02-15T16:43:11.215+0000] {logging_mixin.py:188} INFO - [2026-02-15T16:43:11.215+0000] {dag.py:3823} INFO - Setting next_dagrun for sec_edgar_pipeline to 2026-02-15 09:00:00+00:00, run_after=2026-02-16 09:00:00+00:00
[2026-02-15T16:43:11.301+0000] {processor.py:183} INFO - Processing /opt/airflow/dags/sec_edgar_dag.py took 0.830 seconds
[2026-02-15T16:43:41.658+0000] {processor.py:161} INFO - Started process (PID=7530) to work on /opt/airflow/dags/sec_edgar_dag.py
[2026-02-15T16:43:41.661+0000] {processor.py:830} INFO - Processing file /opt/airflow/dags/sec_edgar_dag.py for tasks to queue
[2026-02-15T16:43:41.665+0000] {logging_mixin.py:188} INFO - [2026-02-15T16:43:41.663+0000] {dagbag.py:538} INFO - Filling up the DagBag from /opt/airflow/dags/sec_edgar_dag.py
[2026-02-15T16:43:41.990+0000] {processor.py:840} INFO - DAG(s) 'sec_edgar_pipeline' retrieved from /opt/airflow/dags/sec_edgar_dag.py
[2026-02-15T16:43:42.021+0000] {logging_mixin.py:188} INFO - [2026-02-15T16:43:42.021+0000] {dag.py:3036} INFO - Sync 1 DAGs
[2026-02-15T16:43:42.054+0000] {logging_mixin.py:188} INFO - [2026-02-15T16:43:42.054+0000] {dag.py:3823} INFO - Setting next_dagrun for sec_edgar_pipeline to 2026-02-15 09:00:00+00:00, run_after=2026-02-16 09:00:00+00:00
[2026-02-15T16:43:42.133+0000] {processor.py:183} INFO - Processing /opt/airflow/dags/sec_edgar_dag.py took 0.480 seconds
[2026-02-15T16:44:12.371+0000] {processor.py:161} INFO - Started process (PID=7547) to work on /opt/airflow/dags/sec_edgar_dag.py
[2026-02-15T16:44:12.372+0000] {processor.py:830} INFO - Processing file /opt/airflow/dags/sec_edgar_dag.py for tasks to queue
[2026-02-15T16:44:12.374+0000] {logging_mixin.py:188} INFO - [2026-02-15T16:44:12.373+0000] {dagbag.py:538} INFO - Filling up the DagBag from /opt/airflow/dags/sec_edgar_dag.py
[2026-02-15T16:44:12.685+0000] {processor.py:840} INFO - DAG(s) 'sec_edgar_pipeline' retrieved from /opt/airflow/dags/sec_edgar_dag.py
[2026-02-15T16:44:12.728+0000] {logging_mixin.py:188} INFO - [2026-02-15T16:44:12.727+0000] {dag.py:3036} INFO - Sync 1 DAGs
[2026-02-15T16:44:12.770+0000] {logging_mixin.py:188} INFO - [2026-02-15T16:44:12.769+0000] {dag.py:3823} INFO - Setting next_dagrun for sec_edgar_pipeline to 2026-02-15 09:00:00+00:00, run_after=2026-02-16 09:00:00+00:00
[2026-02-15T16:44:12.801+0000] {processor.py:183} INFO - Processing /opt/airflow/dags/sec_edgar_dag.py took 0.434 seconds
[2026-02-15T16:44:42.891+0000] {processor.py:161} INFO - Started process (PID=7563) to work on /opt/airflow/dags/sec_edgar_dag.py
[2026-02-15T16:44:42.893+0000] {processor.py:830} INFO - Processing file /opt/airflow/dags/sec_edgar_dag.py for tasks to queue
[2026-02-15T16:44:42.894+0000] {logging_mixin.py:188} INFO - [2026-02-15T16:44:42.894+0000] {dagbag.py:538} INFO - Filling up the DagBag from /opt/airflow/dags/sec_edgar_dag.py
[2026-02-15T16:44:43.218+0000] {processor.py:840} INFO - DAG(s) 'sec_edgar_pipeline' retrieved from /opt/airflow/dags/sec_edgar_dag.py
[2026-02-15T16:44:43.263+0000] {logging_mixin.py:188} INFO - [2026-02-15T16:44:43.262+0000] {dag.py:3036} INFO - Sync 1 DAGs
[2026-02-15T16:44:43.313+0000] {logging_mixin.py:188} INFO - [2026-02-15T16:44:43.312+0000] {dag.py:3823} INFO - Setting next_dagrun for sec_edgar_pipeline to 2026-02-15 09:00:00+00:00, run_after=2026-02-16 09:00:00+00:00
[2026-02-15T16:44:43.407+0000] {processor.py:183} INFO - Processing /opt/airflow/dags/sec_edgar_dag.py took 0.521 seconds
[2026-02-15T16:45:14.174+0000] {processor.py:161} INFO - Started process (PID=7585) to work on /opt/airflow/dags/sec_edgar_dag.py
[2026-02-15T16:45:14.176+0000] {processor.py:830} INFO - Processing file /opt/airflow/dags/sec_edgar_dag.py for tasks to queue
[2026-02-15T16:45:14.177+0000] {logging_mixin.py:188} INFO - [2026-02-15T16:45:14.177+0000] {dagbag.py:538} INFO - Filling up the DagBag from /opt/airflow/dags/sec_edgar_dag.py
[2026-02-15T16:45:14.488+0000] {processor.py:840} INFO - DAG(s) 'sec_edgar_pipeline' retrieved from /opt/airflow/dags/sec_edgar_dag.py
[2026-02-15T16:45:14.527+0000] {logging_mixin.py:188} INFO - [2026-02-15T16:45:14.526+0000] {dag.py:3036} INFO - Sync 1 DAGs
[2026-02-15T16:45:14.564+0000] {logging_mixin.py:188} INFO - [2026-02-15T16:45:14.564+0000] {dag.py:3823} INFO - Setting next_dagrun for sec_edgar_pipeline to 2026-02-15 09:00:00+00:00, run_after=2026-02-16 09:00:00+00:00
[2026-02-15T16:45:14.596+0000] {processor.py:183} INFO - Processing /opt/airflow/dags/sec_edgar_dag.py took 0.426 seconds
[2026-02-15T16:45:44.901+0000] {processor.py:161} INFO - Started process (PID=7601) to work on /opt/airflow/dags/sec_edgar_dag.py
[2026-02-15T16:45:44.903+0000] {processor.py:830} INFO - Processing file /opt/airflow/dags/sec_edgar_dag.py for tasks to queue
[2026-02-15T16:45:44.905+0000] {logging_mixin.py:188} INFO - [2026-02-15T16:45:44.904+0000] {dagbag.py:538} INFO - Filling up the DagBag from /opt/airflow/dags/sec_edgar_dag.py
[2026-02-15T16:45:45.234+0000] {processor.py:840} INFO - DAG(s) 'sec_edgar_pipeline' retrieved from /opt/airflow/dags/sec_edgar_dag.py
[2026-02-15T16:45:45.269+0000] {logging_mixin.py:188} INFO - [2026-02-15T16:45:45.269+0000] {dag.py:3036} INFO - Sync 1 DAGs
[2026-02-15T16:45:45.303+0000] {logging_mixin.py:188} INFO - [2026-02-15T16:45:45.303+0000] {dag.py:3823} INFO - Setting next_dagrun for sec_edgar_pipeline to 2026-02-15 09:00:00+00:00, run_after=2026-02-16 09:00:00+00:00
[2026-02-15T16:45:45.389+0000] {processor.py:183} INFO - Processing /opt/airflow/dags/sec_edgar_dag.py took 0.493 seconds
[2026-02-15T16:46:16.206+0000] {processor.py:161} INFO - Started process (PID=7617) to work on /opt/airflow/dags/sec_edgar_dag.py
[2026-02-15T16:46:16.208+0000] {processor.py:830} INFO - Processing file /opt/airflow/dags/sec_edgar_dag.py for tasks to queue
[2026-02-15T16:46:16.210+0000] {logging_mixin.py:188} INFO - [2026-02-15T16:46:16.209+0000] {dagbag.py:538} INFO - Filling up the DagBag from /opt/airflow/dags/sec_edgar_dag.py
[2026-02-15T16:46:16.578+0000] {processor.py:840} INFO - DAG(s) 'sec_edgar_pipeline' retrieved from /opt/airflow/dags/sec_edgar_dag.py
[2026-02-15T16:46:16.624+0000] {logging_mixin.py:188} INFO - [2026-02-15T16:46:16.623+0000] {dag.py:3036} INFO - Sync 1 DAGs
[2026-02-15T16:46:16.665+0000] {logging_mixin.py:188} INFO - [2026-02-15T16:46:16.665+0000] {dag.py:3823} INFO - Setting next_dagrun for sec_edgar_pipeline to 2026-02-15 09:00:00+00:00, run_after=2026-02-16 09:00:00+00:00
[2026-02-15T16:46:16.752+0000] {processor.py:183} INFO - Processing /opt/airflow/dags/sec_edgar_dag.py took 0.551 seconds
[2026-02-15T16:46:46.854+0000] {processor.py:161} INFO - Started process (PID=7633) to work on /opt/airflow/dags/sec_edgar_dag.py
[2026-02-15T16:46:46.904+0000] {processor.py:830} INFO - Processing file /opt/airflow/dags/sec_edgar_dag.py for tasks to queue
[2026-02-15T16:46:46.907+0000] {logging_mixin.py:188} INFO - [2026-02-15T16:46:46.906+0000] {dagbag.py:538} INFO - Filling up the DagBag from /opt/airflow/dags/sec_edgar_dag.py
[2026-02-15T16:46:47.209+0000] {processor.py:840} INFO - DAG(s) 'sec_edgar_pipeline' retrieved from /opt/airflow/dags/sec_edgar_dag.py
[2026-02-15T16:46:47.253+0000] {logging_mixin.py:188} INFO - [2026-02-15T16:46:47.252+0000] {dag.py:3036} INFO - Sync 1 DAGs
[2026-02-15T16:46:47.295+0000] {logging_mixin.py:188} INFO - [2026-02-15T16:46:47.295+0000] {dag.py:3823} INFO - Setting next_dagrun for sec_edgar_pipeline to 2026-02-15 09:00:00+00:00, run_after=2026-02-16 09:00:00+00:00
[2026-02-15T16:46:47.381+0000] {processor.py:183} INFO - Processing /opt/airflow/dags/sec_edgar_dag.py took 0.532 seconds
[2026-02-15T16:47:17.572+0000] {processor.py:161} INFO - Started process (PID=7649) to work on /opt/airflow/dags/sec_edgar_dag.py
[2026-02-15T16:47:17.574+0000] {processor.py:830} INFO - Processing file /opt/airflow/dags/sec_edgar_dag.py for tasks to queue
[2026-02-15T16:47:17.575+0000] {logging_mixin.py:188} INFO - [2026-02-15T16:47:17.575+0000] {dagbag.py:538} INFO - Filling up the DagBag from /opt/airflow/dags/sec_edgar_dag.py
[2026-02-15T16:47:17.950+0000] {processor.py:840} INFO - DAG(s) 'sec_edgar_pipeline' retrieved from /opt/airflow/dags/sec_edgar_dag.py
[2026-02-15T16:47:17.999+0000] {logging_mixin.py:188} INFO - [2026-02-15T16:47:17.998+0000] {dag.py:3036} INFO - Sync 1 DAGs
[2026-02-15T16:47:18.041+0000] {logging_mixin.py:188} INFO - [2026-02-15T16:47:18.040+0000] {dag.py:3823} INFO - Setting next_dagrun for sec_edgar_pipeline to 2026-02-15 09:00:00+00:00, run_after=2026-02-16 09:00:00+00:00
[2026-02-15T16:47:18.125+0000] {processor.py:183} INFO - Processing /opt/airflow/dags/sec_edgar_dag.py took 0.558 seconds
[2026-02-15T16:47:48.872+0000] {processor.py:161} INFO - Started process (PID=7665) to work on /opt/airflow/dags/sec_edgar_dag.py
[2026-02-15T16:47:48.874+0000] {processor.py:830} INFO - Processing file /opt/airflow/dags/sec_edgar_dag.py for tasks to queue
[2026-02-15T16:47:48.876+0000] {logging_mixin.py:188} INFO - [2026-02-15T16:47:48.875+0000] {dagbag.py:538} INFO - Filling up the DagBag from /opt/airflow/dags/sec_edgar_dag.py
[2026-02-15T16:47:49.244+0000] {processor.py:840} INFO - DAG(s) 'sec_edgar_pipeline' retrieved from /opt/airflow/dags/sec_edgar_dag.py
[2026-02-15T16:47:49.282+0000] {logging_mixin.py:188} INFO - [2026-02-15T16:47:49.281+0000] {dag.py:3036} INFO - Sync 1 DAGs
[2026-02-15T16:47:49.316+0000] {logging_mixin.py:188} INFO - [2026-02-15T16:47:49.316+0000] {dag.py:3823} INFO - Setting next_dagrun for sec_edgar_pipeline to 2026-02-15 09:00:00+00:00, run_after=2026-02-16 09:00:00+00:00
[2026-02-15T16:47:49.406+0000] {processor.py:183} INFO - Processing /opt/airflow/dags/sec_edgar_dag.py took 0.539 seconds
[2026-02-15T16:48:19.601+0000] {processor.py:161} INFO - Started process (PID=7681) to work on /opt/airflow/dags/sec_edgar_dag.py
[2026-02-15T16:48:19.603+0000] {processor.py:830} INFO - Processing file /opt/airflow/dags/sec_edgar_dag.py for tasks to queue
[2026-02-15T16:48:19.606+0000] {logging_mixin.py:188} INFO - [2026-02-15T16:48:19.605+0000] {dagbag.py:538} INFO - Filling up the DagBag from /opt/airflow/dags/sec_edgar_dag.py
[2026-02-15T16:48:19.960+0000] {processor.py:840} INFO - DAG(s) 'sec_edgar_pipeline' retrieved from /opt/airflow/dags/sec_edgar_dag.py
[2026-02-15T16:48:20.001+0000] {logging_mixin.py:188} INFO - [2026-02-15T16:48:20.001+0000] {dag.py:3036} INFO - Sync 1 DAGs
[2026-02-15T16:48:20.034+0000] {logging_mixin.py:188} INFO - [2026-02-15T16:48:20.034+0000] {dag.py:3823} INFO - Setting next_dagrun for sec_edgar_pipeline to 2026-02-15 09:00:00+00:00, run_after=2026-02-16 09:00:00+00:00
[2026-02-15T16:48:20.118+0000] {processor.py:183} INFO - Processing /opt/airflow/dags/sec_edgar_dag.py took 0.522 seconds
[2026-02-15T16:48:50.909+0000] {processor.py:161} INFO - Started process (PID=7698) to work on /opt/airflow/dags/sec_edgar_dag.py
[2026-02-15T16:48:50.912+0000] {processor.py:830} INFO - Processing file /opt/airflow/dags/sec_edgar_dag.py for tasks to queue
[2026-02-15T16:48:50.914+0000] {logging_mixin.py:188} INFO - [2026-02-15T16:48:50.914+0000] {dagbag.py:538} INFO - Filling up the DagBag from /opt/airflow/dags/sec_edgar_dag.py
[2026-02-15T16:48:51.216+0000] {processor.py:840} INFO - DAG(s) 'sec_edgar_pipeline' retrieved from /opt/airflow/dags/sec_edgar_dag.py
[2026-02-15T16:48:51.250+0000] {logging_mixin.py:188} INFO - [2026-02-15T16:48:51.249+0000] {dag.py:3036} INFO - Sync 1 DAGs
[2026-02-15T16:48:51.281+0000] {logging_mixin.py:188} INFO - [2026-02-15T16:48:51.280+0000] {dag.py:3823} INFO - Setting next_dagrun for sec_edgar_pipeline to 2026-02-15 09:00:00+00:00, run_after=2026-02-16 09:00:00+00:00
[2026-02-15T16:48:51.360+0000] {processor.py:183} INFO - Processing /opt/airflow/dags/sec_edgar_dag.py took 0.458 seconds
[2026-02-15T16:49:21.597+0000] {processor.py:161} INFO - Started process (PID=7714) to work on /opt/airflow/dags/sec_edgar_dag.py
[2026-02-15T16:49:21.598+0000] {processor.py:830} INFO - Processing file /opt/airflow/dags/sec_edgar_dag.py for tasks to queue
[2026-02-15T16:49:21.600+0000] {logging_mixin.py:188} INFO - [2026-02-15T16:49:21.600+0000] {dagbag.py:538} INFO - Filling up the DagBag from /opt/airflow/dags/sec_edgar_dag.py
[2026-02-15T16:49:22.038+0000] {processor.py:840} INFO - DAG(s) 'sec_edgar_pipeline' retrieved from /opt/airflow/dags/sec_edgar_dag.py
[2026-02-15T16:49:22.082+0000] {logging_mixin.py:188} INFO - [2026-02-15T16:49:22.081+0000] {dag.py:3036} INFO - Sync 1 DAGs
[2026-02-15T16:49:22.111+0000] {logging_mixin.py:188} INFO - [2026-02-15T16:49:22.111+0000] {dag.py:3823} INFO - Setting next_dagrun for sec_edgar_pipeline to 2026-02-15 09:00:00+00:00, run_after=2026-02-16 09:00:00+00:00
[2026-02-15T16:49:22.187+0000] {processor.py:183} INFO - Processing /opt/airflow/dags/sec_edgar_dag.py took 0.594 seconds
[2026-02-15T16:49:52.878+0000] {processor.py:161} INFO - Started process (PID=7730) to work on /opt/airflow/dags/sec_edgar_dag.py
[2026-02-15T16:49:52.880+0000] {processor.py:830} INFO - Processing file /opt/airflow/dags/sec_edgar_dag.py for tasks to queue
[2026-02-15T16:49:52.881+0000] {logging_mixin.py:188} INFO - [2026-02-15T16:49:52.881+0000] {dagbag.py:538} INFO - Filling up the DagBag from /opt/airflow/dags/sec_edgar_dag.py
[2026-02-15T16:49:53.183+0000] {processor.py:840} INFO - DAG(s) 'sec_edgar_pipeline' retrieved from /opt/airflow/dags/sec_edgar_dag.py
[2026-02-15T16:49:53.218+0000] {logging_mixin.py:188} INFO - [2026-02-15T16:49:53.217+0000] {dag.py:3036} INFO - Sync 1 DAGs
[2026-02-15T16:49:53.247+0000] {logging_mixin.py:188} INFO - [2026-02-15T16:49:53.247+0000] {dag.py:3823} INFO - Setting next_dagrun for sec_edgar_pipeline to 2026-02-15 09:00:00+00:00, run_after=2026-02-16 09:00:00+00:00
[2026-02-15T16:49:53.294+0000] {processor.py:183} INFO - Processing /opt/airflow/dags/sec_edgar_dag.py took 0.421 seconds
[2026-02-15T16:50:23.382+0000] {processor.py:161} INFO - Started process (PID=7746) to work on /opt/airflow/dags/sec_edgar_dag.py
[2026-02-15T16:50:23.384+0000] {processor.py:830} INFO - Processing file /opt/airflow/dags/sec_edgar_dag.py for tasks to queue
[2026-02-15T16:50:23.386+0000] {logging_mixin.py:188} INFO - [2026-02-15T16:50:23.386+0000] {dagbag.py:538} INFO - Filling up the DagBag from /opt/airflow/dags/sec_edgar_dag.py
[2026-02-15T16:50:23.722+0000] {processor.py:840} INFO - DAG(s) 'sec_edgar_pipeline' retrieved from /opt/airflow/dags/sec_edgar_dag.py
[2026-02-15T16:50:23.767+0000] {logging_mixin.py:188} INFO - [2026-02-15T16:50:23.766+0000] {dag.py:3036} INFO - Sync 1 DAGs
[2026-02-15T16:50:23.806+0000] {logging_mixin.py:188} INFO - [2026-02-15T16:50:23.806+0000] {dag.py:3823} INFO - Setting next_dagrun for sec_edgar_pipeline to 2026-02-15 09:00:00+00:00, run_after=2026-02-16 09:00:00+00:00
[2026-02-15T16:50:23.893+0000] {processor.py:183} INFO - Processing /opt/airflow/dags/sec_edgar_dag.py took 0.516 seconds
[2026-02-15T16:50:54.087+0000] {processor.py:161} INFO - Started process (PID=7762) to work on /opt/airflow/dags/sec_edgar_dag.py
[2026-02-15T16:50:54.088+0000] {processor.py:830} INFO - Processing file /opt/airflow/dags/sec_edgar_dag.py for tasks to queue
[2026-02-15T16:50:54.090+0000] {logging_mixin.py:188} INFO - [2026-02-15T16:50:54.089+0000] {dagbag.py:538} INFO - Filling up the DagBag from /opt/airflow/dags/sec_edgar_dag.py
[2026-02-15T16:50:54.398+0000] {processor.py:840} INFO - DAG(s) 'sec_edgar_pipeline' retrieved from /opt/airflow/dags/sec_edgar_dag.py
[2026-02-15T16:50:54.437+0000] {logging_mixin.py:188} INFO - [2026-02-15T16:50:54.436+0000] {dag.py:3036} INFO - Sync 1 DAGs
[2026-02-15T16:50:54.474+0000] {logging_mixin.py:188} INFO - [2026-02-15T16:50:54.474+0000] {dag.py:3823} INFO - Setting next_dagrun for sec_edgar_pipeline to 2026-02-15 09:00:00+00:00, run_after=2026-02-16 09:00:00+00:00
[2026-02-15T16:50:54.558+0000] {processor.py:183} INFO - Processing /opt/airflow/dags/sec_edgar_dag.py took 0.475 seconds
[2026-02-15T16:51:25.394+0000] {processor.py:161} INFO - Started process (PID=7778) to work on /opt/airflow/dags/sec_edgar_dag.py
[2026-02-15T16:51:25.396+0000] {processor.py:830} INFO - Processing file /opt/airflow/dags/sec_edgar_dag.py for tasks to queue
[2026-02-15T16:51:25.397+0000] {logging_mixin.py:188} INFO - [2026-02-15T16:51:25.397+0000] {dagbag.py:538} INFO - Filling up the DagBag from /opt/airflow/dags/sec_edgar_dag.py
[2026-02-15T16:51:25.714+0000] {processor.py:840} INFO - DAG(s) 'sec_edgar_pipeline' retrieved from /opt/airflow/dags/sec_edgar_dag.py
[2026-02-15T16:51:25.760+0000] {logging_mixin.py:188} INFO - [2026-02-15T16:51:25.759+0000] {dag.py:3036} INFO - Sync 1 DAGs
[2026-02-15T16:51:25.802+0000] {logging_mixin.py:188} INFO - [2026-02-15T16:51:25.802+0000] {dag.py:3823} INFO - Setting next_dagrun for sec_edgar_pipeline to 2026-02-15 09:00:00+00:00, run_after=2026-02-16 09:00:00+00:00
[2026-02-15T16:51:25.885+0000] {processor.py:183} INFO - Processing /opt/airflow/dags/sec_edgar_dag.py took 0.497 seconds
[2026-02-15T16:51:56.003+0000] {processor.py:161} INFO - Started process (PID=7794) to work on /opt/airflow/dags/sec_edgar_dag.py
[2026-02-15T16:51:56.004+0000] {processor.py:830} INFO - Processing file /opt/airflow/dags/sec_edgar_dag.py for tasks to queue
[2026-02-15T16:51:56.006+0000] {logging_mixin.py:188} INFO - [2026-02-15T16:51:56.006+0000] {dagbag.py:538} INFO - Filling up the DagBag from /opt/airflow/dags/sec_edgar_dag.py
[2026-02-15T16:51:56.356+0000] {processor.py:840} INFO - DAG(s) 'sec_edgar_pipeline' retrieved from /opt/airflow/dags/sec_edgar_dag.py
[2026-02-15T16:51:56.398+0000] {logging_mixin.py:188} INFO - [2026-02-15T16:51:56.397+0000] {dag.py:3036} INFO - Sync 1 DAGs
[2026-02-15T16:51:56.437+0000] {logging_mixin.py:188} INFO - [2026-02-15T16:51:56.437+0000] {dag.py:3823} INFO - Setting next_dagrun for sec_edgar_pipeline to 2026-02-15 09:00:00+00:00, run_after=2026-02-16 09:00:00+00:00
[2026-02-15T16:51:56.526+0000] {processor.py:183} INFO - Processing /opt/airflow/dags/sec_edgar_dag.py took 0.528 seconds
[2026-02-15T16:52:27.319+0000] {processor.py:161} INFO - Started process (PID=7810) to work on /opt/airflow/dags/sec_edgar_dag.py
[2026-02-15T16:52:27.321+0000] {processor.py:830} INFO - Processing file /opt/airflow/dags/sec_edgar_dag.py for tasks to queue
[2026-02-15T16:52:27.323+0000] {logging_mixin.py:188} INFO - [2026-02-15T16:52:27.322+0000] {dagbag.py:538} INFO - Filling up the DagBag from /opt/airflow/dags/sec_edgar_dag.py
[2026-02-15T16:52:27.665+0000] {processor.py:840} INFO - DAG(s) 'sec_edgar_pipeline' retrieved from /opt/airflow/dags/sec_edgar_dag.py
[2026-02-15T16:52:27.711+0000] {logging_mixin.py:188} INFO - [2026-02-15T16:52:27.710+0000] {dag.py:3036} INFO - Sync 1 DAGs
[2026-02-15T16:52:27.750+0000] {logging_mixin.py:188} INFO - [2026-02-15T16:52:27.749+0000] {dag.py:3823} INFO - Setting next_dagrun for sec_edgar_pipeline to 2026-02-15 09:00:00+00:00, run_after=2026-02-16 09:00:00+00:00
[2026-02-15T16:52:27.834+0000] {processor.py:183} INFO - Processing /opt/airflow/dags/sec_edgar_dag.py took 0.520 seconds
[2026-02-15T16:52:58.085+0000] {processor.py:161} INFO - Started process (PID=7826) to work on /opt/airflow/dags/sec_edgar_dag.py
[2026-02-15T16:52:58.087+0000] {processor.py:830} INFO - Processing file /opt/airflow/dags/sec_edgar_dag.py for tasks to queue
[2026-02-15T16:52:58.089+0000] {logging_mixin.py:188} INFO - [2026-02-15T16:52:58.088+0000] {dagbag.py:538} INFO - Filling up the DagBag from /opt/airflow/dags/sec_edgar_dag.py
[2026-02-15T16:52:58.403+0000] {processor.py:840} INFO - DAG(s) 'sec_edgar_pipeline' retrieved from /opt/airflow/dags/sec_edgar_dag.py
[2026-02-15T16:52:58.444+0000] {logging_mixin.py:188} INFO - [2026-02-15T16:52:58.443+0000] {dag.py:3036} INFO - Sync 1 DAGs
[2026-02-15T16:52:58.480+0000] {logging_mixin.py:188} INFO - [2026-02-15T16:52:58.479+0000] {dag.py:3823} INFO - Setting next_dagrun for sec_edgar_pipeline to 2026-02-15 09:00:00+00:00, run_after=2026-02-16 09:00:00+00:00
[2026-02-15T16:52:58.562+0000] {processor.py:183} INFO - Processing /opt/airflow/dags/sec_edgar_dag.py took 0.485 seconds
[2026-02-15T16:53:29.366+0000] {processor.py:161} INFO - Started process (PID=7843) to work on /opt/airflow/dags/sec_edgar_dag.py
[2026-02-15T16:53:29.368+0000] {processor.py:830} INFO - Processing file /opt/airflow/dags/sec_edgar_dag.py for tasks to queue
[2026-02-15T16:53:29.369+0000] {logging_mixin.py:188} INFO - [2026-02-15T16:53:29.369+0000] {dagbag.py:538} INFO - Filling up the DagBag from /opt/airflow/dags/sec_edgar_dag.py
[2026-02-15T16:53:29.666+0000] {processor.py:840} INFO - DAG(s) 'sec_edgar_pipeline' retrieved from /opt/airflow/dags/sec_edgar_dag.py
[2026-02-15T16:53:29.700+0000] {logging_mixin.py:188} INFO - [2026-02-15T16:53:29.699+0000] {dag.py:3036} INFO - Sync 1 DAGs
[2026-02-15T16:53:29.730+0000] {logging_mixin.py:188} INFO - [2026-02-15T16:53:29.730+0000] {dag.py:3823} INFO - Setting next_dagrun for sec_edgar_pipeline to 2026-02-15 09:00:00+00:00, run_after=2026-02-16 09:00:00+00:00
[2026-02-15T16:53:29.809+0000] {processor.py:183} INFO - Processing /opt/airflow/dags/sec_edgar_dag.py took 0.447 seconds
[2026-02-15T16:53:59.901+0000] {processor.py:161} INFO - Started process (PID=7859) to work on /opt/airflow/dags/sec_edgar_dag.py
[2026-02-15T16:53:59.902+0000] {processor.py:830} INFO - Processing file /opt/airflow/dags/sec_edgar_dag.py for tasks to queue
[2026-02-15T16:53:59.904+0000] {logging_mixin.py:188} INFO - [2026-02-15T16:53:59.903+0000] {dagbag.py:538} INFO - Filling up the DagBag from /opt/airflow/dags/sec_edgar_dag.py
[2026-02-15T16:54:00.201+0000] {processor.py:840} INFO - DAG(s) 'sec_edgar_pipeline' retrieved from /opt/airflow/dags/sec_edgar_dag.py
[2026-02-15T16:54:00.234+0000] {logging_mixin.py:188} INFO - [2026-02-15T16:54:00.234+0000] {dag.py:3036} INFO - Sync 1 DAGs
[2026-02-15T16:54:00.268+0000] {logging_mixin.py:188} INFO - [2026-02-15T16:54:00.267+0000] {dag.py:3823} INFO - Setting next_dagrun for sec_edgar_pipeline to 2026-02-15 09:00:00+00:00, run_after=2026-02-16 09:00:00+00:00
[2026-02-15T16:54:00.348+0000] {processor.py:183} INFO - Processing /opt/airflow/dags/sec_edgar_dag.py took 0.451 seconds
[2026-02-15T16:54:30.657+0000] {processor.py:161} INFO - Started process (PID=7875) to work on /opt/airflow/dags/sec_edgar_dag.py
[2026-02-15T16:54:30.659+0000] {processor.py:830} INFO - Processing file /opt/airflow/dags/sec_edgar_dag.py for tasks to queue
[2026-02-15T16:54:30.661+0000] {logging_mixin.py:188} INFO - [2026-02-15T16:54:30.660+0000] {dagbag.py:538} INFO - Filling up the DagBag from /opt/airflow/dags/sec_edgar_dag.py
[2026-02-15T16:54:31.006+0000] {processor.py:840} INFO - DAG(s) 'sec_edgar_pipeline' retrieved from /opt/airflow/dags/sec_edgar_dag.py
[2026-02-15T16:54:31.052+0000] {logging_mixin.py:188} INFO - [2026-02-15T16:54:31.051+0000] {dag.py:3036} INFO - Sync 1 DAGs
[2026-02-15T16:54:31.089+0000] {logging_mixin.py:188} INFO - [2026-02-15T16:54:31.089+0000] {dag.py:3823} INFO - Setting next_dagrun for sec_edgar_pipeline to 2026-02-15 09:00:00+00:00, run_after=2026-02-16 09:00:00+00:00
[2026-02-15T16:54:31.175+0000] {processor.py:183} INFO - Processing /opt/airflow/dags/sec_edgar_dag.py took 0.524 seconds
[2026-02-15T16:55:02.000+0000] {processor.py:161} INFO - Started process (PID=7891) to work on /opt/airflow/dags/sec_edgar_dag.py
[2026-02-15T16:55:02.004+0000] {processor.py:830} INFO - Processing file /opt/airflow/dags/sec_edgar_dag.py for tasks to queue
[2026-02-15T16:55:02.007+0000] {logging_mixin.py:188} INFO - [2026-02-15T16:55:02.006+0000] {dagbag.py:538} INFO - Filling up the DagBag from /opt/airflow/dags/sec_edgar_dag.py
[2026-02-15T16:55:02.334+0000] {processor.py:840} INFO - DAG(s) 'sec_edgar_pipeline' retrieved from /opt/airflow/dags/sec_edgar_dag.py
[2026-02-15T16:55:02.372+0000] {logging_mixin.py:188} INFO - [2026-02-15T16:55:02.371+0000] {dag.py:3036} INFO - Sync 1 DAGs
[2026-02-15T16:55:02.406+0000] {logging_mixin.py:188} INFO - [2026-02-15T16:55:02.405+0000] {dag.py:3823} INFO - Setting next_dagrun for sec_edgar_pipeline to 2026-02-15 09:00:00+00:00, run_after=2026-02-16 09:00:00+00:00
[2026-02-15T16:55:02.495+0000] {processor.py:183} INFO - Processing /opt/airflow/dags/sec_edgar_dag.py took 0.499 seconds
[2026-02-15T16:55:32.682+0000] {processor.py:161} INFO - Started process (PID=7907) to work on /opt/airflow/dags/sec_edgar_dag.py
[2026-02-15T16:55:32.684+0000] {processor.py:830} INFO - Processing file /opt/airflow/dags/sec_edgar_dag.py for tasks to queue
[2026-02-15T16:55:32.686+0000] {logging_mixin.py:188} INFO - [2026-02-15T16:55:32.685+0000] {dagbag.py:538} INFO - Filling up the DagBag from /opt/airflow/dags/sec_edgar_dag.py
[2026-02-15T16:55:32.998+0000] {processor.py:840} INFO - DAG(s) 'sec_edgar_pipeline' retrieved from /opt/airflow/dags/sec_edgar_dag.py
[2026-02-15T16:55:33.045+0000] {logging_mixin.py:188} INFO - [2026-02-15T16:55:33.044+0000] {dag.py:3036} INFO - Sync 1 DAGs
[2026-02-15T16:55:33.085+0000] {logging_mixin.py:188} INFO - [2026-02-15T16:55:33.084+0000] {dag.py:3823} INFO - Setting next_dagrun for sec_edgar_pipeline to 2026-02-15 09:00:00+00:00, run_after=2026-02-16 09:00:00+00:00
[2026-02-15T16:55:33.122+0000] {processor.py:183} INFO - Processing /opt/airflow/dags/sec_edgar_dag.py took 0.444 seconds
[2026-02-15T16:56:03.247+0000] {processor.py:161} INFO - Started process (PID=7923) to work on /opt/airflow/dags/sec_edgar_dag.py
[2026-02-15T16:56:03.249+0000] {processor.py:830} INFO - Processing file /opt/airflow/dags/sec_edgar_dag.py for tasks to queue
[2026-02-15T16:56:03.250+0000] {logging_mixin.py:188} INFO - [2026-02-15T16:56:03.250+0000] {dagbag.py:538} INFO - Filling up the DagBag from /opt/airflow/dags/sec_edgar_dag.py
[2026-02-15T16:56:03.563+0000] {processor.py:840} INFO - DAG(s) 'sec_edgar_pipeline' retrieved from /opt/airflow/dags/sec_edgar_dag.py
[2026-02-15T16:56:03.606+0000] {logging_mixin.py:188} INFO - [2026-02-15T16:56:03.606+0000] {dag.py:3036} INFO - Sync 1 DAGs
[2026-02-15T16:56:03.648+0000] {logging_mixin.py:188} INFO - [2026-02-15T16:56:03.648+0000] {dag.py:3823} INFO - Setting next_dagrun for sec_edgar_pipeline to 2026-02-15 09:00:00+00:00, run_after=2026-02-16 09:00:00+00:00
[2026-02-15T16:56:03.739+0000] {processor.py:183} INFO - Processing /opt/airflow/dags/sec_edgar_dag.py took 0.497 seconds
[2026-02-15T16:56:34.632+0000] {processor.py:161} INFO - Started process (PID=7939) to work on /opt/airflow/dags/sec_edgar_dag.py
[2026-02-15T16:56:34.634+0000] {processor.py:830} INFO - Processing file /opt/airflow/dags/sec_edgar_dag.py for tasks to queue
[2026-02-15T16:56:34.636+0000] {logging_mixin.py:188} INFO - [2026-02-15T16:56:34.636+0000] {dagbag.py:538} INFO - Filling up the DagBag from /opt/airflow/dags/sec_edgar_dag.py
[2026-02-15T16:56:34.970+0000] {processor.py:840} INFO - DAG(s) 'sec_edgar_pipeline' retrieved from /opt/airflow/dags/sec_edgar_dag.py
[2026-02-15T16:56:35.012+0000] {logging_mixin.py:188} INFO - [2026-02-15T16:56:35.011+0000] {dag.py:3036} INFO - Sync 1 DAGs
[2026-02-15T16:56:35.048+0000] {logging_mixin.py:188} INFO - [2026-02-15T16:56:35.048+0000] {dag.py:3823} INFO - Setting next_dagrun for sec_edgar_pipeline to 2026-02-15 09:00:00+00:00, run_after=2026-02-16 09:00:00+00:00
[2026-02-15T16:56:35.132+0000] {processor.py:183} INFO - Processing /opt/airflow/dags/sec_edgar_dag.py took 0.504 seconds
[2026-02-15T16:57:05.223+0000] {processor.py:161} INFO - Started process (PID=7955) to work on /opt/airflow/dags/sec_edgar_dag.py
[2026-02-15T16:57:05.225+0000] {processor.py:830} INFO - Processing file /opt/airflow/dags/sec_edgar_dag.py for tasks to queue
[2026-02-15T16:57:05.226+0000] {logging_mixin.py:188} INFO - [2026-02-15T16:57:05.226+0000] {dagbag.py:538} INFO - Filling up the DagBag from /opt/airflow/dags/sec_edgar_dag.py
[2026-02-15T16:57:05.589+0000] {processor.py:840} INFO - DAG(s) 'sec_edgar_pipeline' retrieved from /opt/airflow/dags/sec_edgar_dag.py
[2026-02-15T16:57:05.626+0000] {logging_mixin.py:188} INFO - [2026-02-15T16:57:05.625+0000] {dag.py:3036} INFO - Sync 1 DAGs
[2026-02-15T16:57:05.664+0000] {logging_mixin.py:188} INFO - [2026-02-15T16:57:05.663+0000] {dag.py:3823} INFO - Setting next_dagrun for sec_edgar_pipeline to 2026-02-15 09:00:00+00:00, run_after=2026-02-16 09:00:00+00:00
[2026-02-15T16:57:05.749+0000] {processor.py:183} INFO - Processing /opt/airflow/dags/sec_edgar_dag.py took 0.531 seconds
[2026-02-15T16:57:35.972+0000] {processor.py:161} INFO - Started process (PID=7971) to work on /opt/airflow/dags/sec_edgar_dag.py
[2026-02-15T16:57:35.974+0000] {processor.py:830} INFO - Processing file /opt/airflow/dags/sec_edgar_dag.py for tasks to queue
[2026-02-15T16:57:35.976+0000] {logging_mixin.py:188} INFO - [2026-02-15T16:57:35.976+0000] {dagbag.py:538} INFO - Filling up the DagBag from /opt/airflow/dags/sec_edgar_dag.py
[2026-02-15T16:57:36.326+0000] {processor.py:840} INFO - DAG(s) 'sec_edgar_pipeline' retrieved from /opt/airflow/dags/sec_edgar_dag.py
[2026-02-15T16:57:36.378+0000] {logging_mixin.py:188} INFO - [2026-02-15T16:57:36.377+0000] {dag.py:3036} INFO - Sync 1 DAGs
[2026-02-15T16:57:36.420+0000] {logging_mixin.py:188} INFO - [2026-02-15T16:57:36.420+0000] {dag.py:3823} INFO - Setting next_dagrun for sec_edgar_pipeline to 2026-02-15 09:00:00+00:00, run_after=2026-02-16 09:00:00+00:00
[2026-02-15T16:57:36.505+0000] {processor.py:183} INFO - Processing /opt/airflow/dags/sec_edgar_dag.py took 0.538 seconds
[2026-02-15T16:58:07.282+0000] {processor.py:161} INFO - Started process (PID=7987) to work on /opt/airflow/dags/sec_edgar_dag.py
[2026-02-15T16:58:07.284+0000] {processor.py:830} INFO - Processing file /opt/airflow/dags/sec_edgar_dag.py for tasks to queue
[2026-02-15T16:58:07.286+0000] {logging_mixin.py:188} INFO - [2026-02-15T16:58:07.285+0000] {dagbag.py:538} INFO - Filling up the DagBag from /opt/airflow/dags/sec_edgar_dag.py
[2026-02-15T16:58:07.591+0000] {processor.py:840} INFO - DAG(s) 'sec_edgar_pipeline' retrieved from /opt/airflow/dags/sec_edgar_dag.py
[2026-02-15T16:58:07.627+0000] {logging_mixin.py:188} INFO - [2026-02-15T16:58:07.627+0000] {dag.py:3036} INFO - Sync 1 DAGs
[2026-02-15T16:58:07.670+0000] {logging_mixin.py:188} INFO - [2026-02-15T16:58:07.669+0000] {dag.py:3823} INFO - Setting next_dagrun for sec_edgar_pipeline to 2026-02-15 09:00:00+00:00, run_after=2026-02-16 09:00:00+00:00
[2026-02-15T16:58:07.757+0000] {processor.py:183} INFO - Processing /opt/airflow/dags/sec_edgar_dag.py took 0.479 seconds
[2026-02-15T16:58:37.990+0000] {processor.py:161} INFO - Started process (PID=8003) to work on /opt/airflow/dags/sec_edgar_dag.py
[2026-02-15T16:58:37.991+0000] {processor.py:830} INFO - Processing file /opt/airflow/dags/sec_edgar_dag.py for tasks to queue
[2026-02-15T16:58:37.993+0000] {logging_mixin.py:188} INFO - [2026-02-15T16:58:37.992+0000] {dagbag.py:538} INFO - Filling up the DagBag from /opt/airflow/dags/sec_edgar_dag.py
[2026-02-15T16:58:38.279+0000] {processor.py:840} INFO - DAG(s) 'sec_edgar_pipeline' retrieved from /opt/airflow/dags/sec_edgar_dag.py
[2026-02-15T16:58:38.319+0000] {logging_mixin.py:188} INFO - [2026-02-15T16:58:38.319+0000] {dag.py:3036} INFO - Sync 1 DAGs
[2026-02-15T16:58:38.353+0000] {logging_mixin.py:188} INFO - [2026-02-15T16:58:38.353+0000] {dag.py:3823} INFO - Setting next_dagrun for sec_edgar_pipeline to 2026-02-15 09:00:00+00:00, run_after=2026-02-16 09:00:00+00:00
[2026-02-15T16:58:38.434+0000] {processor.py:183} INFO - Processing /opt/airflow/dags/sec_edgar_dag.py took 0.448 seconds
[2026-02-15T16:59:08.531+0000] {processor.py:161} INFO - Started process (PID=8019) to work on /opt/airflow/dags/sec_edgar_dag.py
[2026-02-15T16:59:08.533+0000] {processor.py:830} INFO - Processing file /opt/airflow/dags/sec_edgar_dag.py for tasks to queue
[2026-02-15T16:59:08.535+0000] {logging_mixin.py:188} INFO - [2026-02-15T16:59:08.534+0000] {dagbag.py:538} INFO - Filling up the DagBag from /opt/airflow/dags/sec_edgar_dag.py
[2026-02-15T16:59:08.843+0000] {processor.py:840} INFO - DAG(s) 'sec_edgar_pipeline' retrieved from /opt/airflow/dags/sec_edgar_dag.py
[2026-02-15T16:59:08.886+0000] {logging_mixin.py:188} INFO - [2026-02-15T16:59:08.885+0000] {dag.py:3036} INFO - Sync 1 DAGs
[2026-02-15T16:59:08.925+0000] {logging_mixin.py:188} INFO - [2026-02-15T16:59:08.925+0000] {dag.py:3823} INFO - Setting next_dagrun for sec_edgar_pipeline to 2026-02-15 09:00:00+00:00, run_after=2026-02-16 09:00:00+00:00
[2026-02-15T16:59:09.007+0000] {processor.py:183} INFO - Processing /opt/airflow/dags/sec_edgar_dag.py took 0.480 seconds
[2026-02-15T16:59:39.836+0000] {processor.py:161} INFO - Started process (PID=8035) to work on /opt/airflow/dags/sec_edgar_dag.py
[2026-02-15T16:59:39.838+0000] {processor.py:830} INFO - Processing file /opt/airflow/dags/sec_edgar_dag.py for tasks to queue
[2026-02-15T16:59:39.839+0000] {logging_mixin.py:188} INFO - [2026-02-15T16:59:39.839+0000] {dagbag.py:538} INFO - Filling up the DagBag from /opt/airflow/dags/sec_edgar_dag.py
[2026-02-15T16:59:40.152+0000] {processor.py:840} INFO - DAG(s) 'sec_edgar_pipeline' retrieved from /opt/airflow/dags/sec_edgar_dag.py
[2026-02-15T16:59:40.186+0000] {logging_mixin.py:188} INFO - [2026-02-15T16:59:40.186+0000] {dag.py:3036} INFO - Sync 1 DAGs
[2026-02-15T16:59:40.220+0000] {logging_mixin.py:188} INFO - [2026-02-15T16:59:40.220+0000] {dag.py:3823} INFO - Setting next_dagrun for sec_edgar_pipeline to 2026-02-15 09:00:00+00:00, run_after=2026-02-16 09:00:00+00:00
[2026-02-15T16:59:40.300+0000] {processor.py:183} INFO - Processing /opt/airflow/dags/sec_edgar_dag.py took 0.468 seconds
[2026-02-15T17:00:10.640+0000] {processor.py:161} INFO - Started process (PID=8051) to work on /opt/airflow/dags/sec_edgar_dag.py
[2026-02-15T17:00:10.642+0000] {processor.py:830} INFO - Processing file /opt/airflow/dags/sec_edgar_dag.py for tasks to queue
[2026-02-15T17:00:10.643+0000] {logging_mixin.py:188} INFO - [2026-02-15T17:00:10.643+0000] {dagbag.py:538} INFO - Filling up the DagBag from /opt/airflow/dags/sec_edgar_dag.py
[2026-02-15T17:00:10.987+0000] {processor.py:840} INFO - DAG(s) 'sec_edgar_pipeline' retrieved from /opt/airflow/dags/sec_edgar_dag.py
[2026-02-15T17:00:11.028+0000] {logging_mixin.py:188} INFO - [2026-02-15T17:00:11.027+0000] {dag.py:3036} INFO - Sync 1 DAGs
[2026-02-15T17:00:11.076+0000] {logging_mixin.py:188} INFO - [2026-02-15T17:00:11.075+0000] {dag.py:3823} INFO - Setting next_dagrun for sec_edgar_pipeline to 2026-02-15 09:00:00+00:00, run_after=2026-02-16 09:00:00+00:00
[2026-02-15T17:00:11.115+0000] {processor.py:183} INFO - Processing /opt/airflow/dags/sec_edgar_dag.py took 0.480 seconds
[2026-02-15T17:00:41.931+0000] {processor.py:161} INFO - Started process (PID=8067) to work on /opt/airflow/dags/sec_edgar_dag.py
[2026-02-15T17:00:41.933+0000] {processor.py:830} INFO - Processing file /opt/airflow/dags/sec_edgar_dag.py for tasks to queue
[2026-02-15T17:00:41.934+0000] {logging_mixin.py:188} INFO - [2026-02-15T17:00:41.934+0000] {dagbag.py:538} INFO - Filling up the DagBag from /opt/airflow/dags/sec_edgar_dag.py
[2026-02-15T17:00:42.301+0000] {processor.py:840} INFO - DAG(s) 'sec_edgar_pipeline' retrieved from /opt/airflow/dags/sec_edgar_dag.py
[2026-02-15T17:00:42.344+0000] {logging_mixin.py:188} INFO - [2026-02-15T17:00:42.343+0000] {dag.py:3036} INFO - Sync 1 DAGs
[2026-02-15T17:00:42.386+0000] {logging_mixin.py:188} INFO - [2026-02-15T17:00:42.385+0000] {dag.py:3823} INFO - Setting next_dagrun for sec_edgar_pipeline to 2026-02-15 09:00:00+00:00, run_after=2026-02-16 09:00:00+00:00
[2026-02-15T17:00:42.469+0000] {processor.py:183} INFO - Processing /opt/airflow/dags/sec_edgar_dag.py took 0.543 seconds
[2026-02-15T17:01:12.608+0000] {processor.py:161} INFO - Started process (PID=8083) to work on /opt/airflow/dags/sec_edgar_dag.py
[2026-02-15T17:01:12.610+0000] {processor.py:830} INFO - Processing file /opt/airflow/dags/sec_edgar_dag.py for tasks to queue
[2026-02-15T17:01:12.612+0000] {logging_mixin.py:188} INFO - [2026-02-15T17:01:12.611+0000] {dagbag.py:538} INFO - Filling up the DagBag from /opt/airflow/dags/sec_edgar_dag.py
[2026-02-15T17:01:12.921+0000] {processor.py:840} INFO - DAG(s) 'sec_edgar_pipeline' retrieved from /opt/airflow/dags/sec_edgar_dag.py
[2026-02-15T17:01:12.965+0000] {logging_mixin.py:188} INFO - [2026-02-15T17:01:12.964+0000] {dag.py:3036} INFO - Sync 1 DAGs
[2026-02-15T17:01:13.002+0000] {logging_mixin.py:188} INFO - [2026-02-15T17:01:13.002+0000] {dag.py:3823} INFO - Setting next_dagrun for sec_edgar_pipeline to 2026-02-15 09:00:00+00:00, run_after=2026-02-16 09:00:00+00:00
[2026-02-15T17:01:13.086+0000] {processor.py:183} INFO - Processing /opt/airflow/dags/sec_edgar_dag.py took 0.482 seconds
[2026-02-15T17:01:43.207+0000] {processor.py:161} INFO - Started process (PID=8099) to work on /opt/airflow/dags/sec_edgar_dag.py
[2026-02-15T17:01:43.210+0000] {processor.py:830} INFO - Processing file /opt/airflow/dags/sec_edgar_dag.py for tasks to queue
[2026-02-15T17:01:43.211+0000] {logging_mixin.py:188} INFO - [2026-02-15T17:01:43.211+0000] {dagbag.py:538} INFO - Filling up the DagBag from /opt/airflow/dags/sec_edgar_dag.py
[2026-02-15T17:01:43.560+0000] {processor.py:840} INFO - DAG(s) 'sec_edgar_pipeline' retrieved from /opt/airflow/dags/sec_edgar_dag.py
[2026-02-15T17:01:43.609+0000] {logging_mixin.py:188} INFO - [2026-02-15T17:01:43.609+0000] {dag.py:3036} INFO - Sync 1 DAGs
[2026-02-15T17:01:43.649+0000] {logging_mixin.py:188} INFO - [2026-02-15T17:01:43.648+0000] {dag.py:3823} INFO - Setting next_dagrun for sec_edgar_pipeline to 2026-02-15 09:00:00+00:00, run_after=2026-02-16 09:00:00+00:00
[2026-02-15T17:01:43.732+0000] {processor.py:183} INFO - Processing /opt/airflow/dags/sec_edgar_dag.py took 0.529 seconds
[2026-02-15T17:02:14.187+0000] {processor.py:161} INFO - Started process (PID=8115) to work on /opt/airflow/dags/sec_edgar_dag.py
[2026-02-15T17:02:14.189+0000] {processor.py:830} INFO - Processing file /opt/airflow/dags/sec_edgar_dag.py for tasks to queue
[2026-02-15T17:02:14.191+0000] {logging_mixin.py:188} INFO - [2026-02-15T17:02:14.190+0000] {dagbag.py:538} INFO - Filling up the DagBag from /opt/airflow/dags/sec_edgar_dag.py
[2026-02-15T17:02:14.514+0000] {processor.py:840} INFO - DAG(s) 'sec_edgar_pipeline' retrieved from /opt/airflow/dags/sec_edgar_dag.py
[2026-02-15T17:02:14.551+0000] {logging_mixin.py:188} INFO - [2026-02-15T17:02:14.550+0000] {dag.py:3036} INFO - Sync 1 DAGs
[2026-02-15T17:02:14.582+0000] {logging_mixin.py:188} INFO - [2026-02-15T17:02:14.582+0000] {dag.py:3823} INFO - Setting next_dagrun for sec_edgar_pipeline to 2026-02-15 09:00:00+00:00, run_after=2026-02-16 09:00:00+00:00
[2026-02-15T17:02:14.668+0000] {processor.py:183} INFO - Processing /opt/airflow/dags/sec_edgar_dag.py took 0.485 seconds
[2026-02-15T17:02:44.900+0000] {processor.py:161} INFO - Started process (PID=8131) to work on /opt/airflow/dags/sec_edgar_dag.py
[2026-02-15T17:02:44.901+0000] {processor.py:830} INFO - Processing file /opt/airflow/dags/sec_edgar_dag.py for tasks to queue
[2026-02-15T17:02:44.903+0000] {logging_mixin.py:188} INFO - [2026-02-15T17:02:44.903+0000] {dagbag.py:538} INFO - Filling up the DagBag from /opt/airflow/dags/sec_edgar_dag.py
[2026-02-15T17:02:45.223+0000] {processor.py:840} INFO - DAG(s) 'sec_edgar_pipeline' retrieved from /opt/airflow/dags/sec_edgar_dag.py
[2026-02-15T17:02:45.268+0000] {logging_mixin.py:188} INFO - [2026-02-15T17:02:45.267+0000] {dag.py:3036} INFO - Sync 1 DAGs
[2026-02-15T17:02:45.306+0000] {logging_mixin.py:188} INFO - [2026-02-15T17:02:45.306+0000] {dag.py:3823} INFO - Setting next_dagrun for sec_edgar_pipeline to 2026-02-15 09:00:00+00:00, run_after=2026-02-16 09:00:00+00:00
[2026-02-15T17:02:45.390+0000] {processor.py:183} INFO - Processing /opt/airflow/dags/sec_edgar_dag.py took 0.495 seconds
[2026-02-15T17:03:16.217+0000] {processor.py:161} INFO - Started process (PID=8153) to work on /opt/airflow/dags/sec_edgar_dag.py
[2026-02-15T17:03:16.219+0000] {processor.py:830} INFO - Processing file /opt/airflow/dags/sec_edgar_dag.py for tasks to queue
[2026-02-15T17:03:16.221+0000] {logging_mixin.py:188} INFO - [2026-02-15T17:03:16.220+0000] {dagbag.py:538} INFO - Filling up the DagBag from /opt/airflow/dags/sec_edgar_dag.py
[2026-02-15T17:03:16.528+0000] {processor.py:840} INFO - DAG(s) 'sec_edgar_pipeline' retrieved from /opt/airflow/dags/sec_edgar_dag.py
[2026-02-15T17:03:16.566+0000] {logging_mixin.py:188} INFO - [2026-02-15T17:03:16.566+0000] {dag.py:3036} INFO - Sync 1 DAGs
[2026-02-15T17:03:16.602+0000] {logging_mixin.py:188} INFO - [2026-02-15T17:03:16.601+0000] {dag.py:3823} INFO - Setting next_dagrun for sec_edgar_pipeline to 2026-02-15 09:00:00+00:00, run_after=2026-02-16 09:00:00+00:00
[2026-02-15T17:03:16.673+0000] {processor.py:183} INFO - Processing /opt/airflow/dags/sec_edgar_dag.py took 0.462 seconds
[2026-02-15T17:03:46.860+0000] {processor.py:161} INFO - Started process (PID=8169) to work on /opt/airflow/dags/sec_edgar_dag.py
[2026-02-15T17:03:46.862+0000] {processor.py:830} INFO - Processing file /opt/airflow/dags/sec_edgar_dag.py for tasks to queue
[2026-02-15T17:03:46.865+0000] {logging_mixin.py:188} INFO - [2026-02-15T17:03:46.864+0000] {dagbag.py:538} INFO - Filling up the DagBag from /opt/airflow/dags/sec_edgar_dag.py
[2026-02-15T17:03:47.196+0000] {processor.py:840} INFO - DAG(s) 'sec_edgar_pipeline' retrieved from /opt/airflow/dags/sec_edgar_dag.py
[2026-02-15T17:03:47.239+0000] {logging_mixin.py:188} INFO - [2026-02-15T17:03:47.238+0000] {dag.py:3036} INFO - Sync 1 DAGs
[2026-02-15T17:03:47.279+0000] {logging_mixin.py:188} INFO - [2026-02-15T17:03:47.278+0000] {dag.py:3823} INFO - Setting next_dagrun for sec_edgar_pipeline to 2026-02-15 09:00:00+00:00, run_after=2026-02-16 09:00:00+00:00
[2026-02-15T17:03:47.364+0000] {processor.py:183} INFO - Processing /opt/airflow/dags/sec_edgar_dag.py took 0.508 seconds
[2026-02-15T17:04:18.172+0000] {processor.py:161} INFO - Started process (PID=8185) to work on /opt/airflow/dags/sec_edgar_dag.py
[2026-02-15T17:04:18.174+0000] {processor.py:830} INFO - Processing file /opt/airflow/dags/sec_edgar_dag.py for tasks to queue
[2026-02-15T17:04:18.175+0000] {logging_mixin.py:188} INFO - [2026-02-15T17:04:18.175+0000] {dagbag.py:538} INFO - Filling up the DagBag from /opt/airflow/dags/sec_edgar_dag.py
[2026-02-15T17:04:18.501+0000] {processor.py:840} INFO - DAG(s) 'sec_edgar_pipeline' retrieved from /opt/airflow/dags/sec_edgar_dag.py
[2026-02-15T17:04:18.549+0000] {logging_mixin.py:188} INFO - [2026-02-15T17:04:18.548+0000] {dag.py:3036} INFO - Sync 1 DAGs
[2026-02-15T17:04:18.585+0000] {logging_mixin.py:188} INFO - [2026-02-15T17:04:18.584+0000] {dag.py:3823} INFO - Setting next_dagrun for sec_edgar_pipeline to 2026-02-15 09:00:00+00:00, run_after=2026-02-16 09:00:00+00:00
[2026-02-15T17:04:18.669+0000] {processor.py:183} INFO - Processing /opt/airflow/dags/sec_edgar_dag.py took 0.501 seconds
[2026-02-15T17:04:48.920+0000] {processor.py:161} INFO - Started process (PID=8201) to work on /opt/airflow/dags/sec_edgar_dag.py
[2026-02-15T17:04:48.922+0000] {processor.py:830} INFO - Processing file /opt/airflow/dags/sec_edgar_dag.py for tasks to queue
[2026-02-15T17:04:48.923+0000] {logging_mixin.py:188} INFO - [2026-02-15T17:04:48.923+0000] {dagbag.py:538} INFO - Filling up the DagBag from /opt/airflow/dags/sec_edgar_dag.py
[2026-02-15T17:04:49.229+0000] {processor.py:840} INFO - DAG(s) 'sec_edgar_pipeline' retrieved from /opt/airflow/dags/sec_edgar_dag.py
[2026-02-15T17:04:49.277+0000] {logging_mixin.py:188} INFO - [2026-02-15T17:04:49.276+0000] {dag.py:3036} INFO - Sync 1 DAGs
[2026-02-15T17:04:49.315+0000] {logging_mixin.py:188} INFO - [2026-02-15T17:04:49.315+0000] {dag.py:3823} INFO - Setting next_dagrun for sec_edgar_pipeline to 2026-02-15 09:00:00+00:00, run_after=2026-02-16 09:00:00+00:00
[2026-02-15T17:04:49.405+0000] {processor.py:183} INFO - Processing /opt/airflow/dags/sec_edgar_dag.py took 0.491 seconds
[2026-02-15T17:05:19.512+0000] {processor.py:161} INFO - Started process (PID=8217) to work on /opt/airflow/dags/sec_edgar_dag.py
[2026-02-15T17:05:19.514+0000] {processor.py:830} INFO - Processing file /opt/airflow/dags/sec_edgar_dag.py for tasks to queue
[2026-02-15T17:05:19.516+0000] {logging_mixin.py:188} INFO - [2026-02-15T17:05:19.515+0000] {dagbag.py:538} INFO - Filling up the DagBag from /opt/airflow/dags/sec_edgar_dag.py
[2026-02-15T17:05:19.861+0000] {processor.py:840} INFO - DAG(s) 'sec_edgar_pipeline' retrieved from /opt/airflow/dags/sec_edgar_dag.py
[2026-02-15T17:05:19.901+0000] {logging_mixin.py:188} INFO - [2026-02-15T17:05:19.900+0000] {dag.py:3036} INFO - Sync 1 DAGs
[2026-02-15T17:05:19.938+0000] {logging_mixin.py:188} INFO - [2026-02-15T17:05:19.938+0000] {dag.py:3823} INFO - Setting next_dagrun for sec_edgar_pipeline to 2026-02-15 09:00:00+00:00, run_after=2026-02-16 09:00:00+00:00
[2026-02-15T17:05:20.022+0000] {processor.py:183} INFO - Processing /opt/airflow/dags/sec_edgar_dag.py took 0.515 seconds
[2026-02-15T17:05:50.849+0000] {processor.py:161} INFO - Started process (PID=8233) to work on /opt/airflow/dags/sec_edgar_dag.py
[2026-02-15T17:05:50.851+0000] {processor.py:830} INFO - Processing file /opt/airflow/dags/sec_edgar_dag.py for tasks to queue
[2026-02-15T17:05:50.852+0000] {logging_mixin.py:188} INFO - [2026-02-15T17:05:50.852+0000] {dagbag.py:538} INFO - Filling up the DagBag from /opt/airflow/dags/sec_edgar_dag.py
[2026-02-15T17:05:51.182+0000] {processor.py:840} INFO - DAG(s) 'sec_edgar_pipeline' retrieved from /opt/airflow/dags/sec_edgar_dag.py
[2026-02-15T17:05:51.265+0000] {logging_mixin.py:188} INFO - [2026-02-15T17:05:51.264+0000] {dag.py:3036} INFO - Sync 1 DAGs
[2026-02-15T17:05:51.310+0000] {logging_mixin.py:188} INFO - [2026-02-15T17:05:51.309+0000] {dag.py:3823} INFO - Setting next_dagrun for sec_edgar_pipeline to 2026-02-15 09:00:00+00:00, run_after=2026-02-16 09:00:00+00:00
[2026-02-15T17:05:51.394+0000] {processor.py:183} INFO - Processing /opt/airflow/dags/sec_edgar_dag.py took 0.550 seconds
[2026-02-15T17:06:21.588+0000] {processor.py:161} INFO - Started process (PID=8250) to work on /opt/airflow/dags/sec_edgar_dag.py
[2026-02-15T17:06:21.590+0000] {processor.py:830} INFO - Processing file /opt/airflow/dags/sec_edgar_dag.py for tasks to queue
[2026-02-15T17:06:21.592+0000] {logging_mixin.py:188} INFO - [2026-02-15T17:06:21.591+0000] {dagbag.py:538} INFO - Filling up the DagBag from /opt/airflow/dags/sec_edgar_dag.py
[2026-02-15T17:06:21.985+0000] {processor.py:840} INFO - DAG(s) 'sec_edgar_pipeline' retrieved from /opt/airflow/dags/sec_edgar_dag.py
[2026-02-15T17:06:22.039+0000] {logging_mixin.py:188} INFO - [2026-02-15T17:06:22.038+0000] {dag.py:3036} INFO - Sync 1 DAGs
[2026-02-15T17:06:22.084+0000] {logging_mixin.py:188} INFO - [2026-02-15T17:06:22.083+0000] {dag.py:3823} INFO - Setting next_dagrun for sec_edgar_pipeline to 2026-02-15 09:00:00+00:00, run_after=2026-02-16 09:00:00+00:00
[2026-02-15T17:06:22.169+0000] {processor.py:183} INFO - Processing /opt/airflow/dags/sec_edgar_dag.py took 0.586 seconds
[2026-02-15T17:06:52.844+0000] {processor.py:161} INFO - Started process (PID=8266) to work on /opt/airflow/dags/sec_edgar_dag.py
[2026-02-15T17:06:52.846+0000] {processor.py:830} INFO - Processing file /opt/airflow/dags/sec_edgar_dag.py for tasks to queue
[2026-02-15T17:06:52.848+0000] {logging_mixin.py:188} INFO - [2026-02-15T17:06:52.847+0000] {dagbag.py:538} INFO - Filling up the DagBag from /opt/airflow/dags/sec_edgar_dag.py
[2026-02-15T17:06:53.156+0000] {processor.py:840} INFO - DAG(s) 'sec_edgar_pipeline' retrieved from /opt/airflow/dags/sec_edgar_dag.py
[2026-02-15T17:06:53.193+0000] {logging_mixin.py:188} INFO - [2026-02-15T17:06:53.192+0000] {dag.py:3036} INFO - Sync 1 DAGs
[2026-02-15T17:06:53.224+0000] {logging_mixin.py:188} INFO - [2026-02-15T17:06:53.224+0000] {dag.py:3823} INFO - Setting next_dagrun for sec_edgar_pipeline to 2026-02-15 09:00:00+00:00, run_after=2026-02-16 09:00:00+00:00
[2026-02-15T17:06:53.251+0000] {processor.py:183} INFO - Processing /opt/airflow/dags/sec_edgar_dag.py took 0.411 seconds
[2026-02-15T17:07:23.351+0000] {processor.py:161} INFO - Started process (PID=8282) to work on /opt/airflow/dags/sec_edgar_dag.py
[2026-02-15T17:07:23.352+0000] {processor.py:830} INFO - Processing file /opt/airflow/dags/sec_edgar_dag.py for tasks to queue
[2026-02-15T17:07:23.354+0000] {logging_mixin.py:188} INFO - [2026-02-15T17:07:23.353+0000] {dagbag.py:538} INFO - Filling up the DagBag from /opt/airflow/dags/sec_edgar_dag.py
[2026-02-15T17:07:23.645+0000] {processor.py:840} INFO - DAG(s) 'sec_edgar_pipeline' retrieved from /opt/airflow/dags/sec_edgar_dag.py
[2026-02-15T17:07:23.681+0000] {logging_mixin.py:188} INFO - [2026-02-15T17:07:23.681+0000] {dag.py:3036} INFO - Sync 1 DAGs
[2026-02-15T17:07:23.720+0000] {logging_mixin.py:188} INFO - [2026-02-15T17:07:23.720+0000] {dag.py:3823} INFO - Setting next_dagrun for sec_edgar_pipeline to 2026-02-15 09:00:00+00:00, run_after=2026-02-16 09:00:00+00:00
[2026-02-15T17:07:23.799+0000] {processor.py:183} INFO - Processing /opt/airflow/dags/sec_edgar_dag.py took 0.454 seconds
[2026-02-15T17:07:53.897+0000] {processor.py:161} INFO - Started process (PID=8298) to work on /opt/airflow/dags/sec_edgar_dag.py
[2026-02-15T17:07:53.899+0000] {processor.py:830} INFO - Processing file /opt/airflow/dags/sec_edgar_dag.py for tasks to queue
[2026-02-15T17:07:53.901+0000] {logging_mixin.py:188} INFO - [2026-02-15T17:07:53.901+0000] {dagbag.py:538} INFO - Filling up the DagBag from /opt/airflow/dags/sec_edgar_dag.py
[2026-02-15T17:07:54.226+0000] {processor.py:840} INFO - DAG(s) 'sec_edgar_pipeline' retrieved from /opt/airflow/dags/sec_edgar_dag.py
[2026-02-15T17:07:54.268+0000] {logging_mixin.py:188} INFO - [2026-02-15T17:07:54.267+0000] {dag.py:3036} INFO - Sync 1 DAGs
[2026-02-15T17:07:54.312+0000] {logging_mixin.py:188} INFO - [2026-02-15T17:07:54.311+0000] {dag.py:3823} INFO - Setting next_dagrun for sec_edgar_pipeline to 2026-02-15 09:00:00+00:00, run_after=2026-02-16 09:00:00+00:00
[2026-02-15T17:07:54.395+0000] {processor.py:183} INFO - Processing /opt/airflow/dags/sec_edgar_dag.py took 0.502 seconds
[2026-02-15T17:08:25.220+0000] {processor.py:161} INFO - Started process (PID=8314) to work on /opt/airflow/dags/sec_edgar_dag.py
[2026-02-15T17:08:25.222+0000] {processor.py:830} INFO - Processing file /opt/airflow/dags/sec_edgar_dag.py for tasks to queue
[2026-02-15T17:08:25.223+0000] {logging_mixin.py:188} INFO - [2026-02-15T17:08:25.223+0000] {dagbag.py:538} INFO - Filling up the DagBag from /opt/airflow/dags/sec_edgar_dag.py
[2026-02-15T17:08:25.535+0000] {processor.py:840} INFO - DAG(s) 'sec_edgar_pipeline' retrieved from /opt/airflow/dags/sec_edgar_dag.py
[2026-02-15T17:08:25.570+0000] {logging_mixin.py:188} INFO - [2026-02-15T17:08:25.569+0000] {dag.py:3036} INFO - Sync 1 DAGs
[2026-02-15T17:08:25.604+0000] {logging_mixin.py:188} INFO - [2026-02-15T17:08:25.603+0000] {dag.py:3823} INFO - Setting next_dagrun for sec_edgar_pipeline to 2026-02-15 09:00:00+00:00, run_after=2026-02-16 09:00:00+00:00
[2026-02-15T17:08:25.683+0000] {processor.py:183} INFO - Processing /opt/airflow/dags/sec_edgar_dag.py took 0.468 seconds
[2026-02-15T17:08:55.937+0000] {processor.py:161} INFO - Started process (PID=8330) to work on /opt/airflow/dags/sec_edgar_dag.py
[2026-02-15T17:08:55.938+0000] {processor.py:830} INFO - Processing file /opt/airflow/dags/sec_edgar_dag.py for tasks to queue
[2026-02-15T17:08:55.940+0000] {logging_mixin.py:188} INFO - [2026-02-15T17:08:55.940+0000] {dagbag.py:538} INFO - Filling up the DagBag from /opt/airflow/dags/sec_edgar_dag.py
[2026-02-15T17:08:56.259+0000] {processor.py:840} INFO - DAG(s) 'sec_edgar_pipeline' retrieved from /opt/airflow/dags/sec_edgar_dag.py
[2026-02-15T17:08:56.302+0000] {logging_mixin.py:188} INFO - [2026-02-15T17:08:56.301+0000] {dag.py:3036} INFO - Sync 1 DAGs
[2026-02-15T17:08:56.344+0000] {logging_mixin.py:188} INFO - [2026-02-15T17:08:56.343+0000] {dag.py:3823} INFO - Setting next_dagrun for sec_edgar_pipeline to 2026-02-15 09:00:00+00:00, run_after=2026-02-16 09:00:00+00:00
[2026-02-15T17:08:56.428+0000] {processor.py:183} INFO - Processing /opt/airflow/dags/sec_edgar_dag.py took 0.496 seconds
[2026-02-15T17:09:27.258+0000] {processor.py:161} INFO - Started process (PID=8346) to work on /opt/airflow/dags/sec_edgar_dag.py
[2026-02-15T17:09:27.260+0000] {processor.py:830} INFO - Processing file /opt/airflow/dags/sec_edgar_dag.py for tasks to queue
[2026-02-15T17:09:27.262+0000] {logging_mixin.py:188} INFO - [2026-02-15T17:09:27.262+0000] {dagbag.py:538} INFO - Filling up the DagBag from /opt/airflow/dags/sec_edgar_dag.py
[2026-02-15T17:09:27.598+0000] {processor.py:840} INFO - DAG(s) 'sec_edgar_pipeline' retrieved from /opt/airflow/dags/sec_edgar_dag.py
[2026-02-15T17:09:27.638+0000] {logging_mixin.py:188} INFO - [2026-02-15T17:09:27.637+0000] {dag.py:3036} INFO - Sync 1 DAGs
[2026-02-15T17:09:27.671+0000] {logging_mixin.py:188} INFO - [2026-02-15T17:09:27.670+0000] {dag.py:3823} INFO - Setting next_dagrun for sec_edgar_pipeline to 2026-02-15 09:00:00+00:00, run_after=2026-02-16 09:00:00+00:00
[2026-02-15T17:09:27.753+0000] {processor.py:183} INFO - Processing /opt/airflow/dags/sec_edgar_dag.py took 0.500 seconds
[2026-02-15T17:09:57.970+0000] {processor.py:161} INFO - Started process (PID=8362) to work on /opt/airflow/dags/sec_edgar_dag.py
[2026-02-15T17:09:57.972+0000] {processor.py:830} INFO - Processing file /opt/airflow/dags/sec_edgar_dag.py for tasks to queue
[2026-02-15T17:09:57.974+0000] {logging_mixin.py:188} INFO - [2026-02-15T17:09:57.973+0000] {dagbag.py:538} INFO - Filling up the DagBag from /opt/airflow/dags/sec_edgar_dag.py
[2026-02-15T17:09:58.270+0000] {processor.py:840} INFO - DAG(s) 'sec_edgar_pipeline' retrieved from /opt/airflow/dags/sec_edgar_dag.py
[2026-02-15T17:09:58.308+0000] {logging_mixin.py:188} INFO - [2026-02-15T17:09:58.307+0000] {dag.py:3036} INFO - Sync 1 DAGs
[2026-02-15T17:09:58.345+0000] {logging_mixin.py:188} INFO - [2026-02-15T17:09:58.344+0000] {dag.py:3823} INFO - Setting next_dagrun for sec_edgar_pipeline to 2026-02-15 09:00:00+00:00, run_after=2026-02-16 09:00:00+00:00
[2026-02-15T17:09:58.427+0000] {processor.py:183} INFO - Processing /opt/airflow/dags/sec_edgar_dag.py took 0.462 seconds
[2026-02-15T17:10:28.516+0000] {processor.py:161} INFO - Started process (PID=8378) to work on /opt/airflow/dags/sec_edgar_dag.py
[2026-02-15T17:10:28.518+0000] {processor.py:830} INFO - Processing file /opt/airflow/dags/sec_edgar_dag.py for tasks to queue
[2026-02-15T17:10:28.520+0000] {logging_mixin.py:188} INFO - [2026-02-15T17:10:28.519+0000] {dagbag.py:538} INFO - Filling up the DagBag from /opt/airflow/dags/sec_edgar_dag.py
[2026-02-15T17:10:28.832+0000] {processor.py:840} INFO - DAG(s) 'sec_edgar_pipeline' retrieved from /opt/airflow/dags/sec_edgar_dag.py
[2026-02-15T17:10:28.870+0000] {logging_mixin.py:188} INFO - [2026-02-15T17:10:28.869+0000] {dag.py:3036} INFO - Sync 1 DAGs
[2026-02-15T17:10:28.909+0000] {logging_mixin.py:188} INFO - [2026-02-15T17:10:28.908+0000] {dag.py:3823} INFO - Setting next_dagrun for sec_edgar_pipeline to 2026-02-15 09:00:00+00:00, run_after=2026-02-16 09:00:00+00:00
[2026-02-15T17:10:28.993+0000] {processor.py:183} INFO - Processing /opt/airflow/dags/sec_edgar_dag.py took 0.481 seconds
[2026-02-15T17:10:59.838+0000] {processor.py:161} INFO - Started process (PID=8394) to work on /opt/airflow/dags/sec_edgar_dag.py
[2026-02-15T17:10:59.840+0000] {processor.py:830} INFO - Processing file /opt/airflow/dags/sec_edgar_dag.py for tasks to queue
[2026-02-15T17:10:59.842+0000] {logging_mixin.py:188} INFO - [2026-02-15T17:10:59.841+0000] {dagbag.py:538} INFO - Filling up the DagBag from /opt/airflow/dags/sec_edgar_dag.py
[2026-02-15T17:11:00.180+0000] {processor.py:840} INFO - DAG(s) 'sec_edgar_pipeline' retrieved from /opt/airflow/dags/sec_edgar_dag.py
[2026-02-15T17:11:00.224+0000] {logging_mixin.py:188} INFO - [2026-02-15T17:11:00.223+0000] {dag.py:3036} INFO - Sync 1 DAGs
[2026-02-15T17:11:00.268+0000] {logging_mixin.py:188} INFO - [2026-02-15T17:11:00.267+0000] {dag.py:3823} INFO - Setting next_dagrun for sec_edgar_pipeline to 2026-02-15 09:00:00+00:00, run_after=2026-02-16 09:00:00+00:00
[2026-02-15T17:11:00.355+0000] {processor.py:183} INFO - Processing /opt/airflow/dags/sec_edgar_dag.py took 0.522 seconds
[2026-02-15T17:11:30.538+0000] {processor.py:161} INFO - Started process (PID=8410) to work on /opt/airflow/dags/sec_edgar_dag.py
[2026-02-15T17:11:30.540+0000] {processor.py:830} INFO - Processing file /opt/airflow/dags/sec_edgar_dag.py for tasks to queue
[2026-02-15T17:11:30.542+0000] {logging_mixin.py:188} INFO - [2026-02-15T17:11:30.541+0000] {dagbag.py:538} INFO - Filling up the DagBag from /opt/airflow/dags/sec_edgar_dag.py
[2026-02-15T17:11:30.844+0000] {processor.py:840} INFO - DAG(s) 'sec_edgar_pipeline' retrieved from /opt/airflow/dags/sec_edgar_dag.py
[2026-02-15T17:11:30.884+0000] {logging_mixin.py:188} INFO - [2026-02-15T17:11:30.884+0000] {dag.py:3036} INFO - Sync 1 DAGs
[2026-02-15T17:11:30.925+0000] {logging_mixin.py:188} INFO - [2026-02-15T17:11:30.924+0000] {dag.py:3823} INFO - Setting next_dagrun for sec_edgar_pipeline to 2026-02-15 09:00:00+00:00, run_after=2026-02-16 09:00:00+00:00
[2026-02-15T17:11:31.008+0000] {processor.py:183} INFO - Processing /opt/airflow/dags/sec_edgar_dag.py took 0.474 seconds
[2026-02-15T17:12:01.155+0000] {processor.py:161} INFO - Started process (PID=8427) to work on /opt/airflow/dags/sec_edgar_dag.py
[2026-02-15T17:12:01.157+0000] {processor.py:830} INFO - Processing file /opt/airflow/dags/sec_edgar_dag.py for tasks to queue
[2026-02-15T17:12:01.159+0000] {logging_mixin.py:188} INFO - [2026-02-15T17:12:01.158+0000] {dagbag.py:538} INFO - Filling up the DagBag from /opt/airflow/dags/sec_edgar_dag.py
[2026-02-15T17:12:01.484+0000] {processor.py:840} INFO - DAG(s) 'sec_edgar_pipeline' retrieved from /opt/airflow/dags/sec_edgar_dag.py
[2026-02-15T17:12:01.524+0000] {logging_mixin.py:188} INFO - [2026-02-15T17:12:01.523+0000] {dag.py:3036} INFO - Sync 1 DAGs
[2026-02-15T17:12:01.560+0000] {logging_mixin.py:188} INFO - [2026-02-15T17:12:01.560+0000] {dag.py:3823} INFO - Setting next_dagrun for sec_edgar_pipeline to 2026-02-15 09:00:00+00:00, run_after=2026-02-16 09:00:00+00:00
[2026-02-15T17:12:01.597+0000] {processor.py:183} INFO - Processing /opt/airflow/dags/sec_edgar_dag.py took 0.446 seconds
[2026-02-15T17:12:31.718+0000] {processor.py:161} INFO - Started process (PID=8443) to work on /opt/airflow/dags/sec_edgar_dag.py
[2026-02-15T17:12:31.720+0000] {processor.py:830} INFO - Processing file /opt/airflow/dags/sec_edgar_dag.py for tasks to queue
[2026-02-15T17:12:31.722+0000] {logging_mixin.py:188} INFO - [2026-02-15T17:12:31.721+0000] {dagbag.py:538} INFO - Filling up the DagBag from /opt/airflow/dags/sec_edgar_dag.py
[2026-02-15T17:12:32.049+0000] {processor.py:840} INFO - DAG(s) 'sec_edgar_pipeline' retrieved from /opt/airflow/dags/sec_edgar_dag.py
[2026-02-15T17:12:32.088+0000] {logging_mixin.py:188} INFO - [2026-02-15T17:12:32.087+0000] {dag.py:3036} INFO - Sync 1 DAGs
[2026-02-15T17:12:32.124+0000] {logging_mixin.py:188} INFO - [2026-02-15T17:12:32.124+0000] {dag.py:3823} INFO - Setting next_dagrun for sec_edgar_pipeline to 2026-02-15 09:00:00+00:00, run_after=2026-02-16 09:00:00+00:00
[2026-02-15T17:12:32.206+0000] {processor.py:183} INFO - Processing /opt/airflow/dags/sec_edgar_dag.py took 0.495 seconds
[2026-02-15T17:13:03.061+0000] {processor.py:161} INFO - Started process (PID=8459) to work on /opt/airflow/dags/sec_edgar_dag.py
[2026-02-15T17:13:03.063+0000] {processor.py:830} INFO - Processing file /opt/airflow/dags/sec_edgar_dag.py for tasks to queue
[2026-02-15T17:13:03.065+0000] {logging_mixin.py:188} INFO - [2026-02-15T17:13:03.064+0000] {dagbag.py:538} INFO - Filling up the DagBag from /opt/airflow/dags/sec_edgar_dag.py
[2026-02-15T17:13:03.421+0000] {processor.py:840} INFO - DAG(s) 'sec_edgar_pipeline' retrieved from /opt/airflow/dags/sec_edgar_dag.py
[2026-02-15T17:13:03.461+0000] {logging_mixin.py:188} INFO - [2026-02-15T17:13:03.461+0000] {dag.py:3036} INFO - Sync 1 DAGs
[2026-02-15T17:13:05.093+0000] {logging_mixin.py:188} INFO - [2026-02-15T17:13:05.093+0000] {dag.py:3823} INFO - Setting next_dagrun for sec_edgar_pipeline to 2026-02-15 09:00:00+00:00, run_after=2026-02-16 09:00:00+00:00
[2026-02-15T17:13:05.170+0000] {processor.py:183} INFO - Processing /opt/airflow/dags/sec_edgar_dag.py took 2.115 seconds
[2026-02-15T17:13:35.529+0000] {processor.py:161} INFO - Started process (PID=8475) to work on /opt/airflow/dags/sec_edgar_dag.py
[2026-02-15T17:13:35.531+0000] {processor.py:830} INFO - Processing file /opt/airflow/dags/sec_edgar_dag.py for tasks to queue
[2026-02-15T17:13:35.533+0000] {logging_mixin.py:188} INFO - [2026-02-15T17:13:35.532+0000] {dagbag.py:538} INFO - Filling up the DagBag from /opt/airflow/dags/sec_edgar_dag.py
[2026-02-15T17:13:35.853+0000] {processor.py:840} INFO - DAG(s) 'sec_edgar_pipeline' retrieved from /opt/airflow/dags/sec_edgar_dag.py
[2026-02-15T17:13:35.896+0000] {logging_mixin.py:188} INFO - [2026-02-15T17:13:35.895+0000] {dag.py:3036} INFO - Sync 1 DAGs
[2026-02-15T17:13:35.935+0000] {logging_mixin.py:188} INFO - [2026-02-15T17:13:35.935+0000] {dag.py:3823} INFO - Setting next_dagrun for sec_edgar_pipeline to 2026-02-15 09:00:00+00:00, run_after=2026-02-16 09:00:00+00:00
[2026-02-15T17:13:36.019+0000] {processor.py:183} INFO - Processing /opt/airflow/dags/sec_edgar_dag.py took 0.495 seconds
[2026-02-15T17:14:06.110+0000] {processor.py:161} INFO - Started process (PID=8491) to work on /opt/airflow/dags/sec_edgar_dag.py
[2026-02-15T17:14:06.112+0000] {processor.py:830} INFO - Processing file /opt/airflow/dags/sec_edgar_dag.py for tasks to queue
[2026-02-15T17:14:06.113+0000] {logging_mixin.py:188} INFO - [2026-02-15T17:14:06.113+0000] {dagbag.py:538} INFO - Filling up the DagBag from /opt/airflow/dags/sec_edgar_dag.py
[2026-02-15T17:14:06.408+0000] {processor.py:840} INFO - DAG(s) 'sec_edgar_pipeline' retrieved from /opt/airflow/dags/sec_edgar_dag.py
[2026-02-15T17:14:06.450+0000] {logging_mixin.py:188} INFO - [2026-02-15T17:14:06.449+0000] {dag.py:3036} INFO - Sync 1 DAGs
[2026-02-15T17:14:06.873+0000] {logging_mixin.py:188} INFO - [2026-02-15T17:14:06.872+0000] {dag.py:3823} INFO - Setting next_dagrun for sec_edgar_pipeline to 2026-02-15 09:00:00+00:00, run_after=2026-02-16 09:00:00+00:00
[2026-02-15T17:14:06.931+0000] {processor.py:183} INFO - Processing /opt/airflow/dags/sec_edgar_dag.py took 0.826 seconds
[2026-02-15T17:14:37.287+0000] {processor.py:161} INFO - Started process (PID=8507) to work on /opt/airflow/dags/sec_edgar_dag.py
[2026-02-15T17:14:37.289+0000] {processor.py:830} INFO - Processing file /opt/airflow/dags/sec_edgar_dag.py for tasks to queue
[2026-02-15T17:14:37.291+0000] {logging_mixin.py:188} INFO - [2026-02-15T17:14:37.290+0000] {dagbag.py:538} INFO - Filling up the DagBag from /opt/airflow/dags/sec_edgar_dag.py
[2026-02-15T17:14:37.604+0000] {processor.py:840} INFO - DAG(s) 'sec_edgar_pipeline' retrieved from /opt/airflow/dags/sec_edgar_dag.py
[2026-02-15T17:14:37.640+0000] {logging_mixin.py:188} INFO - [2026-02-15T17:14:37.639+0000] {dag.py:3036} INFO - Sync 1 DAGs
[2026-02-15T17:14:37.674+0000] {logging_mixin.py:188} INFO - [2026-02-15T17:14:37.673+0000] {dag.py:3823} INFO - Setting next_dagrun for sec_edgar_pipeline to 2026-02-15 09:00:00+00:00, run_after=2026-02-16 09:00:00+00:00
[2026-02-15T17:14:37.741+0000] {processor.py:183} INFO - Processing /opt/airflow/dags/sec_edgar_dag.py took 0.459 seconds
[2026-02-15T17:15:07.898+0000] {processor.py:161} INFO - Started process (PID=8523) to work on /opt/airflow/dags/sec_edgar_dag.py
[2026-02-15T17:15:07.900+0000] {processor.py:830} INFO - Processing file /opt/airflow/dags/sec_edgar_dag.py for tasks to queue
[2026-02-15T17:15:07.903+0000] {logging_mixin.py:188} INFO - [2026-02-15T17:15:07.902+0000] {dagbag.py:538} INFO - Filling up the DagBag from /opt/airflow/dags/sec_edgar_dag.py
[2026-02-15T17:15:08.226+0000] {processor.py:840} INFO - DAG(s) 'sec_edgar_pipeline' retrieved from /opt/airflow/dags/sec_edgar_dag.py
[2026-02-15T17:15:08.265+0000] {logging_mixin.py:188} INFO - [2026-02-15T17:15:08.264+0000] {dag.py:3036} INFO - Sync 1 DAGs
[2026-02-15T17:15:08.870+0000] {logging_mixin.py:188} INFO - [2026-02-15T17:15:08.869+0000] {dag.py:3823} INFO - Setting next_dagrun for sec_edgar_pipeline to 2026-02-15 09:00:00+00:00, run_after=2026-02-16 09:00:00+00:00
[2026-02-15T17:15:08.947+0000] {processor.py:183} INFO - Processing /opt/airflow/dags/sec_edgar_dag.py took 1.056 seconds
[2026-02-15T17:15:39.322+0000] {processor.py:161} INFO - Started process (PID=8539) to work on /opt/airflow/dags/sec_edgar_dag.py
[2026-02-15T17:15:39.324+0000] {processor.py:830} INFO - Processing file /opt/airflow/dags/sec_edgar_dag.py for tasks to queue
[2026-02-15T17:15:39.326+0000] {logging_mixin.py:188} INFO - [2026-02-15T17:15:39.325+0000] {dagbag.py:538} INFO - Filling up the DagBag from /opt/airflow/dags/sec_edgar_dag.py
[2026-02-15T17:15:39.638+0000] {processor.py:840} INFO - DAG(s) 'sec_edgar_pipeline' retrieved from /opt/airflow/dags/sec_edgar_dag.py
[2026-02-15T17:15:39.680+0000] {logging_mixin.py:188} INFO - [2026-02-15T17:15:39.679+0000] {dag.py:3036} INFO - Sync 1 DAGs
[2026-02-15T17:15:39.720+0000] {logging_mixin.py:188} INFO - [2026-02-15T17:15:39.719+0000] {dag.py:3823} INFO - Setting next_dagrun for sec_edgar_pipeline to 2026-02-15 09:00:00+00:00, run_after=2026-02-16 09:00:00+00:00
[2026-02-15T17:15:39.807+0000] {processor.py:183} INFO - Processing /opt/airflow/dags/sec_edgar_dag.py took 0.490 seconds
[2026-02-15T17:16:09.900+0000] {processor.py:161} INFO - Started process (PID=8555) to work on /opt/airflow/dags/sec_edgar_dag.py
[2026-02-15T17:16:09.901+0000] {processor.py:830} INFO - Processing file /opt/airflow/dags/sec_edgar_dag.py for tasks to queue
[2026-02-15T17:16:09.903+0000] {logging_mixin.py:188} INFO - [2026-02-15T17:16:09.902+0000] {dagbag.py:538} INFO - Filling up the DagBag from /opt/airflow/dags/sec_edgar_dag.py
[2026-02-15T17:16:10.758+0000] {processor.py:840} INFO - DAG(s) 'sec_edgar_pipeline' retrieved from /opt/airflow/dags/sec_edgar_dag.py
[2026-02-15T17:16:10.792+0000] {logging_mixin.py:188} INFO - [2026-02-15T17:16:10.791+0000] {dag.py:3036} INFO - Sync 1 DAGs
[2026-02-15T17:16:10.825+0000] {logging_mixin.py:188} INFO - [2026-02-15T17:16:10.824+0000] {dag.py:3823} INFO - Setting next_dagrun for sec_edgar_pipeline to 2026-02-15 09:00:00+00:00, run_after=2026-02-16 09:00:00+00:00
[2026-02-15T17:16:10.850+0000] {processor.py:183} INFO - Processing /opt/airflow/dags/sec_edgar_dag.py took 0.954 seconds
[2026-02-15T17:16:41.281+0000] {processor.py:161} INFO - Started process (PID=8571) to work on /opt/airflow/dags/sec_edgar_dag.py
[2026-02-15T17:16:41.301+0000] {processor.py:830} INFO - Processing file /opt/airflow/dags/sec_edgar_dag.py for tasks to queue
[2026-02-15T17:16:41.303+0000] {logging_mixin.py:188} INFO - [2026-02-15T17:16:41.303+0000] {dagbag.py:538} INFO - Filling up the DagBag from /opt/airflow/dags/sec_edgar_dag.py
[2026-02-15T17:16:41.635+0000] {processor.py:840} INFO - DAG(s) 'sec_edgar_pipeline' retrieved from /opt/airflow/dags/sec_edgar_dag.py
[2026-02-15T17:16:41.677+0000] {logging_mixin.py:188} INFO - [2026-02-15T17:16:41.677+0000] {dag.py:3036} INFO - Sync 1 DAGs
[2026-02-15T17:16:41.715+0000] {logging_mixin.py:188} INFO - [2026-02-15T17:16:41.714+0000] {dag.py:3823} INFO - Setting next_dagrun for sec_edgar_pipeline to 2026-02-15 09:00:00+00:00, run_after=2026-02-16 09:00:00+00:00
[2026-02-15T17:16:41.788+0000] {processor.py:183} INFO - Processing /opt/airflow/dags/sec_edgar_dag.py took 0.511 seconds
[2026-02-15T17:17:12.162+0000] {processor.py:161} INFO - Started process (PID=8587) to work on /opt/airflow/dags/sec_edgar_dag.py
[2026-02-15T17:17:12.165+0000] {processor.py:830} INFO - Processing file /opt/airflow/dags/sec_edgar_dag.py for tasks to queue
[2026-02-15T17:17:12.166+0000] {logging_mixin.py:188} INFO - [2026-02-15T17:17:12.166+0000] {dagbag.py:538} INFO - Filling up the DagBag from /opt/airflow/dags/sec_edgar_dag.py
[2026-02-15T17:17:13.113+0000] {processor.py:840} INFO - DAG(s) 'sec_edgar_pipeline' retrieved from /opt/airflow/dags/sec_edgar_dag.py
[2026-02-15T17:17:13.142+0000] {logging_mixin.py:188} INFO - [2026-02-15T17:17:13.141+0000] {dag.py:3036} INFO - Sync 1 DAGs
[2026-02-15T17:17:13.175+0000] {logging_mixin.py:188} INFO - [2026-02-15T17:17:13.174+0000] {dag.py:3823} INFO - Setting next_dagrun for sec_edgar_pipeline to 2026-02-15 09:00:00+00:00, run_after=2026-02-16 09:00:00+00:00
[2026-02-15T17:17:13.249+0000] {processor.py:183} INFO - Processing /opt/airflow/dags/sec_edgar_dag.py took 1.091 seconds
[2026-02-15T17:17:43.614+0000] {processor.py:161} INFO - Started process (PID=8603) to work on /opt/airflow/dags/sec_edgar_dag.py
[2026-02-15T17:17:43.616+0000] {processor.py:830} INFO - Processing file /opt/airflow/dags/sec_edgar_dag.py for tasks to queue
[2026-02-15T17:17:43.617+0000] {logging_mixin.py:188} INFO - [2026-02-15T17:17:43.617+0000] {dagbag.py:538} INFO - Filling up the DagBag from /opt/airflow/dags/sec_edgar_dag.py
[2026-02-15T17:17:44.501+0000] {processor.py:840} INFO - DAG(s) 'sec_edgar_pipeline' retrieved from /opt/airflow/dags/sec_edgar_dag.py
[2026-02-15T17:17:44.537+0000] {logging_mixin.py:188} INFO - [2026-02-15T17:17:44.536+0000] {dag.py:3036} INFO - Sync 1 DAGs
[2026-02-15T17:17:44.570+0000] {logging_mixin.py:188} INFO - [2026-02-15T17:17:44.570+0000] {dag.py:3823} INFO - Setting next_dagrun for sec_edgar_pipeline to 2026-02-15 09:00:00+00:00, run_after=2026-02-16 09:00:00+00:00
[2026-02-15T17:17:44.650+0000] {processor.py:183} INFO - Processing /opt/airflow/dags/sec_edgar_dag.py took 1.041 seconds
[2026-02-15T17:18:15.024+0000] {processor.py:161} INFO - Started process (PID=8619) to work on /opt/airflow/dags/sec_edgar_dag.py
[2026-02-15T17:18:15.029+0000] {processor.py:830} INFO - Processing file /opt/airflow/dags/sec_edgar_dag.py for tasks to queue
[2026-02-15T17:18:15.031+0000] {logging_mixin.py:188} INFO - [2026-02-15T17:18:15.031+0000] {dagbag.py:538} INFO - Filling up the DagBag from /opt/airflow/dags/sec_edgar_dag.py
[2026-02-15T17:18:16.070+0000] {processor.py:840} INFO - DAG(s) 'sec_edgar_pipeline' retrieved from /opt/airflow/dags/sec_edgar_dag.py
[2026-02-15T17:18:16.111+0000] {logging_mixin.py:188} INFO - [2026-02-15T17:18:16.109+0000] {dag.py:3036} INFO - Sync 1 DAGs
[2026-02-15T17:18:16.151+0000] {logging_mixin.py:188} INFO - [2026-02-15T17:18:16.151+0000] {dag.py:3823} INFO - Setting next_dagrun for sec_edgar_pipeline to 2026-02-15 09:00:00+00:00, run_after=2026-02-16 09:00:00+00:00
[2026-02-15T17:18:16.234+0000] {processor.py:183} INFO - Processing /opt/airflow/dags/sec_edgar_dag.py took 1.216 seconds
[2026-02-15T17:18:46.561+0000] {processor.py:161} INFO - Started process (PID=8641) to work on /opt/airflow/dags/sec_edgar_dag.py
[2026-02-15T17:18:46.563+0000] {processor.py:830} INFO - Processing file /opt/airflow/dags/sec_edgar_dag.py for tasks to queue
[2026-02-15T17:18:46.565+0000] {logging_mixin.py:188} INFO - [2026-02-15T17:18:46.564+0000] {dagbag.py:538} INFO - Filling up the DagBag from /opt/airflow/dags/sec_edgar_dag.py
[2026-02-15T17:18:47.434+0000] {processor.py:840} INFO - DAG(s) 'sec_edgar_pipeline' retrieved from /opt/airflow/dags/sec_edgar_dag.py
[2026-02-15T17:18:47.470+0000] {logging_mixin.py:188} INFO - [2026-02-15T17:18:47.469+0000] {dag.py:3036} INFO - Sync 1 DAGs
[2026-02-15T17:18:47.500+0000] {logging_mixin.py:188} INFO - [2026-02-15T17:18:47.500+0000] {dag.py:3823} INFO - Setting next_dagrun for sec_edgar_pipeline to 2026-02-15 09:00:00+00:00, run_after=2026-02-16 09:00:00+00:00
[2026-02-15T17:18:47.581+0000] {processor.py:183} INFO - Processing /opt/airflow/dags/sec_edgar_dag.py took 1.024 seconds
[2026-02-15T17:19:17.926+0000] {processor.py:161} INFO - Started process (PID=8657) to work on /opt/airflow/dags/sec_edgar_dag.py
[2026-02-15T17:19:17.928+0000] {processor.py:830} INFO - Processing file /opt/airflow/dags/sec_edgar_dag.py for tasks to queue
[2026-02-15T17:19:17.929+0000] {logging_mixin.py:188} INFO - [2026-02-15T17:19:17.929+0000] {dagbag.py:538} INFO - Filling up the DagBag from /opt/airflow/dags/sec_edgar_dag.py
[2026-02-15T17:19:18.798+0000] {processor.py:840} INFO - DAG(s) 'sec_edgar_pipeline' retrieved from /opt/airflow/dags/sec_edgar_dag.py
[2026-02-15T17:19:18.834+0000] {logging_mixin.py:188} INFO - [2026-02-15T17:19:18.834+0000] {dag.py:3036} INFO - Sync 1 DAGs
[2026-02-15T17:19:18.871+0000] {logging_mixin.py:188} INFO - [2026-02-15T17:19:18.870+0000] {dag.py:3823} INFO - Setting next_dagrun for sec_edgar_pipeline to 2026-02-15 09:00:00+00:00, run_after=2026-02-16 09:00:00+00:00
[2026-02-15T17:19:18.901+0000] {processor.py:183} INFO - Processing /opt/airflow/dags/sec_edgar_dag.py took 0.980 seconds
[2026-02-15T17:19:49.259+0000] {processor.py:161} INFO - Started process (PID=8674) to work on /opt/airflow/dags/sec_edgar_dag.py
[2026-02-15T17:19:49.260+0000] {processor.py:830} INFO - Processing file /opt/airflow/dags/sec_edgar_dag.py for tasks to queue
[2026-02-15T17:19:49.262+0000] {logging_mixin.py:188} INFO - [2026-02-15T17:19:49.262+0000] {dagbag.py:538} INFO - Filling up the DagBag from /opt/airflow/dags/sec_edgar_dag.py
[2026-02-15T17:19:50.162+0000] {processor.py:840} INFO - DAG(s) 'sec_edgar_pipeline' retrieved from /opt/airflow/dags/sec_edgar_dag.py
[2026-02-15T17:19:50.202+0000] {logging_mixin.py:188} INFO - [2026-02-15T17:19:50.201+0000] {dag.py:3036} INFO - Sync 1 DAGs
[2026-02-15T17:19:50.239+0000] {logging_mixin.py:188} INFO - [2026-02-15T17:19:50.239+0000] {dag.py:3823} INFO - Setting next_dagrun for sec_edgar_pipeline to 2026-02-15 09:00:00+00:00, run_after=2026-02-16 09:00:00+00:00
[2026-02-15T17:19:50.325+0000] {processor.py:183} INFO - Processing /opt/airflow/dags/sec_edgar_dag.py took 1.072 seconds
[2026-02-15T17:20:20.667+0000] {processor.py:161} INFO - Started process (PID=8690) to work on /opt/airflow/dags/sec_edgar_dag.py
[2026-02-15T17:20:20.669+0000] {processor.py:830} INFO - Processing file /opt/airflow/dags/sec_edgar_dag.py for tasks to queue
[2026-02-15T17:20:20.672+0000] {logging_mixin.py:188} INFO - [2026-02-15T17:20:20.671+0000] {dagbag.py:538} INFO - Filling up the DagBag from /opt/airflow/dags/sec_edgar_dag.py
[2026-02-15T17:20:21.556+0000] {processor.py:840} INFO - DAG(s) 'sec_edgar_pipeline' retrieved from /opt/airflow/dags/sec_edgar_dag.py
[2026-02-15T17:20:21.588+0000] {logging_mixin.py:188} INFO - [2026-02-15T17:20:21.587+0000] {dag.py:3036} INFO - Sync 1 DAGs
[2026-02-15T17:20:21.618+0000] {logging_mixin.py:188} INFO - [2026-02-15T17:20:21.618+0000] {dag.py:3823} INFO - Setting next_dagrun for sec_edgar_pipeline to 2026-02-15 09:00:00+00:00, run_after=2026-02-16 09:00:00+00:00
[2026-02-15T17:20:21.699+0000] {processor.py:183} INFO - Processing /opt/airflow/dags/sec_edgar_dag.py took 1.038 seconds
[2026-02-15T17:20:52.034+0000] {processor.py:161} INFO - Started process (PID=8706) to work on /opt/airflow/dags/sec_edgar_dag.py
[2026-02-15T17:20:52.036+0000] {processor.py:830} INFO - Processing file /opt/airflow/dags/sec_edgar_dag.py for tasks to queue
[2026-02-15T17:20:52.037+0000] {logging_mixin.py:188} INFO - [2026-02-15T17:20:52.037+0000] {dagbag.py:538} INFO - Filling up the DagBag from /opt/airflow/dags/sec_edgar_dag.py
[2026-02-15T17:20:52.710+0000] {processor.py:840} INFO - DAG(s) 'sec_edgar_pipeline' retrieved from /opt/airflow/dags/sec_edgar_dag.py
[2026-02-15T17:20:52.748+0000] {logging_mixin.py:188} INFO - [2026-02-15T17:20:52.747+0000] {dag.py:3036} INFO - Sync 1 DAGs
[2026-02-15T17:20:52.782+0000] {logging_mixin.py:188} INFO - [2026-02-15T17:20:52.782+0000] {dag.py:3823} INFO - Setting next_dagrun for sec_edgar_pipeline to 2026-02-15 09:00:00+00:00, run_after=2026-02-16 09:00:00+00:00
[2026-02-15T17:20:52.865+0000] {processor.py:183} INFO - Processing /opt/airflow/dags/sec_edgar_dag.py took 0.835 seconds
[2026-02-15T17:21:23.449+0000] {processor.py:161} INFO - Started process (PID=8729) to work on /opt/airflow/dags/sec_edgar_dag.py
[2026-02-15T17:21:23.451+0000] {processor.py:830} INFO - Processing file /opt/airflow/dags/sec_edgar_dag.py for tasks to queue
[2026-02-15T17:21:23.452+0000] {logging_mixin.py:188} INFO - [2026-02-15T17:21:23.452+0000] {dagbag.py:538} INFO - Filling up the DagBag from /opt/airflow/dags/sec_edgar_dag.py
[2026-02-15T17:21:24.102+0000] {processor.py:840} INFO - DAG(s) 'sec_edgar_pipeline' retrieved from /opt/airflow/dags/sec_edgar_dag.py
[2026-02-15T17:21:24.140+0000] {logging_mixin.py:188} INFO - [2026-02-15T17:21:24.139+0000] {dag.py:3036} INFO - Sync 1 DAGs
[2026-02-15T17:21:24.176+0000] {logging_mixin.py:188} INFO - [2026-02-15T17:21:24.175+0000] {dag.py:3823} INFO - Setting next_dagrun for sec_edgar_pipeline to 2026-02-15 09:00:00+00:00, run_after=2026-02-16 09:00:00+00:00
[2026-02-15T17:21:24.258+0000] {processor.py:183} INFO - Processing /opt/airflow/dags/sec_edgar_dag.py took 0.815 seconds
[2026-02-15T17:21:54.912+0000] {processor.py:161} INFO - Started process (PID=8746) to work on /opt/airflow/dags/sec_edgar_dag.py
[2026-02-15T17:21:54.913+0000] {processor.py:830} INFO - Processing file /opt/airflow/dags/sec_edgar_dag.py for tasks to queue
[2026-02-15T17:21:54.915+0000] {logging_mixin.py:188} INFO - [2026-02-15T17:21:54.914+0000] {dagbag.py:538} INFO - Filling up the DagBag from /opt/airflow/dags/sec_edgar_dag.py
[2026-02-15T17:21:55.559+0000] {processor.py:840} INFO - DAG(s) 'sec_edgar_pipeline' retrieved from /opt/airflow/dags/sec_edgar_dag.py
[2026-02-15T17:21:55.594+0000] {logging_mixin.py:188} INFO - [2026-02-15T17:21:55.593+0000] {dag.py:3036} INFO - Sync 1 DAGs
[2026-02-15T17:21:55.626+0000] {logging_mixin.py:188} INFO - [2026-02-15T17:21:55.625+0000] {dag.py:3823} INFO - Setting next_dagrun for sec_edgar_pipeline to 2026-02-15 09:00:00+00:00, run_after=2026-02-16 09:00:00+00:00
[2026-02-15T17:21:55.660+0000] {processor.py:183} INFO - Processing /opt/airflow/dags/sec_edgar_dag.py took 0.753 seconds
[2026-02-15T17:22:26.221+0000] {processor.py:161} INFO - Started process (PID=8762) to work on /opt/airflow/dags/sec_edgar_dag.py
[2026-02-15T17:22:26.223+0000] {processor.py:830} INFO - Processing file /opt/airflow/dags/sec_edgar_dag.py for tasks to queue
[2026-02-15T17:22:26.225+0000] {logging_mixin.py:188} INFO - [2026-02-15T17:22:26.224+0000] {dagbag.py:538} INFO - Filling up the DagBag from /opt/airflow/dags/sec_edgar_dag.py
[2026-02-15T17:22:26.872+0000] {processor.py:840} INFO - DAG(s) 'sec_edgar_pipeline' retrieved from /opt/airflow/dags/sec_edgar_dag.py
[2026-02-15T17:22:26.908+0000] {logging_mixin.py:188} INFO - [2026-02-15T17:22:26.907+0000] {dag.py:3036} INFO - Sync 1 DAGs
[2026-02-15T17:22:26.942+0000] {logging_mixin.py:188} INFO - [2026-02-15T17:22:26.942+0000] {dag.py:3823} INFO - Setting next_dagrun for sec_edgar_pipeline to 2026-02-15 09:00:00+00:00, run_after=2026-02-16 09:00:00+00:00
[2026-02-15T17:22:26.993+0000] {processor.py:183} INFO - Processing /opt/airflow/dags/sec_edgar_dag.py took 0.777 seconds
[2026-02-15T17:22:57.559+0000] {processor.py:161} INFO - Started process (PID=8778) to work on /opt/airflow/dags/sec_edgar_dag.py
[2026-02-15T17:22:57.561+0000] {processor.py:830} INFO - Processing file /opt/airflow/dags/sec_edgar_dag.py for tasks to queue
[2026-02-15T17:22:57.563+0000] {logging_mixin.py:188} INFO - [2026-02-15T17:22:57.562+0000] {dagbag.py:538} INFO - Filling up the DagBag from /opt/airflow/dags/sec_edgar_dag.py
[2026-02-15T17:22:58.219+0000] {processor.py:840} INFO - DAG(s) 'sec_edgar_pipeline' retrieved from /opt/airflow/dags/sec_edgar_dag.py
[2026-02-15T17:22:58.257+0000] {logging_mixin.py:188} INFO - [2026-02-15T17:22:58.256+0000] {dag.py:3036} INFO - Sync 1 DAGs
[2026-02-15T17:22:58.291+0000] {logging_mixin.py:188} INFO - [2026-02-15T17:22:58.291+0000] {dag.py:3823} INFO - Setting next_dagrun for sec_edgar_pipeline to 2026-02-15 09:00:00+00:00, run_after=2026-02-16 09:00:00+00:00
[2026-02-15T17:22:58.373+0000] {processor.py:183} INFO - Processing /opt/airflow/dags/sec_edgar_dag.py took 0.818 seconds
[2026-02-15T17:23:28.868+0000] {processor.py:161} INFO - Started process (PID=8794) to work on /opt/airflow/dags/sec_edgar_dag.py
[2026-02-15T17:23:28.869+0000] {processor.py:830} INFO - Processing file /opt/airflow/dags/sec_edgar_dag.py for tasks to queue
[2026-02-15T17:23:28.871+0000] {logging_mixin.py:188} INFO - [2026-02-15T17:23:28.870+0000] {dagbag.py:538} INFO - Filling up the DagBag from /opt/airflow/dags/sec_edgar_dag.py
[2026-02-15T17:23:29.530+0000] {processor.py:840} INFO - DAG(s) 'sec_edgar_pipeline' retrieved from /opt/airflow/dags/sec_edgar_dag.py
[2026-02-15T17:23:29.566+0000] {logging_mixin.py:188} INFO - [2026-02-15T17:23:29.565+0000] {dag.py:3036} INFO - Sync 1 DAGs
[2026-02-15T17:23:29.601+0000] {logging_mixin.py:188} INFO - [2026-02-15T17:23:29.601+0000] {dag.py:3823} INFO - Setting next_dagrun for sec_edgar_pipeline to 2026-02-15 09:00:00+00:00, run_after=2026-02-16 09:00:00+00:00
[2026-02-15T17:23:29.630+0000] {processor.py:183} INFO - Processing /opt/airflow/dags/sec_edgar_dag.py took 0.767 seconds
[2026-02-15T17:24:00.281+0000] {processor.py:161} INFO - Started process (PID=8810) to work on /opt/airflow/dags/sec_edgar_dag.py
[2026-02-15T17:24:00.283+0000] {processor.py:830} INFO - Processing file /opt/airflow/dags/sec_edgar_dag.py for tasks to queue
[2026-02-15T17:24:00.284+0000] {logging_mixin.py:188} INFO - [2026-02-15T17:24:00.284+0000] {dagbag.py:538} INFO - Filling up the DagBag from /opt/airflow/dags/sec_edgar_dag.py
[2026-02-15T17:24:00.835+0000] {processor.py:840} INFO - DAG(s) 'sec_edgar_pipeline' retrieved from /opt/airflow/dags/sec_edgar_dag.py
[2026-02-15T17:24:00.865+0000] {logging_mixin.py:188} INFO - [2026-02-15T17:24:00.865+0000] {dag.py:3036} INFO - Sync 1 DAGs
[2026-02-15T17:24:00.895+0000] {logging_mixin.py:188} INFO - [2026-02-15T17:24:00.895+0000] {dag.py:3823} INFO - Setting next_dagrun for sec_edgar_pipeline to 2026-02-15 09:00:00+00:00, run_after=2026-02-16 09:00:00+00:00
[2026-02-15T17:24:00.922+0000] {processor.py:183} INFO - Processing /opt/airflow/dags/sec_edgar_dag.py took 0.645 seconds
[2026-02-15T17:24:31.018+0000] {processor.py:161} INFO - Started process (PID=8826) to work on /opt/airflow/dags/sec_edgar_dag.py
[2026-02-15T17:24:31.020+0000] {processor.py:830} INFO - Processing file /opt/airflow/dags/sec_edgar_dag.py for tasks to queue
[2026-02-15T17:24:31.022+0000] {logging_mixin.py:188} INFO - [2026-02-15T17:24:31.021+0000] {dagbag.py:538} INFO - Filling up the DagBag from /opt/airflow/dags/sec_edgar_dag.py
[2026-02-15T17:24:31.873+0000] {processor.py:840} INFO - DAG(s) 'sec_edgar_pipeline' retrieved from /opt/airflow/dags/sec_edgar_dag.py
[2026-02-15T17:24:31.904+0000] {logging_mixin.py:188} INFO - [2026-02-15T17:24:31.903+0000] {dag.py:3036} INFO - Sync 1 DAGs
[2026-02-15T17:24:31.935+0000] {logging_mixin.py:188} INFO - [2026-02-15T17:24:31.934+0000] {dag.py:3823} INFO - Setting next_dagrun for sec_edgar_pipeline to 2026-02-15 09:00:00+00:00, run_after=2026-02-16 09:00:00+00:00
[2026-02-15T17:24:32.001+0000] {processor.py:183} INFO - Processing /opt/airflow/dags/sec_edgar_dag.py took 0.987 seconds
[2026-02-15T17:31:59.520+0000] {processor.py:161} INFO - Started process (PID=8831) to work on /opt/airflow/dags/sec_edgar_dag.py
[2026-02-15T17:31:59.522+0000] {processor.py:830} INFO - Processing file /opt/airflow/dags/sec_edgar_dag.py for tasks to queue
[2026-02-15T17:31:59.525+0000] {logging_mixin.py:188} INFO - [2026-02-15T17:31:59.524+0000] {dagbag.py:538} INFO - Filling up the DagBag from /opt/airflow/dags/sec_edgar_dag.py
[2026-02-15T17:32:00.580+0000] {processor.py:840} INFO - DAG(s) 'sec_edgar_pipeline' retrieved from /opt/airflow/dags/sec_edgar_dag.py
[2026-02-15T17:32:01.077+0000] {logging_mixin.py:188} INFO - [2026-02-15T17:32:01.076+0000] {dag.py:3036} INFO - Sync 1 DAGs
[2026-02-15T17:32:01.124+0000] {logging_mixin.py:188} INFO - [2026-02-15T17:32:01.123+0000] {dag.py:3823} INFO - Setting next_dagrun for sec_edgar_pipeline to 2026-02-15 09:00:00+00:00, run_after=2026-02-16 09:00:00+00:00
[2026-02-15T17:32:01.162+0000] {processor.py:183} INFO - Processing /opt/airflow/dags/sec_edgar_dag.py took 1.647 seconds
[2026-02-15T17:32:31.513+0000] {processor.py:161} INFO - Started process (PID=8854) to work on /opt/airflow/dags/sec_edgar_dag.py
[2026-02-15T17:32:31.515+0000] {processor.py:830} INFO - Processing file /opt/airflow/dags/sec_edgar_dag.py for tasks to queue
[2026-02-15T17:32:31.517+0000] {logging_mixin.py:188} INFO - [2026-02-15T17:32:31.516+0000] {dagbag.py:538} INFO - Filling up the DagBag from /opt/airflow/dags/sec_edgar_dag.py
[2026-02-15T17:32:32.273+0000] {processor.py:840} INFO - DAG(s) 'sec_edgar_pipeline' retrieved from /opt/airflow/dags/sec_edgar_dag.py
[2026-02-15T17:32:32.316+0000] {logging_mixin.py:188} INFO - [2026-02-15T17:32:32.316+0000] {dag.py:3036} INFO - Sync 1 DAGs
[2026-02-15T17:32:32.352+0000] {logging_mixin.py:188} INFO - [2026-02-15T17:32:32.352+0000] {dag.py:3823} INFO - Setting next_dagrun for sec_edgar_pipeline to 2026-02-15 09:00:00+00:00, run_after=2026-02-16 09:00:00+00:00
[2026-02-15T17:32:32.384+0000] {processor.py:183} INFO - Processing /opt/airflow/dags/sec_edgar_dag.py took 0.876 seconds
[2026-02-15T17:33:03.082+0000] {processor.py:161} INFO - Started process (PID=8870) to work on /opt/airflow/dags/sec_edgar_dag.py
[2026-02-15T17:33:03.084+0000] {processor.py:830} INFO - Processing file /opt/airflow/dags/sec_edgar_dag.py for tasks to queue
[2026-02-15T17:33:03.086+0000] {logging_mixin.py:188} INFO - [2026-02-15T17:33:03.085+0000] {dagbag.py:538} INFO - Filling up the DagBag from /opt/airflow/dags/sec_edgar_dag.py
[2026-02-15T17:33:03.474+0000] {processor.py:840} INFO - DAG(s) 'sec_edgar_pipeline' retrieved from /opt/airflow/dags/sec_edgar_dag.py
[2026-02-15T17:33:03.912+0000] {logging_mixin.py:188} INFO - [2026-02-15T17:33:03.911+0000] {dag.py:3036} INFO - Sync 1 DAGs
[2026-02-15T17:33:03.954+0000] {logging_mixin.py:188} INFO - [2026-02-15T17:33:03.953+0000] {dag.py:3823} INFO - Setting next_dagrun for sec_edgar_pipeline to 2026-02-15 09:00:00+00:00, run_after=2026-02-16 09:00:00+00:00
[2026-02-15T17:33:03.981+0000] {processor.py:183} INFO - Processing /opt/airflow/dags/sec_edgar_dag.py took 0.904 seconds
[2026-02-15T17:33:34.581+0000] {processor.py:161} INFO - Started process (PID=8886) to work on /opt/airflow/dags/sec_edgar_dag.py
[2026-02-15T17:33:34.583+0000] {processor.py:830} INFO - Processing file /opt/airflow/dags/sec_edgar_dag.py for tasks to queue
[2026-02-15T17:33:34.584+0000] {logging_mixin.py:188} INFO - [2026-02-15T17:33:34.584+0000] {dagbag.py:538} INFO - Filling up the DagBag from /opt/airflow/dags/sec_edgar_dag.py
[2026-02-15T17:33:35.187+0000] {processor.py:840} INFO - DAG(s) 'sec_edgar_pipeline' retrieved from /opt/airflow/dags/sec_edgar_dag.py
[2026-02-15T17:33:35.221+0000] {logging_mixin.py:188} INFO - [2026-02-15T17:33:35.220+0000] {dag.py:3036} INFO - Sync 1 DAGs
[2026-02-15T17:33:35.260+0000] {logging_mixin.py:188} INFO - [2026-02-15T17:33:35.260+0000] {dag.py:3823} INFO - Setting next_dagrun for sec_edgar_pipeline to 2026-02-15 09:00:00+00:00, run_after=2026-02-16 09:00:00+00:00
[2026-02-15T17:33:35.290+0000] {processor.py:183} INFO - Processing /opt/airflow/dags/sec_edgar_dag.py took 0.715 seconds
[2026-02-15T17:34:05.909+0000] {processor.py:161} INFO - Started process (PID=8902) to work on /opt/airflow/dags/sec_edgar_dag.py
[2026-02-15T17:34:05.911+0000] {processor.py:830} INFO - Processing file /opt/airflow/dags/sec_edgar_dag.py for tasks to queue
[2026-02-15T17:34:05.912+0000] {logging_mixin.py:188} INFO - [2026-02-15T17:34:05.912+0000] {dagbag.py:538} INFO - Filling up the DagBag from /opt/airflow/dags/sec_edgar_dag.py
[2026-02-15T17:34:06.554+0000] {processor.py:840} INFO - DAG(s) 'sec_edgar_pipeline' retrieved from /opt/airflow/dags/sec_edgar_dag.py
[2026-02-15T17:34:06.589+0000] {logging_mixin.py:188} INFO - [2026-02-15T17:34:06.589+0000] {dag.py:3036} INFO - Sync 1 DAGs
[2026-02-15T17:34:06.628+0000] {logging_mixin.py:188} INFO - [2026-02-15T17:34:06.628+0000] {dag.py:3823} INFO - Setting next_dagrun for sec_edgar_pipeline to 2026-02-15 09:00:00+00:00, run_after=2026-02-16 09:00:00+00:00
[2026-02-15T17:34:06.664+0000] {processor.py:183} INFO - Processing /opt/airflow/dags/sec_edgar_dag.py took 0.760 seconds
[2026-02-15T17:34:37.399+0000] {processor.py:161} INFO - Started process (PID=8918) to work on /opt/airflow/dags/sec_edgar_dag.py
[2026-02-15T17:34:37.401+0000] {processor.py:830} INFO - Processing file /opt/airflow/dags/sec_edgar_dag.py for tasks to queue
[2026-02-15T17:34:37.402+0000] {logging_mixin.py:188} INFO - [2026-02-15T17:34:37.402+0000] {dagbag.py:538} INFO - Filling up the DagBag from /opt/airflow/dags/sec_edgar_dag.py
[2026-02-15T17:34:38.026+0000] {processor.py:840} INFO - DAG(s) 'sec_edgar_pipeline' retrieved from /opt/airflow/dags/sec_edgar_dag.py
[2026-02-15T17:34:38.058+0000] {logging_mixin.py:188} INFO - [2026-02-15T17:34:38.058+0000] {dag.py:3036} INFO - Sync 1 DAGs
[2026-02-15T17:34:38.091+0000] {logging_mixin.py:188} INFO - [2026-02-15T17:34:38.090+0000] {dag.py:3823} INFO - Setting next_dagrun for sec_edgar_pipeline to 2026-02-15 09:00:00+00:00, run_after=2026-02-16 09:00:00+00:00
[2026-02-15T17:34:38.121+0000] {processor.py:183} INFO - Processing /opt/airflow/dags/sec_edgar_dag.py took 0.725 seconds
[2026-02-15T17:35:08.844+0000] {processor.py:161} INFO - Started process (PID=8940) to work on /opt/airflow/dags/sec_edgar_dag.py
[2026-02-15T17:35:08.846+0000] {processor.py:830} INFO - Processing file /opt/airflow/dags/sec_edgar_dag.py for tasks to queue
[2026-02-15T17:35:08.847+0000] {logging_mixin.py:188} INFO - [2026-02-15T17:35:08.847+0000] {dagbag.py:538} INFO - Filling up the DagBag from /opt/airflow/dags/sec_edgar_dag.py
[2026-02-15T17:35:09.553+0000] {processor.py:840} INFO - DAG(s) 'sec_edgar_pipeline' retrieved from /opt/airflow/dags/sec_edgar_dag.py
[2026-02-15T17:35:09.585+0000] {logging_mixin.py:188} INFO - [2026-02-15T17:35:09.585+0000] {dag.py:3036} INFO - Sync 1 DAGs
[2026-02-15T17:35:09.615+0000] {logging_mixin.py:188} INFO - [2026-02-15T17:35:09.615+0000] {dag.py:3823} INFO - Setting next_dagrun for sec_edgar_pipeline to 2026-02-15 09:00:00+00:00, run_after=2026-02-16 09:00:00+00:00
[2026-02-15T17:35:09.655+0000] {processor.py:183} INFO - Processing /opt/airflow/dags/sec_edgar_dag.py took 0.816 seconds
[2026-02-15T17:35:40.293+0000] {processor.py:161} INFO - Started process (PID=8957) to work on /opt/airflow/dags/sec_edgar_dag.py
[2026-02-15T17:35:40.295+0000] {processor.py:830} INFO - Processing file /opt/airflow/dags/sec_edgar_dag.py for tasks to queue
[2026-02-15T17:35:40.297+0000] {logging_mixin.py:188} INFO - [2026-02-15T17:35:40.296+0000] {dagbag.py:538} INFO - Filling up the DagBag from /opt/airflow/dags/sec_edgar_dag.py
[2026-02-15T17:35:40.984+0000] {processor.py:840} INFO - DAG(s) 'sec_edgar_pipeline' retrieved from /opt/airflow/dags/sec_edgar_dag.py
[2026-02-15T17:35:41.021+0000] {logging_mixin.py:188} INFO - [2026-02-15T17:35:41.020+0000] {dag.py:3036} INFO - Sync 1 DAGs
[2026-02-15T17:35:41.056+0000] {logging_mixin.py:188} INFO - [2026-02-15T17:35:41.056+0000] {dag.py:3823} INFO - Setting next_dagrun for sec_edgar_pipeline to 2026-02-15 09:00:00+00:00, run_after=2026-02-16 09:00:00+00:00
[2026-02-15T17:35:41.081+0000] {processor.py:183} INFO - Processing /opt/airflow/dags/sec_edgar_dag.py took 0.792 seconds
[2026-02-15T17:36:11.810+0000] {processor.py:161} INFO - Started process (PID=8973) to work on /opt/airflow/dags/sec_edgar_dag.py
[2026-02-15T17:36:11.811+0000] {processor.py:830} INFO - Processing file /opt/airflow/dags/sec_edgar_dag.py for tasks to queue
[2026-02-15T17:36:11.813+0000] {logging_mixin.py:188} INFO - [2026-02-15T17:36:11.812+0000] {dagbag.py:538} INFO - Filling up the DagBag from /opt/airflow/dags/sec_edgar_dag.py
[2026-02-15T17:36:12.418+0000] {processor.py:840} INFO - DAG(s) 'sec_edgar_pipeline' retrieved from /opt/airflow/dags/sec_edgar_dag.py
[2026-02-15T17:36:12.452+0000] {logging_mixin.py:188} INFO - [2026-02-15T17:36:12.451+0000] {dag.py:3036} INFO - Sync 1 DAGs
[2026-02-15T17:36:12.484+0000] {logging_mixin.py:188} INFO - [2026-02-15T17:36:12.483+0000] {dag.py:3823} INFO - Setting next_dagrun for sec_edgar_pipeline to 2026-02-15 09:00:00+00:00, run_after=2026-02-16 09:00:00+00:00
[2026-02-15T17:36:12.513+0000] {processor.py:183} INFO - Processing /opt/airflow/dags/sec_edgar_dag.py took 0.708 seconds
[2026-02-15T17:36:43.175+0000] {processor.py:161} INFO - Started process (PID=8989) to work on /opt/airflow/dags/sec_edgar_dag.py
[2026-02-15T17:36:43.177+0000] {processor.py:830} INFO - Processing file /opt/airflow/dags/sec_edgar_dag.py for tasks to queue
[2026-02-15T17:36:43.178+0000] {logging_mixin.py:188} INFO - [2026-02-15T17:36:43.178+0000] {dagbag.py:538} INFO - Filling up the DagBag from /opt/airflow/dags/sec_edgar_dag.py
[2026-02-15T17:36:43.762+0000] {processor.py:840} INFO - DAG(s) 'sec_edgar_pipeline' retrieved from /opt/airflow/dags/sec_edgar_dag.py
[2026-02-15T17:36:43.792+0000] {logging_mixin.py:188} INFO - [2026-02-15T17:36:43.791+0000] {dag.py:3036} INFO - Sync 1 DAGs
[2026-02-15T17:36:43.822+0000] {logging_mixin.py:188} INFO - [2026-02-15T17:36:43.822+0000] {dag.py:3823} INFO - Setting next_dagrun for sec_edgar_pipeline to 2026-02-15 09:00:00+00:00, run_after=2026-02-16 09:00:00+00:00
[2026-02-15T17:36:43.846+0000] {processor.py:183} INFO - Processing /opt/airflow/dags/sec_edgar_dag.py took 0.676 seconds
[2026-02-15T17:37:14.224+0000] {processor.py:161} INFO - Started process (PID=9005) to work on /opt/airflow/dags/sec_edgar_dag.py
[2026-02-15T17:37:14.225+0000] {processor.py:830} INFO - Processing file /opt/airflow/dags/sec_edgar_dag.py for tasks to queue
[2026-02-15T17:37:14.227+0000] {logging_mixin.py:188} INFO - [2026-02-15T17:37:14.226+0000] {dagbag.py:538} INFO - Filling up the DagBag from /opt/airflow/dags/sec_edgar_dag.py
[2026-02-15T17:37:14.842+0000] {processor.py:840} INFO - DAG(s) 'sec_edgar_pipeline' retrieved from /opt/airflow/dags/sec_edgar_dag.py
[2026-02-15T17:37:14.880+0000] {logging_mixin.py:188} INFO - [2026-02-15T17:37:14.880+0000] {dag.py:3036} INFO - Sync 1 DAGs
[2026-02-15T17:37:14.913+0000] {logging_mixin.py:188} INFO - [2026-02-15T17:37:14.912+0000] {dag.py:3823} INFO - Setting next_dagrun for sec_edgar_pipeline to 2026-02-15 09:00:00+00:00, run_after=2026-02-16 09:00:00+00:00
[2026-02-15T17:37:14.952+0000] {processor.py:183} INFO - Processing /opt/airflow/dags/sec_edgar_dag.py took 0.734 seconds
[2026-02-15T17:37:45.630+0000] {processor.py:161} INFO - Started process (PID=9021) to work on /opt/airflow/dags/sec_edgar_dag.py
[2026-02-15T17:37:45.634+0000] {processor.py:830} INFO - Processing file /opt/airflow/dags/sec_edgar_dag.py for tasks to queue
[2026-02-15T17:37:45.636+0000] {logging_mixin.py:188} INFO - [2026-02-15T17:37:45.636+0000] {dagbag.py:538} INFO - Filling up the DagBag from /opt/airflow/dags/sec_edgar_dag.py
[2026-02-15T17:37:46.206+0000] {processor.py:840} INFO - DAG(s) 'sec_edgar_pipeline' retrieved from /opt/airflow/dags/sec_edgar_dag.py
[2026-02-15T17:37:46.240+0000] {logging_mixin.py:188} INFO - [2026-02-15T17:37:46.240+0000] {dag.py:3036} INFO - Sync 1 DAGs
[2026-02-15T17:37:46.275+0000] {logging_mixin.py:188} INFO - [2026-02-15T17:37:46.275+0000] {dag.py:3823} INFO - Setting next_dagrun for sec_edgar_pipeline to 2026-02-15 09:00:00+00:00, run_after=2026-02-16 09:00:00+00:00
[2026-02-15T17:37:46.311+0000] {processor.py:183} INFO - Processing /opt/airflow/dags/sec_edgar_dag.py took 0.686 seconds
[2026-02-15T17:38:17.083+0000] {processor.py:161} INFO - Started process (PID=9037) to work on /opt/airflow/dags/sec_edgar_dag.py
[2026-02-15T17:38:17.085+0000] {processor.py:830} INFO - Processing file /opt/airflow/dags/sec_edgar_dag.py for tasks to queue
[2026-02-15T17:38:17.086+0000] {logging_mixin.py:188} INFO - [2026-02-15T17:38:17.086+0000] {dagbag.py:538} INFO - Filling up the DagBag from /opt/airflow/dags/sec_edgar_dag.py
[2026-02-15T17:38:17.785+0000] {processor.py:840} INFO - DAG(s) 'sec_edgar_pipeline' retrieved from /opt/airflow/dags/sec_edgar_dag.py
[2026-02-15T17:38:17.819+0000] {logging_mixin.py:188} INFO - [2026-02-15T17:38:17.818+0000] {dag.py:3036} INFO - Sync 1 DAGs
[2026-02-15T17:38:17.849+0000] {logging_mixin.py:188} INFO - [2026-02-15T17:38:17.848+0000] {dag.py:3823} INFO - Setting next_dagrun for sec_edgar_pipeline to 2026-02-15 09:00:00+00:00, run_after=2026-02-16 09:00:00+00:00
[2026-02-15T17:38:17.877+0000] {processor.py:183} INFO - Processing /opt/airflow/dags/sec_edgar_dag.py took 0.799 seconds
[2026-02-15T17:38:48.490+0000] {processor.py:161} INFO - Started process (PID=9053) to work on /opt/airflow/dags/sec_edgar_dag.py
[2026-02-15T17:38:48.491+0000] {processor.py:830} INFO - Processing file /opt/airflow/dags/sec_edgar_dag.py for tasks to queue
[2026-02-15T17:38:48.493+0000] {logging_mixin.py:188} INFO - [2026-02-15T17:38:48.492+0000] {dagbag.py:538} INFO - Filling up the DagBag from /opt/airflow/dags/sec_edgar_dag.py
[2026-02-15T17:38:49.142+0000] {processor.py:840} INFO - DAG(s) 'sec_edgar_pipeline' retrieved from /opt/airflow/dags/sec_edgar_dag.py
[2026-02-15T17:38:49.193+0000] {logging_mixin.py:188} INFO - [2026-02-15T17:38:49.192+0000] {dag.py:3036} INFO - Sync 1 DAGs
[2026-02-15T17:38:49.242+0000] {logging_mixin.py:188} INFO - [2026-02-15T17:38:49.241+0000] {dag.py:3823} INFO - Setting next_dagrun for sec_edgar_pipeline to 2026-02-15 09:00:00+00:00, run_after=2026-02-16 09:00:00+00:00
[2026-02-15T17:38:49.276+0000] {processor.py:183} INFO - Processing /opt/airflow/dags/sec_edgar_dag.py took 0.789 seconds
[2026-02-15T17:39:19.944+0000] {processor.py:161} INFO - Started process (PID=9069) to work on /opt/airflow/dags/sec_edgar_dag.py
[2026-02-15T17:39:19.945+0000] {processor.py:830} INFO - Processing file /opt/airflow/dags/sec_edgar_dag.py for tasks to queue
[2026-02-15T17:39:19.947+0000] {logging_mixin.py:188} INFO - [2026-02-15T17:39:19.946+0000] {dagbag.py:538} INFO - Filling up the DagBag from /opt/airflow/dags/sec_edgar_dag.py
[2026-02-15T17:39:20.590+0000] {processor.py:840} INFO - DAG(s) 'sec_edgar_pipeline' retrieved from /opt/airflow/dags/sec_edgar_dag.py
[2026-02-15T17:39:20.628+0000] {logging_mixin.py:188} INFO - [2026-02-15T17:39:20.627+0000] {dag.py:3036} INFO - Sync 1 DAGs
[2026-02-15T17:39:20.655+0000] {logging_mixin.py:188} INFO - [2026-02-15T17:39:20.654+0000] {dag.py:3823} INFO - Setting next_dagrun for sec_edgar_pipeline to 2026-02-15 09:00:00+00:00, run_after=2026-02-16 09:00:00+00:00
[2026-02-15T17:39:20.679+0000] {processor.py:183} INFO - Processing /opt/airflow/dags/sec_edgar_dag.py took 0.740 seconds
[2026-02-15T17:39:51.386+0000] {processor.py:161} INFO - Started process (PID=9085) to work on /opt/airflow/dags/sec_edgar_dag.py
[2026-02-15T17:39:51.388+0000] {processor.py:830} INFO - Processing file /opt/airflow/dags/sec_edgar_dag.py for tasks to queue
[2026-02-15T17:39:51.390+0000] {logging_mixin.py:188} INFO - [2026-02-15T17:39:51.389+0000] {dagbag.py:538} INFO - Filling up the DagBag from /opt/airflow/dags/sec_edgar_dag.py
[2026-02-15T17:39:51.952+0000] {processor.py:840} INFO - DAG(s) 'sec_edgar_pipeline' retrieved from /opt/airflow/dags/sec_edgar_dag.py
[2026-02-15T17:39:51.985+0000] {logging_mixin.py:188} INFO - [2026-02-15T17:39:51.984+0000] {dag.py:3036} INFO - Sync 1 DAGs
[2026-02-15T17:39:52.019+0000] {logging_mixin.py:188} INFO - [2026-02-15T17:39:52.018+0000] {dag.py:3823} INFO - Setting next_dagrun for sec_edgar_pipeline to 2026-02-15 09:00:00+00:00, run_after=2026-02-16 09:00:00+00:00
[2026-02-15T17:39:52.047+0000] {processor.py:183} INFO - Processing /opt/airflow/dags/sec_edgar_dag.py took 0.666 seconds
[2026-02-15T17:40:22.795+0000] {processor.py:161} INFO - Started process (PID=9101) to work on /opt/airflow/dags/sec_edgar_dag.py
[2026-02-15T17:40:22.796+0000] {processor.py:830} INFO - Processing file /opt/airflow/dags/sec_edgar_dag.py for tasks to queue
[2026-02-15T17:40:22.798+0000] {logging_mixin.py:188} INFO - [2026-02-15T17:40:22.797+0000] {dagbag.py:538} INFO - Filling up the DagBag from /opt/airflow/dags/sec_edgar_dag.py
[2026-02-15T17:40:23.327+0000] {processor.py:840} INFO - DAG(s) 'sec_edgar_pipeline' retrieved from /opt/airflow/dags/sec_edgar_dag.py
[2026-02-15T17:40:23.357+0000] {logging_mixin.py:188} INFO - [2026-02-15T17:40:23.357+0000] {dag.py:3036} INFO - Sync 1 DAGs
[2026-02-15T17:40:23.385+0000] {logging_mixin.py:188} INFO - [2026-02-15T17:40:23.385+0000] {dag.py:3823} INFO - Setting next_dagrun for sec_edgar_pipeline to 2026-02-15 09:00:00+00:00, run_after=2026-02-16 09:00:00+00:00
[2026-02-15T17:40:23.409+0000] {processor.py:183} INFO - Processing /opt/airflow/dags/sec_edgar_dag.py took 0.618 seconds
[2026-02-15T17:40:54.242+0000] {processor.py:161} INFO - Started process (PID=9117) to work on /opt/airflow/dags/sec_edgar_dag.py
[2026-02-15T17:40:54.243+0000] {processor.py:830} INFO - Processing file /opt/airflow/dags/sec_edgar_dag.py for tasks to queue
[2026-02-15T17:40:54.245+0000] {logging_mixin.py:188} INFO - [2026-02-15T17:40:54.244+0000] {dagbag.py:538} INFO - Filling up the DagBag from /opt/airflow/dags/sec_edgar_dag.py
[2026-02-15T17:40:54.815+0000] {processor.py:840} INFO - DAG(s) 'sec_edgar_pipeline' retrieved from /opt/airflow/dags/sec_edgar_dag.py
[2026-02-15T17:40:54.852+0000] {logging_mixin.py:188} INFO - [2026-02-15T17:40:54.852+0000] {dag.py:3036} INFO - Sync 1 DAGs
[2026-02-15T17:40:54.881+0000] {logging_mixin.py:188} INFO - [2026-02-15T17:40:54.881+0000] {dag.py:3823} INFO - Setting next_dagrun for sec_edgar_pipeline to 2026-02-15 09:00:00+00:00, run_after=2026-02-16 09:00:00+00:00
[2026-02-15T17:40:54.917+0000] {processor.py:183} INFO - Processing /opt/airflow/dags/sec_edgar_dag.py took 0.678 seconds
[2026-02-15T17:41:25.643+0000] {processor.py:161} INFO - Started process (PID=9133) to work on /opt/airflow/dags/sec_edgar_dag.py
[2026-02-15T17:41:25.644+0000] {processor.py:830} INFO - Processing file /opt/airflow/dags/sec_edgar_dag.py for tasks to queue
[2026-02-15T17:41:25.645+0000] {logging_mixin.py:188} INFO - [2026-02-15T17:41:25.645+0000] {dagbag.py:538} INFO - Filling up the DagBag from /opt/airflow/dags/sec_edgar_dag.py
[2026-02-15T17:41:26.166+0000] {processor.py:840} INFO - DAG(s) 'sec_edgar_pipeline' retrieved from /opt/airflow/dags/sec_edgar_dag.py
[2026-02-15T17:41:26.197+0000] {logging_mixin.py:188} INFO - [2026-02-15T17:41:26.196+0000] {dag.py:3036} INFO - Sync 1 DAGs
[2026-02-15T17:41:26.227+0000] {logging_mixin.py:188} INFO - [2026-02-15T17:41:26.227+0000] {dag.py:3823} INFO - Setting next_dagrun for sec_edgar_pipeline to 2026-02-15 09:00:00+00:00, run_after=2026-02-16 09:00:00+00:00
[2026-02-15T17:41:26.250+0000] {processor.py:183} INFO - Processing /opt/airflow/dags/sec_edgar_dag.py took 0.612 seconds
[2026-02-15T17:41:57.846+0000] {processor.py:161} INFO - Started process (PID=9149) to work on /opt/airflow/dags/sec_edgar_dag.py
[2026-02-15T17:41:57.847+0000] {processor.py:830} INFO - Processing file /opt/airflow/dags/sec_edgar_dag.py for tasks to queue
[2026-02-15T17:41:57.849+0000] {logging_mixin.py:188} INFO - [2026-02-15T17:41:57.849+0000] {dagbag.py:538} INFO - Filling up the DagBag from /opt/airflow/dags/sec_edgar_dag.py
[2026-02-15T17:41:58.423+0000] {processor.py:840} INFO - DAG(s) 'sec_edgar_pipeline' retrieved from /opt/airflow/dags/sec_edgar_dag.py
[2026-02-15T17:41:58.453+0000] {logging_mixin.py:188} INFO - [2026-02-15T17:41:58.453+0000] {dag.py:3036} INFO - Sync 1 DAGs
[2026-02-15T17:41:58.485+0000] {logging_mixin.py:188} INFO - [2026-02-15T17:41:58.485+0000] {dag.py:3823} INFO - Setting next_dagrun for sec_edgar_pipeline to 2026-02-15 09:00:00+00:00, run_after=2026-02-16 09:00:00+00:00
[2026-02-15T17:41:58.524+0000] {processor.py:183} INFO - Processing /opt/airflow/dags/sec_edgar_dag.py took 0.682 seconds
[2026-02-15T17:42:28.926+0000] {processor.py:161} INFO - Started process (PID=9165) to work on /opt/airflow/dags/sec_edgar_dag.py
[2026-02-15T17:42:28.927+0000] {processor.py:830} INFO - Processing file /opt/airflow/dags/sec_edgar_dag.py for tasks to queue
[2026-02-15T17:42:28.928+0000] {logging_mixin.py:188} INFO - [2026-02-15T17:42:28.928+0000] {dagbag.py:538} INFO - Filling up the DagBag from /opt/airflow/dags/sec_edgar_dag.py
[2026-02-15T17:42:29.564+0000] {processor.py:840} INFO - DAG(s) 'sec_edgar_pipeline' retrieved from /opt/airflow/dags/sec_edgar_dag.py
[2026-02-15T17:42:29.606+0000] {logging_mixin.py:188} INFO - [2026-02-15T17:42:29.605+0000] {dag.py:3036} INFO - Sync 1 DAGs
[2026-02-15T17:42:29.639+0000] {logging_mixin.py:188} INFO - [2026-02-15T17:42:29.638+0000] {dag.py:3823} INFO - Setting next_dagrun for sec_edgar_pipeline to 2026-02-15 09:00:00+00:00, run_after=2026-02-16 09:00:00+00:00
[2026-02-15T17:42:29.680+0000] {processor.py:183} INFO - Processing /opt/airflow/dags/sec_edgar_dag.py took 0.759 seconds
[2026-02-15T17:43:00.350+0000] {processor.py:161} INFO - Started process (PID=9181) to work on /opt/airflow/dags/sec_edgar_dag.py
[2026-02-15T17:43:00.352+0000] {processor.py:830} INFO - Processing file /opt/airflow/dags/sec_edgar_dag.py for tasks to queue
[2026-02-15T17:43:00.353+0000] {logging_mixin.py:188} INFO - [2026-02-15T17:43:00.353+0000] {dagbag.py:538} INFO - Filling up the DagBag from /opt/airflow/dags/sec_edgar_dag.py
[2026-02-15T17:43:00.922+0000] {processor.py:840} INFO - DAG(s) 'sec_edgar_pipeline' retrieved from /opt/airflow/dags/sec_edgar_dag.py
[2026-02-15T17:43:00.959+0000] {logging_mixin.py:188} INFO - [2026-02-15T17:43:00.958+0000] {dag.py:3036} INFO - Sync 1 DAGs
[2026-02-15T17:43:00.993+0000] {logging_mixin.py:188} INFO - [2026-02-15T17:43:00.993+0000] {dag.py:3823} INFO - Setting next_dagrun for sec_edgar_pipeline to 2026-02-15 09:00:00+00:00, run_after=2026-02-16 09:00:00+00:00
[2026-02-15T17:43:01.040+0000] {processor.py:183} INFO - Processing /opt/airflow/dags/sec_edgar_dag.py took 0.694 seconds
[2026-02-15T17:43:31.776+0000] {processor.py:161} INFO - Started process (PID=9197) to work on /opt/airflow/dags/sec_edgar_dag.py
[2026-02-15T17:43:31.778+0000] {processor.py:830} INFO - Processing file /opt/airflow/dags/sec_edgar_dag.py for tasks to queue
[2026-02-15T17:43:31.779+0000] {logging_mixin.py:188} INFO - [2026-02-15T17:43:31.779+0000] {dagbag.py:538} INFO - Filling up the DagBag from /opt/airflow/dags/sec_edgar_dag.py
[2026-02-15T17:43:32.338+0000] {processor.py:840} INFO - DAG(s) 'sec_edgar_pipeline' retrieved from /opt/airflow/dags/sec_edgar_dag.py
[2026-02-15T17:43:32.369+0000] {logging_mixin.py:188} INFO - [2026-02-15T17:43:32.368+0000] {dag.py:3036} INFO - Sync 1 DAGs
[2026-02-15T17:43:32.398+0000] {logging_mixin.py:188} INFO - [2026-02-15T17:43:32.398+0000] {dag.py:3823} INFO - Setting next_dagrun for sec_edgar_pipeline to 2026-02-15 09:00:00+00:00, run_after=2026-02-16 09:00:00+00:00
[2026-02-15T17:43:32.435+0000] {processor.py:183} INFO - Processing /opt/airflow/dags/sec_edgar_dag.py took 0.664 seconds
[2026-02-15T17:44:03.156+0000] {processor.py:161} INFO - Started process (PID=9213) to work on /opt/airflow/dags/sec_edgar_dag.py
[2026-02-15T17:44:03.158+0000] {processor.py:830} INFO - Processing file /opt/airflow/dags/sec_edgar_dag.py for tasks to queue
[2026-02-15T17:44:03.159+0000] {logging_mixin.py:188} INFO - [2026-02-15T17:44:03.159+0000] {dagbag.py:538} INFO - Filling up the DagBag from /opt/airflow/dags/sec_edgar_dag.py
[2026-02-15T17:44:03.700+0000] {processor.py:840} INFO - DAG(s) 'sec_edgar_pipeline' retrieved from /opt/airflow/dags/sec_edgar_dag.py
[2026-02-15T17:44:03.729+0000] {logging_mixin.py:188} INFO - [2026-02-15T17:44:03.729+0000] {dag.py:3036} INFO - Sync 1 DAGs
[2026-02-15T17:44:03.757+0000] {logging_mixin.py:188} INFO - [2026-02-15T17:44:03.757+0000] {dag.py:3823} INFO - Setting next_dagrun for sec_edgar_pipeline to 2026-02-15 09:00:00+00:00, run_after=2026-02-16 09:00:00+00:00
[2026-02-15T17:44:03.791+0000] {processor.py:183} INFO - Processing /opt/airflow/dags/sec_edgar_dag.py took 0.639 seconds
[2026-02-15T17:44:34.573+0000] {processor.py:161} INFO - Started process (PID=9229) to work on /opt/airflow/dags/sec_edgar_dag.py
[2026-02-15T17:44:34.574+0000] {processor.py:830} INFO - Processing file /opt/airflow/dags/sec_edgar_dag.py for tasks to queue
[2026-02-15T17:44:34.576+0000] {logging_mixin.py:188} INFO - [2026-02-15T17:44:34.576+0000] {dagbag.py:538} INFO - Filling up the DagBag from /opt/airflow/dags/sec_edgar_dag.py
[2026-02-15T17:44:35.125+0000] {processor.py:840} INFO - DAG(s) 'sec_edgar_pipeline' retrieved from /opt/airflow/dags/sec_edgar_dag.py
[2026-02-15T17:44:35.156+0000] {logging_mixin.py:188} INFO - [2026-02-15T17:44:35.155+0000] {dag.py:3036} INFO - Sync 1 DAGs
[2026-02-15T17:44:35.184+0000] {logging_mixin.py:188} INFO - [2026-02-15T17:44:35.184+0000] {dag.py:3823} INFO - Setting next_dagrun for sec_edgar_pipeline to 2026-02-15 09:00:00+00:00, run_after=2026-02-16 09:00:00+00:00
[2026-02-15T17:44:35.219+0000] {processor.py:183} INFO - Processing /opt/airflow/dags/sec_edgar_dag.py took 0.651 seconds
[2026-02-15T17:45:05.967+0000] {processor.py:161} INFO - Started process (PID=9245) to work on /opt/airflow/dags/sec_edgar_dag.py
[2026-02-15T17:45:05.968+0000] {processor.py:830} INFO - Processing file /opt/airflow/dags/sec_edgar_dag.py for tasks to queue
[2026-02-15T17:45:05.970+0000] {logging_mixin.py:188} INFO - [2026-02-15T17:45:05.969+0000] {dagbag.py:538} INFO - Filling up the DagBag from /opt/airflow/dags/sec_edgar_dag.py
[2026-02-15T17:45:06.575+0000] {processor.py:840} INFO - DAG(s) 'sec_edgar_pipeline' retrieved from /opt/airflow/dags/sec_edgar_dag.py
[2026-02-15T17:45:06.605+0000] {logging_mixin.py:188} INFO - [2026-02-15T17:45:06.605+0000] {dag.py:3036} INFO - Sync 1 DAGs
[2026-02-15T17:45:06.635+0000] {logging_mixin.py:188} INFO - [2026-02-15T17:45:06.635+0000] {dag.py:3823} INFO - Setting next_dagrun for sec_edgar_pipeline to 2026-02-15 09:00:00+00:00, run_after=2026-02-16 09:00:00+00:00
[2026-02-15T17:45:06.670+0000] {processor.py:183} INFO - Processing /opt/airflow/dags/sec_edgar_dag.py took 0.707 seconds
[2026-02-15T17:45:37.360+0000] {processor.py:161} INFO - Started process (PID=9261) to work on /opt/airflow/dags/sec_edgar_dag.py
[2026-02-15T17:45:37.361+0000] {processor.py:830} INFO - Processing file /opt/airflow/dags/sec_edgar_dag.py for tasks to queue
[2026-02-15T17:45:37.362+0000] {logging_mixin.py:188} INFO - [2026-02-15T17:45:37.362+0000] {dagbag.py:538} INFO - Filling up the DagBag from /opt/airflow/dags/sec_edgar_dag.py
[2026-02-15T17:45:37.963+0000] {processor.py:840} INFO - DAG(s) 'sec_edgar_pipeline' retrieved from /opt/airflow/dags/sec_edgar_dag.py
[2026-02-15T17:45:37.993+0000] {logging_mixin.py:188} INFO - [2026-02-15T17:45:37.993+0000] {dag.py:3036} INFO - Sync 1 DAGs
[2026-02-15T17:45:38.023+0000] {logging_mixin.py:188} INFO - [2026-02-15T17:45:38.023+0000] {dag.py:3823} INFO - Setting next_dagrun for sec_edgar_pipeline to 2026-02-15 09:00:00+00:00, run_after=2026-02-16 09:00:00+00:00
[2026-02-15T17:45:38.059+0000] {processor.py:183} INFO - Processing /opt/airflow/dags/sec_edgar_dag.py took 0.704 seconds
[2026-02-15T17:46:08.780+0000] {processor.py:161} INFO - Started process (PID=9277) to work on /opt/airflow/dags/sec_edgar_dag.py
[2026-02-15T17:46:08.782+0000] {processor.py:830} INFO - Processing file /opt/airflow/dags/sec_edgar_dag.py for tasks to queue
[2026-02-15T17:46:08.783+0000] {logging_mixin.py:188} INFO - [2026-02-15T17:46:08.783+0000] {dagbag.py:538} INFO - Filling up the DagBag from /opt/airflow/dags/sec_edgar_dag.py
[2026-02-15T17:46:09.432+0000] {processor.py:840} INFO - DAG(s) 'sec_edgar_pipeline' retrieved from /opt/airflow/dags/sec_edgar_dag.py
[2026-02-15T17:46:09.466+0000] {logging_mixin.py:188} INFO - [2026-02-15T17:46:09.465+0000] {dag.py:3036} INFO - Sync 1 DAGs
[2026-02-15T17:46:09.511+0000] {logging_mixin.py:188} INFO - [2026-02-15T17:46:09.510+0000] {dag.py:3823} INFO - Setting next_dagrun for sec_edgar_pipeline to 2026-02-15 09:00:00+00:00, run_after=2026-02-16 09:00:00+00:00
[2026-02-15T17:46:09.548+0000] {processor.py:183} INFO - Processing /opt/airflow/dags/sec_edgar_dag.py took 0.771 seconds
[2026-02-15T17:46:40.202+0000] {processor.py:161} INFO - Started process (PID=9299) to work on /opt/airflow/dags/sec_edgar_dag.py
[2026-02-15T17:46:40.204+0000] {processor.py:830} INFO - Processing file /opt/airflow/dags/sec_edgar_dag.py for tasks to queue
[2026-02-15T17:46:40.205+0000] {logging_mixin.py:188} INFO - [2026-02-15T17:46:40.204+0000] {dagbag.py:538} INFO - Filling up the DagBag from /opt/airflow/dags/sec_edgar_dag.py
[2026-02-15T17:46:40.734+0000] {processor.py:840} INFO - DAG(s) 'sec_edgar_pipeline' retrieved from /opt/airflow/dags/sec_edgar_dag.py
[2026-02-15T17:46:40.763+0000] {logging_mixin.py:188} INFO - [2026-02-15T17:46:40.763+0000] {dag.py:3036} INFO - Sync 1 DAGs
[2026-02-15T17:46:40.797+0000] {logging_mixin.py:188} INFO - [2026-02-15T17:46:40.796+0000] {dag.py:3823} INFO - Setting next_dagrun for sec_edgar_pipeline to 2026-02-15 09:00:00+00:00, run_after=2026-02-16 09:00:00+00:00
[2026-02-15T17:46:40.833+0000] {processor.py:183} INFO - Processing /opt/airflow/dags/sec_edgar_dag.py took 0.634 seconds
[2026-02-15T17:47:10.953+0000] {processor.py:161} INFO - Started process (PID=9315) to work on /opt/airflow/dags/sec_edgar_dag.py
[2026-02-15T17:47:10.954+0000] {processor.py:830} INFO - Processing file /opt/airflow/dags/sec_edgar_dag.py for tasks to queue
[2026-02-15T17:47:10.955+0000] {logging_mixin.py:188} INFO - [2026-02-15T17:47:10.955+0000] {dagbag.py:538} INFO - Filling up the DagBag from /opt/airflow/dags/sec_edgar_dag.py
[2026-02-15T17:47:11.494+0000] {processor.py:840} INFO - DAG(s) 'sec_edgar_pipeline' retrieved from /opt/airflow/dags/sec_edgar_dag.py
[2026-02-15T17:47:11.523+0000] {logging_mixin.py:188} INFO - [2026-02-15T17:47:11.522+0000] {dag.py:3036} INFO - Sync 1 DAGs
[2026-02-15T17:47:11.553+0000] {logging_mixin.py:188} INFO - [2026-02-15T17:47:11.553+0000] {dag.py:3823} INFO - Setting next_dagrun for sec_edgar_pipeline to 2026-02-15 09:00:00+00:00, run_after=2026-02-16 09:00:00+00:00
[2026-02-15T17:47:11.591+0000] {processor.py:183} INFO - Processing /opt/airflow/dags/sec_edgar_dag.py took 0.641 seconds
[2026-02-15T17:47:41.930+0000] {processor.py:161} INFO - Started process (PID=9331) to work on /opt/airflow/dags/sec_edgar_dag.py
[2026-02-15T17:47:41.932+0000] {processor.py:830} INFO - Processing file /opt/airflow/dags/sec_edgar_dag.py for tasks to queue
[2026-02-15T17:47:41.933+0000] {logging_mixin.py:188} INFO - [2026-02-15T17:47:41.932+0000] {dagbag.py:538} INFO - Filling up the DagBag from /opt/airflow/dags/sec_edgar_dag.py
[2026-02-15T17:47:42.471+0000] {processor.py:840} INFO - DAG(s) 'sec_edgar_pipeline' retrieved from /opt/airflow/dags/sec_edgar_dag.py
[2026-02-15T17:47:42.505+0000] {logging_mixin.py:188} INFO - [2026-02-15T17:47:42.504+0000] {dag.py:3036} INFO - Sync 1 DAGs
[2026-02-15T17:47:42.537+0000] {logging_mixin.py:188} INFO - [2026-02-15T17:47:42.537+0000] {dag.py:3823} INFO - Setting next_dagrun for sec_edgar_pipeline to 2026-02-15 09:00:00+00:00, run_after=2026-02-16 09:00:00+00:00
[2026-02-15T17:47:42.575+0000] {processor.py:183} INFO - Processing /opt/airflow/dags/sec_edgar_dag.py took 0.649 seconds
[2026-02-15T17:48:13.340+0000] {processor.py:161} INFO - Started process (PID=9347) to work on /opt/airflow/dags/sec_edgar_dag.py
[2026-02-15T17:48:13.342+0000] {processor.py:830} INFO - Processing file /opt/airflow/dags/sec_edgar_dag.py for tasks to queue
[2026-02-15T17:48:13.344+0000] {logging_mixin.py:188} INFO - [2026-02-15T17:48:13.343+0000] {dagbag.py:538} INFO - Filling up the DagBag from /opt/airflow/dags/sec_edgar_dag.py
[2026-02-15T17:48:13.896+0000] {processor.py:840} INFO - DAG(s) 'sec_edgar_pipeline' retrieved from /opt/airflow/dags/sec_edgar_dag.py
[2026-02-15T17:48:13.924+0000] {logging_mixin.py:188} INFO - [2026-02-15T17:48:13.924+0000] {dag.py:3036} INFO - Sync 1 DAGs
[2026-02-15T17:48:13.957+0000] {logging_mixin.py:188} INFO - [2026-02-15T17:48:13.956+0000] {dag.py:3823} INFO - Setting next_dagrun for sec_edgar_pipeline to 2026-02-15 09:00:00+00:00, run_after=2026-02-16 09:00:00+00:00
[2026-02-15T17:48:13.996+0000] {processor.py:183} INFO - Processing /opt/airflow/dags/sec_edgar_dag.py took 0.660 seconds
[2026-02-15T17:48:44.744+0000] {processor.py:161} INFO - Started process (PID=9363) to work on /opt/airflow/dags/sec_edgar_dag.py
[2026-02-15T17:48:44.746+0000] {processor.py:830} INFO - Processing file /opt/airflow/dags/sec_edgar_dag.py for tasks to queue
[2026-02-15T17:48:44.748+0000] {logging_mixin.py:188} INFO - [2026-02-15T17:48:44.747+0000] {dagbag.py:538} INFO - Filling up the DagBag from /opt/airflow/dags/sec_edgar_dag.py
[2026-02-15T17:48:45.311+0000] {processor.py:840} INFO - DAG(s) 'sec_edgar_pipeline' retrieved from /opt/airflow/dags/sec_edgar_dag.py
[2026-02-15T17:48:45.343+0000] {logging_mixin.py:188} INFO - [2026-02-15T17:48:45.342+0000] {dag.py:3036} INFO - Sync 1 DAGs
[2026-02-15T17:48:45.371+0000] {logging_mixin.py:188} INFO - [2026-02-15T17:48:45.370+0000] {dag.py:3823} INFO - Setting next_dagrun for sec_edgar_pipeline to 2026-02-15 09:00:00+00:00, run_after=2026-02-16 09:00:00+00:00
[2026-02-15T17:48:45.393+0000] {processor.py:183} INFO - Processing /opt/airflow/dags/sec_edgar_dag.py took 0.653 seconds
[2026-02-15T17:49:16.224+0000] {processor.py:161} INFO - Started process (PID=9384) to work on /opt/airflow/dags/sec_edgar_dag.py
[2026-02-15T17:49:16.225+0000] {processor.py:830} INFO - Processing file /opt/airflow/dags/sec_edgar_dag.py for tasks to queue
[2026-02-15T17:49:16.227+0000] {logging_mixin.py:188} INFO - [2026-02-15T17:49:16.226+0000] {dagbag.py:538} INFO - Filling up the DagBag from /opt/airflow/dags/sec_edgar_dag.py
[2026-02-15T17:49:16.788+0000] {processor.py:840} INFO - DAG(s) 'sec_edgar_pipeline' retrieved from /opt/airflow/dags/sec_edgar_dag.py
[2026-02-15T17:49:16.817+0000] {logging_mixin.py:188} INFO - [2026-02-15T17:49:16.816+0000] {dag.py:3036} INFO - Sync 1 DAGs
[2026-02-15T17:49:16.847+0000] {logging_mixin.py:188} INFO - [2026-02-15T17:49:16.847+0000] {dag.py:3823} INFO - Setting next_dagrun for sec_edgar_pipeline to 2026-02-15 09:00:00+00:00, run_after=2026-02-16 09:00:00+00:00
[2026-02-15T17:49:16.880+0000] {processor.py:183} INFO - Processing /opt/airflow/dags/sec_edgar_dag.py took 0.661 seconds
[2026-02-15T17:49:47.635+0000] {processor.py:161} INFO - Started process (PID=9400) to work on /opt/airflow/dags/sec_edgar_dag.py
[2026-02-15T17:49:47.636+0000] {processor.py:830} INFO - Processing file /opt/airflow/dags/sec_edgar_dag.py for tasks to queue
[2026-02-15T17:49:47.638+0000] {logging_mixin.py:188} INFO - [2026-02-15T17:49:47.637+0000] {dagbag.py:538} INFO - Filling up the DagBag from /opt/airflow/dags/sec_edgar_dag.py
[2026-02-15T17:49:48.196+0000] {processor.py:840} INFO - DAG(s) 'sec_edgar_pipeline' retrieved from /opt/airflow/dags/sec_edgar_dag.py
[2026-02-15T17:49:48.228+0000] {logging_mixin.py:188} INFO - [2026-02-15T17:49:48.228+0000] {dag.py:3036} INFO - Sync 1 DAGs
[2026-02-15T17:49:48.259+0000] {logging_mixin.py:188} INFO - [2026-02-15T17:49:48.258+0000] {dag.py:3823} INFO - Setting next_dagrun for sec_edgar_pipeline to 2026-02-15 09:00:00+00:00, run_after=2026-02-16 09:00:00+00:00
[2026-02-15T17:49:48.297+0000] {processor.py:183} INFO - Processing /opt/airflow/dags/sec_edgar_dag.py took 0.668 seconds
[2026-02-15T17:50:19.145+0000] {processor.py:161} INFO - Started process (PID=9416) to work on /opt/airflow/dags/sec_edgar_dag.py
[2026-02-15T17:50:19.147+0000] {processor.py:830} INFO - Processing file /opt/airflow/dags/sec_edgar_dag.py for tasks to queue
[2026-02-15T17:50:19.149+0000] {logging_mixin.py:188} INFO - [2026-02-15T17:50:19.148+0000] {dagbag.py:538} INFO - Filling up the DagBag from /opt/airflow/dags/sec_edgar_dag.py
[2026-02-15T17:50:19.840+0000] {processor.py:840} INFO - DAG(s) 'sec_edgar_pipeline' retrieved from /opt/airflow/dags/sec_edgar_dag.py
[2026-02-15T17:50:19.891+0000] {logging_mixin.py:188} INFO - [2026-02-15T17:50:19.890+0000] {dag.py:3036} INFO - Sync 1 DAGs
[2026-02-15T17:50:19.936+0000] {logging_mixin.py:188} INFO - [2026-02-15T17:50:19.936+0000] {dag.py:3823} INFO - Setting next_dagrun for sec_edgar_pipeline to 2026-02-15 09:00:00+00:00, run_after=2026-02-16 09:00:00+00:00
[2026-02-15T17:50:19.970+0000] {processor.py:183} INFO - Processing /opt/airflow/dags/sec_edgar_dag.py took 0.830 seconds
[2026-02-15T17:50:50.572+0000] {processor.py:161} INFO - Started process (PID=9432) to work on /opt/airflow/dags/sec_edgar_dag.py
[2026-02-15T17:50:50.574+0000] {processor.py:830} INFO - Processing file /opt/airflow/dags/sec_edgar_dag.py for tasks to queue
[2026-02-15T17:50:50.575+0000] {logging_mixin.py:188} INFO - [2026-02-15T17:50:50.575+0000] {dagbag.py:538} INFO - Filling up the DagBag from /opt/airflow/dags/sec_edgar_dag.py
[2026-02-15T17:50:51.162+0000] {processor.py:840} INFO - DAG(s) 'sec_edgar_pipeline' retrieved from /opt/airflow/dags/sec_edgar_dag.py
[2026-02-15T17:50:51.196+0000] {logging_mixin.py:188} INFO - [2026-02-15T17:50:51.195+0000] {dag.py:3036} INFO - Sync 1 DAGs
[2026-02-15T17:50:51.238+0000] {logging_mixin.py:188} INFO - [2026-02-15T17:50:51.238+0000] {dag.py:3823} INFO - Setting next_dagrun for sec_edgar_pipeline to 2026-02-15 09:00:00+00:00, run_after=2026-02-16 09:00:00+00:00
[2026-02-15T17:50:51.278+0000] {processor.py:183} INFO - Processing /opt/airflow/dags/sec_edgar_dag.py took 0.709 seconds
[2026-02-15T17:51:22.025+0000] {processor.py:161} INFO - Started process (PID=9448) to work on /opt/airflow/dags/sec_edgar_dag.py
[2026-02-15T17:51:22.027+0000] {processor.py:830} INFO - Processing file /opt/airflow/dags/sec_edgar_dag.py for tasks to queue
[2026-02-15T17:51:22.028+0000] {logging_mixin.py:188} INFO - [2026-02-15T17:51:22.028+0000] {dagbag.py:538} INFO - Filling up the DagBag from /opt/airflow/dags/sec_edgar_dag.py
[2026-02-15T17:51:22.636+0000] {processor.py:840} INFO - DAG(s) 'sec_edgar_pipeline' retrieved from /opt/airflow/dags/sec_edgar_dag.py
[2026-02-15T17:51:22.667+0000] {logging_mixin.py:188} INFO - [2026-02-15T17:51:22.667+0000] {dag.py:3036} INFO - Sync 1 DAGs
[2026-02-15T17:51:22.702+0000] {logging_mixin.py:188} INFO - [2026-02-15T17:51:22.701+0000] {dag.py:3823} INFO - Setting next_dagrun for sec_edgar_pipeline to 2026-02-15 09:00:00+00:00, run_after=2026-02-16 09:00:00+00:00
[2026-02-15T17:51:22.731+0000] {processor.py:183} INFO - Processing /opt/airflow/dags/sec_edgar_dag.py took 0.711 seconds
[2026-02-15T17:51:53.674+0000] {processor.py:161} INFO - Started process (PID=9464) to work on /opt/airflow/dags/sec_edgar_dag.py
[2026-02-15T17:51:53.675+0000] {processor.py:830} INFO - Processing file /opt/airflow/dags/sec_edgar_dag.py for tasks to queue
[2026-02-15T17:51:53.677+0000] {logging_mixin.py:188} INFO - [2026-02-15T17:51:53.676+0000] {dagbag.py:538} INFO - Filling up the DagBag from /opt/airflow/dags/sec_edgar_dag.py
[2026-02-15T17:51:54.523+0000] {processor.py:840} INFO - DAG(s) 'sec_edgar_pipeline' retrieved from /opt/airflow/dags/sec_edgar_dag.py
[2026-02-15T17:51:54.552+0000] {logging_mixin.py:188} INFO - [2026-02-15T17:51:54.552+0000] {dag.py:3036} INFO - Sync 1 DAGs
[2026-02-15T17:51:54.582+0000] {logging_mixin.py:188} INFO - [2026-02-15T17:51:54.582+0000] {dag.py:3823} INFO - Setting next_dagrun for sec_edgar_pipeline to 2026-02-15 09:00:00+00:00, run_after=2026-02-16 09:00:00+00:00
[2026-02-15T17:51:54.606+0000] {processor.py:183} INFO - Processing /opt/airflow/dags/sec_edgar_dag.py took 0.936 seconds
[2026-02-15T17:52:25.437+0000] {processor.py:161} INFO - Started process (PID=9480) to work on /opt/airflow/dags/sec_edgar_dag.py
[2026-02-15T17:52:25.438+0000] {processor.py:830} INFO - Processing file /opt/airflow/dags/sec_edgar_dag.py for tasks to queue
[2026-02-15T17:52:25.439+0000] {logging_mixin.py:188} INFO - [2026-02-15T17:52:25.439+0000] {dagbag.py:538} INFO - Filling up the DagBag from /opt/airflow/dags/sec_edgar_dag.py
[2026-02-15T17:52:25.984+0000] {processor.py:840} INFO - DAG(s) 'sec_edgar_pipeline' retrieved from /opt/airflow/dags/sec_edgar_dag.py
[2026-02-15T17:52:26.020+0000] {logging_mixin.py:188} INFO - [2026-02-15T17:52:26.019+0000] {dag.py:3036} INFO - Sync 1 DAGs
[2026-02-15T17:52:26.056+0000] {logging_mixin.py:188} INFO - [2026-02-15T17:52:26.056+0000] {dag.py:3823} INFO - Setting next_dagrun for sec_edgar_pipeline to 2026-02-15 09:00:00+00:00, run_after=2026-02-16 09:00:00+00:00
[2026-02-15T17:52:26.088+0000] {processor.py:183} INFO - Processing /opt/airflow/dags/sec_edgar_dag.py took 0.656 seconds
[2026-02-15T17:52:56.802+0000] {processor.py:161} INFO - Started process (PID=9496) to work on /opt/airflow/dags/sec_edgar_dag.py
[2026-02-15T17:52:56.804+0000] {processor.py:830} INFO - Processing file /opt/airflow/dags/sec_edgar_dag.py for tasks to queue
[2026-02-15T17:52:56.805+0000] {logging_mixin.py:188} INFO - [2026-02-15T17:52:56.805+0000] {dagbag.py:538} INFO - Filling up the DagBag from /opt/airflow/dags/sec_edgar_dag.py
[2026-02-15T17:52:57.368+0000] {processor.py:840} INFO - DAG(s) 'sec_edgar_pipeline' retrieved from /opt/airflow/dags/sec_edgar_dag.py
[2026-02-15T17:52:57.400+0000] {logging_mixin.py:188} INFO - [2026-02-15T17:52:57.399+0000] {dag.py:3036} INFO - Sync 1 DAGs
[2026-02-15T17:52:57.428+0000] {logging_mixin.py:188} INFO - [2026-02-15T17:52:57.427+0000] {dag.py:3823} INFO - Setting next_dagrun for sec_edgar_pipeline to 2026-02-15 09:00:00+00:00, run_after=2026-02-16 09:00:00+00:00
[2026-02-15T17:52:57.453+0000] {processor.py:183} INFO - Processing /opt/airflow/dags/sec_edgar_dag.py took 0.655 seconds
[2026-02-15T17:53:28.270+0000] {processor.py:161} INFO - Started process (PID=9512) to work on /opt/airflow/dags/sec_edgar_dag.py
[2026-02-15T17:53:28.272+0000] {processor.py:830} INFO - Processing file /opt/airflow/dags/sec_edgar_dag.py for tasks to queue
[2026-02-15T17:53:28.274+0000] {logging_mixin.py:188} INFO - [2026-02-15T17:53:28.273+0000] {dagbag.py:538} INFO - Filling up the DagBag from /opt/airflow/dags/sec_edgar_dag.py
[2026-02-15T17:53:28.876+0000] {processor.py:840} INFO - DAG(s) 'sec_edgar_pipeline' retrieved from /opt/airflow/dags/sec_edgar_dag.py
[2026-02-15T17:53:28.915+0000] {logging_mixin.py:188} INFO - [2026-02-15T17:53:28.914+0000] {dag.py:3036} INFO - Sync 1 DAGs
[2026-02-15T17:53:28.953+0000] {logging_mixin.py:188} INFO - [2026-02-15T17:53:28.953+0000] {dag.py:3823} INFO - Setting next_dagrun for sec_edgar_pipeline to 2026-02-15 09:00:00+00:00, run_after=2026-02-16 09:00:00+00:00
[2026-02-15T17:53:28.995+0000] {processor.py:183} INFO - Processing /opt/airflow/dags/sec_edgar_dag.py took 0.730 seconds
[2026-02-15T17:53:59.683+0000] {processor.py:161} INFO - Started process (PID=9529) to work on /opt/airflow/dags/sec_edgar_dag.py
[2026-02-15T17:53:59.685+0000] {processor.py:830} INFO - Processing file /opt/airflow/dags/sec_edgar_dag.py for tasks to queue
[2026-02-15T17:53:59.686+0000] {logging_mixin.py:188} INFO - [2026-02-15T17:53:59.686+0000] {dagbag.py:538} INFO - Filling up the DagBag from /opt/airflow/dags/sec_edgar_dag.py
[2026-02-15T17:54:00.356+0000] {processor.py:840} INFO - DAG(s) 'sec_edgar_pipeline' retrieved from /opt/airflow/dags/sec_edgar_dag.py
[2026-02-15T17:54:00.392+0000] {logging_mixin.py:188} INFO - [2026-02-15T17:54:00.391+0000] {dag.py:3036} INFO - Sync 1 DAGs
[2026-02-15T17:54:00.427+0000] {logging_mixin.py:188} INFO - [2026-02-15T17:54:00.426+0000] {dag.py:3823} INFO - Setting next_dagrun for sec_edgar_pipeline to 2026-02-15 09:00:00+00:00, run_after=2026-02-16 09:00:00+00:00
[2026-02-15T17:54:00.461+0000] {processor.py:183} INFO - Processing /opt/airflow/dags/sec_edgar_dag.py took 0.782 seconds
[2026-02-15T17:54:31.145+0000] {processor.py:161} INFO - Started process (PID=9545) to work on /opt/airflow/dags/sec_edgar_dag.py
[2026-02-15T17:54:31.147+0000] {processor.py:830} INFO - Processing file /opt/airflow/dags/sec_edgar_dag.py for tasks to queue
[2026-02-15T17:54:31.149+0000] {logging_mixin.py:188} INFO - [2026-02-15T17:54:31.148+0000] {dagbag.py:538} INFO - Filling up the DagBag from /opt/airflow/dags/sec_edgar_dag.py
[2026-02-15T17:54:31.754+0000] {processor.py:840} INFO - DAG(s) 'sec_edgar_pipeline' retrieved from /opt/airflow/dags/sec_edgar_dag.py
[2026-02-15T17:54:31.791+0000] {logging_mixin.py:188} INFO - [2026-02-15T17:54:31.790+0000] {dag.py:3036} INFO - Sync 1 DAGs
[2026-02-15T17:54:31.827+0000] {logging_mixin.py:188} INFO - [2026-02-15T17:54:31.827+0000] {dag.py:3823} INFO - Setting next_dagrun for sec_edgar_pipeline to 2026-02-15 09:00:00+00:00, run_after=2026-02-16 09:00:00+00:00
[2026-02-15T17:54:31.863+0000] {processor.py:183} INFO - Processing /opt/airflow/dags/sec_edgar_dag.py took 0.721 seconds
[2026-02-15T17:55:02.646+0000] {processor.py:161} INFO - Started process (PID=9561) to work on /opt/airflow/dags/sec_edgar_dag.py
[2026-02-15T17:55:02.647+0000] {processor.py:830} INFO - Processing file /opt/airflow/dags/sec_edgar_dag.py for tasks to queue
[2026-02-15T17:55:02.649+0000] {logging_mixin.py:188} INFO - [2026-02-15T17:55:02.649+0000] {dagbag.py:538} INFO - Filling up the DagBag from /opt/airflow/dags/sec_edgar_dag.py
[2026-02-15T17:55:03.243+0000] {processor.py:840} INFO - DAG(s) 'sec_edgar_pipeline' retrieved from /opt/airflow/dags/sec_edgar_dag.py
[2026-02-15T17:55:03.276+0000] {logging_mixin.py:188} INFO - [2026-02-15T17:55:03.275+0000] {dag.py:3036} INFO - Sync 1 DAGs
[2026-02-15T17:55:03.313+0000] {logging_mixin.py:188} INFO - [2026-02-15T17:55:03.313+0000] {dag.py:3823} INFO - Setting next_dagrun for sec_edgar_pipeline to 2026-02-15 09:00:00+00:00, run_after=2026-02-16 09:00:00+00:00
[2026-02-15T17:55:03.358+0000] {processor.py:183} INFO - Processing /opt/airflow/dags/sec_edgar_dag.py took 0.718 seconds
[2026-02-15T17:55:34.065+0000] {processor.py:161} INFO - Started process (PID=9577) to work on /opt/airflow/dags/sec_edgar_dag.py
[2026-02-15T17:55:34.067+0000] {processor.py:830} INFO - Processing file /opt/airflow/dags/sec_edgar_dag.py for tasks to queue
[2026-02-15T17:55:34.069+0000] {logging_mixin.py:188} INFO - [2026-02-15T17:55:34.068+0000] {dagbag.py:538} INFO - Filling up the DagBag from /opt/airflow/dags/sec_edgar_dag.py
[2026-02-15T17:55:34.703+0000] {processor.py:840} INFO - DAG(s) 'sec_edgar_pipeline' retrieved from /opt/airflow/dags/sec_edgar_dag.py
[2026-02-15T17:55:34.745+0000] {logging_mixin.py:188} INFO - [2026-02-15T17:55:34.745+0000] {dag.py:3036} INFO - Sync 1 DAGs
[2026-02-15T17:55:34.784+0000] {logging_mixin.py:188} INFO - [2026-02-15T17:55:34.784+0000] {dag.py:3823} INFO - Setting next_dagrun for sec_edgar_pipeline to 2026-02-15 09:00:00+00:00, run_after=2026-02-16 09:00:00+00:00
[2026-02-15T17:55:34.818+0000] {processor.py:183} INFO - Processing /opt/airflow/dags/sec_edgar_dag.py took 0.757 seconds
[2026-02-15T17:56:05.546+0000] {processor.py:161} INFO - Started process (PID=9593) to work on /opt/airflow/dags/sec_edgar_dag.py
[2026-02-15T17:56:05.548+0000] {processor.py:830} INFO - Processing file /opt/airflow/dags/sec_edgar_dag.py for tasks to queue
[2026-02-15T17:56:05.550+0000] {logging_mixin.py:188} INFO - [2026-02-15T17:56:05.549+0000] {dagbag.py:538} INFO - Filling up the DagBag from /opt/airflow/dags/sec_edgar_dag.py
[2026-02-15T17:56:06.153+0000] {processor.py:840} INFO - DAG(s) 'sec_edgar_pipeline' retrieved from /opt/airflow/dags/sec_edgar_dag.py
[2026-02-15T17:56:06.183+0000] {logging_mixin.py:188} INFO - [2026-02-15T17:56:06.183+0000] {dag.py:3036} INFO - Sync 1 DAGs
[2026-02-15T17:56:06.211+0000] {logging_mixin.py:188} INFO - [2026-02-15T17:56:06.211+0000] {dag.py:3823} INFO - Setting next_dagrun for sec_edgar_pipeline to 2026-02-15 09:00:00+00:00, run_after=2026-02-16 09:00:00+00:00
[2026-02-15T17:56:06.240+0000] {processor.py:183} INFO - Processing /opt/airflow/dags/sec_edgar_dag.py took 0.699 seconds
[2026-02-15T17:56:37.000+0000] {processor.py:161} INFO - Started process (PID=9609) to work on /opt/airflow/dags/sec_edgar_dag.py
[2026-02-15T17:56:37.002+0000] {processor.py:830} INFO - Processing file /opt/airflow/dags/sec_edgar_dag.py for tasks to queue
[2026-02-15T17:56:37.004+0000] {logging_mixin.py:188} INFO - [2026-02-15T17:56:37.003+0000] {dagbag.py:538} INFO - Filling up the DagBag from /opt/airflow/dags/sec_edgar_dag.py
[2026-02-15T17:56:37.607+0000] {processor.py:840} INFO - DAG(s) 'sec_edgar_pipeline' retrieved from /opt/airflow/dags/sec_edgar_dag.py
[2026-02-15T17:56:37.644+0000] {logging_mixin.py:188} INFO - [2026-02-15T17:56:37.643+0000] {dag.py:3036} INFO - Sync 1 DAGs
[2026-02-15T17:56:37.680+0000] {logging_mixin.py:188} INFO - [2026-02-15T17:56:37.679+0000] {dag.py:3823} INFO - Setting next_dagrun for sec_edgar_pipeline to 2026-02-15 09:00:00+00:00, run_after=2026-02-16 09:00:00+00:00
[2026-02-15T17:56:37.722+0000] {processor.py:183} INFO - Processing /opt/airflow/dags/sec_edgar_dag.py took 0.727 seconds
[2026-02-15T17:57:08.161+0000] {processor.py:161} INFO - Started process (PID=9626) to work on /opt/airflow/dags/sec_edgar_dag.py
[2026-02-15T17:57:08.163+0000] {processor.py:830} INFO - Processing file /opt/airflow/dags/sec_edgar_dag.py for tasks to queue
[2026-02-15T17:57:08.164+0000] {logging_mixin.py:188} INFO - [2026-02-15T17:57:08.164+0000] {dagbag.py:538} INFO - Filling up the DagBag from /opt/airflow/dags/sec_edgar_dag.py
[2026-02-15T17:57:08.808+0000] {processor.py:840} INFO - DAG(s) 'sec_edgar_pipeline' retrieved from /opt/airflow/dags/sec_edgar_dag.py
[2026-02-15T17:57:08.848+0000] {logging_mixin.py:188} INFO - [2026-02-15T17:57:08.848+0000] {dag.py:3036} INFO - Sync 1 DAGs
[2026-02-15T17:57:08.883+0000] {logging_mixin.py:188} INFO - [2026-02-15T17:57:08.883+0000] {dag.py:3823} INFO - Setting next_dagrun for sec_edgar_pipeline to 2026-02-15 09:00:00+00:00, run_after=2026-02-16 09:00:00+00:00
[2026-02-15T17:57:08.937+0000] {processor.py:183} INFO - Processing /opt/airflow/dags/sec_edgar_dag.py took 0.779 seconds
[2026-02-15T17:57:39.318+0000] {processor.py:161} INFO - Started process (PID=9643) to work on /opt/airflow/dags/sec_edgar_dag.py
[2026-02-15T17:57:39.321+0000] {processor.py:830} INFO - Processing file /opt/airflow/dags/sec_edgar_dag.py for tasks to queue
[2026-02-15T17:57:39.323+0000] {logging_mixin.py:188} INFO - [2026-02-15T17:57:39.322+0000] {dagbag.py:538} INFO - Filling up the DagBag from /opt/airflow/dags/sec_edgar_dag.py
[2026-02-15T17:57:39.921+0000] {processor.py:840} INFO - DAG(s) 'sec_edgar_pipeline' retrieved from /opt/airflow/dags/sec_edgar_dag.py
[2026-02-15T17:57:39.958+0000] {logging_mixin.py:188} INFO - [2026-02-15T17:57:39.957+0000] {dag.py:3036} INFO - Sync 1 DAGs
[2026-02-15T17:57:39.999+0000] {logging_mixin.py:188} INFO - [2026-02-15T17:57:39.998+0000] {dag.py:3823} INFO - Setting next_dagrun for sec_edgar_pipeline to 2026-02-15 09:00:00+00:00, run_after=2026-02-16 09:00:00+00:00
[2026-02-15T17:57:40.045+0000] {processor.py:183} INFO - Processing /opt/airflow/dags/sec_edgar_dag.py took 0.733 seconds
[2026-02-15T17:58:10.763+0000] {processor.py:161} INFO - Started process (PID=9659) to work on /opt/airflow/dags/sec_edgar_dag.py
[2026-02-15T17:58:10.765+0000] {processor.py:830} INFO - Processing file /opt/airflow/dags/sec_edgar_dag.py for tasks to queue
[2026-02-15T17:58:10.768+0000] {logging_mixin.py:188} INFO - [2026-02-15T17:58:10.767+0000] {dagbag.py:538} INFO - Filling up the DagBag from /opt/airflow/dags/sec_edgar_dag.py
[2026-02-15T17:58:11.380+0000] {processor.py:840} INFO - DAG(s) 'sec_edgar_pipeline' retrieved from /opt/airflow/dags/sec_edgar_dag.py
[2026-02-15T17:58:11.412+0000] {logging_mixin.py:188} INFO - [2026-02-15T17:58:11.412+0000] {dag.py:3036} INFO - Sync 1 DAGs
[2026-02-15T17:58:11.445+0000] {logging_mixin.py:188} INFO - [2026-02-15T17:58:11.445+0000] {dag.py:3823} INFO - Setting next_dagrun for sec_edgar_pipeline to 2026-02-15 09:00:00+00:00, run_after=2026-02-16 09:00:00+00:00
[2026-02-15T17:58:11.487+0000] {processor.py:183} INFO - Processing /opt/airflow/dags/sec_edgar_dag.py took 0.729 seconds
[2026-02-15T17:58:42.165+0000] {processor.py:161} INFO - Started process (PID=9681) to work on /opt/airflow/dags/sec_edgar_dag.py
[2026-02-15T17:58:42.166+0000] {processor.py:830} INFO - Processing file /opt/airflow/dags/sec_edgar_dag.py for tasks to queue
[2026-02-15T17:58:42.167+0000] {logging_mixin.py:188} INFO - [2026-02-15T17:58:42.167+0000] {dagbag.py:538} INFO - Filling up the DagBag from /opt/airflow/dags/sec_edgar_dag.py
[2026-02-15T17:58:42.737+0000] {processor.py:840} INFO - DAG(s) 'sec_edgar_pipeline' retrieved from /opt/airflow/dags/sec_edgar_dag.py
[2026-02-15T17:58:42.767+0000] {logging_mixin.py:188} INFO - [2026-02-15T17:58:42.767+0000] {dag.py:3036} INFO - Sync 1 DAGs
[2026-02-15T17:58:42.797+0000] {logging_mixin.py:188} INFO - [2026-02-15T17:58:42.796+0000] {dag.py:3823} INFO - Setting next_dagrun for sec_edgar_pipeline to 2026-02-15 09:00:00+00:00, run_after=2026-02-16 09:00:00+00:00
[2026-02-15T17:58:42.832+0000] {processor.py:183} INFO - Processing /opt/airflow/dags/sec_edgar_dag.py took 0.671 seconds
[2026-02-15T17:59:13.568+0000] {processor.py:161} INFO - Started process (PID=9697) to work on /opt/airflow/dags/sec_edgar_dag.py
[2026-02-15T17:59:13.570+0000] {processor.py:830} INFO - Processing file /opt/airflow/dags/sec_edgar_dag.py for tasks to queue
[2026-02-15T17:59:13.571+0000] {logging_mixin.py:188} INFO - [2026-02-15T17:59:13.571+0000] {dagbag.py:538} INFO - Filling up the DagBag from /opt/airflow/dags/sec_edgar_dag.py
[2026-02-15T17:59:14.171+0000] {processor.py:840} INFO - DAG(s) 'sec_edgar_pipeline' retrieved from /opt/airflow/dags/sec_edgar_dag.py
[2026-02-15T17:59:14.200+0000] {logging_mixin.py:188} INFO - [2026-02-15T17:59:14.199+0000] {dag.py:3036} INFO - Sync 1 DAGs
[2026-02-15T17:59:14.229+0000] {logging_mixin.py:188} INFO - [2026-02-15T17:59:14.229+0000] {dag.py:3823} INFO - Setting next_dagrun for sec_edgar_pipeline to 2026-02-15 09:00:00+00:00, run_after=2026-02-16 09:00:00+00:00
[2026-02-15T17:59:14.270+0000] {processor.py:183} INFO - Processing /opt/airflow/dags/sec_edgar_dag.py took 0.707 seconds
[2026-02-15T17:59:45.026+0000] {processor.py:161} INFO - Started process (PID=9713) to work on /opt/airflow/dags/sec_edgar_dag.py
[2026-02-15T17:59:45.027+0000] {processor.py:830} INFO - Processing file /opt/airflow/dags/sec_edgar_dag.py for tasks to queue
[2026-02-15T17:59:45.029+0000] {logging_mixin.py:188} INFO - [2026-02-15T17:59:45.029+0000] {dagbag.py:538} INFO - Filling up the DagBag from /opt/airflow/dags/sec_edgar_dag.py
[2026-02-15T17:59:45.611+0000] {processor.py:840} INFO - DAG(s) 'sec_edgar_pipeline' retrieved from /opt/airflow/dags/sec_edgar_dag.py
[2026-02-15T17:59:45.645+0000] {logging_mixin.py:188} INFO - [2026-02-15T17:59:45.644+0000] {dag.py:3036} INFO - Sync 1 DAGs
[2026-02-15T17:59:45.679+0000] {logging_mixin.py:188} INFO - [2026-02-15T17:59:45.679+0000] {dag.py:3823} INFO - Setting next_dagrun for sec_edgar_pipeline to 2026-02-15 09:00:00+00:00, run_after=2026-02-16 09:00:00+00:00
[2026-02-15T17:59:45.722+0000] {processor.py:183} INFO - Processing /opt/airflow/dags/sec_edgar_dag.py took 0.701 seconds
[2026-02-15T18:00:16.463+0000] {processor.py:161} INFO - Started process (PID=9729) to work on /opt/airflow/dags/sec_edgar_dag.py
[2026-02-15T18:00:16.465+0000] {processor.py:830} INFO - Processing file /opt/airflow/dags/sec_edgar_dag.py for tasks to queue
[2026-02-15T18:00:16.468+0000] {logging_mixin.py:188} INFO - [2026-02-15T18:00:16.467+0000] {dagbag.py:538} INFO - Filling up the DagBag from /opt/airflow/dags/sec_edgar_dag.py
[2026-02-15T18:00:17.086+0000] {processor.py:840} INFO - DAG(s) 'sec_edgar_pipeline' retrieved from /opt/airflow/dags/sec_edgar_dag.py
[2026-02-15T18:00:17.123+0000] {logging_mixin.py:188} INFO - [2026-02-15T18:00:17.123+0000] {dag.py:3036} INFO - Sync 1 DAGs
[2026-02-15T18:00:17.158+0000] {logging_mixin.py:188} INFO - [2026-02-15T18:00:17.158+0000] {dag.py:3823} INFO - Setting next_dagrun for sec_edgar_pipeline to 2026-02-15 09:00:00+00:00, run_after=2026-02-16 09:00:00+00:00
[2026-02-15T18:00:17.183+0000] {processor.py:183} INFO - Processing /opt/airflow/dags/sec_edgar_dag.py took 0.724 seconds
[2026-02-15T18:00:47.906+0000] {processor.py:161} INFO - Started process (PID=9745) to work on /opt/airflow/dags/sec_edgar_dag.py
[2026-02-15T18:00:47.907+0000] {processor.py:830} INFO - Processing file /opt/airflow/dags/sec_edgar_dag.py for tasks to queue
[2026-02-15T18:00:47.909+0000] {logging_mixin.py:188} INFO - [2026-02-15T18:00:47.908+0000] {dagbag.py:538} INFO - Filling up the DagBag from /opt/airflow/dags/sec_edgar_dag.py
[2026-02-15T18:00:48.512+0000] {processor.py:840} INFO - DAG(s) 'sec_edgar_pipeline' retrieved from /opt/airflow/dags/sec_edgar_dag.py
[2026-02-15T18:00:48.550+0000] {logging_mixin.py:188} INFO - [2026-02-15T18:00:48.549+0000] {dag.py:3036} INFO - Sync 1 DAGs
[2026-02-15T18:00:48.587+0000] {logging_mixin.py:188} INFO - [2026-02-15T18:00:48.587+0000] {dag.py:3823} INFO - Setting next_dagrun for sec_edgar_pipeline to 2026-02-15 09:00:00+00:00, run_after=2026-02-16 09:00:00+00:00
[2026-02-15T18:00:48.628+0000] {processor.py:183} INFO - Processing /opt/airflow/dags/sec_edgar_dag.py took 0.728 seconds
[2026-02-15T18:01:19.350+0000] {processor.py:161} INFO - Started process (PID=9761) to work on /opt/airflow/dags/sec_edgar_dag.py
[2026-02-15T18:01:19.352+0000] {processor.py:830} INFO - Processing file /opt/airflow/dags/sec_edgar_dag.py for tasks to queue
[2026-02-15T18:01:19.354+0000] {logging_mixin.py:188} INFO - [2026-02-15T18:01:19.353+0000] {dagbag.py:538} INFO - Filling up the DagBag from /opt/airflow/dags/sec_edgar_dag.py
[2026-02-15T18:01:19.937+0000] {processor.py:840} INFO - DAG(s) 'sec_edgar_pipeline' retrieved from /opt/airflow/dags/sec_edgar_dag.py
[2026-02-15T18:01:19.972+0000] {logging_mixin.py:188} INFO - [2026-02-15T18:01:19.970+0000] {dag.py:3036} INFO - Sync 1 DAGs
[2026-02-15T18:01:20.007+0000] {logging_mixin.py:188} INFO - [2026-02-15T18:01:20.007+0000] {dag.py:3823} INFO - Setting next_dagrun for sec_edgar_pipeline to 2026-02-15 09:00:00+00:00, run_after=2026-02-16 09:00:00+00:00
[2026-02-15T18:01:20.038+0000] {processor.py:183} INFO - Processing /opt/airflow/dags/sec_edgar_dag.py took 0.693 seconds
[2026-02-15T18:01:50.760+0000] {processor.py:161} INFO - Started process (PID=9777) to work on /opt/airflow/dags/sec_edgar_dag.py
[2026-02-15T18:01:50.762+0000] {processor.py:830} INFO - Processing file /opt/airflow/dags/sec_edgar_dag.py for tasks to queue
[2026-02-15T18:01:50.764+0000] {logging_mixin.py:188} INFO - [2026-02-15T18:01:50.763+0000] {dagbag.py:538} INFO - Filling up the DagBag from /opt/airflow/dags/sec_edgar_dag.py
[2026-02-15T18:01:51.380+0000] {processor.py:840} INFO - DAG(s) 'sec_edgar_pipeline' retrieved from /opt/airflow/dags/sec_edgar_dag.py
[2026-02-15T18:01:51.422+0000] {logging_mixin.py:188} INFO - [2026-02-15T18:01:51.422+0000] {dag.py:3036} INFO - Sync 1 DAGs
[2026-02-15T18:01:51.458+0000] {logging_mixin.py:188} INFO - [2026-02-15T18:01:51.457+0000] {dag.py:3823} INFO - Setting next_dagrun for sec_edgar_pipeline to 2026-02-15 09:00:00+00:00, run_after=2026-02-16 09:00:00+00:00
[2026-02-15T18:01:51.486+0000] {processor.py:183} INFO - Processing /opt/airflow/dags/sec_edgar_dag.py took 0.731 seconds
[2026-02-15T18:02:22.234+0000] {processor.py:161} INFO - Started process (PID=9794) to work on /opt/airflow/dags/sec_edgar_dag.py
[2026-02-15T18:02:22.235+0000] {processor.py:830} INFO - Processing file /opt/airflow/dags/sec_edgar_dag.py for tasks to queue
[2026-02-15T18:02:22.237+0000] {logging_mixin.py:188} INFO - [2026-02-15T18:02:22.236+0000] {dagbag.py:538} INFO - Filling up the DagBag from /opt/airflow/dags/sec_edgar_dag.py
[2026-02-15T18:02:22.831+0000] {processor.py:840} INFO - DAG(s) 'sec_edgar_pipeline' retrieved from /opt/airflow/dags/sec_edgar_dag.py
[2026-02-15T18:02:22.867+0000] {logging_mixin.py:188} INFO - [2026-02-15T18:02:22.866+0000] {dag.py:3036} INFO - Sync 1 DAGs
[2026-02-15T18:02:22.899+0000] {logging_mixin.py:188} INFO - [2026-02-15T18:02:22.899+0000] {dag.py:3823} INFO - Setting next_dagrun for sec_edgar_pipeline to 2026-02-15 09:00:00+00:00, run_after=2026-02-16 09:00:00+00:00
[2026-02-15T18:02:22.928+0000] {processor.py:183} INFO - Processing /opt/airflow/dags/sec_edgar_dag.py took 0.698 seconds
[2026-02-15T18:02:53.582+0000] {processor.py:161} INFO - Started process (PID=9810) to work on /opt/airflow/dags/sec_edgar_dag.py
[2026-02-15T18:02:53.584+0000] {processor.py:830} INFO - Processing file /opt/airflow/dags/sec_edgar_dag.py for tasks to queue
[2026-02-15T18:02:53.586+0000] {logging_mixin.py:188} INFO - [2026-02-15T18:02:53.585+0000] {dagbag.py:538} INFO - Filling up the DagBag from /opt/airflow/dags/sec_edgar_dag.py
[2026-02-15T18:02:54.429+0000] {processor.py:840} INFO - DAG(s) 'sec_edgar_pipeline' retrieved from /opt/airflow/dags/sec_edgar_dag.py
[2026-02-15T18:02:54.466+0000] {logging_mixin.py:188} INFO - [2026-02-15T18:02:54.466+0000] {dag.py:3036} INFO - Sync 1 DAGs
[2026-02-15T18:02:54.503+0000] {logging_mixin.py:188} INFO - [2026-02-15T18:02:54.503+0000] {dag.py:3823} INFO - Setting next_dagrun for sec_edgar_pipeline to 2026-02-15 09:00:00+00:00, run_after=2026-02-16 09:00:00+00:00
[2026-02-15T18:02:54.534+0000] {processor.py:183} INFO - Processing /opt/airflow/dags/sec_edgar_dag.py took 0.959 seconds
[2026-02-15T18:03:24.878+0000] {processor.py:161} INFO - Started process (PID=9826) to work on /opt/airflow/dags/sec_edgar_dag.py
[2026-02-15T18:03:24.879+0000] {processor.py:830} INFO - Processing file /opt/airflow/dags/sec_edgar_dag.py for tasks to queue
[2026-02-15T18:03:24.881+0000] {logging_mixin.py:188} INFO - [2026-02-15T18:03:24.880+0000] {dagbag.py:538} INFO - Filling up the DagBag from /opt/airflow/dags/sec_edgar_dag.py
[2026-02-15T18:03:25.426+0000] {processor.py:840} INFO - DAG(s) 'sec_edgar_pipeline' retrieved from /opt/airflow/dags/sec_edgar_dag.py
[2026-02-15T18:03:25.458+0000] {logging_mixin.py:188} INFO - [2026-02-15T18:03:25.457+0000] {dag.py:3036} INFO - Sync 1 DAGs
[2026-02-15T18:03:25.485+0000] {logging_mixin.py:188} INFO - [2026-02-15T18:03:25.485+0000] {dag.py:3823} INFO - Setting next_dagrun for sec_edgar_pipeline to 2026-02-15 09:00:00+00:00, run_after=2026-02-16 09:00:00+00:00
[2026-02-15T18:03:25.520+0000] {processor.py:183} INFO - Processing /opt/airflow/dags/sec_edgar_dag.py took 0.646 seconds
[2026-02-15T18:03:56.257+0000] {processor.py:161} INFO - Started process (PID=9842) to work on /opt/airflow/dags/sec_edgar_dag.py
[2026-02-15T18:03:56.260+0000] {processor.py:830} INFO - Processing file /opt/airflow/dags/sec_edgar_dag.py for tasks to queue
[2026-02-15T18:03:56.263+0000] {logging_mixin.py:188} INFO - [2026-02-15T18:03:56.262+0000] {dagbag.py:538} INFO - Filling up the DagBag from /opt/airflow/dags/sec_edgar_dag.py
[2026-02-15T18:03:56.849+0000] {processor.py:840} INFO - DAG(s) 'sec_edgar_pipeline' retrieved from /opt/airflow/dags/sec_edgar_dag.py
[2026-02-15T18:03:56.892+0000] {logging_mixin.py:188} INFO - [2026-02-15T18:03:56.891+0000] {dag.py:3036} INFO - Sync 1 DAGs
[2026-02-15T18:03:56.926+0000] {logging_mixin.py:188} INFO - [2026-02-15T18:03:56.925+0000] {dag.py:3823} INFO - Setting next_dagrun for sec_edgar_pipeline to 2026-02-15 09:00:00+00:00, run_after=2026-02-16 09:00:00+00:00
[2026-02-15T18:03:56.967+0000] {processor.py:183} INFO - Processing /opt/airflow/dags/sec_edgar_dag.py took 0.715 seconds
[2026-02-15T18:04:27.668+0000] {processor.py:161} INFO - Started process (PID=9858) to work on /opt/airflow/dags/sec_edgar_dag.py
[2026-02-15T18:04:27.670+0000] {processor.py:830} INFO - Processing file /opt/airflow/dags/sec_edgar_dag.py for tasks to queue
[2026-02-15T18:04:27.672+0000] {logging_mixin.py:188} INFO - [2026-02-15T18:04:27.671+0000] {dagbag.py:538} INFO - Filling up the DagBag from /opt/airflow/dags/sec_edgar_dag.py
[2026-02-15T18:04:28.215+0000] {processor.py:840} INFO - DAG(s) 'sec_edgar_pipeline' retrieved from /opt/airflow/dags/sec_edgar_dag.py
[2026-02-15T18:04:28.246+0000] {logging_mixin.py:188} INFO - [2026-02-15T18:04:28.245+0000] {dag.py:3036} INFO - Sync 1 DAGs
[2026-02-15T18:04:28.272+0000] {logging_mixin.py:188} INFO - [2026-02-15T18:04:28.271+0000] {dag.py:3823} INFO - Setting next_dagrun for sec_edgar_pipeline to 2026-02-15 09:00:00+00:00, run_after=2026-02-16 09:00:00+00:00
[2026-02-15T18:04:28.306+0000] {processor.py:183} INFO - Processing /opt/airflow/dags/sec_edgar_dag.py took 0.644 seconds
[2026-02-15T18:04:59.074+0000] {processor.py:161} INFO - Started process (PID=9874) to work on /opt/airflow/dags/sec_edgar_dag.py
[2026-02-15T18:04:59.075+0000] {processor.py:830} INFO - Processing file /opt/airflow/dags/sec_edgar_dag.py for tasks to queue
[2026-02-15T18:04:59.077+0000] {logging_mixin.py:188} INFO - [2026-02-15T18:04:59.076+0000] {dagbag.py:538} INFO - Filling up the DagBag from /opt/airflow/dags/sec_edgar_dag.py
[2026-02-15T18:04:59.604+0000] {processor.py:840} INFO - DAG(s) 'sec_edgar_pipeline' retrieved from /opt/airflow/dags/sec_edgar_dag.py
[2026-02-15T18:04:59.635+0000] {logging_mixin.py:188} INFO - [2026-02-15T18:04:59.634+0000] {dag.py:3036} INFO - Sync 1 DAGs
[2026-02-15T18:04:59.705+0000] {logging_mixin.py:188} INFO - [2026-02-15T18:04:59.704+0000] {dag.py:3823} INFO - Setting next_dagrun for sec_edgar_pipeline to 2026-02-15 09:00:00+00:00, run_after=2026-02-16 09:00:00+00:00
[2026-02-15T18:04:59.750+0000] {processor.py:183} INFO - Processing /opt/airflow/dags/sec_edgar_dag.py took 0.681 seconds
[2026-02-15T18:05:30.567+0000] {processor.py:161} INFO - Started process (PID=9895) to work on /opt/airflow/dags/sec_edgar_dag.py
[2026-02-15T18:05:30.569+0000] {processor.py:830} INFO - Processing file /opt/airflow/dags/sec_edgar_dag.py for tasks to queue
[2026-02-15T18:05:30.571+0000] {logging_mixin.py:188} INFO - [2026-02-15T18:05:30.570+0000] {dagbag.py:538} INFO - Filling up the DagBag from /opt/airflow/dags/sec_edgar_dag.py
[2026-02-15T18:05:31.303+0000] {processor.py:840} INFO - DAG(s) 'sec_edgar_pipeline' retrieved from /opt/airflow/dags/sec_edgar_dag.py
[2026-02-15T18:05:31.338+0000] {logging_mixin.py:188} INFO - [2026-02-15T18:05:31.338+0000] {dag.py:3036} INFO - Sync 1 DAGs
[2026-02-15T18:05:31.373+0000] {logging_mixin.py:188} INFO - [2026-02-15T18:05:31.373+0000] {dag.py:3823} INFO - Setting next_dagrun for sec_edgar_pipeline to 2026-02-15 09:00:00+00:00, run_after=2026-02-16 09:00:00+00:00
[2026-02-15T18:05:31.411+0000] {processor.py:183} INFO - Processing /opt/airflow/dags/sec_edgar_dag.py took 0.852 seconds
[2026-02-15T18:06:01.745+0000] {processor.py:161} INFO - Started process (PID=9911) to work on /opt/airflow/dags/sec_edgar_dag.py
[2026-02-15T18:06:01.746+0000] {processor.py:830} INFO - Processing file /opt/airflow/dags/sec_edgar_dag.py for tasks to queue
[2026-02-15T18:06:01.748+0000] {logging_mixin.py:188} INFO - [2026-02-15T18:06:01.748+0000] {dagbag.py:538} INFO - Filling up the DagBag from /opt/airflow/dags/sec_edgar_dag.py
[2026-02-15T18:06:02.403+0000] {processor.py:840} INFO - DAG(s) 'sec_edgar_pipeline' retrieved from /opt/airflow/dags/sec_edgar_dag.py
[2026-02-15T18:06:02.440+0000] {logging_mixin.py:188} INFO - [2026-02-15T18:06:02.439+0000] {dag.py:3036} INFO - Sync 1 DAGs
[2026-02-15T18:06:02.470+0000] {logging_mixin.py:188} INFO - [2026-02-15T18:06:02.470+0000] {dag.py:3823} INFO - Setting next_dagrun for sec_edgar_pipeline to 2026-02-15 09:00:00+00:00, run_after=2026-02-16 09:00:00+00:00
[2026-02-15T18:06:02.492+0000] {processor.py:183} INFO - Processing /opt/airflow/dags/sec_edgar_dag.py took 0.751 seconds
[2026-02-15T18:07:46.640+0000] {processor.py:161} INFO - Started process (PID=9916) to work on /opt/airflow/dags/sec_edgar_dag.py
[2026-02-15T18:07:46.645+0000] {processor.py:830} INFO - Processing file /opt/airflow/dags/sec_edgar_dag.py for tasks to queue
[2026-02-15T18:07:46.660+0000] {logging_mixin.py:188} INFO - [2026-02-15T18:07:46.659+0000] {dagbag.py:538} INFO - Filling up the DagBag from /opt/airflow/dags/sec_edgar_dag.py
[2026-02-15T18:07:47.490+0000] {processor.py:840} INFO - DAG(s) 'sec_edgar_pipeline' retrieved from /opt/airflow/dags/sec_edgar_dag.py
[2026-02-15T18:07:47.549+0000] {logging_mixin.py:188} INFO - [2026-02-15T18:07:47.549+0000] {dag.py:3036} INFO - Sync 1 DAGs
[2026-02-15T18:07:47.589+0000] {logging_mixin.py:188} INFO - [2026-02-15T18:07:47.589+0000] {dag.py:3823} INFO - Setting next_dagrun for sec_edgar_pipeline to 2026-02-15 09:00:00+00:00, run_after=2026-02-16 09:00:00+00:00
[2026-02-15T18:07:47.626+0000] {processor.py:183} INFO - Processing /opt/airflow/dags/sec_edgar_dag.py took 1.010 seconds
[2026-02-15T18:08:18.001+0000] {processor.py:161} INFO - Started process (PID=9939) to work on /opt/airflow/dags/sec_edgar_dag.py
[2026-02-15T18:08:18.002+0000] {processor.py:830} INFO - Processing file /opt/airflow/dags/sec_edgar_dag.py for tasks to queue
[2026-02-15T18:08:18.004+0000] {logging_mixin.py:188} INFO - [2026-02-15T18:08:18.003+0000] {dagbag.py:538} INFO - Filling up the DagBag from /opt/airflow/dags/sec_edgar_dag.py
[2026-02-15T18:08:18.604+0000] {processor.py:840} INFO - DAG(s) 'sec_edgar_pipeline' retrieved from /opt/airflow/dags/sec_edgar_dag.py
[2026-02-15T18:08:18.638+0000] {logging_mixin.py:188} INFO - [2026-02-15T18:08:18.638+0000] {dag.py:3036} INFO - Sync 1 DAGs
[2026-02-15T18:08:18.672+0000] {logging_mixin.py:188} INFO - [2026-02-15T18:08:18.671+0000] {dag.py:3823} INFO - Setting next_dagrun for sec_edgar_pipeline to 2026-02-15 09:00:00+00:00, run_after=2026-02-16 09:00:00+00:00
[2026-02-15T18:08:18.709+0000] {processor.py:183} INFO - Processing /opt/airflow/dags/sec_edgar_dag.py took 0.714 seconds
[2026-02-15T18:08:49.445+0000] {processor.py:161} INFO - Started process (PID=9955) to work on /opt/airflow/dags/sec_edgar_dag.py
[2026-02-15T18:08:49.447+0000] {processor.py:830} INFO - Processing file /opt/airflow/dags/sec_edgar_dag.py for tasks to queue
[2026-02-15T18:08:49.448+0000] {logging_mixin.py:188} INFO - [2026-02-15T18:08:49.447+0000] {dagbag.py:538} INFO - Filling up the DagBag from /opt/airflow/dags/sec_edgar_dag.py
[2026-02-15T18:08:50.058+0000] {processor.py:840} INFO - DAG(s) 'sec_edgar_pipeline' retrieved from /opt/airflow/dags/sec_edgar_dag.py
[2026-02-15T18:08:50.096+0000] {logging_mixin.py:188} INFO - [2026-02-15T18:08:50.095+0000] {dag.py:3036} INFO - Sync 1 DAGs
[2026-02-15T18:08:50.132+0000] {logging_mixin.py:188} INFO - [2026-02-15T18:08:50.131+0000] {dag.py:3823} INFO - Setting next_dagrun for sec_edgar_pipeline to 2026-02-15 09:00:00+00:00, run_after=2026-02-16 09:00:00+00:00
[2026-02-15T18:08:50.164+0000] {processor.py:183} INFO - Processing /opt/airflow/dags/sec_edgar_dag.py took 0.724 seconds
[2026-02-15T18:09:20.887+0000] {processor.py:161} INFO - Started process (PID=9971) to work on /opt/airflow/dags/sec_edgar_dag.py
[2026-02-15T18:09:20.888+0000] {processor.py:830} INFO - Processing file /opt/airflow/dags/sec_edgar_dag.py for tasks to queue
[2026-02-15T18:09:20.890+0000] {logging_mixin.py:188} INFO - [2026-02-15T18:09:20.889+0000] {dagbag.py:538} INFO - Filling up the DagBag from /opt/airflow/dags/sec_edgar_dag.py
[2026-02-15T18:09:21.492+0000] {processor.py:840} INFO - DAG(s) 'sec_edgar_pipeline' retrieved from /opt/airflow/dags/sec_edgar_dag.py
[2026-02-15T18:09:21.526+0000] {logging_mixin.py:188} INFO - [2026-02-15T18:09:21.525+0000] {dag.py:3036} INFO - Sync 1 DAGs
[2026-02-15T18:09:21.564+0000] {logging_mixin.py:188} INFO - [2026-02-15T18:09:21.564+0000] {dag.py:3823} INFO - Setting next_dagrun for sec_edgar_pipeline to 2026-02-15 09:00:00+00:00, run_after=2026-02-16 09:00:00+00:00
[2026-02-15T18:09:21.607+0000] {processor.py:183} INFO - Processing /opt/airflow/dags/sec_edgar_dag.py took 0.726 seconds
[2026-02-15T18:09:52.309+0000] {processor.py:161} INFO - Started process (PID=9993) to work on /opt/airflow/dags/sec_edgar_dag.py
[2026-02-15T18:09:52.310+0000] {processor.py:830} INFO - Processing file /opt/airflow/dags/sec_edgar_dag.py for tasks to queue
[2026-02-15T18:09:52.312+0000] {logging_mixin.py:188} INFO - [2026-02-15T18:09:52.311+0000] {dagbag.py:538} INFO - Filling up the DagBag from /opt/airflow/dags/sec_edgar_dag.py
[2026-02-15T18:09:52.923+0000] {processor.py:840} INFO - DAG(s) 'sec_edgar_pipeline' retrieved from /opt/airflow/dags/sec_edgar_dag.py
[2026-02-15T18:09:52.956+0000] {logging_mixin.py:188} INFO - [2026-02-15T18:09:52.956+0000] {dag.py:3036} INFO - Sync 1 DAGs
[2026-02-15T18:09:52.987+0000] {logging_mixin.py:188} INFO - [2026-02-15T18:09:52.986+0000] {dag.py:3823} INFO - Setting next_dagrun for sec_edgar_pipeline to 2026-02-15 09:00:00+00:00, run_after=2026-02-16 09:00:00+00:00
[2026-02-15T18:09:53.022+0000] {processor.py:183} INFO - Processing /opt/airflow/dags/sec_edgar_dag.py took 0.718 seconds
[2026-02-15T18:10:23.788+0000] {processor.py:161} INFO - Started process (PID=10009) to work on /opt/airflow/dags/sec_edgar_dag.py
[2026-02-15T18:10:23.789+0000] {processor.py:830} INFO - Processing file /opt/airflow/dags/sec_edgar_dag.py for tasks to queue
[2026-02-15T18:10:23.791+0000] {logging_mixin.py:188} INFO - [2026-02-15T18:10:23.790+0000] {dagbag.py:538} INFO - Filling up the DagBag from /opt/airflow/dags/sec_edgar_dag.py
[2026-02-15T18:10:24.394+0000] {processor.py:840} INFO - DAG(s) 'sec_edgar_pipeline' retrieved from /opt/airflow/dags/sec_edgar_dag.py
[2026-02-15T18:10:24.431+0000] {logging_mixin.py:188} INFO - [2026-02-15T18:10:24.430+0000] {dag.py:3036} INFO - Sync 1 DAGs
[2026-02-15T18:10:24.461+0000] {logging_mixin.py:188} INFO - [2026-02-15T18:10:24.460+0000] {dag.py:3823} INFO - Setting next_dagrun for sec_edgar_pipeline to 2026-02-15 09:00:00+00:00, run_after=2026-02-16 09:00:00+00:00
[2026-02-15T18:10:24.496+0000] {processor.py:183} INFO - Processing /opt/airflow/dags/sec_edgar_dag.py took 0.713 seconds
[2026-02-15T18:10:55.217+0000] {processor.py:161} INFO - Started process (PID=10025) to work on /opt/airflow/dags/sec_edgar_dag.py
[2026-02-15T18:10:55.218+0000] {processor.py:830} INFO - Processing file /opt/airflow/dags/sec_edgar_dag.py for tasks to queue
[2026-02-15T18:10:55.219+0000] {logging_mixin.py:188} INFO - [2026-02-15T18:10:55.219+0000] {dagbag.py:538} INFO - Filling up the DagBag from /opt/airflow/dags/sec_edgar_dag.py
[2026-02-15T18:10:55.511+0000] {processor.py:840} INFO - DAG(s) 'sec_edgar_pipeline' retrieved from /opt/airflow/dags/sec_edgar_dag.py
[2026-02-15T18:10:55.541+0000] {logging_mixin.py:188} INFO - [2026-02-15T18:10:55.540+0000] {dag.py:3036} INFO - Sync 1 DAGs
[2026-02-15T18:10:55.571+0000] {logging_mixin.py:188} INFO - [2026-02-15T18:10:55.571+0000] {dag.py:3823} INFO - Setting next_dagrun for sec_edgar_pipeline to 2026-02-15 09:00:00+00:00, run_after=2026-02-16 09:00:00+00:00
[2026-02-15T18:10:55.604+0000] {processor.py:183} INFO - Processing /opt/airflow/dags/sec_edgar_dag.py took 0.391 seconds
[2026-02-15T18:11:26.014+0000] {processor.py:161} INFO - Started process (PID=10041) to work on /opt/airflow/dags/sec_edgar_dag.py
[2026-02-15T18:11:26.015+0000] {processor.py:830} INFO - Processing file /opt/airflow/dags/sec_edgar_dag.py for tasks to queue
[2026-02-15T18:11:26.017+0000] {logging_mixin.py:188} INFO - [2026-02-15T18:11:26.016+0000] {dagbag.py:538} INFO - Filling up the DagBag from /opt/airflow/dags/sec_edgar_dag.py
[2026-02-15T18:11:26.324+0000] {processor.py:840} INFO - DAG(s) 'sec_edgar_pipeline' retrieved from /opt/airflow/dags/sec_edgar_dag.py
[2026-02-15T18:11:26.354+0000] {logging_mixin.py:188} INFO - [2026-02-15T18:11:26.353+0000] {dag.py:3036} INFO - Sync 1 DAGs
[2026-02-15T18:11:26.383+0000] {logging_mixin.py:188} INFO - [2026-02-15T18:11:26.383+0000] {dag.py:3823} INFO - Setting next_dagrun for sec_edgar_pipeline to 2026-02-15 09:00:00+00:00, run_after=2026-02-16 09:00:00+00:00
[2026-02-15T18:11:26.411+0000] {processor.py:183} INFO - Processing /opt/airflow/dags/sec_edgar_dag.py took 0.400 seconds
[2026-02-15T18:11:56.642+0000] {processor.py:161} INFO - Started process (PID=10057) to work on /opt/airflow/dags/sec_edgar_dag.py
[2026-02-15T18:11:56.644+0000] {processor.py:830} INFO - Processing file /opt/airflow/dags/sec_edgar_dag.py for tasks to queue
[2026-02-15T18:11:56.645+0000] {logging_mixin.py:188} INFO - [2026-02-15T18:11:56.644+0000] {dagbag.py:538} INFO - Filling up the DagBag from /opt/airflow/dags/sec_edgar_dag.py
[2026-02-15T18:11:56.935+0000] {processor.py:840} INFO - DAG(s) 'sec_edgar_pipeline' retrieved from /opt/airflow/dags/sec_edgar_dag.py
[2026-02-15T18:11:56.972+0000] {logging_mixin.py:188} INFO - [2026-02-15T18:11:56.972+0000] {dag.py:3036} INFO - Sync 1 DAGs
[2026-02-15T18:11:57.002+0000] {logging_mixin.py:188} INFO - [2026-02-15T18:11:57.002+0000] {dag.py:3823} INFO - Setting next_dagrun for sec_edgar_pipeline to 2026-02-15 09:00:00+00:00, run_after=2026-02-16 09:00:00+00:00
[2026-02-15T18:11:57.043+0000] {processor.py:183} INFO - Processing /opt/airflow/dags/sec_edgar_dag.py took 0.405 seconds
[2026-02-15T18:12:27.947+0000] {processor.py:161} INFO - Started process (PID=10073) to work on /opt/airflow/dags/sec_edgar_dag.py
[2026-02-15T18:12:27.948+0000] {processor.py:830} INFO - Processing file /opt/airflow/dags/sec_edgar_dag.py for tasks to queue
[2026-02-15T18:12:27.950+0000] {logging_mixin.py:188} INFO - [2026-02-15T18:12:27.950+0000] {dagbag.py:538} INFO - Filling up the DagBag from /opt/airflow/dags/sec_edgar_dag.py
[2026-02-15T18:12:28.267+0000] {processor.py:840} INFO - DAG(s) 'sec_edgar_pipeline' retrieved from /opt/airflow/dags/sec_edgar_dag.py
[2026-02-15T18:12:28.304+0000] {logging_mixin.py:188} INFO - [2026-02-15T18:12:28.303+0000] {dag.py:3036} INFO - Sync 1 DAGs
[2026-02-15T18:12:28.340+0000] {logging_mixin.py:188} INFO - [2026-02-15T18:12:28.340+0000] {dag.py:3823} INFO - Setting next_dagrun for sec_edgar_pipeline to 2026-02-15 09:00:00+00:00, run_after=2026-02-16 09:00:00+00:00
[2026-02-15T18:12:28.370+0000] {processor.py:183} INFO - Processing /opt/airflow/dags/sec_edgar_dag.py took 0.428 seconds
[2026-02-15T18:12:58.582+0000] {processor.py:161} INFO - Started process (PID=10089) to work on /opt/airflow/dags/sec_edgar_dag.py
[2026-02-15T18:12:58.585+0000] {processor.py:830} INFO - Processing file /opt/airflow/dags/sec_edgar_dag.py for tasks to queue
[2026-02-15T18:12:58.587+0000] {logging_mixin.py:188} INFO - [2026-02-15T18:12:58.586+0000] {dagbag.py:538} INFO - Filling up the DagBag from /opt/airflow/dags/sec_edgar_dag.py
[2026-02-15T18:12:58.884+0000] {processor.py:840} INFO - DAG(s) 'sec_edgar_pipeline' retrieved from /opt/airflow/dags/sec_edgar_dag.py
[2026-02-15T18:12:58.923+0000] {logging_mixin.py:188} INFO - [2026-02-15T18:12:58.922+0000] {dag.py:3036} INFO - Sync 1 DAGs
[2026-02-15T18:12:58.959+0000] {logging_mixin.py:188} INFO - [2026-02-15T18:12:58.959+0000] {dag.py:3823} INFO - Setting next_dagrun for sec_edgar_pipeline to 2026-02-15 09:00:00+00:00, run_after=2026-02-16 09:00:00+00:00
[2026-02-15T18:12:58.989+0000] {processor.py:183} INFO - Processing /opt/airflow/dags/sec_edgar_dag.py took 0.412 seconds
[2026-02-15T18:13:29.171+0000] {processor.py:161} INFO - Started process (PID=10105) to work on /opt/airflow/dags/sec_edgar_dag.py
[2026-02-15T18:13:29.172+0000] {processor.py:830} INFO - Processing file /opt/airflow/dags/sec_edgar_dag.py for tasks to queue
[2026-02-15T18:13:29.173+0000] {logging_mixin.py:188} INFO - [2026-02-15T18:13:29.173+0000] {dagbag.py:538} INFO - Filling up the DagBag from /opt/airflow/dags/sec_edgar_dag.py
[2026-02-15T18:13:29.468+0000] {processor.py:840} INFO - DAG(s) 'sec_edgar_pipeline' retrieved from /opt/airflow/dags/sec_edgar_dag.py
[2026-02-15T18:13:29.515+0000] {logging_mixin.py:188} INFO - [2026-02-15T18:13:29.514+0000] {dag.py:3036} INFO - Sync 1 DAGs
[2026-02-15T18:13:29.556+0000] {logging_mixin.py:188} INFO - [2026-02-15T18:13:29.555+0000] {dag.py:3823} INFO - Setting next_dagrun for sec_edgar_pipeline to 2026-02-15 09:00:00+00:00, run_after=2026-02-16 09:00:00+00:00
[2026-02-15T18:13:29.606+0000] {processor.py:183} INFO - Processing /opt/airflow/dags/sec_edgar_dag.py took 0.440 seconds
[2026-02-15T18:13:59.734+0000] {processor.py:161} INFO - Started process (PID=10121) to work on /opt/airflow/dags/sec_edgar_dag.py
[2026-02-15T18:13:59.736+0000] {processor.py:830} INFO - Processing file /opt/airflow/dags/sec_edgar_dag.py for tasks to queue
[2026-02-15T18:13:59.738+0000] {logging_mixin.py:188} INFO - [2026-02-15T18:13:59.737+0000] {dagbag.py:538} INFO - Filling up the DagBag from /opt/airflow/dags/sec_edgar_dag.py
[2026-02-15T18:14:00.089+0000] {processor.py:840} INFO - DAG(s) 'sec_edgar_pipeline' retrieved from /opt/airflow/dags/sec_edgar_dag.py
[2026-02-15T18:14:00.133+0000] {logging_mixin.py:188} INFO - [2026-02-15T18:14:00.132+0000] {dag.py:3036} INFO - Sync 1 DAGs
[2026-02-15T18:14:00.169+0000] {logging_mixin.py:188} INFO - [2026-02-15T18:14:00.168+0000] {dag.py:3823} INFO - Setting next_dagrun for sec_edgar_pipeline to 2026-02-15 09:00:00+00:00, run_after=2026-02-16 09:00:00+00:00
[2026-02-15T18:14:00.199+0000] {processor.py:183} INFO - Processing /opt/airflow/dags/sec_edgar_dag.py took 0.469 seconds
[2026-02-15T18:14:30.340+0000] {processor.py:161} INFO - Started process (PID=10137) to work on /opt/airflow/dags/sec_edgar_dag.py
[2026-02-15T18:14:30.342+0000] {processor.py:830} INFO - Processing file /opt/airflow/dags/sec_edgar_dag.py for tasks to queue
[2026-02-15T18:14:30.343+0000] {logging_mixin.py:188} INFO - [2026-02-15T18:14:30.343+0000] {dagbag.py:538} INFO - Filling up the DagBag from /opt/airflow/dags/sec_edgar_dag.py
[2026-02-15T18:14:30.643+0000] {processor.py:840} INFO - DAG(s) 'sec_edgar_pipeline' retrieved from /opt/airflow/dags/sec_edgar_dag.py
[2026-02-15T18:14:30.676+0000] {logging_mixin.py:188} INFO - [2026-02-15T18:14:30.676+0000] {dag.py:3036} INFO - Sync 1 DAGs
[2026-02-15T18:14:30.722+0000] {logging_mixin.py:188} INFO - [2026-02-15T18:14:30.722+0000] {dag.py:3823} INFO - Setting next_dagrun for sec_edgar_pipeline to 2026-02-15 09:00:00+00:00, run_after=2026-02-16 09:00:00+00:00
[2026-02-15T18:14:30.773+0000] {processor.py:183} INFO - Processing /opt/airflow/dags/sec_edgar_dag.py took 0.439 seconds
[2026-02-15T18:15:00.862+0000] {processor.py:161} INFO - Started process (PID=10153) to work on /opt/airflow/dags/sec_edgar_dag.py
[2026-02-15T18:15:00.863+0000] {processor.py:830} INFO - Processing file /opt/airflow/dags/sec_edgar_dag.py for tasks to queue
[2026-02-15T18:15:00.865+0000] {logging_mixin.py:188} INFO - [2026-02-15T18:15:00.864+0000] {dagbag.py:538} INFO - Filling up the DagBag from /opt/airflow/dags/sec_edgar_dag.py
[2026-02-15T18:15:01.175+0000] {processor.py:840} INFO - DAG(s) 'sec_edgar_pipeline' retrieved from /opt/airflow/dags/sec_edgar_dag.py
[2026-02-15T18:15:01.212+0000] {logging_mixin.py:188} INFO - [2026-02-15T18:15:01.212+0000] {dag.py:3036} INFO - Sync 1 DAGs
[2026-02-15T18:15:01.247+0000] {logging_mixin.py:188} INFO - [2026-02-15T18:15:01.247+0000] {dag.py:3823} INFO - Setting next_dagrun for sec_edgar_pipeline to 2026-02-15 09:00:00+00:00, run_after=2026-02-16 09:00:00+00:00
[2026-02-15T18:15:01.285+0000] {processor.py:183} INFO - Processing /opt/airflow/dags/sec_edgar_dag.py took 0.428 seconds
[2026-02-15T18:15:32.141+0000] {processor.py:161} INFO - Started process (PID=10169) to work on /opt/airflow/dags/sec_edgar_dag.py
[2026-02-15T18:15:32.151+0000] {processor.py:830} INFO - Processing file /opt/airflow/dags/sec_edgar_dag.py for tasks to queue
[2026-02-15T18:15:32.174+0000] {logging_mixin.py:188} INFO - [2026-02-15T18:15:32.173+0000] {dagbag.py:538} INFO - Filling up the DagBag from /opt/airflow/dags/sec_edgar_dag.py
[2026-02-15T18:15:32.524+0000] {processor.py:840} INFO - DAG(s) 'sec_edgar_pipeline' retrieved from /opt/airflow/dags/sec_edgar_dag.py
[2026-02-15T18:15:32.563+0000] {logging_mixin.py:188} INFO - [2026-02-15T18:15:32.562+0000] {dag.py:3036} INFO - Sync 1 DAGs
[2026-02-15T18:15:32.602+0000] {logging_mixin.py:188} INFO - [2026-02-15T18:15:32.601+0000] {dag.py:3823} INFO - Setting next_dagrun for sec_edgar_pipeline to 2026-02-15 09:00:00+00:00, run_after=2026-02-16 09:00:00+00:00
[2026-02-15T18:15:32.645+0000] {processor.py:183} INFO - Processing /opt/airflow/dags/sec_edgar_dag.py took 0.511 seconds
[2026-02-15T18:16:02.730+0000] {processor.py:161} INFO - Started process (PID=10185) to work on /opt/airflow/dags/sec_edgar_dag.py
[2026-02-15T18:16:02.732+0000] {processor.py:830} INFO - Processing file /opt/airflow/dags/sec_edgar_dag.py for tasks to queue
[2026-02-15T18:16:02.733+0000] {logging_mixin.py:188} INFO - [2026-02-15T18:16:02.732+0000] {dagbag.py:538} INFO - Filling up the DagBag from /opt/airflow/dags/sec_edgar_dag.py
[2026-02-15T18:16:03.018+0000] {processor.py:840} INFO - DAG(s) 'sec_edgar_pipeline' retrieved from /opt/airflow/dags/sec_edgar_dag.py
[2026-02-15T18:16:03.056+0000] {logging_mixin.py:188} INFO - [2026-02-15T18:16:03.055+0000] {dag.py:3036} INFO - Sync 1 DAGs
[2026-02-15T18:16:03.087+0000] {logging_mixin.py:188} INFO - [2026-02-15T18:16:03.086+0000] {dag.py:3823} INFO - Setting next_dagrun for sec_edgar_pipeline to 2026-02-15 09:00:00+00:00, run_after=2026-02-16 09:00:00+00:00
[2026-02-15T18:16:03.115+0000] {processor.py:183} INFO - Processing /opt/airflow/dags/sec_edgar_dag.py took 0.389 seconds
[2026-02-15T18:16:33.292+0000] {processor.py:161} INFO - Started process (PID=10201) to work on /opt/airflow/dags/sec_edgar_dag.py
[2026-02-15T18:16:33.294+0000] {processor.py:830} INFO - Processing file /opt/airflow/dags/sec_edgar_dag.py for tasks to queue
[2026-02-15T18:16:33.296+0000] {logging_mixin.py:188} INFO - [2026-02-15T18:16:33.295+0000] {dagbag.py:538} INFO - Filling up the DagBag from /opt/airflow/dags/sec_edgar_dag.py
[2026-02-15T18:16:33.603+0000] {processor.py:840} INFO - DAG(s) 'sec_edgar_pipeline' retrieved from /opt/airflow/dags/sec_edgar_dag.py
[2026-02-15T18:16:33.646+0000] {logging_mixin.py:188} INFO - [2026-02-15T18:16:33.645+0000] {dag.py:3036} INFO - Sync 1 DAGs
[2026-02-15T18:16:33.690+0000] {logging_mixin.py:188} INFO - [2026-02-15T18:16:33.689+0000] {dag.py:3823} INFO - Setting next_dagrun for sec_edgar_pipeline to 2026-02-15 09:00:00+00:00, run_after=2026-02-16 09:00:00+00:00
[2026-02-15T18:16:33.735+0000] {processor.py:183} INFO - Processing /opt/airflow/dags/sec_edgar_dag.py took 0.448 seconds
[2026-02-15T18:17:04.574+0000] {processor.py:161} INFO - Started process (PID=10217) to work on /opt/airflow/dags/sec_edgar_dag.py
[2026-02-15T18:17:04.575+0000] {processor.py:830} INFO - Processing file /opt/airflow/dags/sec_edgar_dag.py for tasks to queue
[2026-02-15T18:17:04.577+0000] {logging_mixin.py:188} INFO - [2026-02-15T18:17:04.576+0000] {dagbag.py:538} INFO - Filling up the DagBag from /opt/airflow/dags/sec_edgar_dag.py
[2026-02-15T18:17:04.875+0000] {processor.py:840} INFO - DAG(s) 'sec_edgar_pipeline' retrieved from /opt/airflow/dags/sec_edgar_dag.py
[2026-02-15T18:17:04.914+0000] {logging_mixin.py:188} INFO - [2026-02-15T18:17:04.913+0000] {dag.py:3036} INFO - Sync 1 DAGs
[2026-02-15T18:17:04.947+0000] {logging_mixin.py:188} INFO - [2026-02-15T18:17:04.947+0000] {dag.py:3823} INFO - Setting next_dagrun for sec_edgar_pipeline to 2026-02-15 09:00:00+00:00, run_after=2026-02-16 09:00:00+00:00
[2026-02-15T18:17:04.974+0000] {processor.py:183} INFO - Processing /opt/airflow/dags/sec_edgar_dag.py took 0.405 seconds
[2026-02-15T18:17:35.095+0000] {processor.py:161} INFO - Started process (PID=10233) to work on /opt/airflow/dags/sec_edgar_dag.py
[2026-02-15T18:17:35.097+0000] {processor.py:830} INFO - Processing file /opt/airflow/dags/sec_edgar_dag.py for tasks to queue
[2026-02-15T18:17:35.098+0000] {logging_mixin.py:188} INFO - [2026-02-15T18:17:35.098+0000] {dagbag.py:538} INFO - Filling up the DagBag from /opt/airflow/dags/sec_edgar_dag.py
[2026-02-15T18:17:35.395+0000] {processor.py:840} INFO - DAG(s) 'sec_edgar_pipeline' retrieved from /opt/airflow/dags/sec_edgar_dag.py
[2026-02-15T18:17:35.439+0000] {logging_mixin.py:188} INFO - [2026-02-15T18:17:35.438+0000] {dag.py:3036} INFO - Sync 1 DAGs
[2026-02-15T18:17:35.474+0000] {logging_mixin.py:188} INFO - [2026-02-15T18:17:35.474+0000] {dag.py:3823} INFO - Setting next_dagrun for sec_edgar_pipeline to 2026-02-15 09:00:00+00:00, run_after=2026-02-16 09:00:00+00:00
[2026-02-15T18:17:35.503+0000] {processor.py:183} INFO - Processing /opt/airflow/dags/sec_edgar_dag.py took 0.414 seconds
[2026-02-15T18:18:05.615+0000] {processor.py:161} INFO - Started process (PID=10249) to work on /opt/airflow/dags/sec_edgar_dag.py
[2026-02-15T18:18:05.617+0000] {processor.py:830} INFO - Processing file /opt/airflow/dags/sec_edgar_dag.py for tasks to queue
[2026-02-15T18:18:05.619+0000] {logging_mixin.py:188} INFO - [2026-02-15T18:18:05.618+0000] {dagbag.py:538} INFO - Filling up the DagBag from /opt/airflow/dags/sec_edgar_dag.py
[2026-02-15T18:18:05.914+0000] {processor.py:840} INFO - DAG(s) 'sec_edgar_pipeline' retrieved from /opt/airflow/dags/sec_edgar_dag.py
[2026-02-15T18:18:05.947+0000] {logging_mixin.py:188} INFO - [2026-02-15T18:18:05.947+0000] {dag.py:3036} INFO - Sync 1 DAGs
[2026-02-15T18:18:05.979+0000] {logging_mixin.py:188} INFO - [2026-02-15T18:18:05.979+0000] {dag.py:3823} INFO - Setting next_dagrun for sec_edgar_pipeline to 2026-02-15 09:00:00+00:00, run_after=2026-02-16 09:00:00+00:00
[2026-02-15T18:18:06.004+0000] {processor.py:183} INFO - Processing /opt/airflow/dags/sec_edgar_dag.py took 0.393 seconds
[2026-02-15T18:18:36.188+0000] {processor.py:161} INFO - Started process (PID=10265) to work on /opt/airflow/dags/sec_edgar_dag.py
[2026-02-15T18:18:36.190+0000] {processor.py:830} INFO - Processing file /opt/airflow/dags/sec_edgar_dag.py for tasks to queue
[2026-02-15T18:18:36.192+0000] {logging_mixin.py:188} INFO - [2026-02-15T18:18:36.191+0000] {dagbag.py:538} INFO - Filling up the DagBag from /opt/airflow/dags/sec_edgar_dag.py
[2026-02-15T18:18:36.492+0000] {processor.py:840} INFO - DAG(s) 'sec_edgar_pipeline' retrieved from /opt/airflow/dags/sec_edgar_dag.py
[2026-02-15T18:18:36.529+0000] {logging_mixin.py:188} INFO - [2026-02-15T18:18:36.528+0000] {dag.py:3036} INFO - Sync 1 DAGs
[2026-02-15T18:18:36.563+0000] {logging_mixin.py:188} INFO - [2026-02-15T18:18:36.563+0000] {dag.py:3823} INFO - Setting next_dagrun for sec_edgar_pipeline to 2026-02-15 09:00:00+00:00, run_after=2026-02-16 09:00:00+00:00
[2026-02-15T18:18:36.613+0000] {processor.py:183} INFO - Processing /opt/airflow/dags/sec_edgar_dag.py took 0.430 seconds
[2026-02-15T22:01:18.259+0000] {processor.py:161} INFO - Started process (PID=10283) to work on /opt/airflow/dags/sec_edgar_dag.py
[2026-02-15T22:01:18.269+0000] {processor.py:830} INFO - Processing file /opt/airflow/dags/sec_edgar_dag.py for tasks to queue
[2026-02-15T22:01:18.279+0000] {logging_mixin.py:188} INFO - [2026-02-15T22:01:18.278+0000] {dagbag.py:538} INFO - Filling up the DagBag from /opt/airflow/dags/sec_edgar_dag.py
[2026-02-15T22:01:19.443+0000] {processor.py:840} INFO - DAG(s) 'sec_edgar_pipeline' retrieved from /opt/airflow/dags/sec_edgar_dag.py
[2026-02-15T22:01:19.540+0000] {logging_mixin.py:188} INFO - [2026-02-15T22:01:19.539+0000] {dag.py:3036} INFO - Sync 1 DAGs
[2026-02-15T22:01:19.635+0000] {logging_mixin.py:188} INFO - [2026-02-15T22:01:19.634+0000] {dag.py:3823} INFO - Setting next_dagrun for sec_edgar_pipeline to 2026-02-15 09:00:00+00:00, run_after=2026-02-16 09:00:00+00:00
[2026-02-15T22:01:19.706+0000] {processor.py:183} INFO - Processing /opt/airflow/dags/sec_edgar_dag.py took 1.455 seconds
[2026-02-15T22:01:50.081+0000] {processor.py:161} INFO - Started process (PID=10304) to work on /opt/airflow/dags/sec_edgar_dag.py
[2026-02-15T22:01:50.083+0000] {processor.py:830} INFO - Processing file /opt/airflow/dags/sec_edgar_dag.py for tasks to queue
[2026-02-15T22:01:50.084+0000] {logging_mixin.py:188} INFO - [2026-02-15T22:01:50.084+0000] {dagbag.py:538} INFO - Filling up the DagBag from /opt/airflow/dags/sec_edgar_dag.py
[2026-02-15T22:01:50.425+0000] {processor.py:840} INFO - DAG(s) 'sec_edgar_pipeline' retrieved from /opt/airflow/dags/sec_edgar_dag.py
[2026-02-15T22:01:50.459+0000] {logging_mixin.py:188} INFO - [2026-02-15T22:01:50.458+0000] {dag.py:3036} INFO - Sync 1 DAGs
[2026-02-15T22:01:50.490+0000] {logging_mixin.py:188} INFO - [2026-02-15T22:01:50.490+0000] {dag.py:3823} INFO - Setting next_dagrun for sec_edgar_pipeline to 2026-02-15 09:00:00+00:00, run_after=2026-02-16 09:00:00+00:00
[2026-02-15T22:01:50.515+0000] {processor.py:183} INFO - Processing /opt/airflow/dags/sec_edgar_dag.py took 0.438 seconds
[2026-02-15T22:02:20.682+0000] {processor.py:161} INFO - Started process (PID=10320) to work on /opt/airflow/dags/sec_edgar_dag.py
[2026-02-15T22:02:20.683+0000] {processor.py:830} INFO - Processing file /opt/airflow/dags/sec_edgar_dag.py for tasks to queue
[2026-02-15T22:02:20.685+0000] {logging_mixin.py:188} INFO - [2026-02-15T22:02:20.684+0000] {dagbag.py:538} INFO - Filling up the DagBag from /opt/airflow/dags/sec_edgar_dag.py
[2026-02-15T22:02:20.989+0000] {processor.py:840} INFO - DAG(s) 'sec_edgar_pipeline' retrieved from /opt/airflow/dags/sec_edgar_dag.py
[2026-02-15T22:02:21.026+0000] {logging_mixin.py:188} INFO - [2026-02-15T22:02:21.026+0000] {dag.py:3036} INFO - Sync 1 DAGs
[2026-02-15T22:02:21.064+0000] {logging_mixin.py:188} INFO - [2026-02-15T22:02:21.063+0000] {dag.py:3823} INFO - Setting next_dagrun for sec_edgar_pipeline to 2026-02-15 09:00:00+00:00, run_after=2026-02-16 09:00:00+00:00
[2026-02-15T22:02:21.092+0000] {processor.py:183} INFO - Processing /opt/airflow/dags/sec_edgar_dag.py took 0.414 seconds
[2026-02-15T22:02:51.954+0000] {processor.py:161} INFO - Started process (PID=10336) to work on /opt/airflow/dags/sec_edgar_dag.py
[2026-02-15T22:02:51.956+0000] {processor.py:830} INFO - Processing file /opt/airflow/dags/sec_edgar_dag.py for tasks to queue
[2026-02-15T22:02:51.957+0000] {logging_mixin.py:188} INFO - [2026-02-15T22:02:51.957+0000] {dagbag.py:538} INFO - Filling up the DagBag from /opt/airflow/dags/sec_edgar_dag.py
[2026-02-15T22:02:52.238+0000] {processor.py:840} INFO - DAG(s) 'sec_edgar_pipeline' retrieved from /opt/airflow/dags/sec_edgar_dag.py
[2026-02-15T22:02:52.268+0000] {logging_mixin.py:188} INFO - [2026-02-15T22:02:52.268+0000] {dag.py:3036} INFO - Sync 1 DAGs
[2026-02-15T22:02:52.300+0000] {logging_mixin.py:188} INFO - [2026-02-15T22:02:52.300+0000] {dag.py:3823} INFO - Setting next_dagrun for sec_edgar_pipeline to 2026-02-15 09:00:00+00:00, run_after=2026-02-16 09:00:00+00:00
[2026-02-15T22:02:52.336+0000] {processor.py:183} INFO - Processing /opt/airflow/dags/sec_edgar_dag.py took 0.386 seconds
[2026-02-15T22:03:22.532+0000] {processor.py:161} INFO - Started process (PID=10352) to work on /opt/airflow/dags/sec_edgar_dag.py
[2026-02-15T22:03:22.533+0000] {processor.py:830} INFO - Processing file /opt/airflow/dags/sec_edgar_dag.py for tasks to queue
[2026-02-15T22:03:22.535+0000] {logging_mixin.py:188} INFO - [2026-02-15T22:03:22.534+0000] {dagbag.py:538} INFO - Filling up the DagBag from /opt/airflow/dags/sec_edgar_dag.py
[2026-02-15T22:03:22.814+0000] {processor.py:840} INFO - DAG(s) 'sec_edgar_pipeline' retrieved from /opt/airflow/dags/sec_edgar_dag.py
[2026-02-15T22:03:22.849+0000] {logging_mixin.py:188} INFO - [2026-02-15T22:03:22.849+0000] {dag.py:3036} INFO - Sync 1 DAGs
[2026-02-15T22:03:22.878+0000] {logging_mixin.py:188} INFO - [2026-02-15T22:03:22.878+0000] {dag.py:3823} INFO - Setting next_dagrun for sec_edgar_pipeline to 2026-02-15 09:00:00+00:00, run_after=2026-02-16 09:00:00+00:00
[2026-02-15T22:03:22.913+0000] {processor.py:183} INFO - Processing /opt/airflow/dags/sec_edgar_dag.py took 0.385 seconds
[2026-02-15T22:03:53.205+0000] {processor.py:161} INFO - Started process (PID=10368) to work on /opt/airflow/dags/sec_edgar_dag.py
[2026-02-15T22:03:53.207+0000] {processor.py:830} INFO - Processing file /opt/airflow/dags/sec_edgar_dag.py for tasks to queue
[2026-02-15T22:03:53.208+0000] {logging_mixin.py:188} INFO - [2026-02-15T22:03:53.208+0000] {dagbag.py:538} INFO - Filling up the DagBag from /opt/airflow/dags/sec_edgar_dag.py
[2026-02-15T22:03:53.567+0000] {processor.py:840} INFO - DAG(s) 'sec_edgar_pipeline' retrieved from /opt/airflow/dags/sec_edgar_dag.py
[2026-02-15T22:03:53.603+0000] {logging_mixin.py:188} INFO - [2026-02-15T22:03:53.601+0000] {dag.py:3036} INFO - Sync 1 DAGs
[2026-02-15T22:03:53.639+0000] {logging_mixin.py:188} INFO - [2026-02-15T22:03:53.639+0000] {dag.py:3823} INFO - Setting next_dagrun for sec_edgar_pipeline to 2026-02-15 09:00:00+00:00, run_after=2026-02-16 09:00:00+00:00
[2026-02-15T22:03:53.682+0000] {processor.py:183} INFO - Processing /opt/airflow/dags/sec_edgar_dag.py took 0.481 seconds
[2026-02-15T22:04:24.567+0000] {processor.py:161} INFO - Started process (PID=10384) to work on /opt/airflow/dags/sec_edgar_dag.py
[2026-02-15T22:04:24.568+0000] {processor.py:830} INFO - Processing file /opt/airflow/dags/sec_edgar_dag.py for tasks to queue
[2026-02-15T22:04:24.569+0000] {logging_mixin.py:188} INFO - [2026-02-15T22:04:24.569+0000] {dagbag.py:538} INFO - Filling up the DagBag from /opt/airflow/dags/sec_edgar_dag.py
[2026-02-15T22:04:24.877+0000] {processor.py:840} INFO - DAG(s) 'sec_edgar_pipeline' retrieved from /opt/airflow/dags/sec_edgar_dag.py
[2026-02-15T22:04:24.924+0000] {logging_mixin.py:188} INFO - [2026-02-15T22:04:24.923+0000] {dag.py:3036} INFO - Sync 1 DAGs
[2026-02-15T22:04:24.959+0000] {logging_mixin.py:188} INFO - [2026-02-15T22:04:24.958+0000] {dag.py:3823} INFO - Setting next_dagrun for sec_edgar_pipeline to 2026-02-15 09:00:00+00:00, run_after=2026-02-16 09:00:00+00:00
[2026-02-15T22:04:24.999+0000] {processor.py:183} INFO - Processing /opt/airflow/dags/sec_edgar_dag.py took 0.436 seconds
[2026-02-15T22:04:55.171+0000] {processor.py:161} INFO - Started process (PID=10400) to work on /opt/airflow/dags/sec_edgar_dag.py
[2026-02-15T22:04:55.173+0000] {processor.py:830} INFO - Processing file /opt/airflow/dags/sec_edgar_dag.py for tasks to queue
[2026-02-15T22:04:55.174+0000] {logging_mixin.py:188} INFO - [2026-02-15T22:04:55.174+0000] {dagbag.py:538} INFO - Filling up the DagBag from /opt/airflow/dags/sec_edgar_dag.py
[2026-02-15T22:04:55.469+0000] {processor.py:840} INFO - DAG(s) 'sec_edgar_pipeline' retrieved from /opt/airflow/dags/sec_edgar_dag.py
[2026-02-15T22:04:55.504+0000] {logging_mixin.py:188} INFO - [2026-02-15T22:04:55.504+0000] {dag.py:3036} INFO - Sync 1 DAGs
[2026-02-15T22:04:55.535+0000] {logging_mixin.py:188} INFO - [2026-02-15T22:04:55.535+0000] {dag.py:3823} INFO - Setting next_dagrun for sec_edgar_pipeline to 2026-02-15 09:00:00+00:00, run_after=2026-02-16 09:00:00+00:00
[2026-02-15T22:04:55.562+0000] {processor.py:183} INFO - Processing /opt/airflow/dags/sec_edgar_dag.py took 0.395 seconds
[2026-02-15T22:05:26.479+0000] {processor.py:161} INFO - Started process (PID=10416) to work on /opt/airflow/dags/sec_edgar_dag.py
[2026-02-15T22:05:26.480+0000] {processor.py:830} INFO - Processing file /opt/airflow/dags/sec_edgar_dag.py for tasks to queue
[2026-02-15T22:05:26.482+0000] {logging_mixin.py:188} INFO - [2026-02-15T22:05:26.482+0000] {dagbag.py:538} INFO - Filling up the DagBag from /opt/airflow/dags/sec_edgar_dag.py
[2026-02-15T22:05:26.773+0000] {processor.py:840} INFO - DAG(s) 'sec_edgar_pipeline' retrieved from /opt/airflow/dags/sec_edgar_dag.py
[2026-02-15T22:05:26.809+0000] {logging_mixin.py:188} INFO - [2026-02-15T22:05:26.808+0000] {dag.py:3036} INFO - Sync 1 DAGs
[2026-02-15T22:05:26.839+0000] {logging_mixin.py:188} INFO - [2026-02-15T22:05:26.839+0000] {dag.py:3823} INFO - Setting next_dagrun for sec_edgar_pipeline to 2026-02-15 09:00:00+00:00, run_after=2026-02-16 09:00:00+00:00
[2026-02-15T22:05:26.869+0000] {processor.py:183} INFO - Processing /opt/airflow/dags/sec_edgar_dag.py took 0.394 seconds
[2026-02-15T22:05:57.061+0000] {processor.py:161} INFO - Started process (PID=10432) to work on /opt/airflow/dags/sec_edgar_dag.py
[2026-02-15T22:05:57.062+0000] {processor.py:830} INFO - Processing file /opt/airflow/dags/sec_edgar_dag.py for tasks to queue
[2026-02-15T22:05:57.064+0000] {logging_mixin.py:188} INFO - [2026-02-15T22:05:57.063+0000] {dagbag.py:538} INFO - Filling up the DagBag from /opt/airflow/dags/sec_edgar_dag.py
[2026-02-15T22:05:57.362+0000] {processor.py:840} INFO - DAG(s) 'sec_edgar_pipeline' retrieved from /opt/airflow/dags/sec_edgar_dag.py
[2026-02-15T22:05:57.408+0000] {logging_mixin.py:188} INFO - [2026-02-15T22:05:57.407+0000] {dag.py:3036} INFO - Sync 1 DAGs
[2026-02-15T22:05:57.447+0000] {logging_mixin.py:188} INFO - [2026-02-15T22:05:57.446+0000] {dag.py:3823} INFO - Setting next_dagrun for sec_edgar_pipeline to 2026-02-15 09:00:00+00:00, run_after=2026-02-16 09:00:00+00:00
[2026-02-15T22:05:57.475+0000] {processor.py:183} INFO - Processing /opt/airflow/dags/sec_edgar_dag.py took 0.420 seconds
[2026-02-15T22:06:28.015+0000] {processor.py:161} INFO - Started process (PID=10448) to work on /opt/airflow/dags/sec_edgar_dag.py
[2026-02-15T22:06:28.017+0000] {processor.py:830} INFO - Processing file /opt/airflow/dags/sec_edgar_dag.py for tasks to queue
[2026-02-15T22:06:28.019+0000] {logging_mixin.py:188} INFO - [2026-02-15T22:06:28.019+0000] {dagbag.py:538} INFO - Filling up the DagBag from /opt/airflow/dags/sec_edgar_dag.py
[2026-02-15T22:06:28.339+0000] {processor.py:840} INFO - DAG(s) 'sec_edgar_pipeline' retrieved from /opt/airflow/dags/sec_edgar_dag.py
[2026-02-15T22:06:28.380+0000] {logging_mixin.py:188} INFO - [2026-02-15T22:06:28.380+0000] {dag.py:3036} INFO - Sync 1 DAGs
[2026-02-15T22:06:28.418+0000] {logging_mixin.py:188} INFO - [2026-02-15T22:06:28.417+0000] {dag.py:3823} INFO - Setting next_dagrun for sec_edgar_pipeline to 2026-02-15 09:00:00+00:00, run_after=2026-02-16 09:00:00+00:00
[2026-02-15T22:06:28.445+0000] {processor.py:183} INFO - Processing /opt/airflow/dags/sec_edgar_dag.py took 0.434 seconds
[2026-02-15T22:06:58.614+0000] {processor.py:161} INFO - Started process (PID=10464) to work on /opt/airflow/dags/sec_edgar_dag.py
[2026-02-15T22:06:58.616+0000] {processor.py:830} INFO - Processing file /opt/airflow/dags/sec_edgar_dag.py for tasks to queue
[2026-02-15T22:06:58.618+0000] {logging_mixin.py:188} INFO - [2026-02-15T22:06:58.617+0000] {dagbag.py:538} INFO - Filling up the DagBag from /opt/airflow/dags/sec_edgar_dag.py
[2026-02-15T22:06:58.925+0000] {processor.py:840} INFO - DAG(s) 'sec_edgar_pipeline' retrieved from /opt/airflow/dags/sec_edgar_dag.py
[2026-02-15T22:06:58.962+0000] {logging_mixin.py:188} INFO - [2026-02-15T22:06:58.960+0000] {dag.py:3036} INFO - Sync 1 DAGs
[2026-02-15T22:06:58.998+0000] {logging_mixin.py:188} INFO - [2026-02-15T22:06:58.998+0000] {dag.py:3823} INFO - Setting next_dagrun for sec_edgar_pipeline to 2026-02-15 09:00:00+00:00, run_after=2026-02-16 09:00:00+00:00
[2026-02-15T22:06:59.030+0000] {processor.py:183} INFO - Processing /opt/airflow/dags/sec_edgar_dag.py took 0.419 seconds
[2026-02-15T22:07:29.149+0000] {processor.py:161} INFO - Started process (PID=10480) to work on /opt/airflow/dags/sec_edgar_dag.py
[2026-02-15T22:07:29.151+0000] {processor.py:830} INFO - Processing file /opt/airflow/dags/sec_edgar_dag.py for tasks to queue
[2026-02-15T22:07:29.153+0000] {logging_mixin.py:188} INFO - [2026-02-15T22:07:29.152+0000] {dagbag.py:538} INFO - Filling up the DagBag from /opt/airflow/dags/sec_edgar_dag.py
[2026-02-15T22:07:29.472+0000] {processor.py:840} INFO - DAG(s) 'sec_edgar_pipeline' retrieved from /opt/airflow/dags/sec_edgar_dag.py
[2026-02-15T22:07:29.513+0000] {logging_mixin.py:188} INFO - [2026-02-15T22:07:29.512+0000] {dag.py:3036} INFO - Sync 1 DAGs
[2026-02-15T22:07:29.553+0000] {logging_mixin.py:188} INFO - [2026-02-15T22:07:29.552+0000] {dag.py:3823} INFO - Setting next_dagrun for sec_edgar_pipeline to 2026-02-15 09:00:00+00:00, run_after=2026-02-16 09:00:00+00:00
[2026-02-15T22:07:29.593+0000] {processor.py:183} INFO - Processing /opt/airflow/dags/sec_edgar_dag.py took 0.449 seconds
[2026-02-15T22:08:00.459+0000] {processor.py:161} INFO - Started process (PID=10496) to work on /opt/airflow/dags/sec_edgar_dag.py
[2026-02-15T22:08:00.461+0000] {processor.py:830} INFO - Processing file /opt/airflow/dags/sec_edgar_dag.py for tasks to queue
[2026-02-15T22:08:00.463+0000] {logging_mixin.py:188} INFO - [2026-02-15T22:08:00.462+0000] {dagbag.py:538} INFO - Filling up the DagBag from /opt/airflow/dags/sec_edgar_dag.py
[2026-02-15T22:08:00.764+0000] {processor.py:840} INFO - DAG(s) 'sec_edgar_pipeline' retrieved from /opt/airflow/dags/sec_edgar_dag.py
[2026-02-15T22:08:00.807+0000] {logging_mixin.py:188} INFO - [2026-02-15T22:08:00.806+0000] {dag.py:3036} INFO - Sync 1 DAGs
[2026-02-15T22:08:00.844+0000] {logging_mixin.py:188} INFO - [2026-02-15T22:08:00.844+0000] {dag.py:3823} INFO - Setting next_dagrun for sec_edgar_pipeline to 2026-02-15 09:00:00+00:00, run_after=2026-02-16 09:00:00+00:00
[2026-02-15T22:08:00.873+0000] {processor.py:183} INFO - Processing /opt/airflow/dags/sec_edgar_dag.py took 0.418 seconds
[2026-02-15T22:08:31.054+0000] {processor.py:161} INFO - Started process (PID=10512) to work on /opt/airflow/dags/sec_edgar_dag.py
[2026-02-15T22:08:31.056+0000] {processor.py:830} INFO - Processing file /opt/airflow/dags/sec_edgar_dag.py for tasks to queue
[2026-02-15T22:08:31.058+0000] {logging_mixin.py:188} INFO - [2026-02-15T22:08:31.057+0000] {dagbag.py:538} INFO - Filling up the DagBag from /opt/airflow/dags/sec_edgar_dag.py
[2026-02-15T22:08:31.359+0000] {processor.py:840} INFO - DAG(s) 'sec_edgar_pipeline' retrieved from /opt/airflow/dags/sec_edgar_dag.py
[2026-02-15T22:08:31.400+0000] {logging_mixin.py:188} INFO - [2026-02-15T22:08:31.400+0000] {dag.py:3036} INFO - Sync 1 DAGs
[2026-02-15T22:08:31.436+0000] {logging_mixin.py:188} INFO - [2026-02-15T22:08:31.435+0000] {dag.py:3823} INFO - Setting next_dagrun for sec_edgar_pipeline to 2026-02-15 09:00:00+00:00, run_after=2026-02-16 09:00:00+00:00
[2026-02-15T22:08:31.476+0000] {processor.py:183} INFO - Processing /opt/airflow/dags/sec_edgar_dag.py took 0.427 seconds
[2026-02-15T22:09:02.327+0000] {processor.py:161} INFO - Started process (PID=10528) to work on /opt/airflow/dags/sec_edgar_dag.py
[2026-02-15T22:09:02.328+0000] {processor.py:830} INFO - Processing file /opt/airflow/dags/sec_edgar_dag.py for tasks to queue
[2026-02-15T22:09:02.330+0000] {logging_mixin.py:188} INFO - [2026-02-15T22:09:02.329+0000] {dagbag.py:538} INFO - Filling up the DagBag from /opt/airflow/dags/sec_edgar_dag.py
[2026-02-15T22:09:02.638+0000] {processor.py:840} INFO - DAG(s) 'sec_edgar_pipeline' retrieved from /opt/airflow/dags/sec_edgar_dag.py
[2026-02-15T22:09:02.671+0000] {logging_mixin.py:188} INFO - [2026-02-15T22:09:02.670+0000] {dag.py:3036} INFO - Sync 1 DAGs
[2026-02-15T22:09:02.699+0000] {logging_mixin.py:188} INFO - [2026-02-15T22:09:02.699+0000] {dag.py:3823} INFO - Setting next_dagrun for sec_edgar_pipeline to 2026-02-15 09:00:00+00:00, run_after=2026-02-16 09:00:00+00:00
[2026-02-15T22:09:02.726+0000] {processor.py:183} INFO - Processing /opt/airflow/dags/sec_edgar_dag.py took 0.405 seconds
[2026-02-15T22:09:32.854+0000] {processor.py:161} INFO - Started process (PID=10544) to work on /opt/airflow/dags/sec_edgar_dag.py
[2026-02-15T22:09:32.855+0000] {processor.py:830} INFO - Processing file /opt/airflow/dags/sec_edgar_dag.py for tasks to queue
[2026-02-15T22:09:32.856+0000] {logging_mixin.py:188} INFO - [2026-02-15T22:09:32.856+0000] {dagbag.py:538} INFO - Filling up the DagBag from /opt/airflow/dags/sec_edgar_dag.py
[2026-02-15T22:09:33.178+0000] {processor.py:840} INFO - DAG(s) 'sec_edgar_pipeline' retrieved from /opt/airflow/dags/sec_edgar_dag.py
[2026-02-15T22:09:33.209+0000] {logging_mixin.py:188} INFO - [2026-02-15T22:09:33.208+0000] {dag.py:3036} INFO - Sync 1 DAGs
[2026-02-15T22:09:33.248+0000] {logging_mixin.py:188} INFO - [2026-02-15T22:09:33.247+0000] {dag.py:3823} INFO - Setting next_dagrun for sec_edgar_pipeline to 2026-02-15 09:00:00+00:00, run_after=2026-02-16 09:00:00+00:00
[2026-02-15T22:09:33.289+0000] {processor.py:183} INFO - Processing /opt/airflow/dags/sec_edgar_dag.py took 0.440 seconds
[2026-02-15T22:10:03.394+0000] {processor.py:161} INFO - Started process (PID=10560) to work on /opt/airflow/dags/sec_edgar_dag.py
[2026-02-15T22:10:03.396+0000] {processor.py:830} INFO - Processing file /opt/airflow/dags/sec_edgar_dag.py for tasks to queue
[2026-02-15T22:10:03.398+0000] {logging_mixin.py:188} INFO - [2026-02-15T22:10:03.397+0000] {dagbag.py:538} INFO - Filling up the DagBag from /opt/airflow/dags/sec_edgar_dag.py
[2026-02-15T22:10:03.720+0000] {processor.py:840} INFO - DAG(s) 'sec_edgar_pipeline' retrieved from /opt/airflow/dags/sec_edgar_dag.py
[2026-02-15T22:10:03.760+0000] {logging_mixin.py:188} INFO - [2026-02-15T22:10:03.759+0000] {dag.py:3036} INFO - Sync 1 DAGs
[2026-02-15T22:10:03.796+0000] {logging_mixin.py:188} INFO - [2026-02-15T22:10:03.796+0000] {dag.py:3823} INFO - Setting next_dagrun for sec_edgar_pipeline to 2026-02-15 09:00:00+00:00, run_after=2026-02-16 09:00:00+00:00
[2026-02-15T22:10:03.832+0000] {processor.py:183} INFO - Processing /opt/airflow/dags/sec_edgar_dag.py took 0.442 seconds
[2026-02-15T22:10:34.676+0000] {processor.py:161} INFO - Started process (PID=10576) to work on /opt/airflow/dags/sec_edgar_dag.py
[2026-02-15T22:10:34.678+0000] {processor.py:830} INFO - Processing file /opt/airflow/dags/sec_edgar_dag.py for tasks to queue
[2026-02-15T22:10:34.683+0000] {logging_mixin.py:188} INFO - [2026-02-15T22:10:34.682+0000] {dagbag.py:538} INFO - Filling up the DagBag from /opt/airflow/dags/sec_edgar_dag.py
[2026-02-15T22:10:35.006+0000] {processor.py:840} INFO - DAG(s) 'sec_edgar_pipeline' retrieved from /opt/airflow/dags/sec_edgar_dag.py
[2026-02-15T22:10:35.051+0000] {logging_mixin.py:188} INFO - [2026-02-15T22:10:35.050+0000] {dag.py:3036} INFO - Sync 1 DAGs
[2026-02-15T22:10:35.098+0000] {logging_mixin.py:188} INFO - [2026-02-15T22:10:35.098+0000] {dag.py:3823} INFO - Setting next_dagrun for sec_edgar_pipeline to 2026-02-15 09:00:00+00:00, run_after=2026-02-16 09:00:00+00:00
[2026-02-15T22:10:35.132+0000] {processor.py:183} INFO - Processing /opt/airflow/dags/sec_edgar_dag.py took 0.460 seconds
[2026-02-15T22:11:05.276+0000] {processor.py:161} INFO - Started process (PID=10592) to work on /opt/airflow/dags/sec_edgar_dag.py
[2026-02-15T22:11:05.277+0000] {processor.py:830} INFO - Processing file /opt/airflow/dags/sec_edgar_dag.py for tasks to queue
[2026-02-15T22:11:05.278+0000] {logging_mixin.py:188} INFO - [2026-02-15T22:11:05.278+0000] {dagbag.py:538} INFO - Filling up the DagBag from /opt/airflow/dags/sec_edgar_dag.py
[2026-02-15T22:11:05.615+0000] {processor.py:840} INFO - DAG(s) 'sec_edgar_pipeline' retrieved from /opt/airflow/dags/sec_edgar_dag.py
[2026-02-15T22:11:05.655+0000] {logging_mixin.py:188} INFO - [2026-02-15T22:11:05.654+0000] {dag.py:3036} INFO - Sync 1 DAGs
[2026-02-15T22:11:05.693+0000] {logging_mixin.py:188} INFO - [2026-02-15T22:11:05.693+0000] {dag.py:3823} INFO - Setting next_dagrun for sec_edgar_pipeline to 2026-02-15 09:00:00+00:00, run_after=2026-02-16 09:00:00+00:00
[2026-02-15T22:11:05.736+0000] {processor.py:183} INFO - Processing /opt/airflow/dags/sec_edgar_dag.py took 0.465 seconds
[2026-02-15T22:11:36.508+0000] {processor.py:161} INFO - Started process (PID=10608) to work on /opt/airflow/dags/sec_edgar_dag.py
[2026-02-15T22:11:36.509+0000] {processor.py:830} INFO - Processing file /opt/airflow/dags/sec_edgar_dag.py for tasks to queue
[2026-02-15T22:11:36.510+0000] {logging_mixin.py:188} INFO - [2026-02-15T22:11:36.510+0000] {dagbag.py:538} INFO - Filling up the DagBag from /opt/airflow/dags/sec_edgar_dag.py
[2026-02-15T22:11:36.807+0000] {processor.py:840} INFO - DAG(s) 'sec_edgar_pipeline' retrieved from /opt/airflow/dags/sec_edgar_dag.py
[2026-02-15T22:11:36.846+0000] {logging_mixin.py:188} INFO - [2026-02-15T22:11:36.846+0000] {dag.py:3036} INFO - Sync 1 DAGs
[2026-02-15T22:11:36.882+0000] {logging_mixin.py:188} INFO - [2026-02-15T22:11:36.881+0000] {dag.py:3823} INFO - Setting next_dagrun for sec_edgar_pipeline to 2026-02-15 09:00:00+00:00, run_after=2026-02-16 09:00:00+00:00
[2026-02-15T22:11:36.913+0000] {processor.py:183} INFO - Processing /opt/airflow/dags/sec_edgar_dag.py took 0.410 seconds
[2026-02-15T22:12:07.049+0000] {processor.py:161} INFO - Started process (PID=10624) to work on /opt/airflow/dags/sec_edgar_dag.py
[2026-02-15T22:12:07.051+0000] {processor.py:830} INFO - Processing file /opt/airflow/dags/sec_edgar_dag.py for tasks to queue
[2026-02-15T22:12:07.052+0000] {logging_mixin.py:188} INFO - [2026-02-15T22:12:07.051+0000] {dagbag.py:538} INFO - Filling up the DagBag from /opt/airflow/dags/sec_edgar_dag.py
[2026-02-15T22:12:07.349+0000] {processor.py:840} INFO - DAG(s) 'sec_edgar_pipeline' retrieved from /opt/airflow/dags/sec_edgar_dag.py
[2026-02-15T22:12:07.386+0000] {logging_mixin.py:188} INFO - [2026-02-15T22:12:07.385+0000] {dag.py:3036} INFO - Sync 1 DAGs
[2026-02-15T22:12:07.425+0000] {logging_mixin.py:188} INFO - [2026-02-15T22:12:07.425+0000] {dag.py:3823} INFO - Setting next_dagrun for sec_edgar_pipeline to 2026-02-15 09:00:00+00:00, run_after=2026-02-16 09:00:00+00:00
[2026-02-15T22:12:07.455+0000] {processor.py:183} INFO - Processing /opt/airflow/dags/sec_edgar_dag.py took 0.409 seconds
[2026-02-15T22:12:38.349+0000] {processor.py:161} INFO - Started process (PID=10640) to work on /opt/airflow/dags/sec_edgar_dag.py
[2026-02-15T22:12:38.350+0000] {processor.py:830} INFO - Processing file /opt/airflow/dags/sec_edgar_dag.py for tasks to queue
[2026-02-15T22:12:38.352+0000] {logging_mixin.py:188} INFO - [2026-02-15T22:12:38.351+0000] {dagbag.py:538} INFO - Filling up the DagBag from /opt/airflow/dags/sec_edgar_dag.py
[2026-02-15T22:12:38.667+0000] {processor.py:840} INFO - DAG(s) 'sec_edgar_pipeline' retrieved from /opt/airflow/dags/sec_edgar_dag.py
[2026-02-15T22:12:38.701+0000] {logging_mixin.py:188} INFO - [2026-02-15T22:12:38.701+0000] {dag.py:3036} INFO - Sync 1 DAGs
[2026-02-15T22:12:38.742+0000] {logging_mixin.py:188} INFO - [2026-02-15T22:12:38.741+0000] {dag.py:3823} INFO - Setting next_dagrun for sec_edgar_pipeline to 2026-02-15 09:00:00+00:00, run_after=2026-02-16 09:00:00+00:00
[2026-02-15T22:12:38.787+0000] {processor.py:183} INFO - Processing /opt/airflow/dags/sec_edgar_dag.py took 0.444 seconds
[2026-02-15T22:13:08.947+0000] {processor.py:161} INFO - Started process (PID=10657) to work on /opt/airflow/dags/sec_edgar_dag.py
[2026-02-15T22:13:08.949+0000] {processor.py:830} INFO - Processing file /opt/airflow/dags/sec_edgar_dag.py for tasks to queue
[2026-02-15T22:13:08.951+0000] {logging_mixin.py:188} INFO - [2026-02-15T22:13:08.950+0000] {dagbag.py:538} INFO - Filling up the DagBag from /opt/airflow/dags/sec_edgar_dag.py
[2026-02-15T22:13:09.253+0000] {processor.py:840} INFO - DAG(s) 'sec_edgar_pipeline' retrieved from /opt/airflow/dags/sec_edgar_dag.py
[2026-02-15T22:13:09.298+0000] {logging_mixin.py:188} INFO - [2026-02-15T22:13:09.298+0000] {dag.py:3036} INFO - Sync 1 DAGs
[2026-02-15T22:13:09.337+0000] {logging_mixin.py:188} INFO - [2026-02-15T22:13:09.337+0000] {dag.py:3823} INFO - Setting next_dagrun for sec_edgar_pipeline to 2026-02-15 09:00:00+00:00, run_after=2026-02-16 09:00:00+00:00
[2026-02-15T22:13:09.366+0000] {processor.py:183} INFO - Processing /opt/airflow/dags/sec_edgar_dag.py took 0.423 seconds
[2026-02-15T22:13:39.469+0000] {processor.py:161} INFO - Started process (PID=10673) to work on /opt/airflow/dags/sec_edgar_dag.py
[2026-02-15T22:13:39.471+0000] {processor.py:830} INFO - Processing file /opt/airflow/dags/sec_edgar_dag.py for tasks to queue
[2026-02-15T22:13:39.472+0000] {logging_mixin.py:188} INFO - [2026-02-15T22:13:39.472+0000] {dagbag.py:538} INFO - Filling up the DagBag from /opt/airflow/dags/sec_edgar_dag.py
[2026-02-15T22:13:39.793+0000] {processor.py:840} INFO - DAG(s) 'sec_edgar_pipeline' retrieved from /opt/airflow/dags/sec_edgar_dag.py
[2026-02-15T22:13:39.838+0000] {logging_mixin.py:188} INFO - [2026-02-15T22:13:39.837+0000] {dag.py:3036} INFO - Sync 1 DAGs
[2026-02-15T22:13:39.879+0000] {logging_mixin.py:188} INFO - [2026-02-15T22:13:39.878+0000] {dag.py:3823} INFO - Setting next_dagrun for sec_edgar_pipeline to 2026-02-15 09:00:00+00:00, run_after=2026-02-16 09:00:00+00:00
[2026-02-15T22:13:39.921+0000] {processor.py:183} INFO - Processing /opt/airflow/dags/sec_edgar_dag.py took 0.457 seconds
[2026-02-15T22:14:10.744+0000] {processor.py:161} INFO - Started process (PID=10689) to work on /opt/airflow/dags/sec_edgar_dag.py
[2026-02-15T22:14:10.745+0000] {processor.py:830} INFO - Processing file /opt/airflow/dags/sec_edgar_dag.py for tasks to queue
[2026-02-15T22:14:10.747+0000] {logging_mixin.py:188} INFO - [2026-02-15T22:14:10.746+0000] {dagbag.py:538} INFO - Filling up the DagBag from /opt/airflow/dags/sec_edgar_dag.py
[2026-02-15T22:14:11.062+0000] {processor.py:840} INFO - DAG(s) 'sec_edgar_pipeline' retrieved from /opt/airflow/dags/sec_edgar_dag.py
[2026-02-15T22:14:11.106+0000] {logging_mixin.py:188} INFO - [2026-02-15T22:14:11.105+0000] {dag.py:3036} INFO - Sync 1 DAGs
[2026-02-15T22:14:11.143+0000] {logging_mixin.py:188} INFO - [2026-02-15T22:14:11.143+0000] {dag.py:3823} INFO - Setting next_dagrun for sec_edgar_pipeline to 2026-02-15 09:00:00+00:00, run_after=2026-02-16 09:00:00+00:00
[2026-02-15T22:14:11.187+0000] {processor.py:183} INFO - Processing /opt/airflow/dags/sec_edgar_dag.py took 0.447 seconds
[2026-02-15T22:14:41.329+0000] {processor.py:161} INFO - Started process (PID=10705) to work on /opt/airflow/dags/sec_edgar_dag.py
[2026-02-15T22:14:41.331+0000] {processor.py:830} INFO - Processing file /opt/airflow/dags/sec_edgar_dag.py for tasks to queue
[2026-02-15T22:14:41.333+0000] {logging_mixin.py:188} INFO - [2026-02-15T22:14:41.332+0000] {dagbag.py:538} INFO - Filling up the DagBag from /opt/airflow/dags/sec_edgar_dag.py
[2026-02-15T22:14:41.696+0000] {processor.py:840} INFO - DAG(s) 'sec_edgar_pipeline' retrieved from /opt/airflow/dags/sec_edgar_dag.py
[2026-02-15T22:14:41.736+0000] {logging_mixin.py:188} INFO - [2026-02-15T22:14:41.736+0000] {dag.py:3036} INFO - Sync 1 DAGs
[2026-02-15T22:14:41.774+0000] {logging_mixin.py:188} INFO - [2026-02-15T22:14:41.774+0000] {dag.py:3823} INFO - Setting next_dagrun for sec_edgar_pipeline to 2026-02-15 09:00:00+00:00, run_after=2026-02-16 09:00:00+00:00
[2026-02-15T22:14:41.805+0000] {processor.py:183} INFO - Processing /opt/airflow/dags/sec_edgar_dag.py took 0.481 seconds
[2026-02-15T22:15:12.619+0000] {processor.py:161} INFO - Started process (PID=10727) to work on /opt/airflow/dags/sec_edgar_dag.py
[2026-02-15T22:15:12.621+0000] {processor.py:830} INFO - Processing file /opt/airflow/dags/sec_edgar_dag.py for tasks to queue
[2026-02-15T22:15:12.623+0000] {logging_mixin.py:188} INFO - [2026-02-15T22:15:12.622+0000] {dagbag.py:538} INFO - Filling up the DagBag from /opt/airflow/dags/sec_edgar_dag.py
[2026-02-15T22:15:12.922+0000] {processor.py:840} INFO - DAG(s) 'sec_edgar_pipeline' retrieved from /opt/airflow/dags/sec_edgar_dag.py
[2026-02-15T22:15:12.964+0000] {logging_mixin.py:188} INFO - [2026-02-15T22:15:12.963+0000] {dag.py:3036} INFO - Sync 1 DAGs
[2026-02-15T22:15:13.000+0000] {logging_mixin.py:188} INFO - [2026-02-15T22:15:13.000+0000] {dag.py:3823} INFO - Setting next_dagrun for sec_edgar_pipeline to 2026-02-15 09:00:00+00:00, run_after=2026-02-16 09:00:00+00:00
[2026-02-15T22:15:13.029+0000] {processor.py:183} INFO - Processing /opt/airflow/dags/sec_edgar_dag.py took 0.414 seconds
[2026-02-15T22:15:43.136+0000] {processor.py:161} INFO - Started process (PID=10743) to work on /opt/airflow/dags/sec_edgar_dag.py
[2026-02-15T22:15:43.138+0000] {processor.py:830} INFO - Processing file /opt/airflow/dags/sec_edgar_dag.py for tasks to queue
[2026-02-15T22:15:43.139+0000] {logging_mixin.py:188} INFO - [2026-02-15T22:15:43.138+0000] {dagbag.py:538} INFO - Filling up the DagBag from /opt/airflow/dags/sec_edgar_dag.py
[2026-02-15T22:15:43.447+0000] {processor.py:840} INFO - DAG(s) 'sec_edgar_pipeline' retrieved from /opt/airflow/dags/sec_edgar_dag.py
[2026-02-15T22:15:43.489+0000] {logging_mixin.py:188} INFO - [2026-02-15T22:15:43.489+0000] {dag.py:3036} INFO - Sync 1 DAGs
[2026-02-15T22:15:43.522+0000] {logging_mixin.py:188} INFO - [2026-02-15T22:15:43.522+0000] {dag.py:3823} INFO - Setting next_dagrun for sec_edgar_pipeline to 2026-02-15 09:00:00+00:00, run_after=2026-02-16 09:00:00+00:00
[2026-02-15T22:15:43.552+0000] {processor.py:183} INFO - Processing /opt/airflow/dags/sec_edgar_dag.py took 0.421 seconds
[2026-02-15T22:16:13.718+0000] {processor.py:161} INFO - Started process (PID=10759) to work on /opt/airflow/dags/sec_edgar_dag.py
[2026-02-15T22:16:13.721+0000] {processor.py:830} INFO - Processing file /opt/airflow/dags/sec_edgar_dag.py for tasks to queue
[2026-02-15T22:16:13.725+0000] {logging_mixin.py:188} INFO - [2026-02-15T22:16:13.725+0000] {dagbag.py:538} INFO - Filling up the DagBag from /opt/airflow/dags/sec_edgar_dag.py
[2026-02-15T22:16:14.041+0000] {processor.py:840} INFO - DAG(s) 'sec_edgar_pipeline' retrieved from /opt/airflow/dags/sec_edgar_dag.py
[2026-02-15T22:16:14.080+0000] {logging_mixin.py:188} INFO - [2026-02-15T22:16:14.079+0000] {dag.py:3036} INFO - Sync 1 DAGs
[2026-02-15T22:16:14.127+0000] {logging_mixin.py:188} INFO - [2026-02-15T22:16:14.126+0000] {dag.py:3823} INFO - Setting next_dagrun for sec_edgar_pipeline to 2026-02-15 09:00:00+00:00, run_after=2026-02-16 09:00:00+00:00
[2026-02-15T22:16:14.161+0000] {processor.py:183} INFO - Processing /opt/airflow/dags/sec_edgar_dag.py took 0.448 seconds
[2026-02-15T22:16:44.461+0000] {processor.py:161} INFO - Started process (PID=10775) to work on /opt/airflow/dags/sec_edgar_dag.py
[2026-02-15T22:16:44.463+0000] {processor.py:830} INFO - Processing file /opt/airflow/dags/sec_edgar_dag.py for tasks to queue
[2026-02-15T22:16:44.464+0000] {logging_mixin.py:188} INFO - [2026-02-15T22:16:44.464+0000] {dagbag.py:538} INFO - Filling up the DagBag from /opt/airflow/dags/sec_edgar_dag.py
[2026-02-15T22:16:44.783+0000] {processor.py:840} INFO - DAG(s) 'sec_edgar_pipeline' retrieved from /opt/airflow/dags/sec_edgar_dag.py
[2026-02-15T22:16:44.817+0000] {logging_mixin.py:188} INFO - [2026-02-15T22:16:44.816+0000] {dag.py:3036} INFO - Sync 1 DAGs
[2026-02-15T22:16:45.203+0000] {logging_mixin.py:188} INFO - [2026-02-15T22:16:45.202+0000] {dag.py:3823} INFO - Setting next_dagrun for sec_edgar_pipeline to 2026-02-15 09:00:00+00:00, run_after=2026-02-16 09:00:00+00:00
[2026-02-15T22:16:45.278+0000] {processor.py:183} INFO - Processing /opt/airflow/dags/sec_edgar_dag.py took 0.822 seconds
[2026-02-15T22:17:15.955+0000] {processor.py:161} INFO - Started process (PID=10791) to work on /opt/airflow/dags/sec_edgar_dag.py
[2026-02-15T22:17:15.956+0000] {processor.py:830} INFO - Processing file /opt/airflow/dags/sec_edgar_dag.py for tasks to queue
[2026-02-15T22:17:15.959+0000] {logging_mixin.py:188} INFO - [2026-02-15T22:17:15.958+0000] {dagbag.py:538} INFO - Filling up the DagBag from /opt/airflow/dags/sec_edgar_dag.py
[2026-02-15T22:17:16.252+0000] {processor.py:840} INFO - DAG(s) 'sec_edgar_pipeline' retrieved from /opt/airflow/dags/sec_edgar_dag.py
[2026-02-15T22:17:16.285+0000] {logging_mixin.py:188} INFO - [2026-02-15T22:17:16.285+0000] {dag.py:3036} INFO - Sync 1 DAGs
[2026-02-15T22:17:16.316+0000] {logging_mixin.py:188} INFO - [2026-02-15T22:17:16.316+0000] {dag.py:3823} INFO - Setting next_dagrun for sec_edgar_pipeline to 2026-02-15 09:00:00+00:00, run_after=2026-02-16 09:00:00+00:00
[2026-02-15T22:17:16.343+0000] {processor.py:183} INFO - Processing /opt/airflow/dags/sec_edgar_dag.py took 0.392 seconds
[2026-02-15T22:17:46.700+0000] {processor.py:161} INFO - Started process (PID=10807) to work on /opt/airflow/dags/sec_edgar_dag.py
[2026-02-15T22:17:46.702+0000] {processor.py:830} INFO - Processing file /opt/airflow/dags/sec_edgar_dag.py for tasks to queue
[2026-02-15T22:17:46.703+0000] {logging_mixin.py:188} INFO - [2026-02-15T22:17:46.703+0000] {dagbag.py:538} INFO - Filling up the DagBag from /opt/airflow/dags/sec_edgar_dag.py
[2026-02-15T22:17:47.034+0000] {processor.py:840} INFO - DAG(s) 'sec_edgar_pipeline' retrieved from /opt/airflow/dags/sec_edgar_dag.py
[2026-02-15T22:17:47.073+0000] {logging_mixin.py:188} INFO - [2026-02-15T22:17:47.072+0000] {dag.py:3036} INFO - Sync 1 DAGs
[2026-02-15T22:17:47.355+0000] {logging_mixin.py:188} INFO - [2026-02-15T22:17:47.354+0000] {dag.py:3823} INFO - Setting next_dagrun for sec_edgar_pipeline to 2026-02-15 09:00:00+00:00, run_after=2026-02-16 09:00:00+00:00
[2026-02-15T22:17:47.434+0000] {processor.py:183} INFO - Processing /opt/airflow/dags/sec_edgar_dag.py took 0.739 seconds
[2026-02-15T22:18:18.010+0000] {processor.py:161} INFO - Started process (PID=10823) to work on /opt/airflow/dags/sec_edgar_dag.py
[2026-02-15T22:18:18.012+0000] {processor.py:830} INFO - Processing file /opt/airflow/dags/sec_edgar_dag.py for tasks to queue
[2026-02-15T22:18:18.014+0000] {logging_mixin.py:188} INFO - [2026-02-15T22:18:18.013+0000] {dagbag.py:538} INFO - Filling up the DagBag from /opt/airflow/dags/sec_edgar_dag.py
[2026-02-15T22:18:18.363+0000] {processor.py:840} INFO - DAG(s) 'sec_edgar_pipeline' retrieved from /opt/airflow/dags/sec_edgar_dag.py
[2026-02-15T22:18:18.403+0000] {logging_mixin.py:188} INFO - [2026-02-15T22:18:18.402+0000] {dag.py:3036} INFO - Sync 1 DAGs
[2026-02-15T22:18:18.433+0000] {logging_mixin.py:188} INFO - [2026-02-15T22:18:18.432+0000] {dag.py:3823} INFO - Setting next_dagrun for sec_edgar_pipeline to 2026-02-15 09:00:00+00:00, run_after=2026-02-16 09:00:00+00:00
[2026-02-15T22:18:18.508+0000] {processor.py:183} INFO - Processing /opt/airflow/dags/sec_edgar_dag.py took 0.501 seconds
[2026-02-15T22:18:48.600+0000] {processor.py:161} INFO - Started process (PID=10840) to work on /opt/airflow/dags/sec_edgar_dag.py
[2026-02-15T22:18:48.602+0000] {processor.py:830} INFO - Processing file /opt/airflow/dags/sec_edgar_dag.py for tasks to queue
[2026-02-15T22:18:48.603+0000] {logging_mixin.py:188} INFO - [2026-02-15T22:18:48.603+0000] {dagbag.py:538} INFO - Filling up the DagBag from /opt/airflow/dags/sec_edgar_dag.py
[2026-02-15T22:18:48.898+0000] {processor.py:840} INFO - DAG(s) 'sec_edgar_pipeline' retrieved from /opt/airflow/dags/sec_edgar_dag.py
[2026-02-15T22:18:48.932+0000] {logging_mixin.py:188} INFO - [2026-02-15T22:18:48.932+0000] {dag.py:3036} INFO - Sync 1 DAGs
[2026-02-15T22:18:49.209+0000] {logging_mixin.py:188} INFO - [2026-02-15T22:18:49.209+0000] {dag.py:3823} INFO - Setting next_dagrun for sec_edgar_pipeline to 2026-02-15 09:00:00+00:00, run_after=2026-02-16 09:00:00+00:00
[2026-02-15T22:18:49.266+0000] {processor.py:183} INFO - Processing /opt/airflow/dags/sec_edgar_dag.py took 0.669 seconds
[2026-02-15T22:19:19.898+0000] {processor.py:161} INFO - Started process (PID=10856) to work on /opt/airflow/dags/sec_edgar_dag.py
[2026-02-15T22:19:19.900+0000] {processor.py:830} INFO - Processing file /opt/airflow/dags/sec_edgar_dag.py for tasks to queue
[2026-02-15T22:19:19.902+0000] {logging_mixin.py:188} INFO - [2026-02-15T22:19:19.902+0000] {dagbag.py:538} INFO - Filling up the DagBag from /opt/airflow/dags/sec_edgar_dag.py
[2026-02-15T22:19:20.205+0000] {processor.py:840} INFO - DAG(s) 'sec_edgar_pipeline' retrieved from /opt/airflow/dags/sec_edgar_dag.py
[2026-02-15T22:19:20.242+0000] {logging_mixin.py:188} INFO - [2026-02-15T22:19:20.241+0000] {dag.py:3036} INFO - Sync 1 DAGs
[2026-02-15T22:19:20.275+0000] {logging_mixin.py:188} INFO - [2026-02-15T22:19:20.275+0000] {dag.py:3823} INFO - Setting next_dagrun for sec_edgar_pipeline to 2026-02-15 09:00:00+00:00, run_after=2026-02-16 09:00:00+00:00
[2026-02-15T22:19:20.353+0000] {processor.py:183} INFO - Processing /opt/airflow/dags/sec_edgar_dag.py took 0.460 seconds
[2026-02-15T22:19:50.594+0000] {processor.py:161} INFO - Started process (PID=10872) to work on /opt/airflow/dags/sec_edgar_dag.py
[2026-02-15T22:19:50.597+0000] {processor.py:830} INFO - Processing file /opt/airflow/dags/sec_edgar_dag.py for tasks to queue
[2026-02-15T22:19:50.598+0000] {logging_mixin.py:188} INFO - [2026-02-15T22:19:50.598+0000] {dagbag.py:538} INFO - Filling up the DagBag from /opt/airflow/dags/sec_edgar_dag.py
[2026-02-15T22:19:51.199+0000] {processor.py:840} INFO - DAG(s) 'sec_edgar_pipeline' retrieved from /opt/airflow/dags/sec_edgar_dag.py
[2026-02-15T22:19:51.232+0000] {logging_mixin.py:188} INFO - [2026-02-15T22:19:51.231+0000] {dag.py:3036} INFO - Sync 1 DAGs
[2026-02-15T22:19:51.262+0000] {logging_mixin.py:188} INFO - [2026-02-15T22:19:51.262+0000] {dag.py:3823} INFO - Setting next_dagrun for sec_edgar_pipeline to 2026-02-15 09:00:00+00:00, run_after=2026-02-16 09:00:00+00:00
[2026-02-15T22:19:51.342+0000] {processor.py:183} INFO - Processing /opt/airflow/dags/sec_edgar_dag.py took 0.753 seconds
[2026-02-15T22:20:21.690+0000] {processor.py:161} INFO - Started process (PID=10888) to work on /opt/airflow/dags/sec_edgar_dag.py
[2026-02-15T22:20:21.692+0000] {processor.py:830} INFO - Processing file /opt/airflow/dags/sec_edgar_dag.py for tasks to queue
[2026-02-15T22:20:21.694+0000] {logging_mixin.py:188} INFO - [2026-02-15T22:20:21.694+0000] {dagbag.py:538} INFO - Filling up the DagBag from /opt/airflow/dags/sec_edgar_dag.py
[2026-02-15T22:20:22.038+0000] {processor.py:840} INFO - DAG(s) 'sec_edgar_pipeline' retrieved from /opt/airflow/dags/sec_edgar_dag.py
[2026-02-15T22:20:22.077+0000] {logging_mixin.py:188} INFO - [2026-02-15T22:20:22.077+0000] {dag.py:3036} INFO - Sync 1 DAGs
[2026-02-15T22:20:22.114+0000] {logging_mixin.py:188} INFO - [2026-02-15T22:20:22.114+0000] {dag.py:3823} INFO - Setting next_dagrun for sec_edgar_pipeline to 2026-02-15 09:00:00+00:00, run_after=2026-02-16 09:00:00+00:00
[2026-02-15T22:20:22.199+0000] {processor.py:183} INFO - Processing /opt/airflow/dags/sec_edgar_dag.py took 0.515 seconds
[2026-02-15T22:20:52.406+0000] {processor.py:161} INFO - Started process (PID=10904) to work on /opt/airflow/dags/sec_edgar_dag.py
[2026-02-15T22:20:52.408+0000] {processor.py:830} INFO - Processing file /opt/airflow/dags/sec_edgar_dag.py for tasks to queue
[2026-02-15T22:20:52.410+0000] {logging_mixin.py:188} INFO - [2026-02-15T22:20:52.410+0000] {dagbag.py:538} INFO - Filling up the DagBag from /opt/airflow/dags/sec_edgar_dag.py
[2026-02-15T22:20:53.095+0000] {processor.py:840} INFO - DAG(s) 'sec_edgar_pipeline' retrieved from /opt/airflow/dags/sec_edgar_dag.py
[2026-02-15T22:20:53.144+0000] {logging_mixin.py:188} INFO - [2026-02-15T22:20:53.143+0000] {dag.py:3036} INFO - Sync 1 DAGs
[2026-02-15T22:20:53.174+0000] {logging_mixin.py:188} INFO - [2026-02-15T22:20:53.174+0000] {dag.py:3823} INFO - Setting next_dagrun for sec_edgar_pipeline to 2026-02-15 09:00:00+00:00, run_after=2026-02-16 09:00:00+00:00
[2026-02-15T22:20:53.250+0000] {processor.py:183} INFO - Processing /opt/airflow/dags/sec_edgar_dag.py took 0.848 seconds
[2026-02-15T22:21:24.110+0000] {processor.py:161} INFO - Started process (PID=10920) to work on /opt/airflow/dags/sec_edgar_dag.py
[2026-02-15T22:21:24.112+0000] {processor.py:830} INFO - Processing file /opt/airflow/dags/sec_edgar_dag.py for tasks to queue
[2026-02-15T22:21:24.113+0000] {logging_mixin.py:188} INFO - [2026-02-15T22:21:24.113+0000] {dagbag.py:538} INFO - Filling up the DagBag from /opt/airflow/dags/sec_edgar_dag.py
[2026-02-15T22:21:24.775+0000] {processor.py:840} INFO - DAG(s) 'sec_edgar_pipeline' retrieved from /opt/airflow/dags/sec_edgar_dag.py
[2026-02-15T22:21:24.806+0000] {logging_mixin.py:188} INFO - [2026-02-15T22:21:24.806+0000] {dag.py:3036} INFO - Sync 1 DAGs
[2026-02-15T22:21:24.836+0000] {logging_mixin.py:188} INFO - [2026-02-15T22:21:24.836+0000] {dag.py:3823} INFO - Setting next_dagrun for sec_edgar_pipeline to 2026-02-15 09:00:00+00:00, run_after=2026-02-16 09:00:00+00:00
[2026-02-15T22:21:24.914+0000] {processor.py:183} INFO - Processing /opt/airflow/dags/sec_edgar_dag.py took 0.808 seconds
[2026-02-15T22:21:55.408+0000] {processor.py:161} INFO - Started process (PID=10936) to work on /opt/airflow/dags/sec_edgar_dag.py
[2026-02-15T22:21:55.410+0000] {processor.py:830} INFO - Processing file /opt/airflow/dags/sec_edgar_dag.py for tasks to queue
[2026-02-15T22:21:55.412+0000] {logging_mixin.py:188} INFO - [2026-02-15T22:21:55.411+0000] {dagbag.py:538} INFO - Filling up the DagBag from /opt/airflow/dags/sec_edgar_dag.py
[2026-02-15T22:21:56.010+0000] {processor.py:840} INFO - DAG(s) 'sec_edgar_pipeline' retrieved from /opt/airflow/dags/sec_edgar_dag.py
[2026-02-15T22:21:56.043+0000] {logging_mixin.py:188} INFO - [2026-02-15T22:21:56.042+0000] {dag.py:3036} INFO - Sync 1 DAGs
[2026-02-15T22:21:56.076+0000] {logging_mixin.py:188} INFO - [2026-02-15T22:21:56.076+0000] {dag.py:3823} INFO - Setting next_dagrun for sec_edgar_pipeline to 2026-02-15 09:00:00+00:00, run_after=2026-02-16 09:00:00+00:00
[2026-02-15T22:21:56.158+0000] {processor.py:183} INFO - Processing /opt/airflow/dags/sec_edgar_dag.py took 0.754 seconds
[2026-02-15T22:22:26.797+0000] {processor.py:161} INFO - Started process (PID=10952) to work on /opt/airflow/dags/sec_edgar_dag.py
[2026-02-15T22:22:26.799+0000] {processor.py:830} INFO - Processing file /opt/airflow/dags/sec_edgar_dag.py for tasks to queue
[2026-02-15T22:22:26.801+0000] {logging_mixin.py:188} INFO - [2026-02-15T22:22:26.800+0000] {dagbag.py:538} INFO - Filling up the DagBag from /opt/airflow/dags/sec_edgar_dag.py
[2026-02-15T22:22:27.396+0000] {processor.py:840} INFO - DAG(s) 'sec_edgar_pipeline' retrieved from /opt/airflow/dags/sec_edgar_dag.py
[2026-02-15T22:22:27.428+0000] {logging_mixin.py:188} INFO - [2026-02-15T22:22:27.427+0000] {dag.py:3036} INFO - Sync 1 DAGs
[2026-02-15T22:22:27.457+0000] {logging_mixin.py:188} INFO - [2026-02-15T22:22:27.457+0000] {dag.py:3823} INFO - Setting next_dagrun for sec_edgar_pipeline to 2026-02-15 09:00:00+00:00, run_after=2026-02-16 09:00:00+00:00
[2026-02-15T22:22:27.522+0000] {processor.py:183} INFO - Processing /opt/airflow/dags/sec_edgar_dag.py took 0.730 seconds
[2026-02-15T22:22:58.228+0000] {processor.py:161} INFO - Started process (PID=10968) to work on /opt/airflow/dags/sec_edgar_dag.py
[2026-02-15T22:22:58.229+0000] {processor.py:830} INFO - Processing file /opt/airflow/dags/sec_edgar_dag.py for tasks to queue
[2026-02-15T22:22:58.231+0000] {logging_mixin.py:188} INFO - [2026-02-15T22:22:58.230+0000] {dagbag.py:538} INFO - Filling up the DagBag from /opt/airflow/dags/sec_edgar_dag.py
[2026-02-15T22:22:58.816+0000] {processor.py:840} INFO - DAG(s) 'sec_edgar_pipeline' retrieved from /opt/airflow/dags/sec_edgar_dag.py
[2026-02-15T22:22:58.850+0000] {logging_mixin.py:188} INFO - [2026-02-15T22:22:58.849+0000] {dag.py:3036} INFO - Sync 1 DAGs
[2026-02-15T22:22:58.884+0000] {logging_mixin.py:188} INFO - [2026-02-15T22:22:58.884+0000] {dag.py:3823} INFO - Setting next_dagrun for sec_edgar_pipeline to 2026-02-15 09:00:00+00:00, run_after=2026-02-16 09:00:00+00:00
[2026-02-15T22:22:58.962+0000] {processor.py:183} INFO - Processing /opt/airflow/dags/sec_edgar_dag.py took 0.739 seconds
[2026-02-15T22:23:29.684+0000] {processor.py:161} INFO - Started process (PID=10984) to work on /opt/airflow/dags/sec_edgar_dag.py
[2026-02-15T22:23:29.686+0000] {processor.py:830} INFO - Processing file /opt/airflow/dags/sec_edgar_dag.py for tasks to queue
[2026-02-15T22:23:29.688+0000] {logging_mixin.py:188} INFO - [2026-02-15T22:23:29.688+0000] {dagbag.py:538} INFO - Filling up the DagBag from /opt/airflow/dags/sec_edgar_dag.py
[2026-02-15T22:23:30.310+0000] {processor.py:840} INFO - DAG(s) 'sec_edgar_pipeline' retrieved from /opt/airflow/dags/sec_edgar_dag.py
[2026-02-15T22:23:30.342+0000] {logging_mixin.py:188} INFO - [2026-02-15T22:23:30.342+0000] {dag.py:3036} INFO - Sync 1 DAGs
[2026-02-15T22:23:30.373+0000] {logging_mixin.py:188} INFO - [2026-02-15T22:23:30.373+0000] {dag.py:3823} INFO - Setting next_dagrun for sec_edgar_pipeline to 2026-02-15 09:00:00+00:00, run_after=2026-02-16 09:00:00+00:00
[2026-02-15T22:23:30.466+0000] {processor.py:183} INFO - Processing /opt/airflow/dags/sec_edgar_dag.py took 0.786 seconds
[2026-02-15T22:24:00.633+0000] {processor.py:161} INFO - Started process (PID=11000) to work on /opt/airflow/dags/sec_edgar_dag.py
[2026-02-15T22:24:00.635+0000] {processor.py:830} INFO - Processing file /opt/airflow/dags/sec_edgar_dag.py for tasks to queue
[2026-02-15T22:24:00.637+0000] {logging_mixin.py:188} INFO - [2026-02-15T22:24:00.637+0000] {dagbag.py:538} INFO - Filling up the DagBag from /opt/airflow/dags/sec_edgar_dag.py
[2026-02-15T22:24:01.268+0000] {processor.py:840} INFO - DAG(s) 'sec_edgar_pipeline' retrieved from /opt/airflow/dags/sec_edgar_dag.py
[2026-02-15T22:24:01.301+0000] {logging_mixin.py:188} INFO - [2026-02-15T22:24:01.300+0000] {dag.py:3036} INFO - Sync 1 DAGs
[2026-02-15T22:24:01.334+0000] {logging_mixin.py:188} INFO - [2026-02-15T22:24:01.334+0000] {dag.py:3823} INFO - Setting next_dagrun for sec_edgar_pipeline to 2026-02-15 09:00:00+00:00, run_after=2026-02-16 09:00:00+00:00
[2026-02-15T22:24:01.368+0000] {processor.py:183} INFO - Processing /opt/airflow/dags/sec_edgar_dag.py took 0.740 seconds
[2026-02-15T22:24:31.756+0000] {processor.py:161} INFO - Started process (PID=11016) to work on /opt/airflow/dags/sec_edgar_dag.py
[2026-02-15T22:24:31.758+0000] {processor.py:830} INFO - Processing file /opt/airflow/dags/sec_edgar_dag.py for tasks to queue
[2026-02-15T22:24:31.760+0000] {logging_mixin.py:188} INFO - [2026-02-15T22:24:31.759+0000] {dagbag.py:538} INFO - Filling up the DagBag from /opt/airflow/dags/sec_edgar_dag.py
[2026-02-15T22:24:32.358+0000] {processor.py:840} INFO - DAG(s) 'sec_edgar_pipeline' retrieved from /opt/airflow/dags/sec_edgar_dag.py
[2026-02-15T22:24:32.391+0000] {logging_mixin.py:188} INFO - [2026-02-15T22:24:32.391+0000] {dag.py:3036} INFO - Sync 1 DAGs
[2026-02-15T22:24:32.422+0000] {logging_mixin.py:188} INFO - [2026-02-15T22:24:32.422+0000] {dag.py:3823} INFO - Setting next_dagrun for sec_edgar_pipeline to 2026-02-15 09:00:00+00:00, run_after=2026-02-16 09:00:00+00:00
[2026-02-15T22:24:32.502+0000] {processor.py:183} INFO - Processing /opt/airflow/dags/sec_edgar_dag.py took 0.750 seconds
[2026-02-15T22:25:02.892+0000] {processor.py:161} INFO - Started process (PID=11032) to work on /opt/airflow/dags/sec_edgar_dag.py
[2026-02-15T22:25:02.895+0000] {processor.py:830} INFO - Processing file /opt/airflow/dags/sec_edgar_dag.py for tasks to queue
[2026-02-15T22:25:02.897+0000] {logging_mixin.py:188} INFO - [2026-02-15T22:25:02.896+0000] {dagbag.py:538} INFO - Filling up the DagBag from /opt/airflow/dags/sec_edgar_dag.py
[2026-02-15T22:25:03.512+0000] {processor.py:840} INFO - DAG(s) 'sec_edgar_pipeline' retrieved from /opt/airflow/dags/sec_edgar_dag.py
[2026-02-15T22:25:03.550+0000] {logging_mixin.py:188} INFO - [2026-02-15T22:25:03.550+0000] {dag.py:3036} INFO - Sync 1 DAGs
[2026-02-15T22:25:03.580+0000] {logging_mixin.py:188} INFO - [2026-02-15T22:25:03.580+0000] {dag.py:3823} INFO - Setting next_dagrun for sec_edgar_pipeline to 2026-02-15 09:00:00+00:00, run_after=2026-02-16 09:00:00+00:00
[2026-02-15T22:25:03.661+0000] {processor.py:183} INFO - Processing /opt/airflow/dags/sec_edgar_dag.py took 0.774 seconds
[2026-02-15T22:25:33.803+0000] {processor.py:161} INFO - Started process (PID=11048) to work on /opt/airflow/dags/sec_edgar_dag.py
[2026-02-15T22:25:33.805+0000] {processor.py:830} INFO - Processing file /opt/airflow/dags/sec_edgar_dag.py for tasks to queue
[2026-02-15T22:25:33.807+0000] {logging_mixin.py:188} INFO - [2026-02-15T22:25:33.806+0000] {dagbag.py:538} INFO - Filling up the DagBag from /opt/airflow/dags/sec_edgar_dag.py
[2026-02-15T22:25:34.112+0000] {processor.py:840} INFO - DAG(s) 'sec_edgar_pipeline' retrieved from /opt/airflow/dags/sec_edgar_dag.py
[2026-02-15T22:25:34.145+0000] {logging_mixin.py:188} INFO - [2026-02-15T22:25:34.144+0000] {dag.py:3036} INFO - Sync 1 DAGs
[2026-02-15T22:25:34.175+0000] {logging_mixin.py:188} INFO - [2026-02-15T22:25:34.175+0000] {dag.py:3823} INFO - Setting next_dagrun for sec_edgar_pipeline to 2026-02-15 09:00:00+00:00, run_after=2026-02-16 09:00:00+00:00
[2026-02-15T22:25:34.255+0000] {processor.py:183} INFO - Processing /opt/airflow/dags/sec_edgar_dag.py took 0.458 seconds
[2026-02-15T22:26:04.646+0000] {processor.py:161} INFO - Started process (PID=11064) to work on /opt/airflow/dags/sec_edgar_dag.py
[2026-02-15T22:26:04.650+0000] {processor.py:830} INFO - Processing file /opt/airflow/dags/sec_edgar_dag.py for tasks to queue
[2026-02-15T22:26:04.652+0000] {logging_mixin.py:188} INFO - [2026-02-15T22:26:04.651+0000] {dagbag.py:538} INFO - Filling up the DagBag from /opt/airflow/dags/sec_edgar_dag.py
[2026-02-15T22:26:05.007+0000] {processor.py:840} INFO - DAG(s) 'sec_edgar_pipeline' retrieved from /opt/airflow/dags/sec_edgar_dag.py
[2026-02-15T22:26:05.052+0000] {logging_mixin.py:188} INFO - [2026-02-15T22:26:05.051+0000] {dag.py:3036} INFO - Sync 1 DAGs
[2026-02-15T22:26:05.095+0000] {logging_mixin.py:188} INFO - [2026-02-15T22:26:05.094+0000] {dag.py:3823} INFO - Setting next_dagrun for sec_edgar_pipeline to 2026-02-15 09:00:00+00:00, run_after=2026-02-16 09:00:00+00:00
[2026-02-15T22:26:05.184+0000] {processor.py:183} INFO - Processing /opt/airflow/dags/sec_edgar_dag.py took 0.546 seconds
[2026-02-15T22:26:35.341+0000] {processor.py:161} INFO - Started process (PID=11080) to work on /opt/airflow/dags/sec_edgar_dag.py
[2026-02-15T22:26:35.342+0000] {processor.py:830} INFO - Processing file /opt/airflow/dags/sec_edgar_dag.py for tasks to queue
[2026-02-15T22:26:35.344+0000] {logging_mixin.py:188} INFO - [2026-02-15T22:26:35.343+0000] {dagbag.py:538} INFO - Filling up the DagBag from /opt/airflow/dags/sec_edgar_dag.py
[2026-02-15T22:26:35.658+0000] {processor.py:840} INFO - DAG(s) 'sec_edgar_pipeline' retrieved from /opt/airflow/dags/sec_edgar_dag.py
[2026-02-15T22:26:35.698+0000] {logging_mixin.py:188} INFO - [2026-02-15T22:26:35.697+0000] {dag.py:3036} INFO - Sync 1 DAGs
[2026-02-15T22:26:35.738+0000] {logging_mixin.py:188} INFO - [2026-02-15T22:26:35.738+0000] {dag.py:3823} INFO - Setting next_dagrun for sec_edgar_pipeline to 2026-02-15 09:00:00+00:00, run_after=2026-02-16 09:00:00+00:00
[2026-02-15T22:26:35.825+0000] {processor.py:183} INFO - Processing /opt/airflow/dags/sec_edgar_dag.py took 0.488 seconds
[2026-02-15T22:27:06.690+0000] {processor.py:161} INFO - Started process (PID=11097) to work on /opt/airflow/dags/sec_edgar_dag.py
[2026-02-15T22:27:06.692+0000] {processor.py:830} INFO - Processing file /opt/airflow/dags/sec_edgar_dag.py for tasks to queue
[2026-02-15T22:27:06.693+0000] {logging_mixin.py:188} INFO - [2026-02-15T22:27:06.693+0000] {dagbag.py:538} INFO - Filling up the DagBag from /opt/airflow/dags/sec_edgar_dag.py
[2026-02-15T22:27:07.017+0000] {processor.py:840} INFO - DAG(s) 'sec_edgar_pipeline' retrieved from /opt/airflow/dags/sec_edgar_dag.py
[2026-02-15T22:27:07.056+0000] {logging_mixin.py:188} INFO - [2026-02-15T22:27:07.055+0000] {dag.py:3036} INFO - Sync 1 DAGs
[2026-02-15T22:27:07.090+0000] {logging_mixin.py:188} INFO - [2026-02-15T22:27:07.090+0000] {dag.py:3823} INFO - Setting next_dagrun for sec_edgar_pipeline to 2026-02-15 09:00:00+00:00, run_after=2026-02-16 09:00:00+00:00
[2026-02-15T22:27:07.172+0000] {processor.py:183} INFO - Processing /opt/airflow/dags/sec_edgar_dag.py took 0.487 seconds
[2026-02-15T22:27:37.412+0000] {processor.py:161} INFO - Started process (PID=11113) to work on /opt/airflow/dags/sec_edgar_dag.py
[2026-02-15T22:27:37.414+0000] {processor.py:830} INFO - Processing file /opt/airflow/dags/sec_edgar_dag.py for tasks to queue
[2026-02-15T22:27:37.416+0000] {logging_mixin.py:188} INFO - [2026-02-15T22:27:37.415+0000] {dagbag.py:538} INFO - Filling up the DagBag from /opt/airflow/dags/sec_edgar_dag.py
[2026-02-15T22:27:37.717+0000] {processor.py:840} INFO - DAG(s) 'sec_edgar_pipeline' retrieved from /opt/airflow/dags/sec_edgar_dag.py
[2026-02-15T22:27:37.752+0000] {logging_mixin.py:188} INFO - [2026-02-15T22:27:37.751+0000] {dag.py:3036} INFO - Sync 1 DAGs
[2026-02-15T22:27:37.782+0000] {logging_mixin.py:188} INFO - [2026-02-15T22:27:37.782+0000] {dag.py:3823} INFO - Setting next_dagrun for sec_edgar_pipeline to 2026-02-15 09:00:00+00:00, run_after=2026-02-16 09:00:00+00:00
[2026-02-15T22:27:37.814+0000] {processor.py:183} INFO - Processing /opt/airflow/dags/sec_edgar_dag.py took 0.405 seconds
[2026-02-15T22:28:07.929+0000] {processor.py:161} INFO - Started process (PID=11129) to work on /opt/airflow/dags/sec_edgar_dag.py
[2026-02-15T22:28:07.931+0000] {processor.py:830} INFO - Processing file /opt/airflow/dags/sec_edgar_dag.py for tasks to queue
[2026-02-15T22:28:07.932+0000] {logging_mixin.py:188} INFO - [2026-02-15T22:28:07.932+0000] {dagbag.py:538} INFO - Filling up the DagBag from /opt/airflow/dags/sec_edgar_dag.py
[2026-02-15T22:28:08.237+0000] {processor.py:840} INFO - DAG(s) 'sec_edgar_pipeline' retrieved from /opt/airflow/dags/sec_edgar_dag.py
[2026-02-15T22:28:08.279+0000] {logging_mixin.py:188} INFO - [2026-02-15T22:28:08.278+0000] {dag.py:3036} INFO - Sync 1 DAGs
[2026-02-15T22:28:08.314+0000] {logging_mixin.py:188} INFO - [2026-02-15T22:28:08.314+0000] {dag.py:3823} INFO - Setting next_dagrun for sec_edgar_pipeline to 2026-02-15 09:00:00+00:00, run_after=2026-02-16 09:00:00+00:00
[2026-02-15T22:28:08.345+0000] {processor.py:183} INFO - Processing /opt/airflow/dags/sec_edgar_dag.py took 0.419 seconds
[2026-02-15T22:28:38.519+0000] {processor.py:161} INFO - Started process (PID=11145) to work on /opt/airflow/dags/sec_edgar_dag.py
[2026-02-15T22:28:38.521+0000] {processor.py:830} INFO - Processing file /opt/airflow/dags/sec_edgar_dag.py for tasks to queue
[2026-02-15T22:28:38.523+0000] {logging_mixin.py:188} INFO - [2026-02-15T22:28:38.522+0000] {dagbag.py:538} INFO - Filling up the DagBag from /opt/airflow/dags/sec_edgar_dag.py
[2026-02-15T22:28:38.867+0000] {processor.py:840} INFO - DAG(s) 'sec_edgar_pipeline' retrieved from /opt/airflow/dags/sec_edgar_dag.py
[2026-02-15T22:28:38.912+0000] {logging_mixin.py:188} INFO - [2026-02-15T22:28:38.912+0000] {dag.py:3036} INFO - Sync 1 DAGs
[2026-02-15T22:28:38.954+0000] {logging_mixin.py:188} INFO - [2026-02-15T22:28:38.954+0000] {dag.py:3823} INFO - Setting next_dagrun for sec_edgar_pipeline to 2026-02-15 09:00:00+00:00, run_after=2026-02-16 09:00:00+00:00
[2026-02-15T22:28:39.045+0000] {processor.py:183} INFO - Processing /opt/airflow/dags/sec_edgar_dag.py took 0.530 seconds
[2026-02-15T22:29:09.841+0000] {processor.py:161} INFO - Started process (PID=11161) to work on /opt/airflow/dags/sec_edgar_dag.py
[2026-02-15T22:29:09.842+0000] {processor.py:830} INFO - Processing file /opt/airflow/dags/sec_edgar_dag.py for tasks to queue
[2026-02-15T22:29:09.844+0000] {logging_mixin.py:188} INFO - [2026-02-15T22:29:09.843+0000] {dagbag.py:538} INFO - Filling up the DagBag from /opt/airflow/dags/sec_edgar_dag.py
[2026-02-15T22:29:10.185+0000] {processor.py:840} INFO - DAG(s) 'sec_edgar_pipeline' retrieved from /opt/airflow/dags/sec_edgar_dag.py
[2026-02-15T22:29:10.234+0000] {logging_mixin.py:188} INFO - [2026-02-15T22:29:10.234+0000] {dag.py:3036} INFO - Sync 1 DAGs
[2026-02-15T22:29:10.276+0000] {logging_mixin.py:188} INFO - [2026-02-15T22:29:10.275+0000] {dag.py:3823} INFO - Setting next_dagrun for sec_edgar_pipeline to 2026-02-15 09:00:00+00:00, run_after=2026-02-16 09:00:00+00:00
[2026-02-15T22:29:10.358+0000] {processor.py:183} INFO - Processing /opt/airflow/dags/sec_edgar_dag.py took 0.522 seconds
[2026-02-15T22:29:40.511+0000] {processor.py:161} INFO - Started process (PID=11177) to work on /opt/airflow/dags/sec_edgar_dag.py
[2026-02-15T22:29:40.512+0000] {processor.py:830} INFO - Processing file /opt/airflow/dags/sec_edgar_dag.py for tasks to queue
[2026-02-15T22:29:40.514+0000] {logging_mixin.py:188} INFO - [2026-02-15T22:29:40.513+0000] {dagbag.py:538} INFO - Filling up the DagBag from /opt/airflow/dags/sec_edgar_dag.py
[2026-02-15T22:29:40.841+0000] {processor.py:840} INFO - DAG(s) 'sec_edgar_pipeline' retrieved from /opt/airflow/dags/sec_edgar_dag.py
[2026-02-15T22:29:40.875+0000] {logging_mixin.py:188} INFO - [2026-02-15T22:29:40.875+0000] {dag.py:3036} INFO - Sync 1 DAGs
[2026-02-15T22:29:40.910+0000] {logging_mixin.py:188} INFO - [2026-02-15T22:29:40.910+0000] {dag.py:3823} INFO - Setting next_dagrun for sec_edgar_pipeline to 2026-02-15 09:00:00+00:00, run_after=2026-02-16 09:00:00+00:00
[2026-02-15T22:29:40.994+0000] {processor.py:183} INFO - Processing /opt/airflow/dags/sec_edgar_dag.py took 0.488 seconds
[2026-02-15T22:30:11.843+0000] {processor.py:161} INFO - Started process (PID=11193) to work on /opt/airflow/dags/sec_edgar_dag.py
[2026-02-15T22:30:11.845+0000] {processor.py:830} INFO - Processing file /opt/airflow/dags/sec_edgar_dag.py for tasks to queue
[2026-02-15T22:30:11.847+0000] {logging_mixin.py:188} INFO - [2026-02-15T22:30:11.846+0000] {dagbag.py:538} INFO - Filling up the DagBag from /opt/airflow/dags/sec_edgar_dag.py
[2026-02-15T22:30:12.184+0000] {processor.py:840} INFO - DAG(s) 'sec_edgar_pipeline' retrieved from /opt/airflow/dags/sec_edgar_dag.py
[2026-02-15T22:30:12.229+0000] {logging_mixin.py:188} INFO - [2026-02-15T22:30:12.228+0000] {dag.py:3036} INFO - Sync 1 DAGs
[2026-02-15T22:30:12.270+0000] {logging_mixin.py:188} INFO - [2026-02-15T22:30:12.269+0000] {dag.py:3823} INFO - Setting next_dagrun for sec_edgar_pipeline to 2026-02-15 09:00:00+00:00, run_after=2026-02-16 09:00:00+00:00
[2026-02-15T22:30:12.358+0000] {processor.py:183} INFO - Processing /opt/airflow/dags/sec_edgar_dag.py took 0.520 seconds
[2026-02-15T22:30:42.515+0000] {processor.py:161} INFO - Started process (PID=11209) to work on /opt/airflow/dags/sec_edgar_dag.py
[2026-02-15T22:30:42.517+0000] {processor.py:830} INFO - Processing file /opt/airflow/dags/sec_edgar_dag.py for tasks to queue
[2026-02-15T22:30:42.519+0000] {logging_mixin.py:188} INFO - [2026-02-15T22:30:42.518+0000] {dagbag.py:538} INFO - Filling up the DagBag from /opt/airflow/dags/sec_edgar_dag.py
[2026-02-15T22:30:42.861+0000] {processor.py:840} INFO - DAG(s) 'sec_edgar_pipeline' retrieved from /opt/airflow/dags/sec_edgar_dag.py
[2026-02-15T22:30:42.909+0000] {logging_mixin.py:188} INFO - [2026-02-15T22:30:42.908+0000] {dag.py:3036} INFO - Sync 1 DAGs
[2026-02-15T22:30:42.954+0000] {logging_mixin.py:188} INFO - [2026-02-15T22:30:42.953+0000] {dag.py:3823} INFO - Setting next_dagrun for sec_edgar_pipeline to 2026-02-15 09:00:00+00:00, run_after=2026-02-16 09:00:00+00:00
[2026-02-15T22:30:42.995+0000] {processor.py:183} INFO - Processing /opt/airflow/dags/sec_edgar_dag.py took 0.486 seconds
[2026-02-15T22:31:13.841+0000] {processor.py:161} INFO - Started process (PID=11231) to work on /opt/airflow/dags/sec_edgar_dag.py
[2026-02-15T22:31:13.843+0000] {processor.py:830} INFO - Processing file /opt/airflow/dags/sec_edgar_dag.py for tasks to queue
[2026-02-15T22:31:13.845+0000] {logging_mixin.py:188} INFO - [2026-02-15T22:31:13.844+0000] {dagbag.py:538} INFO - Filling up the DagBag from /opt/airflow/dags/sec_edgar_dag.py
[2026-02-15T22:31:14.285+0000] {processor.py:840} INFO - DAG(s) 'sec_edgar_pipeline' retrieved from /opt/airflow/dags/sec_edgar_dag.py
[2026-02-15T22:31:14.326+0000] {logging_mixin.py:188} INFO - [2026-02-15T22:31:14.325+0000] {dag.py:3036} INFO - Sync 1 DAGs
[2026-02-15T22:31:14.365+0000] {logging_mixin.py:188} INFO - [2026-02-15T22:31:14.364+0000] {dag.py:3823} INFO - Setting next_dagrun for sec_edgar_pipeline to 2026-02-15 09:00:00+00:00, run_after=2026-02-16 09:00:00+00:00
[2026-02-15T22:31:14.445+0000] {processor.py:183} INFO - Processing /opt/airflow/dags/sec_edgar_dag.py took 0.608 seconds
[2026-02-15T22:31:45.327+0000] {processor.py:161} INFO - Started process (PID=11247) to work on /opt/airflow/dags/sec_edgar_dag.py
[2026-02-15T22:31:45.329+0000] {processor.py:830} INFO - Processing file /opt/airflow/dags/sec_edgar_dag.py for tasks to queue
[2026-02-15T22:31:45.331+0000] {logging_mixin.py:188} INFO - [2026-02-15T22:31:45.330+0000] {dagbag.py:538} INFO - Filling up the DagBag from /opt/airflow/dags/sec_edgar_dag.py
[2026-02-15T22:31:45.665+0000] {processor.py:840} INFO - DAG(s) 'sec_edgar_pipeline' retrieved from /opt/airflow/dags/sec_edgar_dag.py
[2026-02-15T22:31:45.706+0000] {logging_mixin.py:188} INFO - [2026-02-15T22:31:45.705+0000] {dag.py:3036} INFO - Sync 1 DAGs
[2026-02-15T22:31:45.745+0000] {logging_mixin.py:188} INFO - [2026-02-15T22:31:45.744+0000] {dag.py:3823} INFO - Setting next_dagrun for sec_edgar_pipeline to 2026-02-15 09:00:00+00:00, run_after=2026-02-16 09:00:00+00:00
[2026-02-15T22:31:45.827+0000] {processor.py:183} INFO - Processing /opt/airflow/dags/sec_edgar_dag.py took 0.505 seconds
[2026-02-15T22:32:16.649+0000] {processor.py:161} INFO - Started process (PID=11263) to work on /opt/airflow/dags/sec_edgar_dag.py
[2026-02-15T22:32:16.651+0000] {processor.py:830} INFO - Processing file /opt/airflow/dags/sec_edgar_dag.py for tasks to queue
[2026-02-15T22:32:16.652+0000] {logging_mixin.py:188} INFO - [2026-02-15T22:32:16.652+0000] {dagbag.py:538} INFO - Filling up the DagBag from /opt/airflow/dags/sec_edgar_dag.py
[2026-02-15T22:32:16.968+0000] {processor.py:840} INFO - DAG(s) 'sec_edgar_pipeline' retrieved from /opt/airflow/dags/sec_edgar_dag.py
[2026-02-15T22:32:17.004+0000] {logging_mixin.py:188} INFO - [2026-02-15T22:32:17.003+0000] {dag.py:3036} INFO - Sync 1 DAGs
[2026-02-15T22:32:17.042+0000] {logging_mixin.py:188} INFO - [2026-02-15T22:32:17.042+0000] {dag.py:3823} INFO - Setting next_dagrun for sec_edgar_pipeline to 2026-02-15 09:00:00+00:00, run_after=2026-02-16 09:00:00+00:00
[2026-02-15T22:32:17.125+0000] {processor.py:183} INFO - Processing /opt/airflow/dags/sec_edgar_dag.py took 0.480 seconds
[2026-02-15T22:32:47.291+0000] {processor.py:161} INFO - Started process (PID=11279) to work on /opt/airflow/dags/sec_edgar_dag.py
[2026-02-15T22:32:47.293+0000] {processor.py:830} INFO - Processing file /opt/airflow/dags/sec_edgar_dag.py for tasks to queue
[2026-02-15T22:32:47.294+0000] {logging_mixin.py:188} INFO - [2026-02-15T22:32:47.294+0000] {dagbag.py:538} INFO - Filling up the DagBag from /opt/airflow/dags/sec_edgar_dag.py
[2026-02-15T22:32:47.592+0000] {processor.py:840} INFO - DAG(s) 'sec_edgar_pipeline' retrieved from /opt/airflow/dags/sec_edgar_dag.py
[2026-02-15T22:32:47.772+0000] {logging_mixin.py:188} INFO - [2026-02-15T22:32:47.769+0000] {dag.py:3036} INFO - Sync 1 DAGs
[2026-02-15T22:32:47.968+0000] {logging_mixin.py:188} INFO - [2026-02-15T22:32:47.966+0000] {dag.py:3823} INFO - Setting next_dagrun for sec_edgar_pipeline to 2026-02-15 09:00:00+00:00, run_after=2026-02-16 09:00:00+00:00
[2026-02-15T22:32:48.194+0000] {processor.py:183} INFO - Processing /opt/airflow/dags/sec_edgar_dag.py took 0.906 seconds
[2026-02-15T22:33:18.706+0000] {processor.py:161} INFO - Started process (PID=11295) to work on /opt/airflow/dags/sec_edgar_dag.py
[2026-02-15T22:33:18.708+0000] {processor.py:830} INFO - Processing file /opt/airflow/dags/sec_edgar_dag.py for tasks to queue
[2026-02-15T22:33:18.710+0000] {logging_mixin.py:188} INFO - [2026-02-15T22:33:18.710+0000] {dagbag.py:538} INFO - Filling up the DagBag from /opt/airflow/dags/sec_edgar_dag.py
[2026-02-15T22:33:19.048+0000] {processor.py:840} INFO - DAG(s) 'sec_edgar_pipeline' retrieved from /opt/airflow/dags/sec_edgar_dag.py
[2026-02-15T22:33:19.089+0000] {logging_mixin.py:188} INFO - [2026-02-15T22:33:19.089+0000] {dag.py:3036} INFO - Sync 1 DAGs
[2026-02-15T22:33:19.128+0000] {logging_mixin.py:188} INFO - [2026-02-15T22:33:19.127+0000] {dag.py:3823} INFO - Setting next_dagrun for sec_edgar_pipeline to 2026-02-15 09:00:00+00:00, run_after=2026-02-16 09:00:00+00:00
[2026-02-15T22:33:19.212+0000] {processor.py:183} INFO - Processing /opt/airflow/dags/sec_edgar_dag.py took 0.512 seconds
[2026-02-15T22:33:49.364+0000] {processor.py:161} INFO - Started process (PID=11311) to work on /opt/airflow/dags/sec_edgar_dag.py
[2026-02-15T22:33:49.366+0000] {processor.py:830} INFO - Processing file /opt/airflow/dags/sec_edgar_dag.py for tasks to queue
[2026-02-15T22:33:49.367+0000] {logging_mixin.py:188} INFO - [2026-02-15T22:33:49.367+0000] {dagbag.py:538} INFO - Filling up the DagBag from /opt/airflow/dags/sec_edgar_dag.py
[2026-02-15T22:33:49.671+0000] {processor.py:840} INFO - DAG(s) 'sec_edgar_pipeline' retrieved from /opt/airflow/dags/sec_edgar_dag.py
[2026-02-15T22:33:49.716+0000] {logging_mixin.py:188} INFO - [2026-02-15T22:33:49.715+0000] {dag.py:3036} INFO - Sync 1 DAGs
[2026-02-15T22:33:49.754+0000] {logging_mixin.py:188} INFO - [2026-02-15T22:33:49.753+0000] {dag.py:3823} INFO - Setting next_dagrun for sec_edgar_pipeline to 2026-02-15 09:00:00+00:00, run_after=2026-02-16 09:00:00+00:00
[2026-02-15T22:33:49.836+0000] {processor.py:183} INFO - Processing /opt/airflow/dags/sec_edgar_dag.py took 0.477 seconds
[2026-02-15T22:34:20.662+0000] {processor.py:161} INFO - Started process (PID=11327) to work on /opt/airflow/dags/sec_edgar_dag.py
[2026-02-15T22:34:20.664+0000] {processor.py:830} INFO - Processing file /opt/airflow/dags/sec_edgar_dag.py for tasks to queue
[2026-02-15T22:34:20.665+0000] {logging_mixin.py:188} INFO - [2026-02-15T22:34:20.665+0000] {dagbag.py:538} INFO - Filling up the DagBag from /opt/airflow/dags/sec_edgar_dag.py
[2026-02-15T22:34:20.991+0000] {processor.py:840} INFO - DAG(s) 'sec_edgar_pipeline' retrieved from /opt/airflow/dags/sec_edgar_dag.py
[2026-02-15T22:34:21.026+0000] {logging_mixin.py:188} INFO - [2026-02-15T22:34:21.025+0000] {dag.py:3036} INFO - Sync 1 DAGs
[2026-02-15T22:34:21.058+0000] {logging_mixin.py:188} INFO - [2026-02-15T22:34:21.057+0000] {dag.py:3823} INFO - Setting next_dagrun for sec_edgar_pipeline to 2026-02-15 09:00:00+00:00, run_after=2026-02-16 09:00:00+00:00
[2026-02-15T22:34:21.115+0000] {processor.py:183} INFO - Processing /opt/airflow/dags/sec_edgar_dag.py took 0.458 seconds
[2026-02-15T22:34:51.192+0000] {processor.py:161} INFO - Started process (PID=11344) to work on /opt/airflow/dags/sec_edgar_dag.py
[2026-02-15T22:34:51.194+0000] {processor.py:830} INFO - Processing file /opt/airflow/dags/sec_edgar_dag.py for tasks to queue
[2026-02-15T22:34:51.195+0000] {logging_mixin.py:188} INFO - [2026-02-15T22:34:51.194+0000] {dagbag.py:538} INFO - Filling up the DagBag from /opt/airflow/dags/sec_edgar_dag.py
[2026-02-15T22:34:51.564+0000] {processor.py:840} INFO - DAG(s) 'sec_edgar_pipeline' retrieved from /opt/airflow/dags/sec_edgar_dag.py
[2026-02-15T22:34:51.607+0000] {logging_mixin.py:188} INFO - [2026-02-15T22:34:51.606+0000] {dag.py:3036} INFO - Sync 1 DAGs
[2026-02-15T22:34:51.638+0000] {logging_mixin.py:188} INFO - [2026-02-15T22:34:51.638+0000] {dag.py:3823} INFO - Setting next_dagrun for sec_edgar_pipeline to 2026-02-15 09:00:00+00:00, run_after=2026-02-16 09:00:00+00:00
[2026-02-15T22:34:51.671+0000] {processor.py:183} INFO - Processing /opt/airflow/dags/sec_edgar_dag.py took 0.483 seconds
[2026-02-15T22:35:21.881+0000] {processor.py:161} INFO - Started process (PID=11365) to work on /opt/airflow/dags/sec_edgar_dag.py
[2026-02-15T22:35:21.882+0000] {processor.py:830} INFO - Processing file /opt/airflow/dags/sec_edgar_dag.py for tasks to queue
[2026-02-15T22:35:21.884+0000] {logging_mixin.py:188} INFO - [2026-02-15T22:35:21.883+0000] {dagbag.py:538} INFO - Filling up the DagBag from /opt/airflow/dags/sec_edgar_dag.py
[2026-02-15T22:35:22.237+0000] {processor.py:840} INFO - DAG(s) 'sec_edgar_pipeline' retrieved from /opt/airflow/dags/sec_edgar_dag.py
[2026-02-15T22:35:22.275+0000] {logging_mixin.py:188} INFO - [2026-02-15T22:35:22.274+0000] {dag.py:3036} INFO - Sync 1 DAGs
[2026-02-15T22:35:22.313+0000] {logging_mixin.py:188} INFO - [2026-02-15T22:35:22.312+0000] {dag.py:3823} INFO - Setting next_dagrun for sec_edgar_pipeline to 2026-02-15 09:00:00+00:00, run_after=2026-02-16 09:00:00+00:00
[2026-02-15T22:35:22.393+0000] {processor.py:183} INFO - Processing /opt/airflow/dags/sec_edgar_dag.py took 0.516 seconds
[2026-02-15T22:35:53.186+0000] {processor.py:161} INFO - Started process (PID=11381) to work on /opt/airflow/dags/sec_edgar_dag.py
[2026-02-15T22:35:53.188+0000] {processor.py:830} INFO - Processing file /opt/airflow/dags/sec_edgar_dag.py for tasks to queue
[2026-02-15T22:35:53.189+0000] {logging_mixin.py:188} INFO - [2026-02-15T22:35:53.189+0000] {dagbag.py:538} INFO - Filling up the DagBag from /opt/airflow/dags/sec_edgar_dag.py
[2026-02-15T22:35:53.500+0000] {processor.py:840} INFO - DAG(s) 'sec_edgar_pipeline' retrieved from /opt/airflow/dags/sec_edgar_dag.py
[2026-02-15T22:35:53.535+0000] {logging_mixin.py:188} INFO - [2026-02-15T22:35:53.534+0000] {dag.py:3036} INFO - Sync 1 DAGs
[2026-02-15T22:35:53.569+0000] {logging_mixin.py:188} INFO - [2026-02-15T22:35:53.568+0000] {dag.py:3823} INFO - Setting next_dagrun for sec_edgar_pipeline to 2026-02-15 09:00:00+00:00, run_after=2026-02-16 09:00:00+00:00
[2026-02-15T22:35:53.637+0000] {processor.py:183} INFO - Processing /opt/airflow/dags/sec_edgar_dag.py took 0.455 seconds
[2026-02-15T22:36:23.923+0000] {processor.py:161} INFO - Started process (PID=11397) to work on /opt/airflow/dags/sec_edgar_dag.py
[2026-02-15T22:36:23.925+0000] {processor.py:830} INFO - Processing file /opt/airflow/dags/sec_edgar_dag.py for tasks to queue
[2026-02-15T22:36:23.926+0000] {logging_mixin.py:188} INFO - [2026-02-15T22:36:23.926+0000] {dagbag.py:538} INFO - Filling up the DagBag from /opt/airflow/dags/sec_edgar_dag.py
[2026-02-15T22:36:24.229+0000] {processor.py:840} INFO - DAG(s) 'sec_edgar_pipeline' retrieved from /opt/airflow/dags/sec_edgar_dag.py
[2026-02-15T22:36:24.266+0000] {logging_mixin.py:188} INFO - [2026-02-15T22:36:24.265+0000] {dag.py:3036} INFO - Sync 1 DAGs
[2026-02-15T22:36:24.301+0000] {logging_mixin.py:188} INFO - [2026-02-15T22:36:24.300+0000] {dag.py:3823} INFO - Setting next_dagrun for sec_edgar_pipeline to 2026-02-15 09:00:00+00:00, run_after=2026-02-16 09:00:00+00:00
[2026-02-15T22:36:24.383+0000] {processor.py:183} INFO - Processing /opt/airflow/dags/sec_edgar_dag.py took 0.464 seconds
[2026-02-15T22:36:54.568+0000] {processor.py:161} INFO - Started process (PID=11413) to work on /opt/airflow/dags/sec_edgar_dag.py
[2026-02-15T22:36:54.571+0000] {processor.py:830} INFO - Processing file /opt/airflow/dags/sec_edgar_dag.py for tasks to queue
[2026-02-15T22:36:54.573+0000] {logging_mixin.py:188} INFO - [2026-02-15T22:36:54.572+0000] {dagbag.py:538} INFO - Filling up the DagBag from /opt/airflow/dags/sec_edgar_dag.py
[2026-02-15T22:36:54.914+0000] {processor.py:840} INFO - DAG(s) 'sec_edgar_pipeline' retrieved from /opt/airflow/dags/sec_edgar_dag.py
[2026-02-15T22:36:54.959+0000] {logging_mixin.py:188} INFO - [2026-02-15T22:36:54.958+0000] {dag.py:3036} INFO - Sync 1 DAGs
[2026-02-15T22:36:55.005+0000] {logging_mixin.py:188} INFO - [2026-02-15T22:36:55.004+0000] {dag.py:3823} INFO - Setting next_dagrun for sec_edgar_pipeline to 2026-02-15 09:00:00+00:00, run_after=2026-02-16 09:00:00+00:00
[2026-02-15T22:36:55.094+0000] {processor.py:183} INFO - Processing /opt/airflow/dags/sec_edgar_dag.py took 0.534 seconds
[2026-02-15T22:37:25.878+0000] {processor.py:161} INFO - Started process (PID=11429) to work on /opt/airflow/dags/sec_edgar_dag.py
[2026-02-15T22:37:25.880+0000] {processor.py:830} INFO - Processing file /opt/airflow/dags/sec_edgar_dag.py for tasks to queue
[2026-02-15T22:37:25.882+0000] {logging_mixin.py:188} INFO - [2026-02-15T22:37:25.881+0000] {dagbag.py:538} INFO - Filling up the DagBag from /opt/airflow/dags/sec_edgar_dag.py
[2026-02-15T22:37:26.223+0000] {processor.py:840} INFO - DAG(s) 'sec_edgar_pipeline' retrieved from /opt/airflow/dags/sec_edgar_dag.py
[2026-02-15T22:37:26.259+0000] {logging_mixin.py:188} INFO - [2026-02-15T22:37:26.258+0000] {dag.py:3036} INFO - Sync 1 DAGs
[2026-02-15T22:37:26.299+0000] {logging_mixin.py:188} INFO - [2026-02-15T22:37:26.299+0000] {dag.py:3823} INFO - Setting next_dagrun for sec_edgar_pipeline to 2026-02-15 09:00:00+00:00, run_after=2026-02-16 09:00:00+00:00
[2026-02-15T22:37:26.332+0000] {processor.py:183} INFO - Processing /opt/airflow/dags/sec_edgar_dag.py took 0.460 seconds
[2026-02-15T22:37:56.648+0000] {processor.py:161} INFO - Started process (PID=11445) to work on /opt/airflow/dags/sec_edgar_dag.py
[2026-02-15T22:37:56.650+0000] {processor.py:830} INFO - Processing file /opt/airflow/dags/sec_edgar_dag.py for tasks to queue
[2026-02-15T22:37:56.652+0000] {logging_mixin.py:188} INFO - [2026-02-15T22:37:56.651+0000] {dagbag.py:538} INFO - Filling up the DagBag from /opt/airflow/dags/sec_edgar_dag.py
[2026-02-15T22:37:56.981+0000] {processor.py:840} INFO - DAG(s) 'sec_edgar_pipeline' retrieved from /opt/airflow/dags/sec_edgar_dag.py
[2026-02-15T22:37:57.017+0000] {logging_mixin.py:188} INFO - [2026-02-15T22:37:57.017+0000] {dag.py:3036} INFO - Sync 1 DAGs
[2026-02-15T22:37:57.051+0000] {logging_mixin.py:188} INFO - [2026-02-15T22:37:57.051+0000] {dag.py:3823} INFO - Setting next_dagrun for sec_edgar_pipeline to 2026-02-15 09:00:00+00:00, run_after=2026-02-16 09:00:00+00:00
[2026-02-15T22:37:57.141+0000] {processor.py:183} INFO - Processing /opt/airflow/dags/sec_edgar_dag.py took 0.497 seconds
[2026-02-15T22:38:27.241+0000] {processor.py:161} INFO - Started process (PID=11461) to work on /opt/airflow/dags/sec_edgar_dag.py
[2026-02-15T22:38:27.244+0000] {processor.py:830} INFO - Processing file /opt/airflow/dags/sec_edgar_dag.py for tasks to queue
[2026-02-15T22:38:27.246+0000] {logging_mixin.py:188} INFO - [2026-02-15T22:38:27.246+0000] {dagbag.py:538} INFO - Filling up the DagBag from /opt/airflow/dags/sec_edgar_dag.py
[2026-02-15T22:38:27.642+0000] {processor.py:840} INFO - DAG(s) 'sec_edgar_pipeline' retrieved from /opt/airflow/dags/sec_edgar_dag.py
[2026-02-15T22:38:27.685+0000] {logging_mixin.py:188} INFO - [2026-02-15T22:38:27.683+0000] {dag.py:3036} INFO - Sync 1 DAGs
[2026-02-15T22:38:27.722+0000] {logging_mixin.py:188} INFO - [2026-02-15T22:38:27.721+0000] {dag.py:3823} INFO - Setting next_dagrun for sec_edgar_pipeline to 2026-02-15 09:00:00+00:00, run_after=2026-02-16 09:00:00+00:00
[2026-02-15T22:38:27.803+0000] {processor.py:183} INFO - Processing /opt/airflow/dags/sec_edgar_dag.py took 0.573 seconds
[2026-02-15T22:38:58.523+0000] {processor.py:161} INFO - Started process (PID=11477) to work on /opt/airflow/dags/sec_edgar_dag.py
[2026-02-15T22:38:58.525+0000] {processor.py:830} INFO - Processing file /opt/airflow/dags/sec_edgar_dag.py for tasks to queue
[2026-02-15T22:38:58.527+0000] {logging_mixin.py:188} INFO - [2026-02-15T22:38:58.526+0000] {dagbag.py:538} INFO - Filling up the DagBag from /opt/airflow/dags/sec_edgar_dag.py
[2026-02-15T22:38:58.848+0000] {processor.py:840} INFO - DAG(s) 'sec_edgar_pipeline' retrieved from /opt/airflow/dags/sec_edgar_dag.py
[2026-02-15T22:38:58.888+0000] {logging_mixin.py:188} INFO - [2026-02-15T22:38:58.887+0000] {dag.py:3036} INFO - Sync 1 DAGs
[2026-02-15T22:38:58.923+0000] {logging_mixin.py:188} INFO - [2026-02-15T22:38:58.922+0000] {dag.py:3823} INFO - Setting next_dagrun for sec_edgar_pipeline to 2026-02-15 09:00:00+00:00, run_after=2026-02-16 09:00:00+00:00
[2026-02-15T22:38:58.959+0000] {processor.py:183} INFO - Processing /opt/airflow/dags/sec_edgar_dag.py took 0.442 seconds
[2026-02-15T22:39:29.163+0000] {processor.py:161} INFO - Started process (PID=11493) to work on /opt/airflow/dags/sec_edgar_dag.py
[2026-02-15T22:39:29.165+0000] {processor.py:830} INFO - Processing file /opt/airflow/dags/sec_edgar_dag.py for tasks to queue
[2026-02-15T22:39:29.166+0000] {logging_mixin.py:188} INFO - [2026-02-15T22:39:29.166+0000] {dagbag.py:538} INFO - Filling up the DagBag from /opt/airflow/dags/sec_edgar_dag.py
[2026-02-15T22:39:29.468+0000] {processor.py:840} INFO - DAG(s) 'sec_edgar_pipeline' retrieved from /opt/airflow/dags/sec_edgar_dag.py
[2026-02-15T22:39:29.517+0000] {logging_mixin.py:188} INFO - [2026-02-15T22:39:29.517+0000] {dag.py:3036} INFO - Sync 1 DAGs
[2026-02-15T22:39:29.555+0000] {logging_mixin.py:188} INFO - [2026-02-15T22:39:29.554+0000] {dag.py:3823} INFO - Setting next_dagrun for sec_edgar_pipeline to 2026-02-15 09:00:00+00:00, run_after=2026-02-16 09:00:00+00:00
[2026-02-15T22:39:29.635+0000] {processor.py:183} INFO - Processing /opt/airflow/dags/sec_edgar_dag.py took 0.477 seconds
[2026-02-15T22:39:59.712+0000] {processor.py:161} INFO - Started process (PID=11509) to work on /opt/airflow/dags/sec_edgar_dag.py
[2026-02-15T22:39:59.713+0000] {processor.py:830} INFO - Processing file /opt/airflow/dags/sec_edgar_dag.py for tasks to queue
[2026-02-15T22:39:59.715+0000] {logging_mixin.py:188} INFO - [2026-02-15T22:39:59.714+0000] {dagbag.py:538} INFO - Filling up the DagBag from /opt/airflow/dags/sec_edgar_dag.py
[2026-02-15T22:40:00.013+0000] {processor.py:840} INFO - DAG(s) 'sec_edgar_pipeline' retrieved from /opt/airflow/dags/sec_edgar_dag.py
[2026-02-15T22:40:00.057+0000] {logging_mixin.py:188} INFO - [2026-02-15T22:40:00.056+0000] {dag.py:3036} INFO - Sync 1 DAGs
[2026-02-15T22:40:00.091+0000] {logging_mixin.py:188} INFO - [2026-02-15T22:40:00.090+0000] {dag.py:3823} INFO - Setting next_dagrun for sec_edgar_pipeline to 2026-02-15 09:00:00+00:00, run_after=2026-02-16 09:00:00+00:00
[2026-02-15T22:40:00.134+0000] {processor.py:183} INFO - Processing /opt/airflow/dags/sec_edgar_dag.py took 0.426 seconds
[2026-02-15T22:40:30.299+0000] {processor.py:161} INFO - Started process (PID=11525) to work on /opt/airflow/dags/sec_edgar_dag.py
[2026-02-15T22:40:30.301+0000] {processor.py:830} INFO - Processing file /opt/airflow/dags/sec_edgar_dag.py for tasks to queue
[2026-02-15T22:40:30.304+0000] {logging_mixin.py:188} INFO - [2026-02-15T22:40:30.303+0000] {dagbag.py:538} INFO - Filling up the DagBag from /opt/airflow/dags/sec_edgar_dag.py
[2026-02-15T22:40:30.653+0000] {processor.py:840} INFO - DAG(s) 'sec_edgar_pipeline' retrieved from /opt/airflow/dags/sec_edgar_dag.py
[2026-02-15T22:40:30.697+0000] {logging_mixin.py:188} INFO - [2026-02-15T22:40:30.695+0000] {dag.py:3036} INFO - Sync 1 DAGs
[2026-02-15T22:40:30.739+0000] {logging_mixin.py:188} INFO - [2026-02-15T22:40:30.739+0000] {dag.py:3823} INFO - Setting next_dagrun for sec_edgar_pipeline to 2026-02-15 09:00:00+00:00, run_after=2026-02-16 09:00:00+00:00
[2026-02-15T22:40:30.820+0000] {processor.py:183} INFO - Processing /opt/airflow/dags/sec_edgar_dag.py took 0.526 seconds
[2026-02-15T22:41:01.610+0000] {processor.py:161} INFO - Started process (PID=11541) to work on /opt/airflow/dags/sec_edgar_dag.py
[2026-02-15T22:41:01.612+0000] {processor.py:830} INFO - Processing file /opt/airflow/dags/sec_edgar_dag.py for tasks to queue
[2026-02-15T22:41:01.614+0000] {logging_mixin.py:188} INFO - [2026-02-15T22:41:01.614+0000] {dagbag.py:538} INFO - Filling up the DagBag from /opt/airflow/dags/sec_edgar_dag.py
[2026-02-15T22:41:01.965+0000] {processor.py:840} INFO - DAG(s) 'sec_edgar_pipeline' retrieved from /opt/airflow/dags/sec_edgar_dag.py
[2026-02-15T22:41:02.009+0000] {logging_mixin.py:188} INFO - [2026-02-15T22:41:02.008+0000] {dag.py:3036} INFO - Sync 1 DAGs
[2026-02-15T22:41:02.049+0000] {logging_mixin.py:188} INFO - [2026-02-15T22:41:02.048+0000] {dag.py:3823} INFO - Setting next_dagrun for sec_edgar_pipeline to 2026-02-15 09:00:00+00:00, run_after=2026-02-16 09:00:00+00:00
[2026-02-15T22:41:02.131+0000] {processor.py:183} INFO - Processing /opt/airflow/dags/sec_edgar_dag.py took 0.527 seconds
[2026-02-15T22:41:32.618+0000] {processor.py:161} INFO - Started process (PID=11557) to work on /opt/airflow/dags/sec_edgar_dag.py
[2026-02-15T22:41:32.621+0000] {processor.py:830} INFO - Processing file /opt/airflow/dags/sec_edgar_dag.py for tasks to queue
[2026-02-15T22:41:32.622+0000] {logging_mixin.py:188} INFO - [2026-02-15T22:41:32.622+0000] {dagbag.py:538} INFO - Filling up the DagBag from /opt/airflow/dags/sec_edgar_dag.py
[2026-02-15T22:41:32.957+0000] {processor.py:840} INFO - DAG(s) 'sec_edgar_pipeline' retrieved from /opt/airflow/dags/sec_edgar_dag.py
[2026-02-15T22:41:33.004+0000] {logging_mixin.py:188} INFO - [2026-02-15T22:41:33.003+0000] {dag.py:3036} INFO - Sync 1 DAGs
[2026-02-15T22:41:33.053+0000] {logging_mixin.py:188} INFO - [2026-02-15T22:41:33.052+0000] {dag.py:3823} INFO - Setting next_dagrun for sec_edgar_pipeline to 2026-02-15 09:00:00+00:00, run_after=2026-02-16 09:00:00+00:00
[2026-02-15T22:41:33.142+0000] {processor.py:183} INFO - Processing /opt/airflow/dags/sec_edgar_dag.py took 0.532 seconds
[2026-02-15T22:42:03.230+0000] {processor.py:161} INFO - Started process (PID=11573) to work on /opt/airflow/dags/sec_edgar_dag.py
[2026-02-15T22:42:03.232+0000] {processor.py:830} INFO - Processing file /opt/airflow/dags/sec_edgar_dag.py for tasks to queue
[2026-02-15T22:42:03.233+0000] {logging_mixin.py:188} INFO - [2026-02-15T22:42:03.233+0000] {dagbag.py:538} INFO - Filling up the DagBag from /opt/airflow/dags/sec_edgar_dag.py
[2026-02-15T22:42:03.535+0000] {processor.py:840} INFO - DAG(s) 'sec_edgar_pipeline' retrieved from /opt/airflow/dags/sec_edgar_dag.py
[2026-02-15T22:42:03.573+0000] {logging_mixin.py:188} INFO - [2026-02-15T22:42:03.572+0000] {dag.py:3036} INFO - Sync 1 DAGs
[2026-02-15T22:42:03.609+0000] {logging_mixin.py:188} INFO - [2026-02-15T22:42:03.608+0000] {dag.py:3823} INFO - Setting next_dagrun for sec_edgar_pipeline to 2026-02-15 09:00:00+00:00, run_after=2026-02-16 09:00:00+00:00
[2026-02-15T22:42:03.645+0000] {processor.py:183} INFO - Processing /opt/airflow/dags/sec_edgar_dag.py took 0.420 seconds
[2026-02-15T22:42:33.726+0000] {processor.py:161} INFO - Started process (PID=11589) to work on /opt/airflow/dags/sec_edgar_dag.py
[2026-02-15T22:42:33.727+0000] {processor.py:830} INFO - Processing file /opt/airflow/dags/sec_edgar_dag.py for tasks to queue
[2026-02-15T22:42:33.728+0000] {logging_mixin.py:188} INFO - [2026-02-15T22:42:33.728+0000] {dagbag.py:538} INFO - Filling up the DagBag from /opt/airflow/dags/sec_edgar_dag.py
[2026-02-15T22:42:34.044+0000] {processor.py:840} INFO - DAG(s) 'sec_edgar_pipeline' retrieved from /opt/airflow/dags/sec_edgar_dag.py
[2026-02-15T22:42:34.078+0000] {logging_mixin.py:188} INFO - [2026-02-15T22:42:34.078+0000] {dag.py:3036} INFO - Sync 1 DAGs
[2026-02-15T22:42:34.117+0000] {logging_mixin.py:188} INFO - [2026-02-15T22:42:34.116+0000] {dag.py:3823} INFO - Setting next_dagrun for sec_edgar_pipeline to 2026-02-15 09:00:00+00:00, run_after=2026-02-16 09:00:00+00:00
[2026-02-15T22:42:34.168+0000] {processor.py:183} INFO - Processing /opt/airflow/dags/sec_edgar_dag.py took 0.448 seconds
[2026-02-15T22:43:05.010+0000] {processor.py:161} INFO - Started process (PID=11605) to work on /opt/airflow/dags/sec_edgar_dag.py
[2026-02-15T22:43:05.015+0000] {processor.py:830} INFO - Processing file /opt/airflow/dags/sec_edgar_dag.py for tasks to queue
[2026-02-15T22:43:05.017+0000] {logging_mixin.py:188} INFO - [2026-02-15T22:43:05.017+0000] {dagbag.py:538} INFO - Filling up the DagBag from /opt/airflow/dags/sec_edgar_dag.py
[2026-02-15T22:43:05.327+0000] {processor.py:840} INFO - DAG(s) 'sec_edgar_pipeline' retrieved from /opt/airflow/dags/sec_edgar_dag.py
[2026-02-15T22:43:05.363+0000] {logging_mixin.py:188} INFO - [2026-02-15T22:43:05.362+0000] {dag.py:3036} INFO - Sync 1 DAGs
[2026-02-15T22:43:05.401+0000] {logging_mixin.py:188} INFO - [2026-02-15T22:43:05.401+0000] {dag.py:3823} INFO - Setting next_dagrun for sec_edgar_pipeline to 2026-02-15 09:00:00+00:00, run_after=2026-02-16 09:00:00+00:00
[2026-02-15T22:43:05.431+0000] {processor.py:183} INFO - Processing /opt/airflow/dags/sec_edgar_dag.py took 0.425 seconds
[2026-02-15T22:43:35.689+0000] {processor.py:161} INFO - Started process (PID=11621) to work on /opt/airflow/dags/sec_edgar_dag.py
[2026-02-15T22:43:35.691+0000] {processor.py:830} INFO - Processing file /opt/airflow/dags/sec_edgar_dag.py for tasks to queue
[2026-02-15T22:43:35.692+0000] {logging_mixin.py:188} INFO - [2026-02-15T22:43:35.692+0000] {dagbag.py:538} INFO - Filling up the DagBag from /opt/airflow/dags/sec_edgar_dag.py
[2026-02-15T22:43:36.013+0000] {processor.py:840} INFO - DAG(s) 'sec_edgar_pipeline' retrieved from /opt/airflow/dags/sec_edgar_dag.py
[2026-02-15T22:43:36.053+0000] {logging_mixin.py:188} INFO - [2026-02-15T22:43:36.052+0000] {dag.py:3036} INFO - Sync 1 DAGs
[2026-02-15T22:43:36.103+0000] {logging_mixin.py:188} INFO - [2026-02-15T22:43:36.103+0000] {dag.py:3823} INFO - Setting next_dagrun for sec_edgar_pipeline to 2026-02-15 09:00:00+00:00, run_after=2026-02-16 09:00:00+00:00
[2026-02-15T22:43:36.143+0000] {processor.py:183} INFO - Processing /opt/airflow/dags/sec_edgar_dag.py took 0.459 seconds
[2026-02-15T22:44:06.982+0000] {processor.py:161} INFO - Started process (PID=11637) to work on /opt/airflow/dags/sec_edgar_dag.py
[2026-02-15T22:44:06.983+0000] {processor.py:830} INFO - Processing file /opt/airflow/dags/sec_edgar_dag.py for tasks to queue
[2026-02-15T22:44:06.985+0000] {logging_mixin.py:188} INFO - [2026-02-15T22:44:06.984+0000] {dagbag.py:538} INFO - Filling up the DagBag from /opt/airflow/dags/sec_edgar_dag.py
[2026-02-15T22:44:07.311+0000] {processor.py:840} INFO - DAG(s) 'sec_edgar_pipeline' retrieved from /opt/airflow/dags/sec_edgar_dag.py
[2026-02-15T22:44:07.349+0000] {logging_mixin.py:188} INFO - [2026-02-15T22:44:07.348+0000] {dag.py:3036} INFO - Sync 1 DAGs
[2026-02-15T22:44:07.384+0000] {logging_mixin.py:188} INFO - [2026-02-15T22:44:07.384+0000] {dag.py:3823} INFO - Setting next_dagrun for sec_edgar_pipeline to 2026-02-15 09:00:00+00:00, run_after=2026-02-16 09:00:00+00:00
[2026-02-15T22:44:07.433+0000] {processor.py:183} INFO - Processing /opt/airflow/dags/sec_edgar_dag.py took 0.457 seconds
[2026-02-15T22:44:37.639+0000] {processor.py:161} INFO - Started process (PID=11653) to work on /opt/airflow/dags/sec_edgar_dag.py
[2026-02-15T22:44:37.641+0000] {processor.py:830} INFO - Processing file /opt/airflow/dags/sec_edgar_dag.py for tasks to queue
[2026-02-15T22:44:37.643+0000] {logging_mixin.py:188} INFO - [2026-02-15T22:44:37.642+0000] {dagbag.py:538} INFO - Filling up the DagBag from /opt/airflow/dags/sec_edgar_dag.py
[2026-02-15T22:44:37.984+0000] {processor.py:840} INFO - DAG(s) 'sec_edgar_pipeline' retrieved from /opt/airflow/dags/sec_edgar_dag.py
[2026-02-15T22:44:38.019+0000] {logging_mixin.py:188} INFO - [2026-02-15T22:44:38.018+0000] {dag.py:3036} INFO - Sync 1 DAGs
[2026-02-15T22:44:38.057+0000] {logging_mixin.py:188} INFO - [2026-02-15T22:44:38.057+0000] {dag.py:3823} INFO - Setting next_dagrun for sec_edgar_pipeline to 2026-02-15 09:00:00+00:00, run_after=2026-02-16 09:00:00+00:00
[2026-02-15T22:44:38.086+0000] {processor.py:183} INFO - Processing /opt/airflow/dags/sec_edgar_dag.py took 0.452 seconds
[2026-02-15T22:45:08.913+0000] {processor.py:161} INFO - Started process (PID=11669) to work on /opt/airflow/dags/sec_edgar_dag.py
[2026-02-15T22:45:08.915+0000] {processor.py:830} INFO - Processing file /opt/airflow/dags/sec_edgar_dag.py for tasks to queue
[2026-02-15T22:45:08.917+0000] {logging_mixin.py:188} INFO - [2026-02-15T22:45:08.916+0000] {dagbag.py:538} INFO - Filling up the DagBag from /opt/airflow/dags/sec_edgar_dag.py
[2026-02-15T22:45:09.379+0000] {processor.py:840} INFO - DAG(s) 'sec_edgar_pipeline' retrieved from /opt/airflow/dags/sec_edgar_dag.py
[2026-02-15T22:45:09.426+0000] {logging_mixin.py:188} INFO - [2026-02-15T22:45:09.426+0000] {dag.py:3036} INFO - Sync 1 DAGs
[2026-02-15T22:45:09.466+0000] {logging_mixin.py:188} INFO - [2026-02-15T22:45:09.465+0000] {dag.py:3823} INFO - Setting next_dagrun for sec_edgar_pipeline to 2026-02-15 09:00:00+00:00, run_after=2026-02-16 09:00:00+00:00
[2026-02-15T22:45:09.511+0000] {processor.py:183} INFO - Processing /opt/airflow/dags/sec_edgar_dag.py took 0.602 seconds
[2026-02-15T22:45:40.401+0000] {processor.py:161} INFO - Started process (PID=11686) to work on /opt/airflow/dags/sec_edgar_dag.py
[2026-02-15T22:45:40.404+0000] {processor.py:830} INFO - Processing file /opt/airflow/dags/sec_edgar_dag.py for tasks to queue
[2026-02-15T22:45:40.406+0000] {logging_mixin.py:188} INFO - [2026-02-15T22:45:40.405+0000] {dagbag.py:538} INFO - Filling up the DagBag from /opt/airflow/dags/sec_edgar_dag.py
[2026-02-15T22:45:40.725+0000] {processor.py:840} INFO - DAG(s) 'sec_edgar_pipeline' retrieved from /opt/airflow/dags/sec_edgar_dag.py
[2026-02-15T22:45:40.766+0000] {logging_mixin.py:188} INFO - [2026-02-15T22:45:40.765+0000] {dag.py:3036} INFO - Sync 1 DAGs
[2026-02-15T22:45:40.808+0000] {logging_mixin.py:188} INFO - [2026-02-15T22:45:40.808+0000] {dag.py:3823} INFO - Setting next_dagrun for sec_edgar_pipeline to 2026-02-15 09:00:00+00:00, run_after=2026-02-16 09:00:00+00:00
[2026-02-15T22:45:40.850+0000] {processor.py:183} INFO - Processing /opt/airflow/dags/sec_edgar_dag.py took 0.454 seconds
[2026-02-15T22:46:10.960+0000] {processor.py:161} INFO - Started process (PID=11702) to work on /opt/airflow/dags/sec_edgar_dag.py
[2026-02-15T22:46:10.962+0000] {processor.py:830} INFO - Processing file /opt/airflow/dags/sec_edgar_dag.py for tasks to queue
[2026-02-15T22:46:10.963+0000] {logging_mixin.py:188} INFO - [2026-02-15T22:46:10.963+0000] {dagbag.py:538} INFO - Filling up the DagBag from /opt/airflow/dags/sec_edgar_dag.py
[2026-02-15T22:46:11.279+0000] {processor.py:840} INFO - DAG(s) 'sec_edgar_pipeline' retrieved from /opt/airflow/dags/sec_edgar_dag.py
[2026-02-15T22:46:11.319+0000] {logging_mixin.py:188} INFO - [2026-02-15T22:46:11.319+0000] {dag.py:3036} INFO - Sync 1 DAGs
[2026-02-15T22:46:11.354+0000] {logging_mixin.py:188} INFO - [2026-02-15T22:46:11.354+0000] {dag.py:3823} INFO - Setting next_dagrun for sec_edgar_pipeline to 2026-02-15 09:00:00+00:00, run_after=2026-02-16 09:00:00+00:00
[2026-02-15T22:46:11.395+0000] {processor.py:183} INFO - Processing /opt/airflow/dags/sec_edgar_dag.py took 0.440 seconds
[2026-02-15T22:46:41.586+0000] {processor.py:161} INFO - Started process (PID=11718) to work on /opt/airflow/dags/sec_edgar_dag.py
[2026-02-15T22:46:41.587+0000] {processor.py:830} INFO - Processing file /opt/airflow/dags/sec_edgar_dag.py for tasks to queue
[2026-02-15T22:46:41.589+0000] {logging_mixin.py:188} INFO - [2026-02-15T22:46:41.588+0000] {dagbag.py:538} INFO - Filling up the DagBag from /opt/airflow/dags/sec_edgar_dag.py
[2026-02-15T22:46:41.891+0000] {processor.py:840} INFO - DAG(s) 'sec_edgar_pipeline' retrieved from /opt/airflow/dags/sec_edgar_dag.py
[2026-02-15T22:46:41.930+0000] {logging_mixin.py:188} INFO - [2026-02-15T22:46:41.929+0000] {dag.py:3036} INFO - Sync 1 DAGs
[2026-02-15T22:46:41.975+0000] {logging_mixin.py:188} INFO - [2026-02-15T22:46:41.974+0000] {dag.py:3823} INFO - Setting next_dagrun for sec_edgar_pipeline to 2026-02-15 09:00:00+00:00, run_after=2026-02-16 09:00:00+00:00
[2026-02-15T22:46:42.017+0000] {processor.py:183} INFO - Processing /opt/airflow/dags/sec_edgar_dag.py took 0.435 seconds
[2026-02-15T22:47:12.216+0000] {processor.py:161} INFO - Started process (PID=11734) to work on /opt/airflow/dags/sec_edgar_dag.py
[2026-02-15T22:47:12.218+0000] {processor.py:830} INFO - Processing file /opt/airflow/dags/sec_edgar_dag.py for tasks to queue
[2026-02-15T22:47:12.220+0000] {logging_mixin.py:188} INFO - [2026-02-15T22:47:12.219+0000] {dagbag.py:538} INFO - Filling up the DagBag from /opt/airflow/dags/sec_edgar_dag.py
[2026-02-15T22:47:12.555+0000] {processor.py:840} INFO - DAG(s) 'sec_edgar_pipeline' retrieved from /opt/airflow/dags/sec_edgar_dag.py
[2026-02-15T22:47:12.594+0000] {logging_mixin.py:188} INFO - [2026-02-15T22:47:12.593+0000] {dag.py:3036} INFO - Sync 1 DAGs
[2026-02-15T22:47:12.637+0000] {logging_mixin.py:188} INFO - [2026-02-15T22:47:12.636+0000] {dag.py:3823} INFO - Setting next_dagrun for sec_edgar_pipeline to 2026-02-15 09:00:00+00:00, run_after=2026-02-16 09:00:00+00:00
[2026-02-15T22:47:12.684+0000] {processor.py:183} INFO - Processing /opt/airflow/dags/sec_edgar_dag.py took 0.474 seconds
[2026-02-15T22:47:43.481+0000] {processor.py:161} INFO - Started process (PID=11750) to work on /opt/airflow/dags/sec_edgar_dag.py
[2026-02-15T22:47:43.483+0000] {processor.py:830} INFO - Processing file /opt/airflow/dags/sec_edgar_dag.py for tasks to queue
[2026-02-15T22:47:43.485+0000] {logging_mixin.py:188} INFO - [2026-02-15T22:47:43.485+0000] {dagbag.py:538} INFO - Filling up the DagBag from /opt/airflow/dags/sec_edgar_dag.py
[2026-02-15T22:47:43.815+0000] {processor.py:840} INFO - DAG(s) 'sec_edgar_pipeline' retrieved from /opt/airflow/dags/sec_edgar_dag.py
[2026-02-15T22:47:43.850+0000] {logging_mixin.py:188} INFO - [2026-02-15T22:47:43.850+0000] {dag.py:3036} INFO - Sync 1 DAGs
[2026-02-15T22:47:43.885+0000] {logging_mixin.py:188} INFO - [2026-02-15T22:47:43.884+0000] {dag.py:3823} INFO - Setting next_dagrun for sec_edgar_pipeline to 2026-02-15 09:00:00+00:00, run_after=2026-02-16 09:00:00+00:00
[2026-02-15T22:47:43.931+0000] {processor.py:183} INFO - Processing /opt/airflow/dags/sec_edgar_dag.py took 0.454 seconds
[2026-02-15T22:48:14.074+0000] {processor.py:161} INFO - Started process (PID=11766) to work on /opt/airflow/dags/sec_edgar_dag.py
[2026-02-15T22:48:14.075+0000] {processor.py:830} INFO - Processing file /opt/airflow/dags/sec_edgar_dag.py for tasks to queue
[2026-02-15T22:48:14.077+0000] {logging_mixin.py:188} INFO - [2026-02-15T22:48:14.076+0000] {dagbag.py:538} INFO - Filling up the DagBag from /opt/airflow/dags/sec_edgar_dag.py
[2026-02-15T22:48:14.377+0000] {processor.py:840} INFO - DAG(s) 'sec_edgar_pipeline' retrieved from /opt/airflow/dags/sec_edgar_dag.py
[2026-02-15T22:48:14.414+0000] {logging_mixin.py:188} INFO - [2026-02-15T22:48:14.414+0000] {dag.py:3036} INFO - Sync 1 DAGs
[2026-02-15T22:48:14.449+0000] {logging_mixin.py:188} INFO - [2026-02-15T22:48:14.449+0000] {dag.py:3823} INFO - Setting next_dagrun for sec_edgar_pipeline to 2026-02-15 09:00:00+00:00, run_after=2026-02-16 09:00:00+00:00
[2026-02-15T22:48:14.480+0000] {processor.py:183} INFO - Processing /opt/airflow/dags/sec_edgar_dag.py took 0.410 seconds
[2026-02-15T22:48:44.569+0000] {processor.py:161} INFO - Started process (PID=11782) to work on /opt/airflow/dags/sec_edgar_dag.py
[2026-02-15T22:48:44.570+0000] {processor.py:830} INFO - Processing file /opt/airflow/dags/sec_edgar_dag.py for tasks to queue
[2026-02-15T22:48:44.572+0000] {logging_mixin.py:188} INFO - [2026-02-15T22:48:44.572+0000] {dagbag.py:538} INFO - Filling up the DagBag from /opt/airflow/dags/sec_edgar_dag.py
[2026-02-15T22:48:44.873+0000] {processor.py:840} INFO - DAG(s) 'sec_edgar_pipeline' retrieved from /opt/airflow/dags/sec_edgar_dag.py
[2026-02-15T22:48:44.912+0000] {logging_mixin.py:188} INFO - [2026-02-15T22:48:44.911+0000] {dag.py:3036} INFO - Sync 1 DAGs
[2026-02-15T22:48:44.951+0000] {logging_mixin.py:188} INFO - [2026-02-15T22:48:44.950+0000] {dag.py:3823} INFO - Setting next_dagrun for sec_edgar_pipeline to 2026-02-15 09:00:00+00:00, run_after=2026-02-16 09:00:00+00:00
[2026-02-15T22:48:44.981+0000] {processor.py:183} INFO - Processing /opt/airflow/dags/sec_edgar_dag.py took 0.417 seconds
[2026-02-15T22:49:15.865+0000] {processor.py:161} INFO - Started process (PID=11799) to work on /opt/airflow/dags/sec_edgar_dag.py
[2026-02-15T22:49:15.866+0000] {processor.py:830} INFO - Processing file /opt/airflow/dags/sec_edgar_dag.py for tasks to queue
[2026-02-15T22:49:15.869+0000] {logging_mixin.py:188} INFO - [2026-02-15T22:49:15.868+0000] {dagbag.py:538} INFO - Filling up the DagBag from /opt/airflow/dags/sec_edgar_dag.py
[2026-02-15T22:49:16.194+0000] {processor.py:840} INFO - DAG(s) 'sec_edgar_pipeline' retrieved from /opt/airflow/dags/sec_edgar_dag.py
[2026-02-15T22:49:16.232+0000] {logging_mixin.py:188} INFO - [2026-02-15T22:49:16.232+0000] {dag.py:3036} INFO - Sync 1 DAGs
[2026-02-15T22:49:16.267+0000] {logging_mixin.py:188} INFO - [2026-02-15T22:49:16.267+0000] {dag.py:3823} INFO - Setting next_dagrun for sec_edgar_pipeline to 2026-02-15 09:00:00+00:00, run_after=2026-02-16 09:00:00+00:00
[2026-02-15T22:49:16.294+0000] {processor.py:183} INFO - Processing /opt/airflow/dags/sec_edgar_dag.py took 0.434 seconds
[2026-02-15T22:49:46.523+0000] {processor.py:161} INFO - Started process (PID=11821) to work on /opt/airflow/dags/sec_edgar_dag.py
[2026-02-15T22:49:46.525+0000] {processor.py:830} INFO - Processing file /opt/airflow/dags/sec_edgar_dag.py for tasks to queue
[2026-02-15T22:49:46.527+0000] {logging_mixin.py:188} INFO - [2026-02-15T22:49:46.526+0000] {dagbag.py:538} INFO - Filling up the DagBag from /opt/airflow/dags/sec_edgar_dag.py
[2026-02-15T22:49:46.826+0000] {processor.py:840} INFO - DAG(s) 'sec_edgar_pipeline' retrieved from /opt/airflow/dags/sec_edgar_dag.py
[2026-02-15T22:49:46.866+0000] {logging_mixin.py:188} INFO - [2026-02-15T22:49:46.865+0000] {dag.py:3036} INFO - Sync 1 DAGs
[2026-02-15T22:49:46.905+0000] {logging_mixin.py:188} INFO - [2026-02-15T22:49:46.905+0000] {dag.py:3823} INFO - Setting next_dagrun for sec_edgar_pipeline to 2026-02-15 09:00:00+00:00, run_after=2026-02-16 09:00:00+00:00
[2026-02-15T22:49:46.934+0000] {processor.py:183} INFO - Processing /opt/airflow/dags/sec_edgar_dag.py took 0.416 seconds
[2026-02-15T22:50:17.835+0000] {processor.py:161} INFO - Started process (PID=11837) to work on /opt/airflow/dags/sec_edgar_dag.py
[2026-02-15T22:50:17.836+0000] {processor.py:830} INFO - Processing file /opt/airflow/dags/sec_edgar_dag.py for tasks to queue
[2026-02-15T22:50:17.838+0000] {logging_mixin.py:188} INFO - [2026-02-15T22:50:17.837+0000] {dagbag.py:538} INFO - Filling up the DagBag from /opt/airflow/dags/sec_edgar_dag.py
[2026-02-15T22:50:18.183+0000] {processor.py:840} INFO - DAG(s) 'sec_edgar_pipeline' retrieved from /opt/airflow/dags/sec_edgar_dag.py
[2026-02-15T22:50:18.221+0000] {logging_mixin.py:188} INFO - [2026-02-15T22:50:18.221+0000] {dag.py:3036} INFO - Sync 1 DAGs
[2026-02-15T22:50:18.261+0000] {logging_mixin.py:188} INFO - [2026-02-15T22:50:18.260+0000] {dag.py:3823} INFO - Setting next_dagrun for sec_edgar_pipeline to 2026-02-15 09:00:00+00:00, run_after=2026-02-16 09:00:00+00:00
[2026-02-15T22:50:18.301+0000] {processor.py:183} INFO - Processing /opt/airflow/dags/sec_edgar_dag.py took 0.471 seconds
[2026-02-15T22:50:48.433+0000] {processor.py:161} INFO - Started process (PID=11853) to work on /opt/airflow/dags/sec_edgar_dag.py
[2026-02-15T22:50:48.435+0000] {processor.py:830} INFO - Processing file /opt/airflow/dags/sec_edgar_dag.py for tasks to queue
[2026-02-15T22:50:48.436+0000] {logging_mixin.py:188} INFO - [2026-02-15T22:50:48.435+0000] {dagbag.py:538} INFO - Filling up the DagBag from /opt/airflow/dags/sec_edgar_dag.py
[2026-02-15T22:50:48.737+0000] {processor.py:840} INFO - DAG(s) 'sec_edgar_pipeline' retrieved from /opt/airflow/dags/sec_edgar_dag.py
[2026-02-15T22:50:48.774+0000] {logging_mixin.py:188} INFO - [2026-02-15T22:50:48.774+0000] {dag.py:3036} INFO - Sync 1 DAGs
[2026-02-15T22:50:48.814+0000] {logging_mixin.py:188} INFO - [2026-02-15T22:50:48.814+0000] {dag.py:3823} INFO - Setting next_dagrun for sec_edgar_pipeline to 2026-02-15 09:00:00+00:00, run_after=2026-02-16 09:00:00+00:00
[2026-02-15T22:50:48.842+0000] {processor.py:183} INFO - Processing /opt/airflow/dags/sec_edgar_dag.py took 0.413 seconds
[2026-02-15T22:51:19.743+0000] {processor.py:161} INFO - Started process (PID=11869) to work on /opt/airflow/dags/sec_edgar_dag.py
[2026-02-15T22:51:19.745+0000] {processor.py:830} INFO - Processing file /opt/airflow/dags/sec_edgar_dag.py for tasks to queue
[2026-02-15T22:51:19.746+0000] {logging_mixin.py:188} INFO - [2026-02-15T22:51:19.746+0000] {dagbag.py:538} INFO - Filling up the DagBag from /opt/airflow/dags/sec_edgar_dag.py
[2026-02-15T22:51:20.068+0000] {processor.py:840} INFO - DAG(s) 'sec_edgar_pipeline' retrieved from /opt/airflow/dags/sec_edgar_dag.py
[2026-02-15T22:51:20.111+0000] {logging_mixin.py:188} INFO - [2026-02-15T22:51:20.110+0000] {dag.py:3036} INFO - Sync 1 DAGs
[2026-02-15T22:51:20.147+0000] {logging_mixin.py:188} INFO - [2026-02-15T22:51:20.146+0000] {dag.py:3823} INFO - Setting next_dagrun for sec_edgar_pipeline to 2026-02-15 09:00:00+00:00, run_after=2026-02-16 09:00:00+00:00
[2026-02-15T22:51:20.189+0000] {processor.py:183} INFO - Processing /opt/airflow/dags/sec_edgar_dag.py took 0.451 seconds
[2026-02-15T22:51:50.530+0000] {processor.py:161} INFO - Started process (PID=11885) to work on /opt/airflow/dags/sec_edgar_dag.py
[2026-02-15T22:51:50.531+0000] {processor.py:830} INFO - Processing file /opt/airflow/dags/sec_edgar_dag.py for tasks to queue
[2026-02-15T22:51:50.533+0000] {logging_mixin.py:188} INFO - [2026-02-15T22:51:50.532+0000] {dagbag.py:538} INFO - Filling up the DagBag from /opt/airflow/dags/sec_edgar_dag.py
[2026-02-15T22:51:50.833+0000] {processor.py:840} INFO - DAG(s) 'sec_edgar_pipeline' retrieved from /opt/airflow/dags/sec_edgar_dag.py
[2026-02-15T22:51:50.898+0000] {logging_mixin.py:188} INFO - [2026-02-15T22:51:50.897+0000] {dag.py:3036} INFO - Sync 1 DAGs
[2026-02-15T22:51:50.941+0000] {logging_mixin.py:188} INFO - [2026-02-15T22:51:50.940+0000] {dag.py:3823} INFO - Setting next_dagrun for sec_edgar_pipeline to 2026-02-15 09:00:00+00:00, run_after=2026-02-16 09:00:00+00:00
[2026-02-15T22:51:50.985+0000] {processor.py:183} INFO - Processing /opt/airflow/dags/sec_edgar_dag.py took 0.458 seconds
[2026-02-15T22:52:21.141+0000] {processor.py:161} INFO - Started process (PID=11901) to work on /opt/airflow/dags/sec_edgar_dag.py
[2026-02-15T22:52:21.143+0000] {processor.py:830} INFO - Processing file /opt/airflow/dags/sec_edgar_dag.py for tasks to queue
[2026-02-15T22:52:21.145+0000] {logging_mixin.py:188} INFO - [2026-02-15T22:52:21.145+0000] {dagbag.py:538} INFO - Filling up the DagBag from /opt/airflow/dags/sec_edgar_dag.py
[2026-02-15T22:52:21.452+0000] {processor.py:840} INFO - DAG(s) 'sec_edgar_pipeline' retrieved from /opt/airflow/dags/sec_edgar_dag.py
[2026-02-15T22:52:21.490+0000] {logging_mixin.py:188} INFO - [2026-02-15T22:52:21.489+0000] {dag.py:3036} INFO - Sync 1 DAGs
[2026-02-15T22:52:21.521+0000] {logging_mixin.py:188} INFO - [2026-02-15T22:52:21.520+0000] {dag.py:3823} INFO - Setting next_dagrun for sec_edgar_pipeline to 2026-02-15 09:00:00+00:00, run_after=2026-02-16 09:00:00+00:00
[2026-02-15T22:52:21.558+0000] {processor.py:183} INFO - Processing /opt/airflow/dags/sec_edgar_dag.py took 0.421 seconds
[2026-02-15T22:52:52.461+0000] {processor.py:161} INFO - Started process (PID=11917) to work on /opt/airflow/dags/sec_edgar_dag.py
[2026-02-15T22:52:52.463+0000] {processor.py:830} INFO - Processing file /opt/airflow/dags/sec_edgar_dag.py for tasks to queue
[2026-02-15T22:52:52.465+0000] {logging_mixin.py:188} INFO - [2026-02-15T22:52:52.464+0000] {dagbag.py:538} INFO - Filling up the DagBag from /opt/airflow/dags/sec_edgar_dag.py
[2026-02-15T22:52:52.795+0000] {processor.py:840} INFO - DAG(s) 'sec_edgar_pipeline' retrieved from /opt/airflow/dags/sec_edgar_dag.py
[2026-02-15T22:52:52.842+0000] {logging_mixin.py:188} INFO - [2026-02-15T22:52:52.841+0000] {dag.py:3036} INFO - Sync 1 DAGs
[2026-02-15T22:52:52.878+0000] {logging_mixin.py:188} INFO - [2026-02-15T22:52:52.877+0000] {dag.py:3823} INFO - Setting next_dagrun for sec_edgar_pipeline to 2026-02-15 09:00:00+00:00, run_after=2026-02-16 09:00:00+00:00
[2026-02-15T22:52:52.920+0000] {processor.py:183} INFO - Processing /opt/airflow/dags/sec_edgar_dag.py took 0.464 seconds
[2026-02-15T22:53:23.025+0000] {processor.py:161} INFO - Started process (PID=11933) to work on /opt/airflow/dags/sec_edgar_dag.py
[2026-02-15T22:53:23.027+0000] {processor.py:830} INFO - Processing file /opt/airflow/dags/sec_edgar_dag.py for tasks to queue
[2026-02-15T22:53:23.028+0000] {logging_mixin.py:188} INFO - [2026-02-15T22:53:23.028+0000] {dagbag.py:538} INFO - Filling up the DagBag from /opt/airflow/dags/sec_edgar_dag.py
[2026-02-15T22:53:23.334+0000] {processor.py:840} INFO - DAG(s) 'sec_edgar_pipeline' retrieved from /opt/airflow/dags/sec_edgar_dag.py
[2026-02-15T22:53:23.369+0000] {logging_mixin.py:188} INFO - [2026-02-15T22:53:23.368+0000] {dag.py:3036} INFO - Sync 1 DAGs
[2026-02-15T22:53:23.400+0000] {logging_mixin.py:188} INFO - [2026-02-15T22:53:23.400+0000] {dag.py:3823} INFO - Setting next_dagrun for sec_edgar_pipeline to 2026-02-15 09:00:00+00:00, run_after=2026-02-16 09:00:00+00:00
[2026-02-15T22:53:23.444+0000] {processor.py:183} INFO - Processing /opt/airflow/dags/sec_edgar_dag.py took 0.423 seconds
[2026-02-15T22:53:54.337+0000] {processor.py:161} INFO - Started process (PID=11949) to work on /opt/airflow/dags/sec_edgar_dag.py
[2026-02-15T22:53:54.339+0000] {processor.py:830} INFO - Processing file /opt/airflow/dags/sec_edgar_dag.py for tasks to queue
[2026-02-15T22:53:54.340+0000] {logging_mixin.py:188} INFO - [2026-02-15T22:53:54.340+0000] {dagbag.py:538} INFO - Filling up the DagBag from /opt/airflow/dags/sec_edgar_dag.py
[2026-02-15T22:53:54.662+0000] {processor.py:840} INFO - DAG(s) 'sec_edgar_pipeline' retrieved from /opt/airflow/dags/sec_edgar_dag.py
[2026-02-15T22:53:54.695+0000] {logging_mixin.py:188} INFO - [2026-02-15T22:53:54.694+0000] {dag.py:3036} INFO - Sync 1 DAGs
[2026-02-15T22:53:54.731+0000] {logging_mixin.py:188} INFO - [2026-02-15T22:53:54.731+0000] {dag.py:3823} INFO - Setting next_dagrun for sec_edgar_pipeline to 2026-02-15 09:00:00+00:00, run_after=2026-02-16 09:00:00+00:00
[2026-02-15T22:53:54.761+0000] {processor.py:183} INFO - Processing /opt/airflow/dags/sec_edgar_dag.py took 0.428 seconds
[2026-02-15T22:54:24.957+0000] {processor.py:161} INFO - Started process (PID=11965) to work on /opt/airflow/dags/sec_edgar_dag.py
[2026-02-15T22:54:24.958+0000] {processor.py:830} INFO - Processing file /opt/airflow/dags/sec_edgar_dag.py for tasks to queue
[2026-02-15T22:54:24.960+0000] {logging_mixin.py:188} INFO - [2026-02-15T22:54:24.959+0000] {dagbag.py:538} INFO - Filling up the DagBag from /opt/airflow/dags/sec_edgar_dag.py
[2026-02-15T22:54:25.269+0000] {processor.py:840} INFO - DAG(s) 'sec_edgar_pipeline' retrieved from /opt/airflow/dags/sec_edgar_dag.py
[2026-02-15T22:54:25.304+0000] {logging_mixin.py:188} INFO - [2026-02-15T22:54:25.304+0000] {dag.py:3036} INFO - Sync 1 DAGs
[2026-02-15T22:54:25.341+0000] {logging_mixin.py:188} INFO - [2026-02-15T22:54:25.341+0000] {dag.py:3823} INFO - Setting next_dagrun for sec_edgar_pipeline to 2026-02-15 09:00:00+00:00, run_after=2026-02-16 09:00:00+00:00
[2026-02-15T22:54:25.380+0000] {processor.py:183} INFO - Processing /opt/airflow/dags/sec_edgar_dag.py took 0.429 seconds
[2026-02-15T22:54:56.244+0000] {processor.py:161} INFO - Started process (PID=11981) to work on /opt/airflow/dags/sec_edgar_dag.py
[2026-02-15T22:54:56.245+0000] {processor.py:830} INFO - Processing file /opt/airflow/dags/sec_edgar_dag.py for tasks to queue
[2026-02-15T22:54:56.246+0000] {logging_mixin.py:188} INFO - [2026-02-15T22:54:56.246+0000] {dagbag.py:538} INFO - Filling up the DagBag from /opt/airflow/dags/sec_edgar_dag.py
[2026-02-15T22:54:56.544+0000] {processor.py:840} INFO - DAG(s) 'sec_edgar_pipeline' retrieved from /opt/airflow/dags/sec_edgar_dag.py
[2026-02-15T22:54:56.579+0000] {logging_mixin.py:188} INFO - [2026-02-15T22:54:56.579+0000] {dag.py:3036} INFO - Sync 1 DAGs
[2026-02-15T22:54:56.614+0000] {logging_mixin.py:188} INFO - [2026-02-15T22:54:56.613+0000] {dag.py:3823} INFO - Setting next_dagrun for sec_edgar_pipeline to 2026-02-15 09:00:00+00:00, run_after=2026-02-16 09:00:00+00:00
[2026-02-15T22:54:56.642+0000] {processor.py:183} INFO - Processing /opt/airflow/dags/sec_edgar_dag.py took 0.402 seconds
[2026-02-15T22:55:26.856+0000] {processor.py:161} INFO - Started process (PID=11997) to work on /opt/airflow/dags/sec_edgar_dag.py
[2026-02-15T22:55:26.857+0000] {processor.py:830} INFO - Processing file /opt/airflow/dags/sec_edgar_dag.py for tasks to queue
[2026-02-15T22:55:26.858+0000] {logging_mixin.py:188} INFO - [2026-02-15T22:55:26.858+0000] {dagbag.py:538} INFO - Filling up the DagBag from /opt/airflow/dags/sec_edgar_dag.py
[2026-02-15T22:55:27.164+0000] {processor.py:840} INFO - DAG(s) 'sec_edgar_pipeline' retrieved from /opt/airflow/dags/sec_edgar_dag.py
[2026-02-15T22:55:27.202+0000] {logging_mixin.py:188} INFO - [2026-02-15T22:55:27.201+0000] {dag.py:3036} INFO - Sync 1 DAGs
[2026-02-15T22:55:27.236+0000] {logging_mixin.py:188} INFO - [2026-02-15T22:55:27.236+0000] {dag.py:3823} INFO - Setting next_dagrun for sec_edgar_pipeline to 2026-02-15 09:00:00+00:00, run_after=2026-02-16 09:00:00+00:00
[2026-02-15T22:55:27.276+0000] {processor.py:183} INFO - Processing /opt/airflow/dags/sec_edgar_dag.py took 0.425 seconds
[2026-02-15T22:55:58.188+0000] {processor.py:161} INFO - Started process (PID=12013) to work on /opt/airflow/dags/sec_edgar_dag.py
[2026-02-15T22:55:58.189+0000] {processor.py:830} INFO - Processing file /opt/airflow/dags/sec_edgar_dag.py for tasks to queue
[2026-02-15T22:55:58.191+0000] {logging_mixin.py:188} INFO - [2026-02-15T22:55:58.190+0000] {dagbag.py:538} INFO - Filling up the DagBag from /opt/airflow/dags/sec_edgar_dag.py
[2026-02-15T22:55:58.496+0000] {processor.py:840} INFO - DAG(s) 'sec_edgar_pipeline' retrieved from /opt/airflow/dags/sec_edgar_dag.py
[2026-02-15T22:55:58.533+0000] {logging_mixin.py:188} INFO - [2026-02-15T22:55:58.532+0000] {dag.py:3036} INFO - Sync 1 DAGs
[2026-02-15T22:55:58.571+0000] {logging_mixin.py:188} INFO - [2026-02-15T22:55:58.571+0000] {dag.py:3823} INFO - Setting next_dagrun for sec_edgar_pipeline to 2026-02-15 09:00:00+00:00, run_after=2026-02-16 09:00:00+00:00
[2026-02-15T22:55:58.615+0000] {processor.py:183} INFO - Processing /opt/airflow/dags/sec_edgar_dag.py took 0.433 seconds
[2026-02-15T22:56:28.733+0000] {processor.py:161} INFO - Started process (PID=12029) to work on /opt/airflow/dags/sec_edgar_dag.py
[2026-02-15T22:56:28.735+0000] {processor.py:830} INFO - Processing file /opt/airflow/dags/sec_edgar_dag.py for tasks to queue
[2026-02-15T22:56:28.736+0000] {logging_mixin.py:188} INFO - [2026-02-15T22:56:28.736+0000] {dagbag.py:538} INFO - Filling up the DagBag from /opt/airflow/dags/sec_edgar_dag.py
[2026-02-15T22:56:29.061+0000] {processor.py:840} INFO - DAG(s) 'sec_edgar_pipeline' retrieved from /opt/airflow/dags/sec_edgar_dag.py
[2026-02-15T22:56:29.098+0000] {logging_mixin.py:188} INFO - [2026-02-15T22:56:29.097+0000] {dag.py:3036} INFO - Sync 1 DAGs
[2026-02-15T22:56:29.133+0000] {logging_mixin.py:188} INFO - [2026-02-15T22:56:29.132+0000] {dag.py:3823} INFO - Setting next_dagrun for sec_edgar_pipeline to 2026-02-15 09:00:00+00:00, run_after=2026-02-16 09:00:00+00:00
[2026-02-15T22:56:29.175+0000] {processor.py:183} INFO - Processing /opt/airflow/dags/sec_edgar_dag.py took 0.447 seconds
[2026-02-15T22:56:59.888+0000] {processor.py:161} INFO - Started process (PID=12045) to work on /opt/airflow/dags/sec_edgar_dag.py
[2026-02-15T22:56:59.890+0000] {processor.py:830} INFO - Processing file /opt/airflow/dags/sec_edgar_dag.py for tasks to queue
[2026-02-15T22:56:59.892+0000] {logging_mixin.py:188} INFO - [2026-02-15T22:56:59.891+0000] {dagbag.py:538} INFO - Filling up the DagBag from /opt/airflow/dags/sec_edgar_dag.py
[2026-02-15T22:57:00.219+0000] {processor.py:840} INFO - DAG(s) 'sec_edgar_pipeline' retrieved from /opt/airflow/dags/sec_edgar_dag.py
[2026-02-15T22:57:00.257+0000] {logging_mixin.py:188} INFO - [2026-02-15T22:57:00.256+0000] {dag.py:3036} INFO - Sync 1 DAGs
[2026-02-15T22:57:00.303+0000] {logging_mixin.py:188} INFO - [2026-02-15T22:57:00.302+0000] {dag.py:3823} INFO - Setting next_dagrun for sec_edgar_pipeline to 2026-02-15 09:00:00+00:00, run_after=2026-02-16 09:00:00+00:00
[2026-02-15T22:57:00.332+0000] {processor.py:183} INFO - Processing /opt/airflow/dags/sec_edgar_dag.py took 0.449 seconds
[2026-02-15T22:57:30.446+0000] {processor.py:161} INFO - Started process (PID=12062) to work on /opt/airflow/dags/sec_edgar_dag.py
[2026-02-15T22:57:30.448+0000] {processor.py:830} INFO - Processing file /opt/airflow/dags/sec_edgar_dag.py for tasks to queue
[2026-02-15T22:57:30.450+0000] {logging_mixin.py:188} INFO - [2026-02-15T22:57:30.449+0000] {dagbag.py:538} INFO - Filling up the DagBag from /opt/airflow/dags/sec_edgar_dag.py
[2026-02-15T22:57:30.760+0000] {processor.py:840} INFO - DAG(s) 'sec_edgar_pipeline' retrieved from /opt/airflow/dags/sec_edgar_dag.py
[2026-02-15T22:57:30.798+0000] {logging_mixin.py:188} INFO - [2026-02-15T22:57:30.797+0000] {dag.py:3036} INFO - Sync 1 DAGs
[2026-02-15T22:57:30.839+0000] {logging_mixin.py:188} INFO - [2026-02-15T22:57:30.838+0000] {dag.py:3823} INFO - Setting next_dagrun for sec_edgar_pipeline to 2026-02-15 09:00:00+00:00, run_after=2026-02-16 09:00:00+00:00
[2026-02-15T22:57:30.869+0000] {processor.py:183} INFO - Processing /opt/airflow/dags/sec_edgar_dag.py took 0.427 seconds
[2026-02-15T22:58:01.752+0000] {processor.py:161} INFO - Started process (PID=12078) to work on /opt/airflow/dags/sec_edgar_dag.py
[2026-02-15T22:58:01.754+0000] {processor.py:830} INFO - Processing file /opt/airflow/dags/sec_edgar_dag.py for tasks to queue
[2026-02-15T22:58:01.755+0000] {logging_mixin.py:188} INFO - [2026-02-15T22:58:01.755+0000] {dagbag.py:538} INFO - Filling up the DagBag from /opt/airflow/dags/sec_edgar_dag.py
[2026-02-15T22:58:02.092+0000] {processor.py:840} INFO - DAG(s) 'sec_edgar_pipeline' retrieved from /opt/airflow/dags/sec_edgar_dag.py
[2026-02-15T22:58:02.154+0000] {logging_mixin.py:188} INFO - [2026-02-15T22:58:02.153+0000] {dag.py:3036} INFO - Sync 1 DAGs
[2026-02-15T22:58:02.192+0000] {logging_mixin.py:188} INFO - [2026-02-15T22:58:02.192+0000] {dag.py:3823} INFO - Setting next_dagrun for sec_edgar_pipeline to 2026-02-15 09:00:00+00:00, run_after=2026-02-16 09:00:00+00:00
[2026-02-15T22:58:02.217+0000] {processor.py:183} INFO - Processing /opt/airflow/dags/sec_edgar_dag.py took 0.472 seconds
[2026-02-15T22:58:32.431+0000] {processor.py:161} INFO - Started process (PID=12094) to work on /opt/airflow/dags/sec_edgar_dag.py
[2026-02-15T22:58:32.432+0000] {processor.py:830} INFO - Processing file /opt/airflow/dags/sec_edgar_dag.py for tasks to queue
[2026-02-15T22:58:32.433+0000] {logging_mixin.py:188} INFO - [2026-02-15T22:58:32.433+0000] {dagbag.py:538} INFO - Filling up the DagBag from /opt/airflow/dags/sec_edgar_dag.py
[2026-02-15T22:58:32.747+0000] {processor.py:840} INFO - DAG(s) 'sec_edgar_pipeline' retrieved from /opt/airflow/dags/sec_edgar_dag.py
[2026-02-15T22:58:32.780+0000] {logging_mixin.py:188} INFO - [2026-02-15T22:58:32.780+0000] {dag.py:3036} INFO - Sync 1 DAGs
[2026-02-15T22:58:32.814+0000] {logging_mixin.py:188} INFO - [2026-02-15T22:58:32.813+0000] {dag.py:3823} INFO - Setting next_dagrun for sec_edgar_pipeline to 2026-02-15 09:00:00+00:00, run_after=2026-02-16 09:00:00+00:00
[2026-02-15T22:58:32.855+0000] {processor.py:183} INFO - Processing /opt/airflow/dags/sec_edgar_dag.py took 0.429 seconds
[2026-02-15T22:59:03.718+0000] {processor.py:161} INFO - Started process (PID=12110) to work on /opt/airflow/dags/sec_edgar_dag.py
[2026-02-15T22:59:03.720+0000] {processor.py:830} INFO - Processing file /opt/airflow/dags/sec_edgar_dag.py for tasks to queue
[2026-02-15T22:59:03.721+0000] {logging_mixin.py:188} INFO - [2026-02-15T22:59:03.720+0000] {dagbag.py:538} INFO - Filling up the DagBag from /opt/airflow/dags/sec_edgar_dag.py
[2026-02-15T22:59:04.053+0000] {processor.py:840} INFO - DAG(s) 'sec_edgar_pipeline' retrieved from /opt/airflow/dags/sec_edgar_dag.py
[2026-02-15T22:59:04.092+0000] {logging_mixin.py:188} INFO - [2026-02-15T22:59:04.091+0000] {dag.py:3036} INFO - Sync 1 DAGs
[2026-02-15T22:59:04.129+0000] {logging_mixin.py:188} INFO - [2026-02-15T22:59:04.129+0000] {dag.py:3823} INFO - Setting next_dagrun for sec_edgar_pipeline to 2026-02-15 09:00:00+00:00, run_after=2026-02-16 09:00:00+00:00
[2026-02-15T22:59:04.168+0000] {processor.py:183} INFO - Processing /opt/airflow/dags/sec_edgar_dag.py took 0.454 seconds
[2026-02-15T22:59:34.289+0000] {processor.py:161} INFO - Started process (PID=12126) to work on /opt/airflow/dags/sec_edgar_dag.py
[2026-02-15T22:59:34.291+0000] {processor.py:830} INFO - Processing file /opt/airflow/dags/sec_edgar_dag.py for tasks to queue
[2026-02-15T22:59:34.292+0000] {logging_mixin.py:188} INFO - [2026-02-15T22:59:34.292+0000] {dagbag.py:538} INFO - Filling up the DagBag from /opt/airflow/dags/sec_edgar_dag.py
[2026-02-15T22:59:34.623+0000] {processor.py:840} INFO - DAG(s) 'sec_edgar_pipeline' retrieved from /opt/airflow/dags/sec_edgar_dag.py
[2026-02-15T22:59:34.658+0000] {logging_mixin.py:188} INFO - [2026-02-15T22:59:34.657+0000] {dag.py:3036} INFO - Sync 1 DAGs
[2026-02-15T22:59:34.689+0000] {logging_mixin.py:188} INFO - [2026-02-15T22:59:34.689+0000] {dag.py:3823} INFO - Setting next_dagrun for sec_edgar_pipeline to 2026-02-15 09:00:00+00:00, run_after=2026-02-16 09:00:00+00:00
[2026-02-15T22:59:34.718+0000] {processor.py:183} INFO - Processing /opt/airflow/dags/sec_edgar_dag.py took 0.433 seconds
[2026-02-15T23:00:05.635+0000] {processor.py:161} INFO - Started process (PID=12142) to work on /opt/airflow/dags/sec_edgar_dag.py
[2026-02-15T23:00:05.636+0000] {processor.py:830} INFO - Processing file /opt/airflow/dags/sec_edgar_dag.py for tasks to queue
[2026-02-15T23:00:05.638+0000] {logging_mixin.py:188} INFO - [2026-02-15T23:00:05.637+0000] {dagbag.py:538} INFO - Filling up the DagBag from /opt/airflow/dags/sec_edgar_dag.py
[2026-02-15T23:00:05.951+0000] {processor.py:840} INFO - DAG(s) 'sec_edgar_pipeline' retrieved from /opt/airflow/dags/sec_edgar_dag.py
[2026-02-15T23:00:05.989+0000] {logging_mixin.py:188} INFO - [2026-02-15T23:00:05.988+0000] {dag.py:3036} INFO - Sync 1 DAGs
[2026-02-15T23:00:06.026+0000] {logging_mixin.py:188} INFO - [2026-02-15T23:00:06.025+0000] {dag.py:3823} INFO - Setting next_dagrun for sec_edgar_pipeline to 2026-02-15 09:00:00+00:00, run_after=2026-02-16 09:00:00+00:00
[2026-02-15T23:00:06.052+0000] {processor.py:183} INFO - Processing /opt/airflow/dags/sec_edgar_dag.py took 0.421 seconds
[2026-02-15T23:00:36.219+0000] {processor.py:161} INFO - Started process (PID=12158) to work on /opt/airflow/dags/sec_edgar_dag.py
[2026-02-15T23:00:36.221+0000] {processor.py:830} INFO - Processing file /opt/airflow/dags/sec_edgar_dag.py for tasks to queue
[2026-02-15T23:00:36.222+0000] {logging_mixin.py:188} INFO - [2026-02-15T23:00:36.222+0000] {dagbag.py:538} INFO - Filling up the DagBag from /opt/airflow/dags/sec_edgar_dag.py
[2026-02-15T23:00:36.556+0000] {processor.py:840} INFO - DAG(s) 'sec_edgar_pipeline' retrieved from /opt/airflow/dags/sec_edgar_dag.py
[2026-02-15T23:00:36.594+0000] {logging_mixin.py:188} INFO - [2026-02-15T23:00:36.593+0000] {dag.py:3036} INFO - Sync 1 DAGs
[2026-02-15T23:00:36.629+0000] {logging_mixin.py:188} INFO - [2026-02-15T23:00:36.629+0000] {dag.py:3823} INFO - Setting next_dagrun for sec_edgar_pipeline to 2026-02-15 09:00:00+00:00, run_after=2026-02-16 09:00:00+00:00
[2026-02-15T23:00:36.669+0000] {processor.py:183} INFO - Processing /opt/airflow/dags/sec_edgar_dag.py took 0.455 seconds
[2026-02-15T23:01:07.516+0000] {processor.py:161} INFO - Started process (PID=12174) to work on /opt/airflow/dags/sec_edgar_dag.py
[2026-02-15T23:01:07.518+0000] {processor.py:830} INFO - Processing file /opt/airflow/dags/sec_edgar_dag.py for tasks to queue
[2026-02-15T23:01:07.520+0000] {logging_mixin.py:188} INFO - [2026-02-15T23:01:07.519+0000] {dagbag.py:538} INFO - Filling up the DagBag from /opt/airflow/dags/sec_edgar_dag.py
[2026-02-15T23:01:07.829+0000] {processor.py:840} INFO - DAG(s) 'sec_edgar_pipeline' retrieved from /opt/airflow/dags/sec_edgar_dag.py
[2026-02-15T23:01:07.864+0000] {logging_mixin.py:188} INFO - [2026-02-15T23:01:07.863+0000] {dag.py:3036} INFO - Sync 1 DAGs
[2026-02-15T23:01:07.898+0000] {logging_mixin.py:188} INFO - [2026-02-15T23:01:07.898+0000] {dag.py:3823} INFO - Setting next_dagrun for sec_edgar_pipeline to 2026-02-15 09:00:00+00:00, run_after=2026-02-16 09:00:00+00:00
[2026-02-15T23:01:07.940+0000] {processor.py:183} INFO - Processing /opt/airflow/dags/sec_edgar_dag.py took 0.429 seconds
[2026-02-15T23:01:38.545+0000] {processor.py:161} INFO - Started process (PID=12190) to work on /opt/airflow/dags/sec_edgar_dag.py
[2026-02-15T23:01:38.546+0000] {processor.py:830} INFO - Processing file /opt/airflow/dags/sec_edgar_dag.py for tasks to queue
[2026-02-15T23:01:38.548+0000] {logging_mixin.py:188} INFO - [2026-02-15T23:01:38.547+0000] {dagbag.py:538} INFO - Filling up the DagBag from /opt/airflow/dags/sec_edgar_dag.py
[2026-02-15T23:01:38.865+0000] {processor.py:840} INFO - DAG(s) 'sec_edgar_pipeline' retrieved from /opt/airflow/dags/sec_edgar_dag.py
[2026-02-15T23:01:38.907+0000] {logging_mixin.py:188} INFO - [2026-02-15T23:01:38.906+0000] {dag.py:3036} INFO - Sync 1 DAGs
[2026-02-15T23:01:38.940+0000] {logging_mixin.py:188} INFO - [2026-02-15T23:01:38.940+0000] {dag.py:3823} INFO - Setting next_dagrun for sec_edgar_pipeline to 2026-02-15 09:00:00+00:00, run_after=2026-02-16 09:00:00+00:00
[2026-02-15T23:01:38.972+0000] {processor.py:183} INFO - Processing /opt/airflow/dags/sec_edgar_dag.py took 0.431 seconds
[2026-02-15T23:02:09.375+0000] {processor.py:161} INFO - Started process (PID=12206) to work on /opt/airflow/dags/sec_edgar_dag.py
[2026-02-15T23:02:09.376+0000] {processor.py:830} INFO - Processing file /opt/airflow/dags/sec_edgar_dag.py for tasks to queue
[2026-02-15T23:02:09.380+0000] {logging_mixin.py:188} INFO - [2026-02-15T23:02:09.379+0000] {dagbag.py:538} INFO - Filling up the DagBag from /opt/airflow/dags/sec_edgar_dag.py
[2026-02-15T23:02:09.743+0000] {processor.py:840} INFO - DAG(s) 'sec_edgar_pipeline' retrieved from /opt/airflow/dags/sec_edgar_dag.py
[2026-02-15T23:02:09.781+0000] {logging_mixin.py:188} INFO - [2026-02-15T23:02:09.780+0000] {dag.py:3036} INFO - Sync 1 DAGs
[2026-02-15T23:02:09.819+0000] {logging_mixin.py:188} INFO - [2026-02-15T23:02:09.819+0000] {dag.py:3823} INFO - Setting next_dagrun for sec_edgar_pipeline to 2026-02-15 09:00:00+00:00, run_after=2026-02-16 09:00:00+00:00
[2026-02-15T23:02:09.846+0000] {processor.py:183} INFO - Processing /opt/airflow/dags/sec_edgar_dag.py took 0.476 seconds
[2026-02-15T23:02:39.964+0000] {processor.py:161} INFO - Started process (PID=12222) to work on /opt/airflow/dags/sec_edgar_dag.py
[2026-02-15T23:02:39.965+0000] {processor.py:830} INFO - Processing file /opt/airflow/dags/sec_edgar_dag.py for tasks to queue
[2026-02-15T23:02:39.967+0000] {logging_mixin.py:188} INFO - [2026-02-15T23:02:39.966+0000] {dagbag.py:538} INFO - Filling up the DagBag from /opt/airflow/dags/sec_edgar_dag.py
[2026-02-15T23:02:40.312+0000] {processor.py:840} INFO - DAG(s) 'sec_edgar_pipeline' retrieved from /opt/airflow/dags/sec_edgar_dag.py
[2026-02-15T23:02:40.354+0000] {logging_mixin.py:188} INFO - [2026-02-15T23:02:40.354+0000] {dag.py:3036} INFO - Sync 1 DAGs
[2026-02-15T23:02:40.390+0000] {logging_mixin.py:188} INFO - [2026-02-15T23:02:40.389+0000] {dag.py:3823} INFO - Setting next_dagrun for sec_edgar_pipeline to 2026-02-15 09:00:00+00:00, run_after=2026-02-16 09:00:00+00:00
[2026-02-15T23:02:40.420+0000] {processor.py:183} INFO - Processing /opt/airflow/dags/sec_edgar_dag.py took 0.460 seconds
[2026-02-15T23:03:11.256+0000] {processor.py:161} INFO - Started process (PID=12238) to work on /opt/airflow/dags/sec_edgar_dag.py
[2026-02-15T23:03:11.258+0000] {processor.py:830} INFO - Processing file /opt/airflow/dags/sec_edgar_dag.py for tasks to queue
[2026-02-15T23:03:11.260+0000] {logging_mixin.py:188} INFO - [2026-02-15T23:03:11.259+0000] {dagbag.py:538} INFO - Filling up the DagBag from /opt/airflow/dags/sec_edgar_dag.py
[2026-02-15T23:03:11.599+0000] {processor.py:840} INFO - DAG(s) 'sec_edgar_pipeline' retrieved from /opt/airflow/dags/sec_edgar_dag.py
[2026-02-15T23:03:11.638+0000] {logging_mixin.py:188} INFO - [2026-02-15T23:03:11.637+0000] {dag.py:3036} INFO - Sync 1 DAGs
[2026-02-15T23:03:11.677+0000] {logging_mixin.py:188} INFO - [2026-02-15T23:03:11.677+0000] {dag.py:3823} INFO - Setting next_dagrun for sec_edgar_pipeline to 2026-02-15 09:00:00+00:00, run_after=2026-02-16 09:00:00+00:00
[2026-02-15T23:03:11.709+0000] {processor.py:183} INFO - Processing /opt/airflow/dags/sec_edgar_dag.py took 0.460 seconds
[2026-02-15T23:03:41.886+0000] {processor.py:161} INFO - Started process (PID=12254) to work on /opt/airflow/dags/sec_edgar_dag.py
[2026-02-15T23:03:41.888+0000] {processor.py:830} INFO - Processing file /opt/airflow/dags/sec_edgar_dag.py for tasks to queue
[2026-02-15T23:03:41.889+0000] {logging_mixin.py:188} INFO - [2026-02-15T23:03:41.889+0000] {dagbag.py:538} INFO - Filling up the DagBag from /opt/airflow/dags/sec_edgar_dag.py
[2026-02-15T23:03:42.225+0000] {processor.py:840} INFO - DAG(s) 'sec_edgar_pipeline' retrieved from /opt/airflow/dags/sec_edgar_dag.py
[2026-02-15T23:03:42.265+0000] {logging_mixin.py:188} INFO - [2026-02-15T23:03:42.264+0000] {dag.py:3036} INFO - Sync 1 DAGs
[2026-02-15T23:03:42.296+0000] {logging_mixin.py:188} INFO - [2026-02-15T23:03:42.295+0000] {dag.py:3823} INFO - Setting next_dagrun for sec_edgar_pipeline to 2026-02-15 09:00:00+00:00, run_after=2026-02-16 09:00:00+00:00
[2026-02-15T23:03:42.353+0000] {processor.py:183} INFO - Processing /opt/airflow/dags/sec_edgar_dag.py took 0.471 seconds
[2026-02-15T23:04:13.182+0000] {processor.py:161} INFO - Started process (PID=12270) to work on /opt/airflow/dags/sec_edgar_dag.py
[2026-02-15T23:04:13.184+0000] {processor.py:830} INFO - Processing file /opt/airflow/dags/sec_edgar_dag.py for tasks to queue
[2026-02-15T23:04:13.185+0000] {logging_mixin.py:188} INFO - [2026-02-15T23:04:13.185+0000] {dagbag.py:538} INFO - Filling up the DagBag from /opt/airflow/dags/sec_edgar_dag.py
[2026-02-15T23:04:13.514+0000] {processor.py:840} INFO - DAG(s) 'sec_edgar_pipeline' retrieved from /opt/airflow/dags/sec_edgar_dag.py
[2026-02-15T23:04:13.552+0000] {logging_mixin.py:188} INFO - [2026-02-15T23:04:13.551+0000] {dag.py:3036} INFO - Sync 1 DAGs
[2026-02-15T23:04:13.586+0000] {logging_mixin.py:188} INFO - [2026-02-15T23:04:13.586+0000] {dag.py:3823} INFO - Setting next_dagrun for sec_edgar_pipeline to 2026-02-15 09:00:00+00:00, run_after=2026-02-16 09:00:00+00:00
[2026-02-15T23:04:13.630+0000] {processor.py:183} INFO - Processing /opt/airflow/dags/sec_edgar_dag.py took 0.453 seconds
[2026-02-15T23:04:43.807+0000] {processor.py:161} INFO - Started process (PID=12286) to work on /opt/airflow/dags/sec_edgar_dag.py
[2026-02-15T23:04:43.808+0000] {processor.py:830} INFO - Processing file /opt/airflow/dags/sec_edgar_dag.py for tasks to queue
[2026-02-15T23:04:43.811+0000] {logging_mixin.py:188} INFO - [2026-02-15T23:04:43.810+0000] {dagbag.py:538} INFO - Filling up the DagBag from /opt/airflow/dags/sec_edgar_dag.py
[2026-02-15T23:04:44.132+0000] {processor.py:840} INFO - DAG(s) 'sec_edgar_pipeline' retrieved from /opt/airflow/dags/sec_edgar_dag.py
[2026-02-15T23:04:44.172+0000] {logging_mixin.py:188} INFO - [2026-02-15T23:04:44.172+0000] {dag.py:3036} INFO - Sync 1 DAGs
[2026-02-15T23:04:44.205+0000] {logging_mixin.py:188} INFO - [2026-02-15T23:04:44.205+0000] {dag.py:3823} INFO - Setting next_dagrun for sec_edgar_pipeline to 2026-02-15 09:00:00+00:00, run_after=2026-02-16 09:00:00+00:00
[2026-02-15T23:04:44.246+0000] {processor.py:183} INFO - Processing /opt/airflow/dags/sec_edgar_dag.py took 0.444 seconds
[2026-02-15T23:05:15.120+0000] {processor.py:161} INFO - Started process (PID=12303) to work on /opt/airflow/dags/sec_edgar_dag.py
[2026-02-15T23:05:15.121+0000] {processor.py:830} INFO - Processing file /opt/airflow/dags/sec_edgar_dag.py for tasks to queue
[2026-02-15T23:05:15.123+0000] {logging_mixin.py:188} INFO - [2026-02-15T23:05:15.122+0000] {dagbag.py:538} INFO - Filling up the DagBag from /opt/airflow/dags/sec_edgar_dag.py
[2026-02-15T23:05:15.682+0000] {processor.py:840} INFO - DAG(s) 'sec_edgar_pipeline' retrieved from /opt/airflow/dags/sec_edgar_dag.py
[2026-02-15T23:05:15.717+0000] {logging_mixin.py:188} INFO - [2026-02-15T23:05:15.716+0000] {dag.py:3036} INFO - Sync 1 DAGs
[2026-02-15T23:05:15.753+0000] {logging_mixin.py:188} INFO - [2026-02-15T23:05:15.753+0000] {dag.py:3823} INFO - Setting next_dagrun for sec_edgar_pipeline to 2026-02-15 09:00:00+00:00, run_after=2026-02-16 09:00:00+00:00
[2026-02-15T23:05:15.781+0000] {processor.py:183} INFO - Processing /opt/airflow/dags/sec_edgar_dag.py took 0.666 seconds
[2026-02-15T23:05:46.583+0000] {processor.py:161} INFO - Started process (PID=12319) to work on /opt/airflow/dags/sec_edgar_dag.py
[2026-02-15T23:05:46.585+0000] {processor.py:830} INFO - Processing file /opt/airflow/dags/sec_edgar_dag.py for tasks to queue
[2026-02-15T23:05:46.587+0000] {logging_mixin.py:188} INFO - [2026-02-15T23:05:46.586+0000] {dagbag.py:538} INFO - Filling up the DagBag from /opt/airflow/dags/sec_edgar_dag.py
[2026-02-15T23:05:46.930+0000] {processor.py:840} INFO - DAG(s) 'sec_edgar_pipeline' retrieved from /opt/airflow/dags/sec_edgar_dag.py
[2026-02-15T23:05:46.966+0000] {logging_mixin.py:188} INFO - [2026-02-15T23:05:46.965+0000] {dag.py:3036} INFO - Sync 1 DAGs
[2026-02-15T23:05:47.001+0000] {logging_mixin.py:188} INFO - [2026-02-15T23:05:47.000+0000] {dag.py:3823} INFO - Setting next_dagrun for sec_edgar_pipeline to 2026-02-15 09:00:00+00:00, run_after=2026-02-16 09:00:00+00:00
[2026-02-15T23:05:47.031+0000] {processor.py:183} INFO - Processing /opt/airflow/dags/sec_edgar_dag.py took 0.452 seconds
[2026-02-15T23:06:17.281+0000] {processor.py:161} INFO - Started process (PID=12335) to work on /opt/airflow/dags/sec_edgar_dag.py
[2026-02-15T23:06:17.282+0000] {processor.py:830} INFO - Processing file /opt/airflow/dags/sec_edgar_dag.py for tasks to queue
[2026-02-15T23:06:17.284+0000] {logging_mixin.py:188} INFO - [2026-02-15T23:06:17.283+0000] {dagbag.py:538} INFO - Filling up the DagBag from /opt/airflow/dags/sec_edgar_dag.py
[2026-02-15T23:06:17.611+0000] {processor.py:840} INFO - DAG(s) 'sec_edgar_pipeline' retrieved from /opt/airflow/dags/sec_edgar_dag.py
[2026-02-15T23:06:17.644+0000] {logging_mixin.py:188} INFO - [2026-02-15T23:06:17.643+0000] {dag.py:3036} INFO - Sync 1 DAGs
[2026-02-15T23:06:17.678+0000] {logging_mixin.py:188} INFO - [2026-02-15T23:06:17.677+0000] {dag.py:3823} INFO - Setting next_dagrun for sec_edgar_pipeline to 2026-02-15 09:00:00+00:00, run_after=2026-02-16 09:00:00+00:00
[2026-02-15T23:06:17.706+0000] {processor.py:183} INFO - Processing /opt/airflow/dags/sec_edgar_dag.py took 0.429 seconds
[2026-02-15T23:06:48.578+0000] {processor.py:161} INFO - Started process (PID=12351) to work on /opt/airflow/dags/sec_edgar_dag.py
[2026-02-15T23:06:48.579+0000] {processor.py:830} INFO - Processing file /opt/airflow/dags/sec_edgar_dag.py for tasks to queue
[2026-02-15T23:06:48.581+0000] {logging_mixin.py:188} INFO - [2026-02-15T23:06:48.581+0000] {dagbag.py:538} INFO - Filling up the DagBag from /opt/airflow/dags/sec_edgar_dag.py
[2026-02-15T23:06:48.891+0000] {processor.py:840} INFO - DAG(s) 'sec_edgar_pipeline' retrieved from /opt/airflow/dags/sec_edgar_dag.py
[2026-02-15T23:06:48.929+0000] {logging_mixin.py:188} INFO - [2026-02-15T23:06:48.928+0000] {dag.py:3036} INFO - Sync 1 DAGs
[2026-02-15T23:06:48.963+0000] {logging_mixin.py:188} INFO - [2026-02-15T23:06:48.963+0000] {dag.py:3823} INFO - Setting next_dagrun for sec_edgar_pipeline to 2026-02-15 09:00:00+00:00, run_after=2026-02-16 09:00:00+00:00
[2026-02-15T23:06:48.993+0000] {processor.py:183} INFO - Processing /opt/airflow/dags/sec_edgar_dag.py took 0.419 seconds
[2026-02-15T23:07:19.890+0000] {processor.py:161} INFO - Started process (PID=12373) to work on /opt/airflow/dags/sec_edgar_dag.py
[2026-02-15T23:07:19.893+0000] {processor.py:830} INFO - Processing file /opt/airflow/dags/sec_edgar_dag.py for tasks to queue
[2026-02-15T23:07:19.896+0000] {logging_mixin.py:188} INFO - [2026-02-15T23:07:19.895+0000] {dagbag.py:538} INFO - Filling up the DagBag from /opt/airflow/dags/sec_edgar_dag.py
[2026-02-15T23:07:20.213+0000] {processor.py:840} INFO - DAG(s) 'sec_edgar_pipeline' retrieved from /opt/airflow/dags/sec_edgar_dag.py
[2026-02-15T23:07:20.253+0000] {logging_mixin.py:188} INFO - [2026-02-15T23:07:20.252+0000] {dag.py:3036} INFO - Sync 1 DAGs
[2026-02-15T23:07:20.286+0000] {logging_mixin.py:188} INFO - [2026-02-15T23:07:20.286+0000] {dag.py:3823} INFO - Setting next_dagrun for sec_edgar_pipeline to 2026-02-15 09:00:00+00:00, run_after=2026-02-16 09:00:00+00:00
[2026-02-15T23:07:20.323+0000] {processor.py:183} INFO - Processing /opt/airflow/dags/sec_edgar_dag.py took 0.437 seconds
[2026-02-15T23:07:50.517+0000] {processor.py:161} INFO - Started process (PID=12389) to work on /opt/airflow/dags/sec_edgar_dag.py
[2026-02-15T23:07:50.518+0000] {processor.py:830} INFO - Processing file /opt/airflow/dags/sec_edgar_dag.py for tasks to queue
[2026-02-15T23:07:50.520+0000] {logging_mixin.py:188} INFO - [2026-02-15T23:07:50.519+0000] {dagbag.py:538} INFO - Filling up the DagBag from /opt/airflow/dags/sec_edgar_dag.py
[2026-02-15T23:07:50.813+0000] {processor.py:840} INFO - DAG(s) 'sec_edgar_pipeline' retrieved from /opt/airflow/dags/sec_edgar_dag.py
[2026-02-15T23:07:50.851+0000] {logging_mixin.py:188} INFO - [2026-02-15T23:07:50.850+0000] {dag.py:3036} INFO - Sync 1 DAGs
[2026-02-15T23:07:50.881+0000] {logging_mixin.py:188} INFO - [2026-02-15T23:07:50.881+0000] {dag.py:3823} INFO - Setting next_dagrun for sec_edgar_pipeline to 2026-02-15 09:00:00+00:00, run_after=2026-02-16 09:00:00+00:00
[2026-02-15T23:07:50.909+0000] {processor.py:183} INFO - Processing /opt/airflow/dags/sec_edgar_dag.py took 0.397 seconds
[2026-02-15T23:08:21.809+0000] {processor.py:161} INFO - Started process (PID=12405) to work on /opt/airflow/dags/sec_edgar_dag.py
[2026-02-15T23:08:21.810+0000] {processor.py:830} INFO - Processing file /opt/airflow/dags/sec_edgar_dag.py for tasks to queue
[2026-02-15T23:08:21.812+0000] {logging_mixin.py:188} INFO - [2026-02-15T23:08:21.811+0000] {dagbag.py:538} INFO - Filling up the DagBag from /opt/airflow/dags/sec_edgar_dag.py
[2026-02-15T23:08:22.147+0000] {processor.py:840} INFO - DAG(s) 'sec_edgar_pipeline' retrieved from /opt/airflow/dags/sec_edgar_dag.py
[2026-02-15T23:08:22.187+0000] {logging_mixin.py:188} INFO - [2026-02-15T23:08:22.187+0000] {dag.py:3036} INFO - Sync 1 DAGs
[2026-02-15T23:08:22.228+0000] {logging_mixin.py:188} INFO - [2026-02-15T23:08:22.228+0000] {dag.py:3823} INFO - Setting next_dagrun for sec_edgar_pipeline to 2026-02-15 09:00:00+00:00, run_after=2026-02-16 09:00:00+00:00
[2026-02-15T23:08:22.270+0000] {processor.py:183} INFO - Processing /opt/airflow/dags/sec_edgar_dag.py took 0.465 seconds
[2026-02-15T23:08:52.370+0000] {processor.py:161} INFO - Started process (PID=12421) to work on /opt/airflow/dags/sec_edgar_dag.py
[2026-02-15T23:08:52.372+0000] {processor.py:830} INFO - Processing file /opt/airflow/dags/sec_edgar_dag.py for tasks to queue
[2026-02-15T23:08:52.374+0000] {logging_mixin.py:188} INFO - [2026-02-15T23:08:52.373+0000] {dagbag.py:538} INFO - Filling up the DagBag from /opt/airflow/dags/sec_edgar_dag.py
[2026-02-15T23:08:52.675+0000] {processor.py:840} INFO - DAG(s) 'sec_edgar_pipeline' retrieved from /opt/airflow/dags/sec_edgar_dag.py
[2026-02-15T23:08:52.714+0000] {logging_mixin.py:188} INFO - [2026-02-15T23:08:52.713+0000] {dag.py:3036} INFO - Sync 1 DAGs
[2026-02-15T23:08:52.750+0000] {logging_mixin.py:188} INFO - [2026-02-15T23:08:52.749+0000] {dag.py:3823} INFO - Setting next_dagrun for sec_edgar_pipeline to 2026-02-15 09:00:00+00:00, run_after=2026-02-16 09:00:00+00:00
[2026-02-15T23:08:52.788+0000] {processor.py:183} INFO - Processing /opt/airflow/dags/sec_edgar_dag.py took 0.423 seconds
[2026-02-15T23:09:23.681+0000] {processor.py:161} INFO - Started process (PID=12437) to work on /opt/airflow/dags/sec_edgar_dag.py
[2026-02-15T23:09:23.682+0000] {processor.py:830} INFO - Processing file /opt/airflow/dags/sec_edgar_dag.py for tasks to queue
[2026-02-15T23:09:23.684+0000] {logging_mixin.py:188} INFO - [2026-02-15T23:09:23.683+0000] {dagbag.py:538} INFO - Filling up the DagBag from /opt/airflow/dags/sec_edgar_dag.py
[2026-02-15T23:09:23.989+0000] {processor.py:840} INFO - DAG(s) 'sec_edgar_pipeline' retrieved from /opt/airflow/dags/sec_edgar_dag.py
[2026-02-15T23:09:24.023+0000] {logging_mixin.py:188} INFO - [2026-02-15T23:09:24.023+0000] {dag.py:3036} INFO - Sync 1 DAGs
[2026-02-15T23:09:24.057+0000] {logging_mixin.py:188} INFO - [2026-02-15T23:09:24.057+0000] {dag.py:3823} INFO - Setting next_dagrun for sec_edgar_pipeline to 2026-02-15 09:00:00+00:00, run_after=2026-02-16 09:00:00+00:00
[2026-02-15T23:09:24.186+0000] {processor.py:183} INFO - Processing /opt/airflow/dags/sec_edgar_dag.py took 0.510 seconds
[2026-02-15T23:09:55.114+0000] {processor.py:161} INFO - Started process (PID=12453) to work on /opt/airflow/dags/sec_edgar_dag.py
[2026-02-15T23:09:55.116+0000] {processor.py:830} INFO - Processing file /opt/airflow/dags/sec_edgar_dag.py for tasks to queue
[2026-02-15T23:09:55.117+0000] {logging_mixin.py:188} INFO - [2026-02-15T23:09:55.117+0000] {dagbag.py:538} INFO - Filling up the DagBag from /opt/airflow/dags/sec_edgar_dag.py
[2026-02-15T23:09:55.428+0000] {processor.py:840} INFO - DAG(s) 'sec_edgar_pipeline' retrieved from /opt/airflow/dags/sec_edgar_dag.py
[2026-02-15T23:09:55.459+0000] {logging_mixin.py:188} INFO - [2026-02-15T23:09:55.459+0000] {dag.py:3036} INFO - Sync 1 DAGs
[2026-02-15T23:09:55.492+0000] {logging_mixin.py:188} INFO - [2026-02-15T23:09:55.492+0000] {dag.py:3823} INFO - Setting next_dagrun for sec_edgar_pipeline to 2026-02-15 09:00:00+00:00, run_after=2026-02-16 09:00:00+00:00
[2026-02-15T23:09:55.522+0000] {processor.py:183} INFO - Processing /opt/airflow/dags/sec_edgar_dag.py took 0.411 seconds
[2026-02-15T23:10:25.750+0000] {processor.py:161} INFO - Started process (PID=12474) to work on /opt/airflow/dags/sec_edgar_dag.py
[2026-02-15T23:10:25.752+0000] {processor.py:830} INFO - Processing file /opt/airflow/dags/sec_edgar_dag.py for tasks to queue
[2026-02-15T23:10:25.754+0000] {logging_mixin.py:188} INFO - [2026-02-15T23:10:25.753+0000] {dagbag.py:538} INFO - Filling up the DagBag from /opt/airflow/dags/sec_edgar_dag.py
[2026-02-15T23:10:26.086+0000] {processor.py:840} INFO - DAG(s) 'sec_edgar_pipeline' retrieved from /opt/airflow/dags/sec_edgar_dag.py
[2026-02-15T23:10:26.129+0000] {logging_mixin.py:188} INFO - [2026-02-15T23:10:26.129+0000] {dag.py:3036} INFO - Sync 1 DAGs
[2026-02-15T23:10:26.166+0000] {logging_mixin.py:188} INFO - [2026-02-15T23:10:26.166+0000] {dag.py:3823} INFO - Setting next_dagrun for sec_edgar_pipeline to 2026-02-15 09:00:00+00:00, run_after=2026-02-16 09:00:00+00:00
[2026-02-15T23:10:26.203+0000] {processor.py:183} INFO - Processing /opt/airflow/dags/sec_edgar_dag.py took 0.459 seconds
[2026-02-15T23:10:57.033+0000] {processor.py:161} INFO - Started process (PID=12490) to work on /opt/airflow/dags/sec_edgar_dag.py
[2026-02-15T23:10:57.035+0000] {processor.py:830} INFO - Processing file /opt/airflow/dags/sec_edgar_dag.py for tasks to queue
[2026-02-15T23:10:57.037+0000] {logging_mixin.py:188} INFO - [2026-02-15T23:10:57.036+0000] {dagbag.py:538} INFO - Filling up the DagBag from /opt/airflow/dags/sec_edgar_dag.py
[2026-02-15T23:10:57.338+0000] {processor.py:840} INFO - DAG(s) 'sec_edgar_pipeline' retrieved from /opt/airflow/dags/sec_edgar_dag.py
[2026-02-15T23:10:57.378+0000] {logging_mixin.py:188} INFO - [2026-02-15T23:10:57.377+0000] {dag.py:3036} INFO - Sync 1 DAGs
[2026-02-15T23:10:57.413+0000] {logging_mixin.py:188} INFO - [2026-02-15T23:10:57.412+0000] {dag.py:3823} INFO - Setting next_dagrun for sec_edgar_pipeline to 2026-02-15 09:00:00+00:00, run_after=2026-02-16 09:00:00+00:00
[2026-02-15T23:10:57.454+0000] {processor.py:183} INFO - Processing /opt/airflow/dags/sec_edgar_dag.py took 0.427 seconds
[2026-02-15T23:11:27.570+0000] {processor.py:161} INFO - Started process (PID=12506) to work on /opt/airflow/dags/sec_edgar_dag.py
[2026-02-15T23:11:27.571+0000] {processor.py:830} INFO - Processing file /opt/airflow/dags/sec_edgar_dag.py for tasks to queue
[2026-02-15T23:11:27.573+0000] {logging_mixin.py:188} INFO - [2026-02-15T23:11:27.572+0000] {dagbag.py:538} INFO - Filling up the DagBag from /opt/airflow/dags/sec_edgar_dag.py
[2026-02-15T23:11:27.900+0000] {processor.py:840} INFO - DAG(s) 'sec_edgar_pipeline' retrieved from /opt/airflow/dags/sec_edgar_dag.py
[2026-02-15T23:11:27.939+0000] {logging_mixin.py:188} INFO - [2026-02-15T23:11:27.938+0000] {dag.py:3036} INFO - Sync 1 DAGs
[2026-02-15T23:11:27.981+0000] {logging_mixin.py:188} INFO - [2026-02-15T23:11:27.981+0000] {dag.py:3823} INFO - Setting next_dagrun for sec_edgar_pipeline to 2026-02-15 09:00:00+00:00, run_after=2026-02-16 09:00:00+00:00
[2026-02-15T23:11:28.011+0000] {processor.py:183} INFO - Processing /opt/airflow/dags/sec_edgar_dag.py took 0.446 seconds
[2026-02-15T23:11:58.153+0000] {processor.py:161} INFO - Started process (PID=12522) to work on /opt/airflow/dags/sec_edgar_dag.py
[2026-02-15T23:11:58.155+0000] {processor.py:830} INFO - Processing file /opt/airflow/dags/sec_edgar_dag.py for tasks to queue
[2026-02-15T23:11:58.156+0000] {logging_mixin.py:188} INFO - [2026-02-15T23:11:58.156+0000] {dagbag.py:538} INFO - Filling up the DagBag from /opt/airflow/dags/sec_edgar_dag.py
[2026-02-15T23:11:58.500+0000] {processor.py:840} INFO - DAG(s) 'sec_edgar_pipeline' retrieved from /opt/airflow/dags/sec_edgar_dag.py
[2026-02-15T23:11:58.536+0000] {logging_mixin.py:188} INFO - [2026-02-15T23:11:58.535+0000] {dag.py:3036} INFO - Sync 1 DAGs
[2026-02-15T23:11:58.574+0000] {logging_mixin.py:188} INFO - [2026-02-15T23:11:58.574+0000] {dag.py:3823} INFO - Setting next_dagrun for sec_edgar_pipeline to 2026-02-15 09:00:00+00:00, run_after=2026-02-16 09:00:00+00:00
[2026-02-15T23:11:58.615+0000] {processor.py:183} INFO - Processing /opt/airflow/dags/sec_edgar_dag.py took 0.467 seconds
[2026-02-15T23:12:28.723+0000] {processor.py:161} INFO - Started process (PID=12538) to work on /opt/airflow/dags/sec_edgar_dag.py
[2026-02-15T23:12:28.724+0000] {processor.py:830} INFO - Processing file /opt/airflow/dags/sec_edgar_dag.py for tasks to queue
[2026-02-15T23:12:28.726+0000] {logging_mixin.py:188} INFO - [2026-02-15T23:12:28.725+0000] {dagbag.py:538} INFO - Filling up the DagBag from /opt/airflow/dags/sec_edgar_dag.py
[2026-02-15T23:12:29.029+0000] {processor.py:840} INFO - DAG(s) 'sec_edgar_pipeline' retrieved from /opt/airflow/dags/sec_edgar_dag.py
[2026-02-15T23:12:29.064+0000] {logging_mixin.py:188} INFO - [2026-02-15T23:12:29.064+0000] {dag.py:3036} INFO - Sync 1 DAGs
[2026-02-15T23:12:29.100+0000] {logging_mixin.py:188} INFO - [2026-02-15T23:12:29.100+0000] {dag.py:3823} INFO - Setting next_dagrun for sec_edgar_pipeline to 2026-02-15 09:00:00+00:00, run_after=2026-02-16 09:00:00+00:00
[2026-02-15T23:12:29.150+0000] {processor.py:183} INFO - Processing /opt/airflow/dags/sec_edgar_dag.py took 0.431 seconds
[2026-02-15T23:13:00.010+0000] {processor.py:161} INFO - Started process (PID=12554) to work on /opt/airflow/dags/sec_edgar_dag.py
[2026-02-15T23:13:00.013+0000] {processor.py:830} INFO - Processing file /opt/airflow/dags/sec_edgar_dag.py for tasks to queue
[2026-02-15T23:13:00.015+0000] {logging_mixin.py:188} INFO - [2026-02-15T23:13:00.014+0000] {dagbag.py:538} INFO - Filling up the DagBag from /opt/airflow/dags/sec_edgar_dag.py
[2026-02-15T23:13:00.349+0000] {processor.py:840} INFO - DAG(s) 'sec_edgar_pipeline' retrieved from /opt/airflow/dags/sec_edgar_dag.py
[2026-02-15T23:13:00.380+0000] {logging_mixin.py:188} INFO - [2026-02-15T23:13:00.380+0000] {dag.py:3036} INFO - Sync 1 DAGs
[2026-02-15T23:13:00.408+0000] {logging_mixin.py:188} INFO - [2026-02-15T23:13:00.407+0000] {dag.py:3823} INFO - Setting next_dagrun for sec_edgar_pipeline to 2026-02-15 09:00:00+00:00, run_after=2026-02-16 09:00:00+00:00
[2026-02-15T23:13:00.431+0000] {processor.py:183} INFO - Processing /opt/airflow/dags/sec_edgar_dag.py took 0.426 seconds
[2026-02-15T23:13:30.671+0000] {processor.py:161} INFO - Started process (PID=12570) to work on /opt/airflow/dags/sec_edgar_dag.py
[2026-02-15T23:13:30.672+0000] {processor.py:830} INFO - Processing file /opt/airflow/dags/sec_edgar_dag.py for tasks to queue
[2026-02-15T23:13:30.674+0000] {logging_mixin.py:188} INFO - [2026-02-15T23:13:30.673+0000] {dagbag.py:538} INFO - Filling up the DagBag from /opt/airflow/dags/sec_edgar_dag.py
[2026-02-15T23:13:31.028+0000] {processor.py:840} INFO - DAG(s) 'sec_edgar_pipeline' retrieved from /opt/airflow/dags/sec_edgar_dag.py
[2026-02-15T23:13:31.071+0000] {logging_mixin.py:188} INFO - [2026-02-15T23:13:31.070+0000] {dag.py:3036} INFO - Sync 1 DAGs
[2026-02-15T23:13:31.125+0000] {logging_mixin.py:188} INFO - [2026-02-15T23:13:31.124+0000] {dag.py:3823} INFO - Setting next_dagrun for sec_edgar_pipeline to 2026-02-15 09:00:00+00:00, run_after=2026-02-16 09:00:00+00:00
[2026-02-15T23:13:31.153+0000] {processor.py:183} INFO - Processing /opt/airflow/dags/sec_edgar_dag.py took 0.488 seconds
[2026-02-15T23:14:01.934+0000] {processor.py:161} INFO - Started process (PID=12586) to work on /opt/airflow/dags/sec_edgar_dag.py
[2026-02-15T23:14:01.935+0000] {processor.py:830} INFO - Processing file /opt/airflow/dags/sec_edgar_dag.py for tasks to queue
[2026-02-15T23:14:01.937+0000] {logging_mixin.py:188} INFO - [2026-02-15T23:14:01.936+0000] {dagbag.py:538} INFO - Filling up the DagBag from /opt/airflow/dags/sec_edgar_dag.py
[2026-02-15T23:14:02.233+0000] {processor.py:840} INFO - DAG(s) 'sec_edgar_pipeline' retrieved from /opt/airflow/dags/sec_edgar_dag.py
[2026-02-15T23:14:02.270+0000] {logging_mixin.py:188} INFO - [2026-02-15T23:14:02.269+0000] {dag.py:3036} INFO - Sync 1 DAGs
[2026-02-15T23:14:02.305+0000] {logging_mixin.py:188} INFO - [2026-02-15T23:14:02.305+0000] {dag.py:3823} INFO - Setting next_dagrun for sec_edgar_pipeline to 2026-02-15 09:00:00+00:00, run_after=2026-02-16 09:00:00+00:00
[2026-02-15T23:14:02.332+0000] {processor.py:183} INFO - Processing /opt/airflow/dags/sec_edgar_dag.py took 0.403 seconds
[2026-02-15T23:14:32.554+0000] {processor.py:161} INFO - Started process (PID=12602) to work on /opt/airflow/dags/sec_edgar_dag.py
[2026-02-15T23:14:32.556+0000] {processor.py:830} INFO - Processing file /opt/airflow/dags/sec_edgar_dag.py for tasks to queue
[2026-02-15T23:14:32.558+0000] {logging_mixin.py:188} INFO - [2026-02-15T23:14:32.557+0000] {dagbag.py:538} INFO - Filling up the DagBag from /opt/airflow/dags/sec_edgar_dag.py
[2026-02-15T23:14:32.916+0000] {processor.py:840} INFO - DAG(s) 'sec_edgar_pipeline' retrieved from /opt/airflow/dags/sec_edgar_dag.py
[2026-02-15T23:14:32.957+0000] {logging_mixin.py:188} INFO - [2026-02-15T23:14:32.956+0000] {dag.py:3036} INFO - Sync 1 DAGs
[2026-02-15T23:14:33.001+0000] {logging_mixin.py:188} INFO - [2026-02-15T23:14:33.001+0000] {dag.py:3823} INFO - Setting next_dagrun for sec_edgar_pipeline to 2026-02-15 09:00:00+00:00, run_after=2026-02-16 09:00:00+00:00
[2026-02-15T23:14:33.033+0000] {processor.py:183} INFO - Processing /opt/airflow/dags/sec_edgar_dag.py took 0.484 seconds
[2026-02-15T23:15:03.832+0000] {processor.py:161} INFO - Started process (PID=12618) to work on /opt/airflow/dags/sec_edgar_dag.py
[2026-02-15T23:15:03.834+0000] {processor.py:830} INFO - Processing file /opt/airflow/dags/sec_edgar_dag.py for tasks to queue
[2026-02-15T23:15:03.836+0000] {logging_mixin.py:188} INFO - [2026-02-15T23:15:03.835+0000] {dagbag.py:538} INFO - Filling up the DagBag from /opt/airflow/dags/sec_edgar_dag.py
[2026-02-15T23:15:04.170+0000] {processor.py:840} INFO - DAG(s) 'sec_edgar_pipeline' retrieved from /opt/airflow/dags/sec_edgar_dag.py
[2026-02-15T23:15:04.207+0000] {logging_mixin.py:188} INFO - [2026-02-15T23:15:04.206+0000] {dag.py:3036} INFO - Sync 1 DAGs
[2026-02-15T23:15:04.246+0000] {logging_mixin.py:188} INFO - [2026-02-15T23:15:04.246+0000] {dag.py:3823} INFO - Setting next_dagrun for sec_edgar_pipeline to 2026-02-15 09:00:00+00:00, run_after=2026-02-16 09:00:00+00:00
[2026-02-15T23:15:04.278+0000] {processor.py:183} INFO - Processing /opt/airflow/dags/sec_edgar_dag.py took 0.450 seconds
[2026-02-15T23:15:34.474+0000] {processor.py:161} INFO - Started process (PID=12635) to work on /opt/airflow/dags/sec_edgar_dag.py
[2026-02-15T23:15:34.475+0000] {processor.py:830} INFO - Processing file /opt/airflow/dags/sec_edgar_dag.py for tasks to queue
[2026-02-15T23:15:34.477+0000] {logging_mixin.py:188} INFO - [2026-02-15T23:15:34.477+0000] {dagbag.py:538} INFO - Filling up the DagBag from /opt/airflow/dags/sec_edgar_dag.py
[2026-02-15T23:15:34.796+0000] {processor.py:840} INFO - DAG(s) 'sec_edgar_pipeline' retrieved from /opt/airflow/dags/sec_edgar_dag.py
[2026-02-15T23:15:34.839+0000] {logging_mixin.py:188} INFO - [2026-02-15T23:15:34.838+0000] {dag.py:3036} INFO - Sync 1 DAGs
[2026-02-15T23:15:34.876+0000] {logging_mixin.py:188} INFO - [2026-02-15T23:15:34.876+0000] {dag.py:3823} INFO - Setting next_dagrun for sec_edgar_pipeline to 2026-02-15 09:00:00+00:00, run_after=2026-02-16 09:00:00+00:00
[2026-02-15T23:15:34.913+0000] {processor.py:183} INFO - Processing /opt/airflow/dags/sec_edgar_dag.py took 0.443 seconds
[2026-02-15T23:16:05.762+0000] {processor.py:161} INFO - Started process (PID=12651) to work on /opt/airflow/dags/sec_edgar_dag.py
[2026-02-15T23:16:05.765+0000] {processor.py:830} INFO - Processing file /opt/airflow/dags/sec_edgar_dag.py for tasks to queue
[2026-02-15T23:16:05.768+0000] {logging_mixin.py:188} INFO - [2026-02-15T23:16:05.768+0000] {dagbag.py:538} INFO - Filling up the DagBag from /opt/airflow/dags/sec_edgar_dag.py
[2026-02-15T23:16:06.111+0000] {processor.py:840} INFO - DAG(s) 'sec_edgar_pipeline' retrieved from /opt/airflow/dags/sec_edgar_dag.py
[2026-02-15T23:16:06.150+0000] {logging_mixin.py:188} INFO - [2026-02-15T23:16:06.149+0000] {dag.py:3036} INFO - Sync 1 DAGs
[2026-02-15T23:16:06.186+0000] {logging_mixin.py:188} INFO - [2026-02-15T23:16:06.186+0000] {dag.py:3823} INFO - Setting next_dagrun for sec_edgar_pipeline to 2026-02-15 09:00:00+00:00, run_after=2026-02-16 09:00:00+00:00
[2026-02-15T23:16:06.232+0000] {processor.py:183} INFO - Processing /opt/airflow/dags/sec_edgar_dag.py took 0.475 seconds
[2026-02-15T23:16:36.457+0000] {processor.py:161} INFO - Started process (PID=12667) to work on /opt/airflow/dags/sec_edgar_dag.py
[2026-02-15T23:16:36.459+0000] {processor.py:830} INFO - Processing file /opt/airflow/dags/sec_edgar_dag.py for tasks to queue
[2026-02-15T23:16:36.461+0000] {logging_mixin.py:188} INFO - [2026-02-15T23:16:36.460+0000] {dagbag.py:538} INFO - Filling up the DagBag from /opt/airflow/dags/sec_edgar_dag.py
[2026-02-15T23:16:36.773+0000] {processor.py:840} INFO - DAG(s) 'sec_edgar_pipeline' retrieved from /opt/airflow/dags/sec_edgar_dag.py
[2026-02-15T23:16:36.815+0000] {logging_mixin.py:188} INFO - [2026-02-15T23:16:36.814+0000] {dag.py:3036} INFO - Sync 1 DAGs
[2026-02-15T23:16:36.853+0000] {logging_mixin.py:188} INFO - [2026-02-15T23:16:36.852+0000] {dag.py:3823} INFO - Setting next_dagrun for sec_edgar_pipeline to 2026-02-15 09:00:00+00:00, run_after=2026-02-16 09:00:00+00:00
[2026-02-15T23:16:36.882+0000] {processor.py:183} INFO - Processing /opt/airflow/dags/sec_edgar_dag.py took 0.430 seconds
[2026-02-15T23:17:07.219+0000] {processor.py:161} INFO - Started process (PID=12683) to work on /opt/airflow/dags/sec_edgar_dag.py
[2026-02-15T23:17:07.221+0000] {processor.py:830} INFO - Processing file /opt/airflow/dags/sec_edgar_dag.py for tasks to queue
[2026-02-15T23:17:07.222+0000] {logging_mixin.py:188} INFO - [2026-02-15T23:17:07.222+0000] {dagbag.py:538} INFO - Filling up the DagBag from /opt/airflow/dags/sec_edgar_dag.py
[2026-02-15T23:17:07.521+0000] {processor.py:840} INFO - DAG(s) 'sec_edgar_pipeline' retrieved from /opt/airflow/dags/sec_edgar_dag.py
[2026-02-15T23:17:07.563+0000] {logging_mixin.py:188} INFO - [2026-02-15T23:17:07.562+0000] {dag.py:3036} INFO - Sync 1 DAGs
[2026-02-15T23:17:07.598+0000] {logging_mixin.py:188} INFO - [2026-02-15T23:17:07.597+0000] {dag.py:3823} INFO - Setting next_dagrun for sec_edgar_pipeline to 2026-02-15 09:00:00+00:00, run_after=2026-02-16 09:00:00+00:00
[2026-02-15T23:17:07.638+0000] {processor.py:183} INFO - Processing /opt/airflow/dags/sec_edgar_dag.py took 0.422 seconds
[2026-02-15T23:17:37.867+0000] {processor.py:161} INFO - Started process (PID=12699) to work on /opt/airflow/dags/sec_edgar_dag.py
[2026-02-15T23:17:37.868+0000] {processor.py:830} INFO - Processing file /opt/airflow/dags/sec_edgar_dag.py for tasks to queue
[2026-02-15T23:17:37.870+0000] {logging_mixin.py:188} INFO - [2026-02-15T23:17:37.869+0000] {dagbag.py:538} INFO - Filling up the DagBag from /opt/airflow/dags/sec_edgar_dag.py
[2026-02-15T23:17:38.212+0000] {processor.py:840} INFO - DAG(s) 'sec_edgar_pipeline' retrieved from /opt/airflow/dags/sec_edgar_dag.py
[2026-02-15T23:17:38.255+0000] {logging_mixin.py:188} INFO - [2026-02-15T23:17:38.254+0000] {dag.py:3036} INFO - Sync 1 DAGs
[2026-02-15T23:17:38.294+0000] {logging_mixin.py:188} INFO - [2026-02-15T23:17:38.293+0000] {dag.py:3823} INFO - Setting next_dagrun for sec_edgar_pipeline to 2026-02-15 09:00:00+00:00, run_after=2026-02-16 09:00:00+00:00
[2026-02-15T23:17:38.327+0000] {processor.py:183} INFO - Processing /opt/airflow/dags/sec_edgar_dag.py took 0.464 seconds
[2026-02-15T23:18:09.147+0000] {processor.py:161} INFO - Started process (PID=12715) to work on /opt/airflow/dags/sec_edgar_dag.py
[2026-02-15T23:18:09.149+0000] {processor.py:830} INFO - Processing file /opt/airflow/dags/sec_edgar_dag.py for tasks to queue
[2026-02-15T23:18:09.151+0000] {logging_mixin.py:188} INFO - [2026-02-15T23:18:09.150+0000] {dagbag.py:538} INFO - Filling up the DagBag from /opt/airflow/dags/sec_edgar_dag.py
[2026-02-15T23:18:09.482+0000] {processor.py:840} INFO - DAG(s) 'sec_edgar_pipeline' retrieved from /opt/airflow/dags/sec_edgar_dag.py
[2026-02-15T23:18:09.631+0000] {logging_mixin.py:188} INFO - [2026-02-15T23:18:09.631+0000] {dag.py:3036} INFO - Sync 1 DAGs
[2026-02-15T23:18:09.665+0000] {logging_mixin.py:188} INFO - [2026-02-15T23:18:09.665+0000] {dag.py:3823} INFO - Setting next_dagrun for sec_edgar_pipeline to 2026-02-15 09:00:00+00:00, run_after=2026-02-16 09:00:00+00:00
[2026-02-15T23:18:09.706+0000] {processor.py:183} INFO - Processing /opt/airflow/dags/sec_edgar_dag.py took 0.563 seconds
[2026-02-15T23:18:40.595+0000] {processor.py:161} INFO - Started process (PID=12731) to work on /opt/airflow/dags/sec_edgar_dag.py
[2026-02-15T23:18:40.597+0000] {processor.py:830} INFO - Processing file /opt/airflow/dags/sec_edgar_dag.py for tasks to queue
[2026-02-15T23:18:40.598+0000] {logging_mixin.py:188} INFO - [2026-02-15T23:18:40.598+0000] {dagbag.py:538} INFO - Filling up the DagBag from /opt/airflow/dags/sec_edgar_dag.py
[2026-02-15T23:18:40.930+0000] {processor.py:840} INFO - DAG(s) 'sec_edgar_pipeline' retrieved from /opt/airflow/dags/sec_edgar_dag.py
[2026-02-15T23:18:40.968+0000] {logging_mixin.py:188} INFO - [2026-02-15T23:18:40.967+0000] {dag.py:3036} INFO - Sync 1 DAGs
[2026-02-15T23:18:41.002+0000] {logging_mixin.py:188} INFO - [2026-02-15T23:18:41.002+0000] {dag.py:3823} INFO - Setting next_dagrun for sec_edgar_pipeline to 2026-02-15 09:00:00+00:00, run_after=2026-02-16 09:00:00+00:00
[2026-02-15T23:18:41.042+0000] {processor.py:183} INFO - Processing /opt/airflow/dags/sec_edgar_dag.py took 0.453 seconds
[2026-02-15T23:19:11.236+0000] {processor.py:161} INFO - Started process (PID=12748) to work on /opt/airflow/dags/sec_edgar_dag.py
[2026-02-15T23:19:11.238+0000] {processor.py:830} INFO - Processing file /opt/airflow/dags/sec_edgar_dag.py for tasks to queue
[2026-02-15T23:19:11.240+0000] {logging_mixin.py:188} INFO - [2026-02-15T23:19:11.239+0000] {dagbag.py:538} INFO - Filling up the DagBag from /opt/airflow/dags/sec_edgar_dag.py
[2026-02-15T23:19:11.605+0000] {processor.py:840} INFO - DAG(s) 'sec_edgar_pipeline' retrieved from /opt/airflow/dags/sec_edgar_dag.py
[2026-02-15T23:19:11.642+0000] {logging_mixin.py:188} INFO - [2026-02-15T23:19:11.641+0000] {dag.py:3036} INFO - Sync 1 DAGs
[2026-02-15T23:19:11.714+0000] {logging_mixin.py:188} INFO - [2026-02-15T23:19:11.714+0000] {dag.py:3823} INFO - Setting next_dagrun for sec_edgar_pipeline to 2026-02-15 09:00:00+00:00, run_after=2026-02-16 09:00:00+00:00
[2026-02-15T23:19:11.754+0000] {processor.py:183} INFO - Processing /opt/airflow/dags/sec_edgar_dag.py took 0.522 seconds
[2026-02-15T23:19:42.532+0000] {processor.py:161} INFO - Started process (PID=12764) to work on /opt/airflow/dags/sec_edgar_dag.py
[2026-02-15T23:19:42.534+0000] {processor.py:830} INFO - Processing file /opt/airflow/dags/sec_edgar_dag.py for tasks to queue
[2026-02-15T23:19:42.535+0000] {logging_mixin.py:188} INFO - [2026-02-15T23:19:42.535+0000] {dagbag.py:538} INFO - Filling up the DagBag from /opt/airflow/dags/sec_edgar_dag.py
[2026-02-15T23:19:42.868+0000] {processor.py:840} INFO - DAG(s) 'sec_edgar_pipeline' retrieved from /opt/airflow/dags/sec_edgar_dag.py
[2026-02-15T23:19:42.900+0000] {logging_mixin.py:188} INFO - [2026-02-15T23:19:42.900+0000] {dag.py:3036} INFO - Sync 1 DAGs
[2026-02-15T23:19:42.934+0000] {logging_mixin.py:188} INFO - [2026-02-15T23:19:42.933+0000] {dag.py:3823} INFO - Setting next_dagrun for sec_edgar_pipeline to 2026-02-15 09:00:00+00:00, run_after=2026-02-16 09:00:00+00:00
[2026-02-15T23:19:42.969+0000] {processor.py:183} INFO - Processing /opt/airflow/dags/sec_edgar_dag.py took 0.442 seconds
[2026-02-15T23:20:13.156+0000] {processor.py:161} INFO - Started process (PID=12780) to work on /opt/airflow/dags/sec_edgar_dag.py
[2026-02-15T23:20:13.158+0000] {processor.py:830} INFO - Processing file /opt/airflow/dags/sec_edgar_dag.py for tasks to queue
[2026-02-15T23:20:13.160+0000] {logging_mixin.py:188} INFO - [2026-02-15T23:20:13.160+0000] {dagbag.py:538} INFO - Filling up the DagBag from /opt/airflow/dags/sec_edgar_dag.py
[2026-02-15T23:20:13.506+0000] {processor.py:840} INFO - DAG(s) 'sec_edgar_pipeline' retrieved from /opt/airflow/dags/sec_edgar_dag.py
[2026-02-15T23:20:13.548+0000] {logging_mixin.py:188} INFO - [2026-02-15T23:20:13.548+0000] {dag.py:3036} INFO - Sync 1 DAGs
[2026-02-15T23:20:13.585+0000] {logging_mixin.py:188} INFO - [2026-02-15T23:20:13.585+0000] {dag.py:3823} INFO - Setting next_dagrun for sec_edgar_pipeline to 2026-02-15 09:00:00+00:00, run_after=2026-02-16 09:00:00+00:00
[2026-02-15T23:20:13.624+0000] {processor.py:183} INFO - Processing /opt/airflow/dags/sec_edgar_dag.py took 0.472 seconds
[2026-02-15T23:20:44.446+0000] {processor.py:161} INFO - Started process (PID=12796) to work on /opt/airflow/dags/sec_edgar_dag.py
[2026-02-15T23:20:44.449+0000] {processor.py:830} INFO - Processing file /opt/airflow/dags/sec_edgar_dag.py for tasks to queue
[2026-02-15T23:20:44.450+0000] {logging_mixin.py:188} INFO - [2026-02-15T23:20:44.450+0000] {dagbag.py:538} INFO - Filling up the DagBag from /opt/airflow/dags/sec_edgar_dag.py
[2026-02-15T23:20:44.777+0000] {processor.py:840} INFO - DAG(s) 'sec_edgar_pipeline' retrieved from /opt/airflow/dags/sec_edgar_dag.py
[2026-02-15T23:20:44.819+0000] {logging_mixin.py:188} INFO - [2026-02-15T23:20:44.818+0000] {dag.py:3036} INFO - Sync 1 DAGs
[2026-02-15T23:20:44.867+0000] {logging_mixin.py:188} INFO - [2026-02-15T23:20:44.867+0000] {dag.py:3823} INFO - Setting next_dagrun for sec_edgar_pipeline to 2026-02-15 09:00:00+00:00, run_after=2026-02-16 09:00:00+00:00
[2026-02-15T23:20:44.919+0000] {processor.py:183} INFO - Processing /opt/airflow/dags/sec_edgar_dag.py took 0.477 seconds
[2026-02-15T23:21:15.059+0000] {processor.py:161} INFO - Started process (PID=12812) to work on /opt/airflow/dags/sec_edgar_dag.py
[2026-02-15T23:21:15.061+0000] {processor.py:830} INFO - Processing file /opt/airflow/dags/sec_edgar_dag.py for tasks to queue
[2026-02-15T23:21:15.062+0000] {logging_mixin.py:188} INFO - [2026-02-15T23:21:15.062+0000] {dagbag.py:538} INFO - Filling up the DagBag from /opt/airflow/dags/sec_edgar_dag.py
[2026-02-15T23:21:15.507+0000] {processor.py:840} INFO - DAG(s) 'sec_edgar_pipeline' retrieved from /opt/airflow/dags/sec_edgar_dag.py
[2026-02-15T23:21:15.563+0000] {logging_mixin.py:188} INFO - [2026-02-15T23:21:15.562+0000] {dag.py:3036} INFO - Sync 1 DAGs
[2026-02-15T23:21:15.609+0000] {logging_mixin.py:188} INFO - [2026-02-15T23:21:15.608+0000] {dag.py:3823} INFO - Setting next_dagrun for sec_edgar_pipeline to 2026-02-15 09:00:00+00:00, run_after=2026-02-16 09:00:00+00:00
[2026-02-15T23:21:15.653+0000] {processor.py:183} INFO - Processing /opt/airflow/dags/sec_edgar_dag.py took 0.601 seconds
[2026-02-15T23:21:45.957+0000] {processor.py:161} INFO - Started process (PID=12828) to work on /opt/airflow/dags/sec_edgar_dag.py
[2026-02-15T23:21:45.959+0000] {processor.py:830} INFO - Processing file /opt/airflow/dags/sec_edgar_dag.py for tasks to queue
[2026-02-15T23:21:45.960+0000] {logging_mixin.py:188} INFO - [2026-02-15T23:21:45.960+0000] {dagbag.py:538} INFO - Filling up the DagBag from /opt/airflow/dags/sec_edgar_dag.py
[2026-02-15T23:21:46.287+0000] {processor.py:840} INFO - DAG(s) 'sec_edgar_pipeline' retrieved from /opt/airflow/dags/sec_edgar_dag.py
[2026-02-15T23:21:46.329+0000] {logging_mixin.py:188} INFO - [2026-02-15T23:21:46.328+0000] {dag.py:3036} INFO - Sync 1 DAGs
[2026-02-15T23:21:46.369+0000] {logging_mixin.py:188} INFO - [2026-02-15T23:21:46.368+0000] {dag.py:3823} INFO - Setting next_dagrun for sec_edgar_pipeline to 2026-02-15 09:00:00+00:00, run_after=2026-02-16 09:00:00+00:00
[2026-02-15T23:21:46.404+0000] {processor.py:183} INFO - Processing /opt/airflow/dags/sec_edgar_dag.py took 0.452 seconds
[2026-02-15T23:22:16.739+0000] {processor.py:161} INFO - Started process (PID=12844) to work on /opt/airflow/dags/sec_edgar_dag.py
[2026-02-15T23:22:16.741+0000] {processor.py:830} INFO - Processing file /opt/airflow/dags/sec_edgar_dag.py for tasks to queue
[2026-02-15T23:22:16.744+0000] {logging_mixin.py:188} INFO - [2026-02-15T23:22:16.743+0000] {dagbag.py:538} INFO - Filling up the DagBag from /opt/airflow/dags/sec_edgar_dag.py
[2026-02-15T23:22:17.102+0000] {processor.py:840} INFO - DAG(s) 'sec_edgar_pipeline' retrieved from /opt/airflow/dags/sec_edgar_dag.py
[2026-02-15T23:22:17.171+0000] {logging_mixin.py:188} INFO - [2026-02-15T23:22:17.171+0000] {dag.py:3036} INFO - Sync 1 DAGs
[2026-02-15T23:22:17.210+0000] {logging_mixin.py:188} INFO - [2026-02-15T23:22:17.209+0000] {dag.py:3823} INFO - Setting next_dagrun for sec_edgar_pipeline to 2026-02-15 09:00:00+00:00, run_after=2026-02-16 09:00:00+00:00
[2026-02-15T23:22:17.245+0000] {processor.py:183} INFO - Processing /opt/airflow/dags/sec_edgar_dag.py took 0.514 seconds
[2026-02-15T23:22:48.149+0000] {processor.py:161} INFO - Started process (PID=12860) to work on /opt/airflow/dags/sec_edgar_dag.py
[2026-02-15T23:22:48.150+0000] {processor.py:830} INFO - Processing file /opt/airflow/dags/sec_edgar_dag.py for tasks to queue
[2026-02-15T23:22:48.152+0000] {logging_mixin.py:188} INFO - [2026-02-15T23:22:48.151+0000] {dagbag.py:538} INFO - Filling up the DagBag from /opt/airflow/dags/sec_edgar_dag.py
[2026-02-15T23:22:48.473+0000] {processor.py:840} INFO - DAG(s) 'sec_edgar_pipeline' retrieved from /opt/airflow/dags/sec_edgar_dag.py
[2026-02-15T23:22:48.516+0000] {logging_mixin.py:188} INFO - [2026-02-15T23:22:48.515+0000] {dag.py:3036} INFO - Sync 1 DAGs
[2026-02-15T23:22:48.555+0000] {logging_mixin.py:188} INFO - [2026-02-15T23:22:48.554+0000] {dag.py:3823} INFO - Setting next_dagrun for sec_edgar_pipeline to 2026-02-15 09:00:00+00:00, run_after=2026-02-16 09:00:00+00:00
[2026-02-15T23:22:48.587+0000] {processor.py:183} INFO - Processing /opt/airflow/dags/sec_edgar_dag.py took 0.443 seconds
[2026-02-15T23:23:18.676+0000] {processor.py:161} INFO - Started process (PID=12876) to work on /opt/airflow/dags/sec_edgar_dag.py
[2026-02-15T23:23:18.678+0000] {processor.py:830} INFO - Processing file /opt/airflow/dags/sec_edgar_dag.py for tasks to queue
[2026-02-15T23:23:18.679+0000] {logging_mixin.py:188} INFO - [2026-02-15T23:23:18.679+0000] {dagbag.py:538} INFO - Filling up the DagBag from /opt/airflow/dags/sec_edgar_dag.py
[2026-02-15T23:23:19.030+0000] {processor.py:840} INFO - DAG(s) 'sec_edgar_pipeline' retrieved from /opt/airflow/dags/sec_edgar_dag.py
[2026-02-15T23:23:19.070+0000] {logging_mixin.py:188} INFO - [2026-02-15T23:23:19.069+0000] {dag.py:3036} INFO - Sync 1 DAGs
[2026-02-15T23:23:19.110+0000] {logging_mixin.py:188} INFO - [2026-02-15T23:23:19.109+0000] {dag.py:3823} INFO - Setting next_dagrun for sec_edgar_pipeline to 2026-02-15 09:00:00+00:00, run_after=2026-02-16 09:00:00+00:00
[2026-02-15T23:23:19.149+0000] {processor.py:183} INFO - Processing /opt/airflow/dags/sec_edgar_dag.py took 0.476 seconds
[2026-02-15T23:23:49.306+0000] {processor.py:161} INFO - Started process (PID=12893) to work on /opt/airflow/dags/sec_edgar_dag.py
[2026-02-15T23:23:49.308+0000] {processor.py:830} INFO - Processing file /opt/airflow/dags/sec_edgar_dag.py for tasks to queue
[2026-02-15T23:23:49.310+0000] {logging_mixin.py:188} INFO - [2026-02-15T23:23:49.309+0000] {dagbag.py:538} INFO - Filling up the DagBag from /opt/airflow/dags/sec_edgar_dag.py
[2026-02-15T23:23:49.654+0000] {processor.py:840} INFO - DAG(s) 'sec_edgar_pipeline' retrieved from /opt/airflow/dags/sec_edgar_dag.py
[2026-02-15T23:23:49.688+0000] {logging_mixin.py:188} INFO - [2026-02-15T23:23:49.688+0000] {dag.py:3036} INFO - Sync 1 DAGs
[2026-02-15T23:23:49.726+0000] {logging_mixin.py:188} INFO - [2026-02-15T23:23:49.725+0000] {dag.py:3823} INFO - Setting next_dagrun for sec_edgar_pipeline to 2026-02-15 09:00:00+00:00, run_after=2026-02-16 09:00:00+00:00
[2026-02-15T23:23:49.759+0000] {processor.py:183} INFO - Processing /opt/airflow/dags/sec_edgar_dag.py took 0.457 seconds
[2026-02-15T23:24:20.609+0000] {processor.py:161} INFO - Started process (PID=12909) to work on /opt/airflow/dags/sec_edgar_dag.py
[2026-02-15T23:24:20.610+0000] {processor.py:830} INFO - Processing file /opt/airflow/dags/sec_edgar_dag.py for tasks to queue
[2026-02-15T23:24:20.612+0000] {logging_mixin.py:188} INFO - [2026-02-15T23:24:20.612+0000] {dagbag.py:538} INFO - Filling up the DagBag from /opt/airflow/dags/sec_edgar_dag.py
[2026-02-15T23:24:20.965+0000] {processor.py:840} INFO - DAG(s) 'sec_edgar_pipeline' retrieved from /opt/airflow/dags/sec_edgar_dag.py
[2026-02-15T23:24:21.075+0000] {logging_mixin.py:188} INFO - [2026-02-15T23:24:21.074+0000] {dag.py:3036} INFO - Sync 1 DAGs
[2026-02-15T23:24:21.171+0000] {logging_mixin.py:188} INFO - [2026-02-15T23:24:21.171+0000] {dag.py:3823} INFO - Setting next_dagrun for sec_edgar_pipeline to 2026-02-15 09:00:00+00:00, run_after=2026-02-16 09:00:00+00:00
[2026-02-15T23:24:21.216+0000] {processor.py:183} INFO - Processing /opt/airflow/dags/sec_edgar_dag.py took 0.613 seconds
[2026-02-15T23:24:52.032+0000] {processor.py:161} INFO - Started process (PID=12931) to work on /opt/airflow/dags/sec_edgar_dag.py
[2026-02-15T23:24:52.034+0000] {processor.py:830} INFO - Processing file /opt/airflow/dags/sec_edgar_dag.py for tasks to queue
[2026-02-15T23:24:52.036+0000] {logging_mixin.py:188} INFO - [2026-02-15T23:24:52.035+0000] {dagbag.py:538} INFO - Filling up the DagBag from /opt/airflow/dags/sec_edgar_dag.py
[2026-02-15T23:24:52.344+0000] {processor.py:840} INFO - DAG(s) 'sec_edgar_pipeline' retrieved from /opt/airflow/dags/sec_edgar_dag.py
[2026-02-15T23:24:52.380+0000] {logging_mixin.py:188} INFO - [2026-02-15T23:24:52.379+0000] {dag.py:3036} INFO - Sync 1 DAGs
[2026-02-15T23:24:52.419+0000] {logging_mixin.py:188} INFO - [2026-02-15T23:24:52.418+0000] {dag.py:3823} INFO - Setting next_dagrun for sec_edgar_pipeline to 2026-02-15 09:00:00+00:00, run_after=2026-02-16 09:00:00+00:00
[2026-02-15T23:24:52.449+0000] {processor.py:183} INFO - Processing /opt/airflow/dags/sec_edgar_dag.py took 0.422 seconds
[2026-02-15T23:25:22.652+0000] {processor.py:161} INFO - Started process (PID=12947) to work on /opt/airflow/dags/sec_edgar_dag.py
[2026-02-15T23:25:22.654+0000] {processor.py:830} INFO - Processing file /opt/airflow/dags/sec_edgar_dag.py for tasks to queue
[2026-02-15T23:25:22.655+0000] {logging_mixin.py:188} INFO - [2026-02-15T23:25:22.655+0000] {dagbag.py:538} INFO - Filling up the DagBag from /opt/airflow/dags/sec_edgar_dag.py
[2026-02-15T23:25:23.008+0000] {processor.py:840} INFO - DAG(s) 'sec_edgar_pipeline' retrieved from /opt/airflow/dags/sec_edgar_dag.py
[2026-02-15T23:25:23.047+0000] {logging_mixin.py:188} INFO - [2026-02-15T23:25:23.046+0000] {dag.py:3036} INFO - Sync 1 DAGs
[2026-02-15T23:25:23.082+0000] {logging_mixin.py:188} INFO - [2026-02-15T23:25:23.082+0000] {dag.py:3823} INFO - Setting next_dagrun for sec_edgar_pipeline to 2026-02-15 09:00:00+00:00, run_after=2026-02-16 09:00:00+00:00
[2026-02-15T23:25:23.108+0000] {processor.py:183} INFO - Processing /opt/airflow/dags/sec_edgar_dag.py took 0.461 seconds
[2026-02-15T23:25:53.957+0000] {processor.py:161} INFO - Started process (PID=12963) to work on /opt/airflow/dags/sec_edgar_dag.py
[2026-02-15T23:25:53.958+0000] {processor.py:830} INFO - Processing file /opt/airflow/dags/sec_edgar_dag.py for tasks to queue
[2026-02-15T23:25:53.959+0000] {logging_mixin.py:188} INFO - [2026-02-15T23:25:53.959+0000] {dagbag.py:538} INFO - Filling up the DagBag from /opt/airflow/dags/sec_edgar_dag.py
[2026-02-15T23:25:54.289+0000] {processor.py:840} INFO - DAG(s) 'sec_edgar_pipeline' retrieved from /opt/airflow/dags/sec_edgar_dag.py
[2026-02-15T23:25:54.326+0000] {logging_mixin.py:188} INFO - [2026-02-15T23:25:54.325+0000] {dag.py:3036} INFO - Sync 1 DAGs
[2026-02-15T23:25:54.358+0000] {logging_mixin.py:188} INFO - [2026-02-15T23:25:54.358+0000] {dag.py:3823} INFO - Setting next_dagrun for sec_edgar_pipeline to 2026-02-15 09:00:00+00:00, run_after=2026-02-16 09:00:00+00:00
[2026-02-15T23:25:54.397+0000] {processor.py:183} INFO - Processing /opt/airflow/dags/sec_edgar_dag.py took 0.444 seconds
[2026-02-15T23:26:24.487+0000] {processor.py:161} INFO - Started process (PID=12979) to work on /opt/airflow/dags/sec_edgar_dag.py
[2026-02-15T23:26:24.488+0000] {processor.py:830} INFO - Processing file /opt/airflow/dags/sec_edgar_dag.py for tasks to queue
[2026-02-15T23:26:24.489+0000] {logging_mixin.py:188} INFO - [2026-02-15T23:26:24.489+0000] {dagbag.py:538} INFO - Filling up the DagBag from /opt/airflow/dags/sec_edgar_dag.py
[2026-02-15T23:26:24.794+0000] {processor.py:840} INFO - DAG(s) 'sec_edgar_pipeline' retrieved from /opt/airflow/dags/sec_edgar_dag.py
[2026-02-15T23:26:24.827+0000] {logging_mixin.py:188} INFO - [2026-02-15T23:26:24.827+0000] {dag.py:3036} INFO - Sync 1 DAGs
[2026-02-15T23:26:24.862+0000] {logging_mixin.py:188} INFO - [2026-02-15T23:26:24.861+0000] {dag.py:3823} INFO - Setting next_dagrun for sec_edgar_pipeline to 2026-02-15 09:00:00+00:00, run_after=2026-02-16 09:00:00+00:00
[2026-02-15T23:26:24.888+0000] {processor.py:183} INFO - Processing /opt/airflow/dags/sec_edgar_dag.py took 0.405 seconds
[2026-02-15T23:26:55.290+0000] {processor.py:161} INFO - Started process (PID=12994) to work on /opt/airflow/dags/sec_edgar_dag.py
[2026-02-15T23:26:55.292+0000] {processor.py:830} INFO - Processing file /opt/airflow/dags/sec_edgar_dag.py for tasks to queue
[2026-02-15T23:26:55.293+0000] {logging_mixin.py:188} INFO - [2026-02-15T23:26:55.293+0000] {dagbag.py:538} INFO - Filling up the DagBag from /opt/airflow/dags/sec_edgar_dag.py
[2026-02-15T23:26:55.636+0000] {processor.py:840} INFO - DAG(s) 'sec_edgar_pipeline' retrieved from /opt/airflow/dags/sec_edgar_dag.py
[2026-02-15T23:26:55.678+0000] {logging_mixin.py:188} INFO - [2026-02-15T23:26:55.677+0000] {dag.py:3036} INFO - Sync 1 DAGs
[2026-02-15T23:26:55.718+0000] {logging_mixin.py:188} INFO - [2026-02-15T23:26:55.717+0000] {dag.py:3823} INFO - Setting next_dagrun for sec_edgar_pipeline to 2026-02-15 09:00:00+00:00, run_after=2026-02-16 09:00:00+00:00
[2026-02-15T23:26:55.750+0000] {processor.py:183} INFO - Processing /opt/airflow/dags/sec_edgar_dag.py took 0.464 seconds
[2026-02-15T23:27:26.149+0000] {processor.py:161} INFO - Started process (PID=13010) to work on /opt/airflow/dags/sec_edgar_dag.py
[2026-02-15T23:27:26.151+0000] {processor.py:830} INFO - Processing file /opt/airflow/dags/sec_edgar_dag.py for tasks to queue
[2026-02-15T23:27:26.153+0000] {logging_mixin.py:188} INFO - [2026-02-15T23:27:26.152+0000] {dagbag.py:538} INFO - Filling up the DagBag from /opt/airflow/dags/sec_edgar_dag.py
[2026-02-15T23:27:26.490+0000] {processor.py:840} INFO - DAG(s) 'sec_edgar_pipeline' retrieved from /opt/airflow/dags/sec_edgar_dag.py
[2026-02-15T23:27:26.527+0000] {logging_mixin.py:188} INFO - [2026-02-15T23:27:26.526+0000] {dag.py:3036} INFO - Sync 1 DAGs
[2026-02-15T23:27:26.563+0000] {logging_mixin.py:188} INFO - [2026-02-15T23:27:26.562+0000] {dag.py:3823} INFO - Setting next_dagrun for sec_edgar_pipeline to 2026-02-15 09:00:00+00:00, run_after=2026-02-16 09:00:00+00:00
[2026-02-15T23:27:26.604+0000] {processor.py:183} INFO - Processing /opt/airflow/dags/sec_edgar_dag.py took 0.463 seconds
[2026-02-15T23:27:56.813+0000] {processor.py:161} INFO - Started process (PID=13026) to work on /opt/airflow/dags/sec_edgar_dag.py
[2026-02-15T23:27:56.814+0000] {processor.py:830} INFO - Processing file /opt/airflow/dags/sec_edgar_dag.py for tasks to queue
[2026-02-15T23:27:56.816+0000] {logging_mixin.py:188} INFO - [2026-02-15T23:27:56.815+0000] {dagbag.py:538} INFO - Filling up the DagBag from /opt/airflow/dags/sec_edgar_dag.py
[2026-02-15T23:27:57.171+0000] {processor.py:840} INFO - DAG(s) 'sec_edgar_pipeline' retrieved from /opt/airflow/dags/sec_edgar_dag.py
[2026-02-15T23:27:57.214+0000] {logging_mixin.py:188} INFO - [2026-02-15T23:27:57.213+0000] {dag.py:3036} INFO - Sync 1 DAGs
[2026-02-15T23:27:57.255+0000] {logging_mixin.py:188} INFO - [2026-02-15T23:27:57.255+0000] {dag.py:3823} INFO - Setting next_dagrun for sec_edgar_pipeline to 2026-02-15 09:00:00+00:00, run_after=2026-02-16 09:00:00+00:00
[2026-02-15T23:27:57.289+0000] {processor.py:183} INFO - Processing /opt/airflow/dags/sec_edgar_dag.py took 0.481 seconds
[2026-02-15T23:28:28.117+0000] {processor.py:161} INFO - Started process (PID=13042) to work on /opt/airflow/dags/sec_edgar_dag.py
[2026-02-15T23:28:28.119+0000] {processor.py:830} INFO - Processing file /opt/airflow/dags/sec_edgar_dag.py for tasks to queue
[2026-02-15T23:28:28.121+0000] {logging_mixin.py:188} INFO - [2026-02-15T23:28:28.120+0000] {dagbag.py:538} INFO - Filling up the DagBag from /opt/airflow/dags/sec_edgar_dag.py
[2026-02-15T23:28:28.439+0000] {processor.py:840} INFO - DAG(s) 'sec_edgar_pipeline' retrieved from /opt/airflow/dags/sec_edgar_dag.py
[2026-02-15T23:28:28.485+0000] {logging_mixin.py:188} INFO - [2026-02-15T23:28:28.483+0000] {dag.py:3036} INFO - Sync 1 DAGs
[2026-02-15T23:28:28.523+0000] {logging_mixin.py:188} INFO - [2026-02-15T23:28:28.523+0000] {dag.py:3823} INFO - Setting next_dagrun for sec_edgar_pipeline to 2026-02-15 09:00:00+00:00, run_after=2026-02-16 09:00:00+00:00
[2026-02-15T23:28:28.566+0000] {processor.py:183} INFO - Processing /opt/airflow/dags/sec_edgar_dag.py took 0.454 seconds
[2026-02-15T23:28:58.738+0000] {processor.py:161} INFO - Started process (PID=13058) to work on /opt/airflow/dags/sec_edgar_dag.py
[2026-02-15T23:28:58.741+0000] {processor.py:830} INFO - Processing file /opt/airflow/dags/sec_edgar_dag.py for tasks to queue
[2026-02-15T23:28:58.742+0000] {logging_mixin.py:188} INFO - [2026-02-15T23:28:58.742+0000] {dagbag.py:538} INFO - Filling up the DagBag from /opt/airflow/dags/sec_edgar_dag.py
[2026-02-15T23:28:59.105+0000] {processor.py:840} INFO - DAG(s) 'sec_edgar_pipeline' retrieved from /opt/airflow/dags/sec_edgar_dag.py
[2026-02-15T23:28:59.160+0000] {logging_mixin.py:188} INFO - [2026-02-15T23:28:59.159+0000] {dag.py:3036} INFO - Sync 1 DAGs
[2026-02-15T23:28:59.207+0000] {logging_mixin.py:188} INFO - [2026-02-15T23:28:59.206+0000] {dag.py:3823} INFO - Setting next_dagrun for sec_edgar_pipeline to 2026-02-15 09:00:00+00:00, run_after=2026-02-16 09:00:00+00:00
[2026-02-15T23:28:59.252+0000] {processor.py:183} INFO - Processing /opt/airflow/dags/sec_edgar_dag.py took 0.521 seconds
[2026-02-15T23:29:30.117+0000] {processor.py:161} INFO - Started process (PID=13074) to work on /opt/airflow/dags/sec_edgar_dag.py
[2026-02-15T23:29:30.119+0000] {processor.py:830} INFO - Processing file /opt/airflow/dags/sec_edgar_dag.py for tasks to queue
[2026-02-15T23:29:30.120+0000] {logging_mixin.py:188} INFO - [2026-02-15T23:29:30.120+0000] {dagbag.py:538} INFO - Filling up the DagBag from /opt/airflow/dags/sec_edgar_dag.py
[2026-02-15T23:29:30.476+0000] {processor.py:840} INFO - DAG(s) 'sec_edgar_pipeline' retrieved from /opt/airflow/dags/sec_edgar_dag.py
[2026-02-15T23:29:30.526+0000] {logging_mixin.py:188} INFO - [2026-02-15T23:29:30.524+0000] {dag.py:3036} INFO - Sync 1 DAGs
[2026-02-15T23:29:30.571+0000] {logging_mixin.py:188} INFO - [2026-02-15T23:29:30.571+0000] {dag.py:3823} INFO - Setting next_dagrun for sec_edgar_pipeline to 2026-02-15 09:00:00+00:00, run_after=2026-02-16 09:00:00+00:00
[2026-02-15T23:29:30.604+0000] {processor.py:183} INFO - Processing /opt/airflow/dags/sec_edgar_dag.py took 0.493 seconds
[2026-02-15T23:30:01.501+0000] {processor.py:161} INFO - Started process (PID=13090) to work on /opt/airflow/dags/sec_edgar_dag.py
[2026-02-15T23:30:01.504+0000] {processor.py:830} INFO - Processing file /opt/airflow/dags/sec_edgar_dag.py for tasks to queue
[2026-02-15T23:30:01.505+0000] {logging_mixin.py:188} INFO - [2026-02-15T23:30:01.505+0000] {dagbag.py:538} INFO - Filling up the DagBag from /opt/airflow/dags/sec_edgar_dag.py
[2026-02-15T23:30:01.869+0000] {processor.py:840} INFO - DAG(s) 'sec_edgar_pipeline' retrieved from /opt/airflow/dags/sec_edgar_dag.py
[2026-02-15T23:30:01.920+0000] {logging_mixin.py:188} INFO - [2026-02-15T23:30:01.919+0000] {dag.py:3036} INFO - Sync 1 DAGs
[2026-02-15T23:30:01.954+0000] {logging_mixin.py:188} INFO - [2026-02-15T23:30:01.954+0000] {dag.py:3823} INFO - Setting next_dagrun for sec_edgar_pipeline to 2026-02-15 09:00:00+00:00, run_after=2026-02-16 09:00:00+00:00
[2026-02-15T23:30:01.995+0000] {processor.py:183} INFO - Processing /opt/airflow/dags/sec_edgar_dag.py took 0.499 seconds
[2026-02-15T23:30:32.137+0000] {processor.py:161} INFO - Started process (PID=13106) to work on /opt/airflow/dags/sec_edgar_dag.py
[2026-02-15T23:30:32.139+0000] {processor.py:830} INFO - Processing file /opt/airflow/dags/sec_edgar_dag.py for tasks to queue
[2026-02-15T23:30:32.140+0000] {logging_mixin.py:188} INFO - [2026-02-15T23:30:32.140+0000] {dagbag.py:538} INFO - Filling up the DagBag from /opt/airflow/dags/sec_edgar_dag.py
[2026-02-15T23:30:32.491+0000] {processor.py:840} INFO - DAG(s) 'sec_edgar_pipeline' retrieved from /opt/airflow/dags/sec_edgar_dag.py
[2026-02-15T23:30:32.532+0000] {logging_mixin.py:188} INFO - [2026-02-15T23:30:32.532+0000] {dag.py:3036} INFO - Sync 1 DAGs
[2026-02-15T23:30:32.574+0000] {logging_mixin.py:188} INFO - [2026-02-15T23:30:32.574+0000] {dag.py:3823} INFO - Setting next_dagrun for sec_edgar_pipeline to 2026-02-15 09:00:00+00:00, run_after=2026-02-16 09:00:00+00:00
[2026-02-15T23:30:32.617+0000] {processor.py:183} INFO - Processing /opt/airflow/dags/sec_edgar_dag.py took 0.485 seconds
[2026-02-15T23:31:03.405+0000] {processor.py:161} INFO - Started process (PID=13122) to work on /opt/airflow/dags/sec_edgar_dag.py
[2026-02-15T23:31:03.407+0000] {processor.py:830} INFO - Processing file /opt/airflow/dags/sec_edgar_dag.py for tasks to queue
[2026-02-15T23:31:03.408+0000] {logging_mixin.py:188} INFO - [2026-02-15T23:31:03.408+0000] {dagbag.py:538} INFO - Filling up the DagBag from /opt/airflow/dags/sec_edgar_dag.py
[2026-02-15T23:31:03.728+0000] {processor.py:840} INFO - DAG(s) 'sec_edgar_pipeline' retrieved from /opt/airflow/dags/sec_edgar_dag.py
[2026-02-15T23:31:03.767+0000] {logging_mixin.py:188} INFO - [2026-02-15T23:31:03.767+0000] {dag.py:3036} INFO - Sync 1 DAGs
[2026-02-15T23:31:03.806+0000] {logging_mixin.py:188} INFO - [2026-02-15T23:31:03.806+0000] {dag.py:3823} INFO - Setting next_dagrun for sec_edgar_pipeline to 2026-02-15 09:00:00+00:00, run_after=2026-02-16 09:00:00+00:00
[2026-02-15T23:31:03.836+0000] {processor.py:183} INFO - Processing /opt/airflow/dags/sec_edgar_dag.py took 0.437 seconds
[2026-02-15T23:31:33.923+0000] {processor.py:161} INFO - Started process (PID=13139) to work on /opt/airflow/dags/sec_edgar_dag.py
[2026-02-15T23:31:33.925+0000] {processor.py:830} INFO - Processing file /opt/airflow/dags/sec_edgar_dag.py for tasks to queue
[2026-02-15T23:31:33.926+0000] {logging_mixin.py:188} INFO - [2026-02-15T23:31:33.926+0000] {dagbag.py:538} INFO - Filling up the DagBag from /opt/airflow/dags/sec_edgar_dag.py
[2026-02-15T23:31:34.370+0000] {processor.py:840} INFO - DAG(s) 'sec_edgar_pipeline' retrieved from /opt/airflow/dags/sec_edgar_dag.py
[2026-02-15T23:31:34.407+0000] {logging_mixin.py:188} INFO - [2026-02-15T23:31:34.406+0000] {dag.py:3036} INFO - Sync 1 DAGs
[2026-02-15T23:31:34.446+0000] {logging_mixin.py:188} INFO - [2026-02-15T23:31:34.445+0000] {dag.py:3823} INFO - Setting next_dagrun for sec_edgar_pipeline to 2026-02-15 09:00:00+00:00, run_after=2026-02-16 09:00:00+00:00
[2026-02-15T23:31:34.477+0000] {processor.py:183} INFO - Processing /opt/airflow/dags/sec_edgar_dag.py took 0.559 seconds
[2026-02-15T23:32:05.443+0000] {processor.py:161} INFO - Started process (PID=13155) to work on /opt/airflow/dags/sec_edgar_dag.py
[2026-02-15T23:32:05.445+0000] {processor.py:830} INFO - Processing file /opt/airflow/dags/sec_edgar_dag.py for tasks to queue
[2026-02-15T23:32:05.447+0000] {logging_mixin.py:188} INFO - [2026-02-15T23:32:05.446+0000] {dagbag.py:538} INFO - Filling up the DagBag from /opt/airflow/dags/sec_edgar_dag.py
[2026-02-15T23:32:05.781+0000] {processor.py:840} INFO - DAG(s) 'sec_edgar_pipeline' retrieved from /opt/airflow/dags/sec_edgar_dag.py
[2026-02-15T23:32:05.819+0000] {logging_mixin.py:188} INFO - [2026-02-15T23:32:05.818+0000] {dag.py:3036} INFO - Sync 1 DAGs
[2026-02-15T23:32:05.861+0000] {logging_mixin.py:188} INFO - [2026-02-15T23:32:05.860+0000] {dag.py:3823} INFO - Setting next_dagrun for sec_edgar_pipeline to 2026-02-15 09:00:00+00:00, run_after=2026-02-16 09:00:00+00:00
[2026-02-15T23:32:05.893+0000] {processor.py:183} INFO - Processing /opt/airflow/dags/sec_edgar_dag.py took 0.454 seconds
[2026-02-15T23:32:36.000+0000] {processor.py:161} INFO - Started process (PID=13171) to work on /opt/airflow/dags/sec_edgar_dag.py
[2026-02-15T23:32:36.002+0000] {processor.py:830} INFO - Processing file /opt/airflow/dags/sec_edgar_dag.py for tasks to queue
[2026-02-15T23:32:36.004+0000] {logging_mixin.py:188} INFO - [2026-02-15T23:32:36.003+0000] {dagbag.py:538} INFO - Filling up the DagBag from /opt/airflow/dags/sec_edgar_dag.py
[2026-02-15T23:32:36.396+0000] {processor.py:840} INFO - DAG(s) 'sec_edgar_pipeline' retrieved from /opt/airflow/dags/sec_edgar_dag.py
[2026-02-15T23:32:36.435+0000] {logging_mixin.py:188} INFO - [2026-02-15T23:32:36.435+0000] {dag.py:3036} INFO - Sync 1 DAGs
[2026-02-15T23:32:36.475+0000] {logging_mixin.py:188} INFO - [2026-02-15T23:32:36.475+0000] {dag.py:3823} INFO - Setting next_dagrun for sec_edgar_pipeline to 2026-02-15 09:00:00+00:00, run_after=2026-02-16 09:00:00+00:00
[2026-02-15T23:32:36.510+0000] {processor.py:183} INFO - Processing /opt/airflow/dags/sec_edgar_dag.py took 0.515 seconds
[2026-02-15T23:33:07.311+0000] {processor.py:161} INFO - Started process (PID=13188) to work on /opt/airflow/dags/sec_edgar_dag.py
[2026-02-15T23:33:07.314+0000] {processor.py:830} INFO - Processing file /opt/airflow/dags/sec_edgar_dag.py for tasks to queue
[2026-02-15T23:33:07.315+0000] {logging_mixin.py:188} INFO - [2026-02-15T23:33:07.315+0000] {dagbag.py:538} INFO - Filling up the DagBag from /opt/airflow/dags/sec_edgar_dag.py
[2026-02-15T23:33:07.659+0000] {processor.py:840} INFO - DAG(s) 'sec_edgar_pipeline' retrieved from /opt/airflow/dags/sec_edgar_dag.py
[2026-02-15T23:33:07.698+0000] {logging_mixin.py:188} INFO - [2026-02-15T23:33:07.698+0000] {dag.py:3036} INFO - Sync 1 DAGs
[2026-02-15T23:33:07.737+0000] {logging_mixin.py:188} INFO - [2026-02-15T23:33:07.737+0000] {dag.py:3823} INFO - Setting next_dagrun for sec_edgar_pipeline to 2026-02-15 09:00:00+00:00, run_after=2026-02-16 09:00:00+00:00
[2026-02-15T23:33:07.779+0000] {processor.py:183} INFO - Processing /opt/airflow/dags/sec_edgar_dag.py took 0.474 seconds
[2026-02-15T23:33:37.925+0000] {processor.py:161} INFO - Started process (PID=13204) to work on /opt/airflow/dags/sec_edgar_dag.py
[2026-02-15T23:33:37.926+0000] {processor.py:830} INFO - Processing file /opt/airflow/dags/sec_edgar_dag.py for tasks to queue
[2026-02-15T23:33:37.928+0000] {logging_mixin.py:188} INFO - [2026-02-15T23:33:37.927+0000] {dagbag.py:538} INFO - Filling up the DagBag from /opt/airflow/dags/sec_edgar_dag.py
[2026-02-15T23:33:38.248+0000] {processor.py:840} INFO - DAG(s) 'sec_edgar_pipeline' retrieved from /opt/airflow/dags/sec_edgar_dag.py
[2026-02-15T23:33:38.282+0000] {logging_mixin.py:188} INFO - [2026-02-15T23:33:38.281+0000] {dag.py:3036} INFO - Sync 1 DAGs
[2026-02-15T23:33:38.315+0000] {logging_mixin.py:188} INFO - [2026-02-15T23:33:38.315+0000] {dag.py:3823} INFO - Setting next_dagrun for sec_edgar_pipeline to 2026-02-15 09:00:00+00:00, run_after=2026-02-16 09:00:00+00:00
[2026-02-15T23:33:38.353+0000] {processor.py:183} INFO - Processing /opt/airflow/dags/sec_edgar_dag.py took 0.434 seconds
[2026-02-15T23:34:09.246+0000] {processor.py:161} INFO - Started process (PID=13221) to work on /opt/airflow/dags/sec_edgar_dag.py
[2026-02-15T23:34:09.248+0000] {processor.py:830} INFO - Processing file /opt/airflow/dags/sec_edgar_dag.py for tasks to queue
[2026-02-15T23:34:09.250+0000] {logging_mixin.py:188} INFO - [2026-02-15T23:34:09.249+0000] {dagbag.py:538} INFO - Filling up the DagBag from /opt/airflow/dags/sec_edgar_dag.py
[2026-02-15T23:34:09.597+0000] {processor.py:840} INFO - DAG(s) 'sec_edgar_pipeline' retrieved from /opt/airflow/dags/sec_edgar_dag.py
[2026-02-15T23:34:09.633+0000] {logging_mixin.py:188} INFO - [2026-02-15T23:34:09.632+0000] {dag.py:3036} INFO - Sync 1 DAGs
[2026-02-15T23:34:09.671+0000] {logging_mixin.py:188} INFO - [2026-02-15T23:34:09.671+0000] {dag.py:3823} INFO - Setting next_dagrun for sec_edgar_pipeline to 2026-02-15 09:00:00+00:00, run_after=2026-02-16 09:00:00+00:00
[2026-02-15T23:34:09.701+0000] {processor.py:183} INFO - Processing /opt/airflow/dags/sec_edgar_dag.py took 0.462 seconds
[2026-02-15T23:34:39.927+0000] {processor.py:161} INFO - Started process (PID=13237) to work on /opt/airflow/dags/sec_edgar_dag.py
[2026-02-15T23:34:39.929+0000] {processor.py:830} INFO - Processing file /opt/airflow/dags/sec_edgar_dag.py for tasks to queue
[2026-02-15T23:34:39.930+0000] {logging_mixin.py:188} INFO - [2026-02-15T23:34:39.930+0000] {dagbag.py:538} INFO - Filling up the DagBag from /opt/airflow/dags/sec_edgar_dag.py
[2026-02-15T23:34:40.281+0000] {processor.py:840} INFO - DAG(s) 'sec_edgar_pipeline' retrieved from /opt/airflow/dags/sec_edgar_dag.py
[2026-02-15T23:34:40.329+0000] {logging_mixin.py:188} INFO - [2026-02-15T23:34:40.328+0000] {dag.py:3036} INFO - Sync 1 DAGs
[2026-02-15T23:34:40.368+0000] {logging_mixin.py:188} INFO - [2026-02-15T23:34:40.367+0000] {dag.py:3823} INFO - Setting next_dagrun for sec_edgar_pipeline to 2026-02-15 09:00:00+00:00, run_after=2026-02-16 09:00:00+00:00
[2026-02-15T23:34:40.402+0000] {processor.py:183} INFO - Processing /opt/airflow/dags/sec_edgar_dag.py took 0.481 seconds
[2026-02-15T23:35:11.245+0000] {processor.py:161} INFO - Started process (PID=13253) to work on /opt/airflow/dags/sec_edgar_dag.py
[2026-02-15T23:35:11.246+0000] {processor.py:830} INFO - Processing file /opt/airflow/dags/sec_edgar_dag.py for tasks to queue
[2026-02-15T23:35:11.247+0000] {logging_mixin.py:188} INFO - [2026-02-15T23:35:11.247+0000] {dagbag.py:538} INFO - Filling up the DagBag from /opt/airflow/dags/sec_edgar_dag.py
[2026-02-15T23:35:11.540+0000] {processor.py:840} INFO - DAG(s) 'sec_edgar_pipeline' retrieved from /opt/airflow/dags/sec_edgar_dag.py
[2026-02-15T23:35:11.574+0000] {logging_mixin.py:188} INFO - [2026-02-15T23:35:11.573+0000] {dag.py:3036} INFO - Sync 1 DAGs
[2026-02-15T23:35:11.611+0000] {logging_mixin.py:188} INFO - [2026-02-15T23:35:11.610+0000] {dag.py:3823} INFO - Setting next_dagrun for sec_edgar_pipeline to 2026-02-15 09:00:00+00:00, run_after=2026-02-16 09:00:00+00:00
[2026-02-15T23:35:11.638+0000] {processor.py:183} INFO - Processing /opt/airflow/dags/sec_edgar_dag.py took 0.397 seconds
[2026-02-15T23:35:41.806+0000] {processor.py:161} INFO - Started process (PID=13269) to work on /opt/airflow/dags/sec_edgar_dag.py
[2026-02-15T23:35:41.807+0000] {processor.py:830} INFO - Processing file /opt/airflow/dags/sec_edgar_dag.py for tasks to queue
[2026-02-15T23:35:41.808+0000] {logging_mixin.py:188} INFO - [2026-02-15T23:35:41.808+0000] {dagbag.py:538} INFO - Filling up the DagBag from /opt/airflow/dags/sec_edgar_dag.py
[2026-02-15T23:35:42.101+0000] {processor.py:840} INFO - DAG(s) 'sec_edgar_pipeline' retrieved from /opt/airflow/dags/sec_edgar_dag.py
[2026-02-15T23:35:42.144+0000] {logging_mixin.py:188} INFO - [2026-02-15T23:35:42.144+0000] {dag.py:3036} INFO - Sync 1 DAGs
[2026-02-15T23:35:42.178+0000] {logging_mixin.py:188} INFO - [2026-02-15T23:35:42.177+0000] {dag.py:3823} INFO - Setting next_dagrun for sec_edgar_pipeline to 2026-02-15 09:00:00+00:00, run_after=2026-02-16 09:00:00+00:00
[2026-02-15T23:35:42.215+0000] {processor.py:183} INFO - Processing /opt/airflow/dags/sec_edgar_dag.py took 0.413 seconds
[2026-02-15T23:36:13.111+0000] {processor.py:161} INFO - Started process (PID=13285) to work on /opt/airflow/dags/sec_edgar_dag.py
[2026-02-15T23:36:13.113+0000] {processor.py:830} INFO - Processing file /opt/airflow/dags/sec_edgar_dag.py for tasks to queue
[2026-02-15T23:36:13.114+0000] {logging_mixin.py:188} INFO - [2026-02-15T23:36:13.114+0000] {dagbag.py:538} INFO - Filling up the DagBag from /opt/airflow/dags/sec_edgar_dag.py
[2026-02-15T23:36:13.463+0000] {processor.py:840} INFO - DAG(s) 'sec_edgar_pipeline' retrieved from /opt/airflow/dags/sec_edgar_dag.py
[2026-02-15T23:36:13.507+0000] {logging_mixin.py:188} INFO - [2026-02-15T23:36:13.505+0000] {dag.py:3036} INFO - Sync 1 DAGs
[2026-02-15T23:36:13.545+0000] {logging_mixin.py:188} INFO - [2026-02-15T23:36:13.545+0000] {dag.py:3823} INFO - Setting next_dagrun for sec_edgar_pipeline to 2026-02-15 09:00:00+00:00, run_after=2026-02-16 09:00:00+00:00
[2026-02-15T23:36:13.587+0000] {processor.py:183} INFO - Processing /opt/airflow/dags/sec_edgar_dag.py took 0.482 seconds
[2026-02-15T23:36:43.720+0000] {processor.py:161} INFO - Started process (PID=13301) to work on /opt/airflow/dags/sec_edgar_dag.py
[2026-02-15T23:36:43.722+0000] {processor.py:830} INFO - Processing file /opt/airflow/dags/sec_edgar_dag.py for tasks to queue
[2026-02-15T23:36:43.723+0000] {logging_mixin.py:188} INFO - [2026-02-15T23:36:43.723+0000] {dagbag.py:538} INFO - Filling up the DagBag from /opt/airflow/dags/sec_edgar_dag.py
[2026-02-15T23:36:44.071+0000] {processor.py:840} INFO - DAG(s) 'sec_edgar_pipeline' retrieved from /opt/airflow/dags/sec_edgar_dag.py
[2026-02-15T23:36:44.106+0000] {logging_mixin.py:188} INFO - [2026-02-15T23:36:44.105+0000] {dag.py:3036} INFO - Sync 1 DAGs
[2026-02-15T23:36:44.141+0000] {logging_mixin.py:188} INFO - [2026-02-15T23:36:44.141+0000] {dag.py:3823} INFO - Setting next_dagrun for sec_edgar_pipeline to 2026-02-15 09:00:00+00:00, run_after=2026-02-16 09:00:00+00:00
[2026-02-15T23:36:44.179+0000] {processor.py:183} INFO - Processing /opt/airflow/dags/sec_edgar_dag.py took 0.463 seconds
[2026-02-15T23:37:14.567+0000] {processor.py:161} INFO - Started process (PID=13317) to work on /opt/airflow/dags/sec_edgar_dag.py
[2026-02-15T23:37:14.569+0000] {processor.py:830} INFO - Processing file /opt/airflow/dags/sec_edgar_dag.py for tasks to queue
[2026-02-15T23:37:14.570+0000] {logging_mixin.py:188} INFO - [2026-02-15T23:37:14.569+0000] {dagbag.py:538} INFO - Filling up the DagBag from /opt/airflow/dags/sec_edgar_dag.py
[2026-02-15T23:37:14.905+0000] {processor.py:840} INFO - DAG(s) 'sec_edgar_pipeline' retrieved from /opt/airflow/dags/sec_edgar_dag.py
[2026-02-15T23:37:14.943+0000] {logging_mixin.py:188} INFO - [2026-02-15T23:37:14.942+0000] {dag.py:3036} INFO - Sync 1 DAGs
[2026-02-15T23:37:14.979+0000] {logging_mixin.py:188} INFO - [2026-02-15T23:37:14.979+0000] {dag.py:3823} INFO - Setting next_dagrun for sec_edgar_pipeline to 2026-02-15 09:00:00+00:00, run_after=2026-02-16 09:00:00+00:00
[2026-02-15T23:37:15.007+0000] {processor.py:183} INFO - Processing /opt/airflow/dags/sec_edgar_dag.py took 0.445 seconds
[2026-02-15T23:37:45.392+0000] {processor.py:161} INFO - Started process (PID=13333) to work on /opt/airflow/dags/sec_edgar_dag.py
[2026-02-15T23:37:45.393+0000] {processor.py:830} INFO - Processing file /opt/airflow/dags/sec_edgar_dag.py for tasks to queue
[2026-02-15T23:37:45.395+0000] {logging_mixin.py:188} INFO - [2026-02-15T23:37:45.395+0000] {dagbag.py:538} INFO - Filling up the DagBag from /opt/airflow/dags/sec_edgar_dag.py
[2026-02-15T23:37:45.748+0000] {processor.py:840} INFO - DAG(s) 'sec_edgar_pipeline' retrieved from /opt/airflow/dags/sec_edgar_dag.py
[2026-02-15T23:37:45.795+0000] {logging_mixin.py:188} INFO - [2026-02-15T23:37:45.793+0000] {dag.py:3036} INFO - Sync 1 DAGs
[2026-02-15T23:37:45.839+0000] {logging_mixin.py:188} INFO - [2026-02-15T23:37:45.838+0000] {dag.py:3823} INFO - Setting next_dagrun for sec_edgar_pipeline to 2026-02-15 09:00:00+00:00, run_after=2026-02-16 09:00:00+00:00
[2026-02-15T23:37:45.871+0000] {processor.py:183} INFO - Processing /opt/airflow/dags/sec_edgar_dag.py took 0.485 seconds
[2026-02-15T23:38:16.008+0000] {processor.py:161} INFO - Started process (PID=13349) to work on /opt/airflow/dags/sec_edgar_dag.py
[2026-02-15T23:38:16.010+0000] {processor.py:830} INFO - Processing file /opt/airflow/dags/sec_edgar_dag.py for tasks to queue
[2026-02-15T23:38:16.011+0000] {logging_mixin.py:188} INFO - [2026-02-15T23:38:16.011+0000] {dagbag.py:538} INFO - Filling up the DagBag from /opt/airflow/dags/sec_edgar_dag.py
[2026-02-15T23:38:16.339+0000] {processor.py:840} INFO - DAG(s) 'sec_edgar_pipeline' retrieved from /opt/airflow/dags/sec_edgar_dag.py
[2026-02-15T23:38:16.390+0000] {logging_mixin.py:188} INFO - [2026-02-15T23:38:16.388+0000] {dag.py:3036} INFO - Sync 1 DAGs
[2026-02-15T23:38:16.440+0000] {logging_mixin.py:188} INFO - [2026-02-15T23:38:16.440+0000] {dag.py:3823} INFO - Setting next_dagrun for sec_edgar_pipeline to 2026-02-15 09:00:00+00:00, run_after=2026-02-16 09:00:00+00:00
[2026-02-15T23:38:16.470+0000] {processor.py:183} INFO - Processing /opt/airflow/dags/sec_edgar_dag.py took 0.466 seconds
[2026-02-15T23:38:47.358+0000] {processor.py:161} INFO - Started process (PID=13365) to work on /opt/airflow/dags/sec_edgar_dag.py
[2026-02-15T23:38:47.361+0000] {processor.py:830} INFO - Processing file /opt/airflow/dags/sec_edgar_dag.py for tasks to queue
[2026-02-15T23:38:47.362+0000] {logging_mixin.py:188} INFO - [2026-02-15T23:38:47.362+0000] {dagbag.py:538} INFO - Filling up the DagBag from /opt/airflow/dags/sec_edgar_dag.py
[2026-02-15T23:38:47.726+0000] {processor.py:840} INFO - DAG(s) 'sec_edgar_pipeline' retrieved from /opt/airflow/dags/sec_edgar_dag.py
[2026-02-15T23:38:47.774+0000] {logging_mixin.py:188} INFO - [2026-02-15T23:38:47.773+0000] {dag.py:3036} INFO - Sync 1 DAGs
[2026-02-15T23:38:47.815+0000] {logging_mixin.py:188} INFO - [2026-02-15T23:38:47.815+0000] {dag.py:3823} INFO - Setting next_dagrun for sec_edgar_pipeline to 2026-02-15 09:00:00+00:00, run_after=2026-02-16 09:00:00+00:00
[2026-02-15T23:38:47.847+0000] {processor.py:183} INFO - Processing /opt/airflow/dags/sec_edgar_dag.py took 0.494 seconds
[2026-02-15T23:39:18.771+0000] {processor.py:161} INFO - Started process (PID=13381) to work on /opt/airflow/dags/sec_edgar_dag.py
[2026-02-15T23:39:18.773+0000] {processor.py:830} INFO - Processing file /opt/airflow/dags/sec_edgar_dag.py for tasks to queue
[2026-02-15T23:39:18.775+0000] {logging_mixin.py:188} INFO - [2026-02-15T23:39:18.774+0000] {dagbag.py:538} INFO - Filling up the DagBag from /opt/airflow/dags/sec_edgar_dag.py
[2026-02-15T23:39:19.128+0000] {processor.py:840} INFO - DAG(s) 'sec_edgar_pipeline' retrieved from /opt/airflow/dags/sec_edgar_dag.py
[2026-02-15T23:39:19.165+0000] {logging_mixin.py:188} INFO - [2026-02-15T23:39:19.164+0000] {dag.py:3036} INFO - Sync 1 DAGs
[2026-02-15T23:39:19.201+0000] {logging_mixin.py:188} INFO - [2026-02-15T23:39:19.201+0000] {dag.py:3823} INFO - Setting next_dagrun for sec_edgar_pipeline to 2026-02-15 09:00:00+00:00, run_after=2026-02-16 09:00:00+00:00
[2026-02-15T23:39:19.244+0000] {processor.py:183} INFO - Processing /opt/airflow/dags/sec_edgar_dag.py took 0.479 seconds
[2026-02-15T23:39:50.179+0000] {processor.py:161} INFO - Started process (PID=13397) to work on /opt/airflow/dags/sec_edgar_dag.py
[2026-02-15T23:39:50.181+0000] {processor.py:830} INFO - Processing file /opt/airflow/dags/sec_edgar_dag.py for tasks to queue
[2026-02-15T23:39:50.184+0000] {logging_mixin.py:188} INFO - [2026-02-15T23:39:50.183+0000] {dagbag.py:538} INFO - Filling up the DagBag from /opt/airflow/dags/sec_edgar_dag.py
[2026-02-15T23:39:50.518+0000] {processor.py:840} INFO - DAG(s) 'sec_edgar_pipeline' retrieved from /opt/airflow/dags/sec_edgar_dag.py
[2026-02-15T23:39:50.562+0000] {logging_mixin.py:188} INFO - [2026-02-15T23:39:50.561+0000] {dag.py:3036} INFO - Sync 1 DAGs
[2026-02-15T23:39:50.597+0000] {logging_mixin.py:188} INFO - [2026-02-15T23:39:50.597+0000] {dag.py:3823} INFO - Setting next_dagrun for sec_edgar_pipeline to 2026-02-15 09:00:00+00:00, run_after=2026-02-16 09:00:00+00:00
[2026-02-15T23:39:50.625+0000] {processor.py:183} INFO - Processing /opt/airflow/dags/sec_edgar_dag.py took 0.452 seconds
[2026-02-15T23:40:20.799+0000] {processor.py:161} INFO - Started process (PID=13413) to work on /opt/airflow/dags/sec_edgar_dag.py
[2026-02-15T23:40:20.801+0000] {processor.py:830} INFO - Processing file /opt/airflow/dags/sec_edgar_dag.py for tasks to queue
[2026-02-15T23:40:20.804+0000] {logging_mixin.py:188} INFO - [2026-02-15T23:40:20.803+0000] {dagbag.py:538} INFO - Filling up the DagBag from /opt/airflow/dags/sec_edgar_dag.py
[2026-02-15T23:40:21.149+0000] {processor.py:840} INFO - DAG(s) 'sec_edgar_pipeline' retrieved from /opt/airflow/dags/sec_edgar_dag.py
[2026-02-15T23:40:21.195+0000] {logging_mixin.py:188} INFO - [2026-02-15T23:40:21.194+0000] {dag.py:3036} INFO - Sync 1 DAGs
[2026-02-15T23:40:21.233+0000] {logging_mixin.py:188} INFO - [2026-02-15T23:40:21.233+0000] {dag.py:3823} INFO - Setting next_dagrun for sec_edgar_pipeline to 2026-02-15 09:00:00+00:00, run_after=2026-02-16 09:00:00+00:00
[2026-02-15T23:40:21.277+0000] {processor.py:183} INFO - Processing /opt/airflow/dags/sec_edgar_dag.py took 0.484 seconds
[2026-02-15T23:40:52.145+0000] {processor.py:161} INFO - Started process (PID=13429) to work on /opt/airflow/dags/sec_edgar_dag.py
[2026-02-15T23:40:52.147+0000] {processor.py:830} INFO - Processing file /opt/airflow/dags/sec_edgar_dag.py for tasks to queue
[2026-02-15T23:40:52.148+0000] {logging_mixin.py:188} INFO - [2026-02-15T23:40:52.148+0000] {dagbag.py:538} INFO - Filling up the DagBag from /opt/airflow/dags/sec_edgar_dag.py
[2026-02-15T23:40:52.507+0000] {processor.py:840} INFO - DAG(s) 'sec_edgar_pipeline' retrieved from /opt/airflow/dags/sec_edgar_dag.py
[2026-02-15T23:40:52.552+0000] {logging_mixin.py:188} INFO - [2026-02-15T23:40:52.552+0000] {dag.py:3036} INFO - Sync 1 DAGs
[2026-02-15T23:40:52.605+0000] {logging_mixin.py:188} INFO - [2026-02-15T23:40:52.604+0000] {dag.py:3823} INFO - Setting next_dagrun for sec_edgar_pipeline to 2026-02-15 09:00:00+00:00, run_after=2026-02-16 09:00:00+00:00
[2026-02-15T23:40:52.653+0000] {processor.py:183} INFO - Processing /opt/airflow/dags/sec_edgar_dag.py took 0.513 seconds
[2026-02-15T23:41:22.737+0000] {processor.py:161} INFO - Started process (PID=13445) to work on /opt/airflow/dags/sec_edgar_dag.py
[2026-02-15T23:41:22.739+0000] {processor.py:830} INFO - Processing file /opt/airflow/dags/sec_edgar_dag.py for tasks to queue
[2026-02-15T23:41:22.741+0000] {logging_mixin.py:188} INFO - [2026-02-15T23:41:22.740+0000] {dagbag.py:538} INFO - Filling up the DagBag from /opt/airflow/dags/sec_edgar_dag.py
[2026-02-15T23:41:23.151+0000] {processor.py:840} INFO - DAG(s) 'sec_edgar_pipeline' retrieved from /opt/airflow/dags/sec_edgar_dag.py
[2026-02-15T23:41:23.191+0000] {logging_mixin.py:188} INFO - [2026-02-15T23:41:23.190+0000] {dag.py:3036} INFO - Sync 1 DAGs
[2026-02-15T23:41:23.226+0000] {logging_mixin.py:188} INFO - [2026-02-15T23:41:23.226+0000] {dag.py:3823} INFO - Setting next_dagrun for sec_edgar_pipeline to 2026-02-15 09:00:00+00:00, run_after=2026-02-16 09:00:00+00:00
[2026-02-15T23:41:23.256+0000] {processor.py:183} INFO - Processing /opt/airflow/dags/sec_edgar_dag.py took 0.524 seconds
[2026-02-15T23:41:54.916+0000] {processor.py:161} INFO - Started process (PID=13467) to work on /opt/airflow/dags/sec_edgar_dag.py
[2026-02-15T23:41:54.918+0000] {processor.py:830} INFO - Processing file /opt/airflow/dags/sec_edgar_dag.py for tasks to queue
[2026-02-15T23:41:54.919+0000] {logging_mixin.py:188} INFO - [2026-02-15T23:41:54.919+0000] {dagbag.py:538} INFO - Filling up the DagBag from /opt/airflow/dags/sec_edgar_dag.py
[2026-02-15T23:41:55.261+0000] {processor.py:840} INFO - DAG(s) 'sec_edgar_pipeline' retrieved from /opt/airflow/dags/sec_edgar_dag.py
[2026-02-15T23:41:55.297+0000] {logging_mixin.py:188} INFO - [2026-02-15T23:41:55.297+0000] {dag.py:3036} INFO - Sync 1 DAGs
[2026-02-15T23:41:55.330+0000] {logging_mixin.py:188} INFO - [2026-02-15T23:41:55.330+0000] {dag.py:3823} INFO - Setting next_dagrun for sec_edgar_pipeline to 2026-02-15 09:00:00+00:00, run_after=2026-02-16 09:00:00+00:00
[2026-02-15T23:41:55.372+0000] {processor.py:183} INFO - Processing /opt/airflow/dags/sec_edgar_dag.py took 0.462 seconds
[2026-02-15T23:42:25.478+0000] {processor.py:161} INFO - Started process (PID=13483) to work on /opt/airflow/dags/sec_edgar_dag.py
[2026-02-15T23:42:25.481+0000] {processor.py:830} INFO - Processing file /opt/airflow/dags/sec_edgar_dag.py for tasks to queue
[2026-02-15T23:42:25.483+0000] {logging_mixin.py:188} INFO - [2026-02-15T23:42:25.483+0000] {dagbag.py:538} INFO - Filling up the DagBag from /opt/airflow/dags/sec_edgar_dag.py
[2026-02-15T23:42:25.827+0000] {processor.py:840} INFO - DAG(s) 'sec_edgar_pipeline' retrieved from /opt/airflow/dags/sec_edgar_dag.py
[2026-02-15T23:42:25.857+0000] {logging_mixin.py:188} INFO - [2026-02-15T23:42:25.856+0000] {dag.py:3036} INFO - Sync 1 DAGs
[2026-02-15T23:42:25.884+0000] {logging_mixin.py:188} INFO - [2026-02-15T23:42:25.884+0000] {dag.py:3823} INFO - Setting next_dagrun for sec_edgar_pipeline to 2026-02-15 09:00:00+00:00, run_after=2026-02-16 09:00:00+00:00
[2026-02-15T23:42:25.921+0000] {processor.py:183} INFO - Processing /opt/airflow/dags/sec_edgar_dag.py took 0.447 seconds
[2026-02-15T23:42:56.019+0000] {processor.py:161} INFO - Started process (PID=13499) to work on /opt/airflow/dags/sec_edgar_dag.py
[2026-02-15T23:42:56.020+0000] {processor.py:830} INFO - Processing file /opt/airflow/dags/sec_edgar_dag.py for tasks to queue
[2026-02-15T23:42:56.022+0000] {logging_mixin.py:188} INFO - [2026-02-15T23:42:56.021+0000] {dagbag.py:538} INFO - Filling up the DagBag from /opt/airflow/dags/sec_edgar_dag.py
[2026-02-15T23:42:56.334+0000] {processor.py:840} INFO - DAG(s) 'sec_edgar_pipeline' retrieved from /opt/airflow/dags/sec_edgar_dag.py
[2026-02-15T23:42:56.366+0000] {logging_mixin.py:188} INFO - [2026-02-15T23:42:56.365+0000] {dag.py:3036} INFO - Sync 1 DAGs
[2026-02-15T23:42:56.394+0000] {logging_mixin.py:188} INFO - [2026-02-15T23:42:56.393+0000] {dag.py:3823} INFO - Setting next_dagrun for sec_edgar_pipeline to 2026-02-15 09:00:00+00:00, run_after=2026-02-16 09:00:00+00:00
[2026-02-15T23:42:56.435+0000] {processor.py:183} INFO - Processing /opt/airflow/dags/sec_edgar_dag.py took 0.421 seconds
[2026-02-15T23:43:26.604+0000] {processor.py:161} INFO - Started process (PID=13520) to work on /opt/airflow/dags/sec_edgar_dag.py
[2026-02-15T23:43:26.606+0000] {processor.py:830} INFO - Processing file /opt/airflow/dags/sec_edgar_dag.py for tasks to queue
[2026-02-15T23:43:26.607+0000] {logging_mixin.py:188} INFO - [2026-02-15T23:43:26.607+0000] {dagbag.py:538} INFO - Filling up the DagBag from /opt/airflow/dags/sec_edgar_dag.py
[2026-02-15T23:43:26.888+0000] {processor.py:840} INFO - DAG(s) 'sec_edgar_pipeline' retrieved from /opt/airflow/dags/sec_edgar_dag.py
[2026-02-15T23:43:26.919+0000] {logging_mixin.py:188} INFO - [2026-02-15T23:43:26.918+0000] {dag.py:3036} INFO - Sync 1 DAGs
[2026-02-15T23:43:26.950+0000] {logging_mixin.py:188} INFO - [2026-02-15T23:43:26.949+0000] {dag.py:3823} INFO - Setting next_dagrun for sec_edgar_pipeline to 2026-02-15 09:00:00+00:00, run_after=2026-02-16 09:00:00+00:00
[2026-02-15T23:43:26.987+0000] {processor.py:183} INFO - Processing /opt/airflow/dags/sec_edgar_dag.py took 0.387 seconds
[2026-02-15T23:43:57.099+0000] {processor.py:161} INFO - Started process (PID=13537) to work on /opt/airflow/dags/sec_edgar_dag.py
[2026-02-15T23:43:57.100+0000] {processor.py:830} INFO - Processing file /opt/airflow/dags/sec_edgar_dag.py for tasks to queue
[2026-02-15T23:43:57.102+0000] {logging_mixin.py:188} INFO - [2026-02-15T23:43:57.101+0000] {dagbag.py:538} INFO - Filling up the DagBag from /opt/airflow/dags/sec_edgar_dag.py
[2026-02-15T23:43:57.413+0000] {processor.py:840} INFO - DAG(s) 'sec_edgar_pipeline' retrieved from /opt/airflow/dags/sec_edgar_dag.py
[2026-02-15T23:43:57.447+0000] {logging_mixin.py:188} INFO - [2026-02-15T23:43:57.446+0000] {dag.py:3036} INFO - Sync 1 DAGs
[2026-02-15T23:43:57.480+0000] {logging_mixin.py:188} INFO - [2026-02-15T23:43:57.479+0000] {dag.py:3823} INFO - Setting next_dagrun for sec_edgar_pipeline to 2026-02-15 09:00:00+00:00, run_after=2026-02-16 09:00:00+00:00
[2026-02-15T23:43:57.507+0000] {processor.py:183} INFO - Processing /opt/airflow/dags/sec_edgar_dag.py took 0.412 seconds
[2026-02-15T23:44:28.408+0000] {processor.py:161} INFO - Started process (PID=13553) to work on /opt/airflow/dags/sec_edgar_dag.py
[2026-02-15T23:44:28.410+0000] {processor.py:830} INFO - Processing file /opt/airflow/dags/sec_edgar_dag.py for tasks to queue
[2026-02-15T23:44:28.412+0000] {logging_mixin.py:188} INFO - [2026-02-15T23:44:28.411+0000] {dagbag.py:538} INFO - Filling up the DagBag from /opt/airflow/dags/sec_edgar_dag.py
[2026-02-15T23:44:28.726+0000] {processor.py:840} INFO - DAG(s) 'sec_edgar_pipeline' retrieved from /opt/airflow/dags/sec_edgar_dag.py
[2026-02-15T23:44:28.756+0000] {logging_mixin.py:188} INFO - [2026-02-15T23:44:28.755+0000] {dag.py:3036} INFO - Sync 1 DAGs
[2026-02-15T23:44:28.785+0000] {logging_mixin.py:188} INFO - [2026-02-15T23:44:28.785+0000] {dag.py:3823} INFO - Setting next_dagrun for sec_edgar_pipeline to 2026-02-15 09:00:00+00:00, run_after=2026-02-16 09:00:00+00:00
[2026-02-15T23:44:28.822+0000] {processor.py:183} INFO - Processing /opt/airflow/dags/sec_edgar_dag.py took 0.419 seconds
[2026-02-15T23:44:59.024+0000] {processor.py:161} INFO - Started process (PID=13569) to work on /opt/airflow/dags/sec_edgar_dag.py
[2026-02-15T23:44:59.026+0000] {processor.py:830} INFO - Processing file /opt/airflow/dags/sec_edgar_dag.py for tasks to queue
[2026-02-15T23:44:59.027+0000] {logging_mixin.py:188} INFO - [2026-02-15T23:44:59.027+0000] {dagbag.py:538} INFO - Filling up the DagBag from /opt/airflow/dags/sec_edgar_dag.py
[2026-02-15T23:44:59.318+0000] {processor.py:840} INFO - DAG(s) 'sec_edgar_pipeline' retrieved from /opt/airflow/dags/sec_edgar_dag.py
[2026-02-15T23:44:59.351+0000] {logging_mixin.py:188} INFO - [2026-02-15T23:44:59.351+0000] {dag.py:3036} INFO - Sync 1 DAGs
[2026-02-15T23:44:59.392+0000] {logging_mixin.py:188} INFO - [2026-02-15T23:44:59.390+0000] {dag.py:3823} INFO - Setting next_dagrun for sec_edgar_pipeline to 2026-02-15 09:00:00+00:00, run_after=2026-02-16 09:00:00+00:00
[2026-02-15T23:44:59.424+0000] {processor.py:183} INFO - Processing /opt/airflow/dags/sec_edgar_dag.py took 0.404 seconds
[2026-02-15T23:45:29.589+0000] {processor.py:161} INFO - Started process (PID=13585) to work on /opt/airflow/dags/sec_edgar_dag.py
[2026-02-15T23:45:29.591+0000] {processor.py:830} INFO - Processing file /opt/airflow/dags/sec_edgar_dag.py for tasks to queue
[2026-02-15T23:45:29.594+0000] {logging_mixin.py:188} INFO - [2026-02-15T23:45:29.593+0000] {dagbag.py:538} INFO - Filling up the DagBag from /opt/airflow/dags/sec_edgar_dag.py
[2026-02-15T23:45:29.921+0000] {processor.py:840} INFO - DAG(s) 'sec_edgar_pipeline' retrieved from /opt/airflow/dags/sec_edgar_dag.py
[2026-02-15T23:45:29.960+0000] {logging_mixin.py:188} INFO - [2026-02-15T23:45:29.960+0000] {dag.py:3036} INFO - Sync 1 DAGs
[2026-02-15T23:45:29.994+0000] {logging_mixin.py:188} INFO - [2026-02-15T23:45:29.993+0000] {dag.py:3823} INFO - Setting next_dagrun for sec_edgar_pipeline to 2026-02-15 09:00:00+00:00, run_after=2026-02-16 09:00:00+00:00
[2026-02-15T23:45:30.026+0000] {processor.py:183} INFO - Processing /opt/airflow/dags/sec_edgar_dag.py took 0.443 seconds
[2026-02-15T23:46:00.864+0000] {processor.py:161} INFO - Started process (PID=13601) to work on /opt/airflow/dags/sec_edgar_dag.py
[2026-02-15T23:46:00.866+0000] {processor.py:830} INFO - Processing file /opt/airflow/dags/sec_edgar_dag.py for tasks to queue
[2026-02-15T23:46:00.867+0000] {logging_mixin.py:188} INFO - [2026-02-15T23:46:00.866+0000] {dagbag.py:538} INFO - Filling up the DagBag from /opt/airflow/dags/sec_edgar_dag.py
[2026-02-15T23:46:01.203+0000] {processor.py:840} INFO - DAG(s) 'sec_edgar_pipeline' retrieved from /opt/airflow/dags/sec_edgar_dag.py
[2026-02-15T23:46:01.247+0000] {logging_mixin.py:188} INFO - [2026-02-15T23:46:01.246+0000] {dag.py:3036} INFO - Sync 1 DAGs
[2026-02-15T23:46:01.283+0000] {logging_mixin.py:188} INFO - [2026-02-15T23:46:01.282+0000] {dag.py:3823} INFO - Setting next_dagrun for sec_edgar_pipeline to 2026-02-15 09:00:00+00:00, run_after=2026-02-16 09:00:00+00:00
[2026-02-15T23:46:01.321+0000] {processor.py:183} INFO - Processing /opt/airflow/dags/sec_edgar_dag.py took 0.461 seconds
[2026-02-15T23:46:31.448+0000] {processor.py:161} INFO - Started process (PID=13617) to work on /opt/airflow/dags/sec_edgar_dag.py
[2026-02-15T23:46:31.450+0000] {processor.py:830} INFO - Processing file /opt/airflow/dags/sec_edgar_dag.py for tasks to queue
[2026-02-15T23:46:31.455+0000] {logging_mixin.py:188} INFO - [2026-02-15T23:46:31.454+0000] {dagbag.py:538} INFO - Filling up the DagBag from /opt/airflow/dags/sec_edgar_dag.py
[2026-02-15T23:46:31.802+0000] {processor.py:840} INFO - DAG(s) 'sec_edgar_pipeline' retrieved from /opt/airflow/dags/sec_edgar_dag.py
[2026-02-15T23:46:31.839+0000] {logging_mixin.py:188} INFO - [2026-02-15T23:46:31.838+0000] {dag.py:3036} INFO - Sync 1 DAGs
[2026-02-15T23:46:31.876+0000] {logging_mixin.py:188} INFO - [2026-02-15T23:46:31.876+0000] {dag.py:3823} INFO - Setting next_dagrun for sec_edgar_pipeline to 2026-02-15 09:00:00+00:00, run_after=2026-02-16 09:00:00+00:00
[2026-02-15T23:46:31.921+0000] {processor.py:183} INFO - Processing /opt/airflow/dags/sec_edgar_dag.py took 0.480 seconds
[2026-02-15T23:47:02.058+0000] {processor.py:161} INFO - Started process (PID=13633) to work on /opt/airflow/dags/sec_edgar_dag.py
[2026-02-15T23:47:02.059+0000] {processor.py:830} INFO - Processing file /opt/airflow/dags/sec_edgar_dag.py for tasks to queue
[2026-02-15T23:47:02.061+0000] {logging_mixin.py:188} INFO - [2026-02-15T23:47:02.060+0000] {dagbag.py:538} INFO - Filling up the DagBag from /opt/airflow/dags/sec_edgar_dag.py
[2026-02-15T23:47:02.370+0000] {processor.py:840} INFO - DAG(s) 'sec_edgar_pipeline' retrieved from /opt/airflow/dags/sec_edgar_dag.py
[2026-02-15T23:47:02.411+0000] {logging_mixin.py:188} INFO - [2026-02-15T23:47:02.411+0000] {dag.py:3036} INFO - Sync 1 DAGs
[2026-02-15T23:47:02.446+0000] {logging_mixin.py:188} INFO - [2026-02-15T23:47:02.445+0000] {dag.py:3823} INFO - Setting next_dagrun for sec_edgar_pipeline to 2026-02-15 09:00:00+00:00, run_after=2026-02-16 09:00:00+00:00
[2026-02-15T23:47:02.485+0000] {processor.py:183} INFO - Processing /opt/airflow/dags/sec_edgar_dag.py took 0.431 seconds
[2026-02-15T23:47:32.635+0000] {processor.py:161} INFO - Started process (PID=13649) to work on /opt/airflow/dags/sec_edgar_dag.py
[2026-02-15T23:47:32.637+0000] {processor.py:830} INFO - Processing file /opt/airflow/dags/sec_edgar_dag.py for tasks to queue
[2026-02-15T23:47:32.638+0000] {logging_mixin.py:188} INFO - [2026-02-15T23:47:32.638+0000] {dagbag.py:538} INFO - Filling up the DagBag from /opt/airflow/dags/sec_edgar_dag.py
[2026-02-15T23:47:33.025+0000] {processor.py:840} INFO - DAG(s) 'sec_edgar_pipeline' retrieved from /opt/airflow/dags/sec_edgar_dag.py
[2026-02-15T23:47:33.069+0000] {logging_mixin.py:188} INFO - [2026-02-15T23:47:33.068+0000] {dag.py:3036} INFO - Sync 1 DAGs
[2026-02-15T23:47:33.112+0000] {logging_mixin.py:188} INFO - [2026-02-15T23:47:33.112+0000] {dag.py:3823} INFO - Setting next_dagrun for sec_edgar_pipeline to 2026-02-15 09:00:00+00:00, run_after=2026-02-16 09:00:00+00:00
[2026-02-15T23:47:33.145+0000] {processor.py:183} INFO - Processing /opt/airflow/dags/sec_edgar_dag.py took 0.514 seconds
[2026-02-15T23:48:04.119+0000] {processor.py:161} INFO - Started process (PID=13665) to work on /opt/airflow/dags/sec_edgar_dag.py
[2026-02-15T23:48:04.121+0000] {processor.py:830} INFO - Processing file /opt/airflow/dags/sec_edgar_dag.py for tasks to queue
[2026-02-15T23:48:04.123+0000] {logging_mixin.py:188} INFO - [2026-02-15T23:48:04.122+0000] {dagbag.py:538} INFO - Filling up the DagBag from /opt/airflow/dags/sec_edgar_dag.py
[2026-02-15T23:48:04.443+0000] {processor.py:840} INFO - DAG(s) 'sec_edgar_pipeline' retrieved from /opt/airflow/dags/sec_edgar_dag.py
[2026-02-15T23:48:04.482+0000] {logging_mixin.py:188} INFO - [2026-02-15T23:48:04.482+0000] {dag.py:3036} INFO - Sync 1 DAGs
[2026-02-15T23:48:04.518+0000] {logging_mixin.py:188} INFO - [2026-02-15T23:48:04.518+0000] {dag.py:3823} INFO - Setting next_dagrun for sec_edgar_pipeline to 2026-02-15 09:00:00+00:00, run_after=2026-02-16 09:00:00+00:00
[2026-02-15T23:48:04.545+0000] {processor.py:183} INFO - Processing /opt/airflow/dags/sec_edgar_dag.py took 0.430 seconds
[2026-02-15T23:48:35.438+0000] {processor.py:161} INFO - Started process (PID=13681) to work on /opt/airflow/dags/sec_edgar_dag.py
[2026-02-15T23:48:35.439+0000] {processor.py:830} INFO - Processing file /opt/airflow/dags/sec_edgar_dag.py for tasks to queue
[2026-02-15T23:48:35.441+0000] {logging_mixin.py:188} INFO - [2026-02-15T23:48:35.441+0000] {dagbag.py:538} INFO - Filling up the DagBag from /opt/airflow/dags/sec_edgar_dag.py
[2026-02-15T23:48:35.767+0000] {processor.py:840} INFO - DAG(s) 'sec_edgar_pipeline' retrieved from /opt/airflow/dags/sec_edgar_dag.py
[2026-02-15T23:48:35.807+0000] {logging_mixin.py:188} INFO - [2026-02-15T23:48:35.807+0000] {dag.py:3036} INFO - Sync 1 DAGs
[2026-02-15T23:48:35.839+0000] {logging_mixin.py:188} INFO - [2026-02-15T23:48:35.839+0000] {dag.py:3823} INFO - Setting next_dagrun for sec_edgar_pipeline to 2026-02-15 09:00:00+00:00, run_after=2026-02-16 09:00:00+00:00
[2026-02-15T23:48:35.864+0000] {processor.py:183} INFO - Processing /opt/airflow/dags/sec_edgar_dag.py took 0.431 seconds
[2026-02-15T23:49:06.034+0000] {processor.py:161} INFO - Started process (PID=13697) to work on /opt/airflow/dags/sec_edgar_dag.py
[2026-02-15T23:49:06.036+0000] {processor.py:830} INFO - Processing file /opt/airflow/dags/sec_edgar_dag.py for tasks to queue
[2026-02-15T23:49:06.038+0000] {logging_mixin.py:188} INFO - [2026-02-15T23:49:06.037+0000] {dagbag.py:538} INFO - Filling up the DagBag from /opt/airflow/dags/sec_edgar_dag.py
[2026-02-15T23:49:06.351+0000] {processor.py:840} INFO - DAG(s) 'sec_edgar_pipeline' retrieved from /opt/airflow/dags/sec_edgar_dag.py
[2026-02-15T23:49:06.389+0000] {logging_mixin.py:188} INFO - [2026-02-15T23:49:06.388+0000] {dag.py:3036} INFO - Sync 1 DAGs
[2026-02-15T23:49:06.425+0000] {logging_mixin.py:188} INFO - [2026-02-15T23:49:06.425+0000] {dag.py:3823} INFO - Setting next_dagrun for sec_edgar_pipeline to 2026-02-15 09:00:00+00:00, run_after=2026-02-16 09:00:00+00:00
[2026-02-15T23:49:06.466+0000] {processor.py:183} INFO - Processing /opt/airflow/dags/sec_edgar_dag.py took 0.437 seconds
[2026-02-15T23:49:37.337+0000] {processor.py:161} INFO - Started process (PID=13713) to work on /opt/airflow/dags/sec_edgar_dag.py
[2026-02-15T23:49:37.339+0000] {processor.py:830} INFO - Processing file /opt/airflow/dags/sec_edgar_dag.py for tasks to queue
[2026-02-15T23:49:37.341+0000] {logging_mixin.py:188} INFO - [2026-02-15T23:49:37.340+0000] {dagbag.py:538} INFO - Filling up the DagBag from /opt/airflow/dags/sec_edgar_dag.py
[2026-02-15T23:49:37.671+0000] {processor.py:840} INFO - DAG(s) 'sec_edgar_pipeline' retrieved from /opt/airflow/dags/sec_edgar_dag.py
[2026-02-15T23:49:37.704+0000] {logging_mixin.py:188} INFO - [2026-02-15T23:49:37.703+0000] {dag.py:3036} INFO - Sync 1 DAGs
[2026-02-15T23:49:37.740+0000] {logging_mixin.py:188} INFO - [2026-02-15T23:49:37.739+0000] {dag.py:3823} INFO - Setting next_dagrun for sec_edgar_pipeline to 2026-02-15 09:00:00+00:00, run_after=2026-02-16 09:00:00+00:00
[2026-02-15T23:49:37.770+0000] {processor.py:183} INFO - Processing /opt/airflow/dags/sec_edgar_dag.py took 0.438 seconds
[2026-02-15T23:50:07.954+0000] {processor.py:161} INFO - Started process (PID=13730) to work on /opt/airflow/dags/sec_edgar_dag.py
[2026-02-15T23:50:07.956+0000] {processor.py:830} INFO - Processing file /opt/airflow/dags/sec_edgar_dag.py for tasks to queue
[2026-02-15T23:50:07.957+0000] {logging_mixin.py:188} INFO - [2026-02-15T23:50:07.957+0000] {dagbag.py:538} INFO - Filling up the DagBag from /opt/airflow/dags/sec_edgar_dag.py
[2026-02-15T23:50:08.286+0000] {processor.py:840} INFO - DAG(s) 'sec_edgar_pipeline' retrieved from /opt/airflow/dags/sec_edgar_dag.py
[2026-02-15T23:50:08.336+0000] {logging_mixin.py:188} INFO - [2026-02-15T23:50:08.335+0000] {dag.py:3036} INFO - Sync 1 DAGs
[2026-02-15T23:50:08.373+0000] {logging_mixin.py:188} INFO - [2026-02-15T23:50:08.373+0000] {dag.py:3823} INFO - Setting next_dagrun for sec_edgar_pipeline to 2026-02-15 09:00:00+00:00, run_after=2026-02-16 09:00:00+00:00
[2026-02-15T23:50:08.413+0000] {processor.py:183} INFO - Processing /opt/airflow/dags/sec_edgar_dag.py took 0.463 seconds
[2026-02-15T23:50:39.236+0000] {processor.py:161} INFO - Started process (PID=13746) to work on /opt/airflow/dags/sec_edgar_dag.py
[2026-02-15T23:50:39.237+0000] {processor.py:830} INFO - Processing file /opt/airflow/dags/sec_edgar_dag.py for tasks to queue
[2026-02-15T23:50:39.239+0000] {logging_mixin.py:188} INFO - [2026-02-15T23:50:39.238+0000] {dagbag.py:538} INFO - Filling up the DagBag from /opt/airflow/dags/sec_edgar_dag.py
[2026-02-15T23:50:39.595+0000] {processor.py:840} INFO - DAG(s) 'sec_edgar_pipeline' retrieved from /opt/airflow/dags/sec_edgar_dag.py
[2026-02-15T23:50:39.635+0000] {logging_mixin.py:188} INFO - [2026-02-15T23:50:39.635+0000] {dag.py:3036} INFO - Sync 1 DAGs
[2026-02-15T23:50:39.668+0000] {logging_mixin.py:188} INFO - [2026-02-15T23:50:39.667+0000] {dag.py:3823} INFO - Setting next_dagrun for sec_edgar_pipeline to 2026-02-15 09:00:00+00:00, run_after=2026-02-16 09:00:00+00:00
[2026-02-15T23:50:39.706+0000] {processor.py:183} INFO - Processing /opt/airflow/dags/sec_edgar_dag.py took 0.473 seconds
[2026-02-15T23:51:09.850+0000] {processor.py:161} INFO - Started process (PID=13762) to work on /opt/airflow/dags/sec_edgar_dag.py
[2026-02-15T23:51:09.851+0000] {processor.py:830} INFO - Processing file /opt/airflow/dags/sec_edgar_dag.py for tasks to queue
[2026-02-15T23:51:09.853+0000] {logging_mixin.py:188} INFO - [2026-02-15T23:51:09.852+0000] {dagbag.py:538} INFO - Filling up the DagBag from /opt/airflow/dags/sec_edgar_dag.py
[2026-02-15T23:51:10.153+0000] {processor.py:840} INFO - DAG(s) 'sec_edgar_pipeline' retrieved from /opt/airflow/dags/sec_edgar_dag.py
[2026-02-15T23:51:10.193+0000] {logging_mixin.py:188} INFO - [2026-02-15T23:51:10.192+0000] {dag.py:3036} INFO - Sync 1 DAGs
[2026-02-15T23:51:10.231+0000] {logging_mixin.py:188} INFO - [2026-02-15T23:51:10.231+0000] {dag.py:3823} INFO - Setting next_dagrun for sec_edgar_pipeline to 2026-02-15 09:00:00+00:00, run_after=2026-02-16 09:00:00+00:00
[2026-02-15T23:51:10.258+0000] {processor.py:183} INFO - Processing /opt/airflow/dags/sec_edgar_dag.py took 0.413 seconds
[2026-02-15T23:51:41.181+0000] {processor.py:161} INFO - Started process (PID=13778) to work on /opt/airflow/dags/sec_edgar_dag.py
[2026-02-15T23:51:41.183+0000] {processor.py:830} INFO - Processing file /opt/airflow/dags/sec_edgar_dag.py for tasks to queue
[2026-02-15T23:51:41.185+0000] {logging_mixin.py:188} INFO - [2026-02-15T23:51:41.184+0000] {dagbag.py:538} INFO - Filling up the DagBag from /opt/airflow/dags/sec_edgar_dag.py
[2026-02-15T23:51:41.490+0000] {processor.py:840} INFO - DAG(s) 'sec_edgar_pipeline' retrieved from /opt/airflow/dags/sec_edgar_dag.py
[2026-02-15T23:51:41.519+0000] {logging_mixin.py:188} INFO - [2026-02-15T23:51:41.519+0000] {dag.py:3036} INFO - Sync 1 DAGs
[2026-02-15T23:51:41.550+0000] {logging_mixin.py:188} INFO - [2026-02-15T23:51:41.549+0000] {dag.py:3823} INFO - Setting next_dagrun for sec_edgar_pipeline to 2026-02-15 09:00:00+00:00, run_after=2026-02-16 09:00:00+00:00
[2026-02-15T23:51:41.589+0000] {processor.py:183} INFO - Processing /opt/airflow/dags/sec_edgar_dag.py took 0.414 seconds
[2026-02-15T23:52:11.922+0000] {processor.py:161} INFO - Started process (PID=13794) to work on /opt/airflow/dags/sec_edgar_dag.py
[2026-02-15T23:52:11.924+0000] {processor.py:830} INFO - Processing file /opt/airflow/dags/sec_edgar_dag.py for tasks to queue
[2026-02-15T23:52:11.925+0000] {logging_mixin.py:188} INFO - [2026-02-15T23:52:11.925+0000] {dagbag.py:538} INFO - Filling up the DagBag from /opt/airflow/dags/sec_edgar_dag.py
[2026-02-15T23:52:12.217+0000] {processor.py:840} INFO - DAG(s) 'sec_edgar_pipeline' retrieved from /opt/airflow/dags/sec_edgar_dag.py
[2026-02-15T23:52:12.251+0000] {logging_mixin.py:188} INFO - [2026-02-15T23:52:12.251+0000] {dag.py:3036} INFO - Sync 1 DAGs
[2026-02-15T23:52:13.785+0000] {logging_mixin.py:188} INFO - [2026-02-15T23:52:13.785+0000] {dag.py:3823} INFO - Setting next_dagrun for sec_edgar_pipeline to 2026-02-15 09:00:00+00:00, run_after=2026-02-16 09:00:00+00:00
[2026-02-15T23:52:13.818+0000] {processor.py:183} INFO - Processing /opt/airflow/dags/sec_edgar_dag.py took 1.899 seconds
[2026-02-15T23:52:44.358+0000] {processor.py:161} INFO - Started process (PID=13810) to work on /opt/airflow/dags/sec_edgar_dag.py
[2026-02-15T23:52:44.359+0000] {processor.py:830} INFO - Processing file /opt/airflow/dags/sec_edgar_dag.py for tasks to queue
[2026-02-15T23:52:44.361+0000] {logging_mixin.py:188} INFO - [2026-02-15T23:52:44.360+0000] {dagbag.py:538} INFO - Filling up the DagBag from /opt/airflow/dags/sec_edgar_dag.py
[2026-02-15T23:52:44.702+0000] {processor.py:840} INFO - DAG(s) 'sec_edgar_pipeline' retrieved from /opt/airflow/dags/sec_edgar_dag.py
[2026-02-15T23:52:44.740+0000] {logging_mixin.py:188} INFO - [2026-02-15T23:52:44.739+0000] {dag.py:3036} INFO - Sync 1 DAGs
[2026-02-15T23:52:44.777+0000] {logging_mixin.py:188} INFO - [2026-02-15T23:52:44.777+0000] {dag.py:3823} INFO - Setting next_dagrun for sec_edgar_pipeline to 2026-02-15 09:00:00+00:00, run_after=2026-02-16 09:00:00+00:00
[2026-02-15T23:52:44.824+0000] {processor.py:183} INFO - Processing /opt/airflow/dags/sec_edgar_dag.py took 0.470 seconds
[2026-02-15T23:53:15.675+0000] {processor.py:161} INFO - Started process (PID=13826) to work on /opt/airflow/dags/sec_edgar_dag.py
[2026-02-15T23:53:15.677+0000] {processor.py:830} INFO - Processing file /opt/airflow/dags/sec_edgar_dag.py for tasks to queue
[2026-02-15T23:53:15.679+0000] {logging_mixin.py:188} INFO - [2026-02-15T23:53:15.678+0000] {dagbag.py:538} INFO - Filling up the DagBag from /opt/airflow/dags/sec_edgar_dag.py
[2026-02-15T23:53:16.099+0000] {processor.py:840} INFO - DAG(s) 'sec_edgar_pipeline' retrieved from /opt/airflow/dags/sec_edgar_dag.py
[2026-02-15T23:53:16.141+0000] {logging_mixin.py:188} INFO - [2026-02-15T23:53:16.140+0000] {dag.py:3036} INFO - Sync 1 DAGs
[2026-02-15T23:53:16.857+0000] {logging_mixin.py:188} INFO - [2026-02-15T23:53:16.857+0000] {dag.py:3823} INFO - Setting next_dagrun for sec_edgar_pipeline to 2026-02-15 09:00:00+00:00, run_after=2026-02-16 09:00:00+00:00
[2026-02-15T23:53:16.896+0000] {processor.py:183} INFO - Processing /opt/airflow/dags/sec_edgar_dag.py took 1.229 seconds
[2026-02-15T23:53:47.203+0000] {processor.py:161} INFO - Started process (PID=13842) to work on /opt/airflow/dags/sec_edgar_dag.py
[2026-02-15T23:53:47.204+0000] {processor.py:830} INFO - Processing file /opt/airflow/dags/sec_edgar_dag.py for tasks to queue
[2026-02-15T23:53:47.206+0000] {logging_mixin.py:188} INFO - [2026-02-15T23:53:47.205+0000] {dagbag.py:538} INFO - Filling up the DagBag from /opt/airflow/dags/sec_edgar_dag.py
[2026-02-15T23:53:47.529+0000] {processor.py:840} INFO - DAG(s) 'sec_edgar_pipeline' retrieved from /opt/airflow/dags/sec_edgar_dag.py
[2026-02-15T23:53:47.561+0000] {logging_mixin.py:188} INFO - [2026-02-15T23:53:47.561+0000] {dag.py:3036} INFO - Sync 1 DAGs
[2026-02-15T23:53:47.603+0000] {logging_mixin.py:188} INFO - [2026-02-15T23:53:47.603+0000] {dag.py:3823} INFO - Setting next_dagrun for sec_edgar_pipeline to 2026-02-15 09:00:00+00:00, run_after=2026-02-16 09:00:00+00:00
[2026-02-15T23:53:47.647+0000] {processor.py:183} INFO - Processing /opt/airflow/dags/sec_edgar_dag.py took 0.448 seconds
[2026-02-15T23:54:18.518+0000] {processor.py:161} INFO - Started process (PID=13858) to work on /opt/airflow/dags/sec_edgar_dag.py
[2026-02-15T23:54:18.520+0000] {processor.py:830} INFO - Processing file /opt/airflow/dags/sec_edgar_dag.py for tasks to queue
[2026-02-15T23:54:18.522+0000] {logging_mixin.py:188} INFO - [2026-02-15T23:54:18.521+0000] {dagbag.py:538} INFO - Filling up the DagBag from /opt/airflow/dags/sec_edgar_dag.py
[2026-02-15T23:54:18.849+0000] {processor.py:840} INFO - DAG(s) 'sec_edgar_pipeline' retrieved from /opt/airflow/dags/sec_edgar_dag.py
[2026-02-15T23:54:18.889+0000] {logging_mixin.py:188} INFO - [2026-02-15T23:54:18.888+0000] {dag.py:3036} INFO - Sync 1 DAGs
[2026-02-15T23:54:19.374+0000] {logging_mixin.py:188} INFO - [2026-02-15T23:54:19.371+0000] {dag.py:3823} INFO - Setting next_dagrun for sec_edgar_pipeline to 2026-02-15 09:00:00+00:00, run_after=2026-02-16 09:00:00+00:00
[2026-02-15T23:54:19.405+0000] {processor.py:183} INFO - Processing /opt/airflow/dags/sec_edgar_dag.py took 0.892 seconds
[2026-02-15T23:54:49.912+0000] {processor.py:161} INFO - Started process (PID=13874) to work on /opt/airflow/dags/sec_edgar_dag.py
[2026-02-15T23:54:49.913+0000] {processor.py:830} INFO - Processing file /opt/airflow/dags/sec_edgar_dag.py for tasks to queue
[2026-02-15T23:54:49.915+0000] {logging_mixin.py:188} INFO - [2026-02-15T23:54:49.914+0000] {dagbag.py:538} INFO - Filling up the DagBag from /opt/airflow/dags/sec_edgar_dag.py
[2026-02-15T23:54:50.234+0000] {processor.py:840} INFO - DAG(s) 'sec_edgar_pipeline' retrieved from /opt/airflow/dags/sec_edgar_dag.py
[2026-02-15T23:54:50.266+0000] {logging_mixin.py:188} INFO - [2026-02-15T23:54:50.266+0000] {dag.py:3036} INFO - Sync 1 DAGs
[2026-02-15T23:54:50.297+0000] {logging_mixin.py:188} INFO - [2026-02-15T23:54:50.297+0000] {dag.py:3823} INFO - Setting next_dagrun for sec_edgar_pipeline to 2026-02-15 09:00:00+00:00, run_after=2026-02-16 09:00:00+00:00
[2026-02-15T23:54:50.336+0000] {processor.py:183} INFO - Processing /opt/airflow/dags/sec_edgar_dag.py took 0.429 seconds
[2026-02-15T23:55:21.197+0000] {processor.py:161} INFO - Started process (PID=13890) to work on /opt/airflow/dags/sec_edgar_dag.py
[2026-02-15T23:55:21.198+0000] {processor.py:830} INFO - Processing file /opt/airflow/dags/sec_edgar_dag.py for tasks to queue
[2026-02-15T23:55:21.200+0000] {logging_mixin.py:188} INFO - [2026-02-15T23:55:21.199+0000] {dagbag.py:538} INFO - Filling up the DagBag from /opt/airflow/dags/sec_edgar_dag.py
[2026-02-15T23:55:21.989+0000] {processor.py:840} INFO - DAG(s) 'sec_edgar_pipeline' retrieved from /opt/airflow/dags/sec_edgar_dag.py
[2026-02-15T23:55:22.024+0000] {logging_mixin.py:188} INFO - [2026-02-15T23:55:22.024+0000] {dag.py:3036} INFO - Sync 1 DAGs
[2026-02-15T23:55:22.060+0000] {logging_mixin.py:188} INFO - [2026-02-15T23:55:22.059+0000] {dag.py:3823} INFO - Setting next_dagrun for sec_edgar_pipeline to 2026-02-15 09:00:00+00:00, run_after=2026-02-16 09:00:00+00:00
[2026-02-15T23:55:22.097+0000] {processor.py:183} INFO - Processing /opt/airflow/dags/sec_edgar_dag.py took 0.904 seconds
[2026-02-15T23:55:52.593+0000] {processor.py:161} INFO - Started process (PID=13906) to work on /opt/airflow/dags/sec_edgar_dag.py
[2026-02-15T23:55:52.596+0000] {processor.py:830} INFO - Processing file /opt/airflow/dags/sec_edgar_dag.py for tasks to queue
[2026-02-15T23:55:52.598+0000] {logging_mixin.py:188} INFO - [2026-02-15T23:55:52.597+0000] {dagbag.py:538} INFO - Filling up the DagBag from /opt/airflow/dags/sec_edgar_dag.py
[2026-02-15T23:55:52.934+0000] {processor.py:840} INFO - DAG(s) 'sec_edgar_pipeline' retrieved from /opt/airflow/dags/sec_edgar_dag.py
[2026-02-15T23:55:52.976+0000] {logging_mixin.py:188} INFO - [2026-02-15T23:55:52.975+0000] {dag.py:3036} INFO - Sync 1 DAGs
[2026-02-15T23:55:53.016+0000] {logging_mixin.py:188} INFO - [2026-02-15T23:55:53.016+0000] {dag.py:3823} INFO - Setting next_dagrun for sec_edgar_pipeline to 2026-02-15 09:00:00+00:00, run_after=2026-02-16 09:00:00+00:00
[2026-02-15T23:55:53.056+0000] {processor.py:183} INFO - Processing /opt/airflow/dags/sec_edgar_dag.py took 0.467 seconds
[2026-02-15T23:56:23.967+0000] {processor.py:161} INFO - Started process (PID=13922) to work on /opt/airflow/dags/sec_edgar_dag.py
[2026-02-15T23:56:23.968+0000] {processor.py:830} INFO - Processing file /opt/airflow/dags/sec_edgar_dag.py for tasks to queue
[2026-02-15T23:56:23.970+0000] {logging_mixin.py:188} INFO - [2026-02-15T23:56:23.969+0000] {dagbag.py:538} INFO - Filling up the DagBag from /opt/airflow/dags/sec_edgar_dag.py
[2026-02-15T23:56:24.643+0000] {processor.py:840} INFO - DAG(s) 'sec_edgar_pipeline' retrieved from /opt/airflow/dags/sec_edgar_dag.py
[2026-02-15T23:56:24.676+0000] {logging_mixin.py:188} INFO - [2026-02-15T23:56:24.675+0000] {dag.py:3036} INFO - Sync 1 DAGs
[2026-02-15T23:56:24.704+0000] {logging_mixin.py:188} INFO - [2026-02-15T23:56:24.703+0000] {dag.py:3823} INFO - Setting next_dagrun for sec_edgar_pipeline to 2026-02-15 09:00:00+00:00, run_after=2026-02-16 09:00:00+00:00
[2026-02-15T23:56:24.729+0000] {processor.py:183} INFO - Processing /opt/airflow/dags/sec_edgar_dag.py took 0.766 seconds
[2026-02-15T23:56:55.389+0000] {processor.py:161} INFO - Started process (PID=13938) to work on /opt/airflow/dags/sec_edgar_dag.py
[2026-02-15T23:56:55.391+0000] {processor.py:830} INFO - Processing file /opt/airflow/dags/sec_edgar_dag.py for tasks to queue
[2026-02-15T23:56:55.393+0000] {logging_mixin.py:188} INFO - [2026-02-15T23:56:55.393+0000] {dagbag.py:538} INFO - Filling up the DagBag from /opt/airflow/dags/sec_edgar_dag.py
[2026-02-15T23:56:56.026+0000] {processor.py:840} INFO - DAG(s) 'sec_edgar_pipeline' retrieved from /opt/airflow/dags/sec_edgar_dag.py
[2026-02-15T23:56:56.058+0000] {logging_mixin.py:188} INFO - [2026-02-15T23:56:56.057+0000] {dag.py:3036} INFO - Sync 1 DAGs
[2026-02-15T23:56:56.098+0000] {logging_mixin.py:188} INFO - [2026-02-15T23:56:56.098+0000] {dag.py:3823} INFO - Setting next_dagrun for sec_edgar_pipeline to 2026-02-15 09:00:00+00:00, run_after=2026-02-16 09:00:00+00:00
[2026-02-15T23:56:56.129+0000] {processor.py:183} INFO - Processing /opt/airflow/dags/sec_edgar_dag.py took 0.744 seconds
[2026-02-15T23:57:26.278+0000] {processor.py:161} INFO - Started process (PID=13954) to work on /opt/airflow/dags/sec_edgar_dag.py
[2026-02-15T23:57:26.280+0000] {processor.py:830} INFO - Processing file /opt/airflow/dags/sec_edgar_dag.py for tasks to queue
[2026-02-15T23:57:26.281+0000] {logging_mixin.py:188} INFO - [2026-02-15T23:57:26.281+0000] {dagbag.py:538} INFO - Filling up the DagBag from /opt/airflow/dags/sec_edgar_dag.py
[2026-02-15T23:57:26.830+0000] {processor.py:840} INFO - DAG(s) 'sec_edgar_pipeline' retrieved from /opt/airflow/dags/sec_edgar_dag.py
[2026-02-15T23:57:26.862+0000] {logging_mixin.py:188} INFO - [2026-02-15T23:57:26.862+0000] {dag.py:3036} INFO - Sync 1 DAGs
[2026-02-15T23:57:26.890+0000] {logging_mixin.py:188} INFO - [2026-02-15T23:57:26.890+0000] {dag.py:3823} INFO - Setting next_dagrun for sec_edgar_pipeline to 2026-02-15 09:00:00+00:00, run_after=2026-02-16 09:00:00+00:00
[2026-02-15T23:57:26.915+0000] {processor.py:183} INFO - Processing /opt/airflow/dags/sec_edgar_dag.py took 0.642 seconds
[2026-02-15T23:57:57.801+0000] {processor.py:161} INFO - Started process (PID=13970) to work on /opt/airflow/dags/sec_edgar_dag.py
[2026-02-15T23:57:57.803+0000] {processor.py:830} INFO - Processing file /opt/airflow/dags/sec_edgar_dag.py for tasks to queue
[2026-02-15T23:57:57.806+0000] {logging_mixin.py:188} INFO - [2026-02-15T23:57:57.805+0000] {dagbag.py:538} INFO - Filling up the DagBag from /opt/airflow/dags/sec_edgar_dag.py
[2026-02-15T23:57:58.548+0000] {processor.py:840} INFO - DAG(s) 'sec_edgar_pipeline' retrieved from /opt/airflow/dags/sec_edgar_dag.py
[2026-02-15T23:57:58.585+0000] {logging_mixin.py:188} INFO - [2026-02-15T23:57:58.585+0000] {dag.py:3036} INFO - Sync 1 DAGs
[2026-02-15T23:57:58.622+0000] {logging_mixin.py:188} INFO - [2026-02-15T23:57:58.622+0000] {dag.py:3823} INFO - Setting next_dagrun for sec_edgar_pipeline to 2026-02-15 09:00:00+00:00, run_after=2026-02-16 09:00:00+00:00
[2026-02-15T23:57:58.652+0000] {processor.py:183} INFO - Processing /opt/airflow/dags/sec_edgar_dag.py took 0.856 seconds
[2026-02-15T23:58:29.191+0000] {processor.py:161} INFO - Started process (PID=13988) to work on /opt/airflow/dags/sec_edgar_dag.py
[2026-02-15T23:58:29.192+0000] {processor.py:830} INFO - Processing file /opt/airflow/dags/sec_edgar_dag.py for tasks to queue
[2026-02-15T23:58:29.194+0000] {logging_mixin.py:188} INFO - [2026-02-15T23:58:29.194+0000] {dagbag.py:538} INFO - Filling up the DagBag from /opt/airflow/dags/sec_edgar_dag.py
[2026-02-15T23:58:29.797+0000] {processor.py:840} INFO - DAG(s) 'sec_edgar_pipeline' retrieved from /opt/airflow/dags/sec_edgar_dag.py
[2026-02-15T23:58:29.833+0000] {logging_mixin.py:188} INFO - [2026-02-15T23:58:29.832+0000] {dag.py:3036} INFO - Sync 1 DAGs
[2026-02-15T23:58:29.860+0000] {logging_mixin.py:188} INFO - [2026-02-15T23:58:29.859+0000] {dag.py:3823} INFO - Setting next_dagrun for sec_edgar_pipeline to 2026-02-15 09:00:00+00:00, run_after=2026-02-16 09:00:00+00:00
[2026-02-15T23:58:29.884+0000] {processor.py:183} INFO - Processing /opt/airflow/dags/sec_edgar_dag.py took 0.698 seconds
[2026-02-15T23:59:00.235+0000] {processor.py:161} INFO - Started process (PID=14004) to work on /opt/airflow/dags/sec_edgar_dag.py
[2026-02-15T23:59:00.237+0000] {processor.py:830} INFO - Processing file /opt/airflow/dags/sec_edgar_dag.py for tasks to queue
[2026-02-15T23:59:00.239+0000] {logging_mixin.py:188} INFO - [2026-02-15T23:59:00.238+0000] {dagbag.py:538} INFO - Filling up the DagBag from /opt/airflow/dags/sec_edgar_dag.py
[2026-02-15T23:59:00.942+0000] {processor.py:840} INFO - DAG(s) 'sec_edgar_pipeline' retrieved from /opt/airflow/dags/sec_edgar_dag.py
[2026-02-15T23:59:00.971+0000] {logging_mixin.py:188} INFO - [2026-02-15T23:59:00.970+0000] {dag.py:3036} INFO - Sync 1 DAGs
[2026-02-15T23:59:01.000+0000] {logging_mixin.py:188} INFO - [2026-02-15T23:59:00.999+0000] {dag.py:3823} INFO - Setting next_dagrun for sec_edgar_pipeline to 2026-02-15 09:00:00+00:00, run_after=2026-02-16 09:00:00+00:00
[2026-02-15T23:59:01.028+0000] {processor.py:183} INFO - Processing /opt/airflow/dags/sec_edgar_dag.py took 0.797 seconds
[2026-02-15T23:59:31.677+0000] {processor.py:161} INFO - Started process (PID=14026) to work on /opt/airflow/dags/sec_edgar_dag.py
[2026-02-15T23:59:31.679+0000] {processor.py:830} INFO - Processing file /opt/airflow/dags/sec_edgar_dag.py for tasks to queue
[2026-02-15T23:59:31.680+0000] {logging_mixin.py:188} INFO - [2026-02-15T23:59:31.680+0000] {dagbag.py:538} INFO - Filling up the DagBag from /opt/airflow/dags/sec_edgar_dag.py
[2026-02-15T23:59:32.444+0000] {processor.py:840} INFO - DAG(s) 'sec_edgar_pipeline' retrieved from /opt/airflow/dags/sec_edgar_dag.py
[2026-02-15T23:59:32.475+0000] {logging_mixin.py:188} INFO - [2026-02-15T23:59:32.474+0000] {dag.py:3036} INFO - Sync 1 DAGs
[2026-02-15T23:59:32.501+0000] {logging_mixin.py:188} INFO - [2026-02-15T23:59:32.501+0000] {dag.py:3823} INFO - Setting next_dagrun for sec_edgar_pipeline to 2026-02-15 09:00:00+00:00, run_after=2026-02-16 09:00:00+00:00
[2026-02-15T23:59:32.537+0000] {processor.py:183} INFO - Processing /opt/airflow/dags/sec_edgar_dag.py took 0.865 seconds
