[2026-02-14T18:09:21.470+0000] {processor.py:161} INFO - Started process (PID=200) to work on /opt/airflow/dags/sec_edgar_dag.py
[2026-02-14T18:09:21.473+0000] {processor.py:830} INFO - Processing file /opt/airflow/dags/sec_edgar_dag.py for tasks to queue
[2026-02-14T18:09:21.478+0000] {logging_mixin.py:188} INFO - [2026-02-14T18:09:21.477+0000] {dagbag.py:538} INFO - Filling up the DagBag from /opt/airflow/dags/sec_edgar_dag.py
[2026-02-14T18:09:21.584+0000] {logging_mixin.py:188} INFO - [2026-02-14T18:09:21.576+0000] {dagbag.py:348} ERROR - Failed to import: /opt/airflow/dags/sec_edgar_dag.py
Traceback (most recent call last):
  File "/home/airflow/.local/lib/python3.11/site-packages/airflow/models/dagbag.py", line 344, in parse
    loader.exec_module(new_module)
  File "<frozen importlib._bootstrap_external>", line 940, in exec_module
  File "<frozen importlib._bootstrap>", line 241, in _call_with_frames_removed
  File "/opt/airflow/dags/sec_edgar_dag.py", line 33, in <module>
    from app.pipelines.sec_edgar import SECEdgarPipeline
ModuleNotFoundError: No module named 'app'
[2026-02-14T18:09:21.588+0000] {processor.py:842} WARNING - No viable dags retrieved from /opt/airflow/dags/sec_edgar_dag.py
[2026-02-14T18:09:21.619+0000] {processor.py:183} INFO - Processing /opt/airflow/dags/sec_edgar_dag.py took 0.153 seconds
[2026-02-14T18:09:51.837+0000] {processor.py:161} INFO - Started process (PID=214) to work on /opt/airflow/dags/sec_edgar_dag.py
[2026-02-14T18:09:51.841+0000] {processor.py:830} INFO - Processing file /opt/airflow/dags/sec_edgar_dag.py for tasks to queue
[2026-02-14T18:09:51.848+0000] {logging_mixin.py:188} INFO - [2026-02-14T18:09:51.847+0000] {dagbag.py:538} INFO - Filling up the DagBag from /opt/airflow/dags/sec_edgar_dag.py
[2026-02-14T18:09:51.893+0000] {logging_mixin.py:188} INFO - [2026-02-14T18:09:51.883+0000] {dagbag.py:348} ERROR - Failed to import: /opt/airflow/dags/sec_edgar_dag.py
Traceback (most recent call last):
  File "/home/airflow/.local/lib/python3.11/site-packages/airflow/models/dagbag.py", line 344, in parse
    loader.exec_module(new_module)
  File "<frozen importlib._bootstrap_external>", line 940, in exec_module
  File "<frozen importlib._bootstrap>", line 241, in _call_with_frames_removed
  File "/opt/airflow/dags/sec_edgar_dag.py", line 33, in <module>
    from app.pipelines.sec_edgar import SECEdgarPipeline
ModuleNotFoundError: No module named 'app'
[2026-02-14T18:09:51.896+0000] {processor.py:842} WARNING - No viable dags retrieved from /opt/airflow/dags/sec_edgar_dag.py
[2026-02-14T18:09:51.972+0000] {processor.py:183} INFO - Processing /opt/airflow/dags/sec_edgar_dag.py took 0.144 seconds
[2026-02-14T18:10:22.327+0000] {processor.py:161} INFO - Started process (PID=230) to work on /opt/airflow/dags/sec_edgar_dag.py
[2026-02-14T18:10:22.328+0000] {processor.py:830} INFO - Processing file /opt/airflow/dags/sec_edgar_dag.py for tasks to queue
[2026-02-14T18:10:22.333+0000] {logging_mixin.py:188} INFO - [2026-02-14T18:10:22.332+0000] {dagbag.py:538} INFO - Filling up the DagBag from /opt/airflow/dags/sec_edgar_dag.py
[2026-02-14T18:10:22.372+0000] {logging_mixin.py:188} INFO - [2026-02-14T18:10:22.363+0000] {dagbag.py:348} ERROR - Failed to import: /opt/airflow/dags/sec_edgar_dag.py
Traceback (most recent call last):
  File "/home/airflow/.local/lib/python3.11/site-packages/airflow/models/dagbag.py", line 344, in parse
    loader.exec_module(new_module)
  File "<frozen importlib._bootstrap_external>", line 940, in exec_module
  File "<frozen importlib._bootstrap>", line 241, in _call_with_frames_removed
  File "/opt/airflow/dags/sec_edgar_dag.py", line 33, in <module>
    from app.pipelines.sec_edgar import SECEdgarPipeline
ModuleNotFoundError: No module named 'app'
[2026-02-14T18:10:22.375+0000] {processor.py:842} WARNING - No viable dags retrieved from /opt/airflow/dags/sec_edgar_dag.py
[2026-02-14T18:10:22.461+0000] {processor.py:183} INFO - Processing /opt/airflow/dags/sec_edgar_dag.py took 0.140 seconds
[2026-02-14T18:10:53.281+0000] {processor.py:161} INFO - Started process (PID=247) to work on /opt/airflow/dags/sec_edgar_dag.py
[2026-02-14T18:10:53.283+0000] {processor.py:830} INFO - Processing file /opt/airflow/dags/sec_edgar_dag.py for tasks to queue
[2026-02-14T18:10:53.286+0000] {logging_mixin.py:188} INFO - [2026-02-14T18:10:53.285+0000] {dagbag.py:538} INFO - Filling up the DagBag from /opt/airflow/dags/sec_edgar_dag.py
[2026-02-14T18:10:53.331+0000] {logging_mixin.py:188} INFO - [2026-02-14T18:10:53.324+0000] {dagbag.py:348} ERROR - Failed to import: /opt/airflow/dags/sec_edgar_dag.py
Traceback (most recent call last):
  File "/home/airflow/.local/lib/python3.11/site-packages/airflow/models/dagbag.py", line 344, in parse
    loader.exec_module(new_module)
  File "<frozen importlib._bootstrap_external>", line 940, in exec_module
  File "<frozen importlib._bootstrap>", line 241, in _call_with_frames_removed
  File "/opt/airflow/dags/sec_edgar_dag.py", line 33, in <module>
    from app.pipelines.sec_edgar import SECEdgarPipeline
ModuleNotFoundError: No module named 'app'
[2026-02-14T18:10:53.333+0000] {processor.py:842} WARNING - No viable dags retrieved from /opt/airflow/dags/sec_edgar_dag.py
[2026-02-14T18:10:53.416+0000] {processor.py:183} INFO - Processing /opt/airflow/dags/sec_edgar_dag.py took 0.138 seconds
[2026-02-14T18:11:23.742+0000] {processor.py:161} INFO - Started process (PID=263) to work on /opt/airflow/dags/sec_edgar_dag.py
[2026-02-14T18:11:23.743+0000] {processor.py:830} INFO - Processing file /opt/airflow/dags/sec_edgar_dag.py for tasks to queue
[2026-02-14T18:11:23.745+0000] {logging_mixin.py:188} INFO - [2026-02-14T18:11:23.745+0000] {dagbag.py:538} INFO - Filling up the DagBag from /opt/airflow/dags/sec_edgar_dag.py
[2026-02-14T18:11:23.777+0000] {logging_mixin.py:188} INFO - [2026-02-14T18:11:23.771+0000] {dagbag.py:348} ERROR - Failed to import: /opt/airflow/dags/sec_edgar_dag.py
Traceback (most recent call last):
  File "/home/airflow/.local/lib/python3.11/site-packages/airflow/models/dagbag.py", line 344, in parse
    loader.exec_module(new_module)
  File "<frozen importlib._bootstrap_external>", line 940, in exec_module
  File "<frozen importlib._bootstrap>", line 241, in _call_with_frames_removed
  File "/opt/airflow/dags/sec_edgar_dag.py", line 33, in <module>
    from app.pipelines.sec_edgar import SECEdgarPipeline
ModuleNotFoundError: No module named 'app'
[2026-02-14T18:11:23.779+0000] {processor.py:842} WARNING - No viable dags retrieved from /opt/airflow/dags/sec_edgar_dag.py
[2026-02-14T18:11:23.856+0000] {processor.py:183} INFO - Processing /opt/airflow/dags/sec_edgar_dag.py took 0.118 seconds
[2026-02-14T18:11:54.192+0000] {processor.py:161} INFO - Started process (PID=298) to work on /opt/airflow/dags/sec_edgar_dag.py
[2026-02-14T18:11:54.193+0000] {processor.py:830} INFO - Processing file /opt/airflow/dags/sec_edgar_dag.py for tasks to queue
[2026-02-14T18:11:54.196+0000] {logging_mixin.py:188} INFO - [2026-02-14T18:11:54.195+0000] {dagbag.py:538} INFO - Filling up the DagBag from /opt/airflow/dags/sec_edgar_dag.py
[2026-02-14T18:11:54.225+0000] {logging_mixin.py:188} INFO - [2026-02-14T18:11:54.218+0000] {dagbag.py:348} ERROR - Failed to import: /opt/airflow/dags/sec_edgar_dag.py
Traceback (most recent call last):
  File "/home/airflow/.local/lib/python3.11/site-packages/airflow/models/dagbag.py", line 344, in parse
    loader.exec_module(new_module)
  File "<frozen importlib._bootstrap_external>", line 940, in exec_module
  File "<frozen importlib._bootstrap>", line 241, in _call_with_frames_removed
  File "/opt/airflow/dags/sec_edgar_dag.py", line 33, in <module>
    from app.pipelines.sec_edgar import SECEdgarPipeline
ModuleNotFoundError: No module named 'app'
[2026-02-14T18:11:54.227+0000] {processor.py:842} WARNING - No viable dags retrieved from /opt/airflow/dags/sec_edgar_dag.py
[2026-02-14T18:11:54.255+0000] {processor.py:183} INFO - Processing /opt/airflow/dags/sec_edgar_dag.py took 0.067 seconds
[2026-02-14T18:12:24.620+0000] {processor.py:161} INFO - Started process (PID=320) to work on /opt/airflow/dags/sec_edgar_dag.py
[2026-02-14T18:12:24.622+0000] {processor.py:830} INFO - Processing file /opt/airflow/dags/sec_edgar_dag.py for tasks to queue
[2026-02-14T18:12:24.627+0000] {logging_mixin.py:188} INFO - [2026-02-14T18:12:24.626+0000] {dagbag.py:538} INFO - Filling up the DagBag from /opt/airflow/dags/sec_edgar_dag.py
[2026-02-14T18:12:24.664+0000] {logging_mixin.py:188} INFO - [2026-02-14T18:12:24.656+0000] {dagbag.py:348} ERROR - Failed to import: /opt/airflow/dags/sec_edgar_dag.py
Traceback (most recent call last):
  File "/home/airflow/.local/lib/python3.11/site-packages/airflow/models/dagbag.py", line 344, in parse
    loader.exec_module(new_module)
  File "<frozen importlib._bootstrap_external>", line 940, in exec_module
  File "<frozen importlib._bootstrap>", line 241, in _call_with_frames_removed
  File "/opt/airflow/dags/sec_edgar_dag.py", line 33, in <module>
    from app.pipelines.sec_edgar import SECEdgarPipeline
ModuleNotFoundError: No module named 'app'
[2026-02-14T18:12:24.667+0000] {processor.py:842} WARNING - No viable dags retrieved from /opt/airflow/dags/sec_edgar_dag.py
[2026-02-14T18:12:24.697+0000] {processor.py:183} INFO - Processing /opt/airflow/dags/sec_edgar_dag.py took 0.082 seconds
[2026-02-14T18:12:55.055+0000] {processor.py:161} INFO - Started process (PID=349) to work on /opt/airflow/dags/sec_edgar_dag.py
[2026-02-14T18:12:55.056+0000] {processor.py:830} INFO - Processing file /opt/airflow/dags/sec_edgar_dag.py for tasks to queue
[2026-02-14T18:12:55.059+0000] {logging_mixin.py:188} INFO - [2026-02-14T18:12:55.058+0000] {dagbag.py:538} INFO - Filling up the DagBag from /opt/airflow/dags/sec_edgar_dag.py
[2026-02-14T18:12:55.096+0000] {logging_mixin.py:188} INFO - [2026-02-14T18:12:55.088+0000] {dagbag.py:348} ERROR - Failed to import: /opt/airflow/dags/sec_edgar_dag.py
Traceback (most recent call last):
  File "/home/airflow/.local/lib/python3.11/site-packages/airflow/models/dagbag.py", line 344, in parse
    loader.exec_module(new_module)
  File "<frozen importlib._bootstrap_external>", line 940, in exec_module
  File "<frozen importlib._bootstrap>", line 241, in _call_with_frames_removed
  File "/opt/airflow/dags/sec_edgar_dag.py", line 33, in <module>
    from app.pipelines.sec_edgar import SECEdgarPipeline
ModuleNotFoundError: No module named 'app'
[2026-02-14T18:12:55.098+0000] {processor.py:842} WARNING - No viable dags retrieved from /opt/airflow/dags/sec_edgar_dag.py
[2026-02-14T18:12:55.173+0000] {processor.py:183} INFO - Processing /opt/airflow/dags/sec_edgar_dag.py took 0.122 seconds
[2026-02-14T18:13:25.515+0000] {processor.py:161} INFO - Started process (PID=365) to work on /opt/airflow/dags/sec_edgar_dag.py
[2026-02-14T18:13:25.516+0000] {processor.py:830} INFO - Processing file /opt/airflow/dags/sec_edgar_dag.py for tasks to queue
[2026-02-14T18:13:25.519+0000] {logging_mixin.py:188} INFO - [2026-02-14T18:13:25.519+0000] {dagbag.py:538} INFO - Filling up the DagBag from /opt/airflow/dags/sec_edgar_dag.py
[2026-02-14T18:13:25.556+0000] {logging_mixin.py:188} INFO - [2026-02-14T18:13:25.547+0000] {dagbag.py:348} ERROR - Failed to import: /opt/airflow/dags/sec_edgar_dag.py
Traceback (most recent call last):
  File "/home/airflow/.local/lib/python3.11/site-packages/airflow/models/dagbag.py", line 344, in parse
    loader.exec_module(new_module)
  File "<frozen importlib._bootstrap_external>", line 940, in exec_module
  File "<frozen importlib._bootstrap>", line 241, in _call_with_frames_removed
  File "/opt/airflow/dags/sec_edgar_dag.py", line 33, in <module>
    from app.pipelines.sec_edgar import SECEdgarPipeline
ModuleNotFoundError: No module named 'app'
[2026-02-14T18:13:25.558+0000] {processor.py:842} WARNING - No viable dags retrieved from /opt/airflow/dags/sec_edgar_dag.py
[2026-02-14T18:13:25.643+0000] {processor.py:183} INFO - Processing /opt/airflow/dags/sec_edgar_dag.py took 0.133 seconds
[2026-02-14T18:15:13.040+0000] {processor.py:161} INFO - Started process (PID=382) to work on /opt/airflow/dags/sec_edgar_dag.py
[2026-02-14T18:15:13.044+0000] {processor.py:830} INFO - Processing file /opt/airflow/dags/sec_edgar_dag.py for tasks to queue
[2026-02-14T18:15:13.048+0000] {logging_mixin.py:188} INFO - [2026-02-14T18:15:13.047+0000] {dagbag.py:538} INFO - Filling up the DagBag from /opt/airflow/dags/sec_edgar_dag.py
[2026-02-14T18:15:13.141+0000] {logging_mixin.py:188} INFO - [2026-02-14T18:15:13.105+0000] {dagbag.py:348} ERROR - Failed to import: /opt/airflow/dags/sec_edgar_dag.py
Traceback (most recent call last):
  File "/home/airflow/.local/lib/python3.11/site-packages/airflow/models/dagbag.py", line 344, in parse
    loader.exec_module(new_module)
  File "<frozen importlib._bootstrap_external>", line 940, in exec_module
  File "<frozen importlib._bootstrap>", line 241, in _call_with_frames_removed
  File "/opt/airflow/dags/sec_edgar_dag.py", line 33, in <module>
    from app.pipelines.sec_edgar import SECEdgarPipeline
ModuleNotFoundError: No module named 'app'
[2026-02-14T18:15:13.146+0000] {processor.py:842} WARNING - No viable dags retrieved from /opt/airflow/dags/sec_edgar_dag.py
[2026-02-14T18:15:13.211+0000] {processor.py:183} INFO - Processing /opt/airflow/dags/sec_edgar_dag.py took 0.185 seconds
[2026-02-14T18:23:15.240+0000] {processor.py:161} INFO - Started process (PID=395) to work on /opt/airflow/dags/sec_edgar_dag.py
[2026-02-14T18:23:15.244+0000] {processor.py:830} INFO - Processing file /opt/airflow/dags/sec_edgar_dag.py for tasks to queue
[2026-02-14T18:23:15.250+0000] {logging_mixin.py:188} INFO - [2026-02-14T18:23:15.248+0000] {dagbag.py:538} INFO - Filling up the DagBag from /opt/airflow/dags/sec_edgar_dag.py
[2026-02-14T18:23:15.290+0000] {logging_mixin.py:188} INFO - [2026-02-14T18:23:15.281+0000] {dagbag.py:348} ERROR - Failed to import: /opt/airflow/dags/sec_edgar_dag.py
Traceback (most recent call last):
  File "/home/airflow/.local/lib/python3.11/site-packages/airflow/models/dagbag.py", line 344, in parse
    loader.exec_module(new_module)
  File "<frozen importlib._bootstrap_external>", line 940, in exec_module
  File "<frozen importlib._bootstrap>", line 241, in _call_with_frames_removed
  File "/opt/airflow/dags/sec_edgar_dag.py", line 33, in <module>
    from app.pipelines.sec_edgar import SECEdgarPipeline
ModuleNotFoundError: No module named 'app'
[2026-02-14T18:23:15.294+0000] {processor.py:842} WARNING - No viable dags retrieved from /opt/airflow/dags/sec_edgar_dag.py
[2026-02-14T18:23:15.372+0000] {processor.py:183} INFO - Processing /opt/airflow/dags/sec_edgar_dag.py took 0.138 seconds
[2026-02-14T18:23:45.691+0000] {processor.py:161} INFO - Started process (PID=412) to work on /opt/airflow/dags/sec_edgar_dag.py
[2026-02-14T18:23:45.692+0000] {processor.py:830} INFO - Processing file /opt/airflow/dags/sec_edgar_dag.py for tasks to queue
[2026-02-14T18:23:45.695+0000] {logging_mixin.py:188} INFO - [2026-02-14T18:23:45.695+0000] {dagbag.py:538} INFO - Filling up the DagBag from /opt/airflow/dags/sec_edgar_dag.py
[2026-02-14T18:23:45.729+0000] {logging_mixin.py:188} INFO - [2026-02-14T18:23:45.721+0000] {dagbag.py:348} ERROR - Failed to import: /opt/airflow/dags/sec_edgar_dag.py
Traceback (most recent call last):
  File "/home/airflow/.local/lib/python3.11/site-packages/airflow/models/dagbag.py", line 344, in parse
    loader.exec_module(new_module)
  File "<frozen importlib._bootstrap_external>", line 940, in exec_module
  File "<frozen importlib._bootstrap>", line 241, in _call_with_frames_removed
  File "/opt/airflow/dags/sec_edgar_dag.py", line 33, in <module>
    from app.pipelines.sec_edgar import SECEdgarPipeline
ModuleNotFoundError: No module named 'app'
[2026-02-14T18:23:45.732+0000] {processor.py:842} WARNING - No viable dags retrieved from /opt/airflow/dags/sec_edgar_dag.py
[2026-02-14T18:23:45.811+0000] {processor.py:183} INFO - Processing /opt/airflow/dags/sec_edgar_dag.py took 0.124 seconds
[2026-02-14T18:24:16.131+0000] {processor.py:161} INFO - Started process (PID=428) to work on /opt/airflow/dags/sec_edgar_dag.py
[2026-02-14T18:24:16.132+0000] {processor.py:830} INFO - Processing file /opt/airflow/dags/sec_edgar_dag.py for tasks to queue
[2026-02-14T18:24:16.135+0000] {logging_mixin.py:188} INFO - [2026-02-14T18:24:16.134+0000] {dagbag.py:538} INFO - Filling up the DagBag from /opt/airflow/dags/sec_edgar_dag.py
[2026-02-14T18:24:16.165+0000] {logging_mixin.py:188} INFO - [2026-02-14T18:24:16.158+0000] {dagbag.py:348} ERROR - Failed to import: /opt/airflow/dags/sec_edgar_dag.py
Traceback (most recent call last):
  File "/home/airflow/.local/lib/python3.11/site-packages/airflow/models/dagbag.py", line 344, in parse
    loader.exec_module(new_module)
  File "<frozen importlib._bootstrap_external>", line 940, in exec_module
  File "<frozen importlib._bootstrap>", line 241, in _call_with_frames_removed
  File "/opt/airflow/dags/sec_edgar_dag.py", line 33, in <module>
    from app.pipelines.sec_edgar import SECEdgarPipeline
ModuleNotFoundError: No module named 'app'
[2026-02-14T18:24:16.167+0000] {processor.py:842} WARNING - No viable dags retrieved from /opt/airflow/dags/sec_edgar_dag.py
[2026-02-14T18:24:16.247+0000] {processor.py:183} INFO - Processing /opt/airflow/dags/sec_edgar_dag.py took 0.120 seconds
[2026-02-14T18:24:46.557+0000] {processor.py:161} INFO - Started process (PID=444) to work on /opt/airflow/dags/sec_edgar_dag.py
[2026-02-14T18:24:46.559+0000] {processor.py:830} INFO - Processing file /opt/airflow/dags/sec_edgar_dag.py for tasks to queue
[2026-02-14T18:24:46.562+0000] {logging_mixin.py:188} INFO - [2026-02-14T18:24:46.561+0000] {dagbag.py:538} INFO - Filling up the DagBag from /opt/airflow/dags/sec_edgar_dag.py
[2026-02-14T18:24:46.599+0000] {logging_mixin.py:188} INFO - [2026-02-14T18:24:46.591+0000] {dagbag.py:348} ERROR - Failed to import: /opt/airflow/dags/sec_edgar_dag.py
Traceback (most recent call last):
  File "/home/airflow/.local/lib/python3.11/site-packages/airflow/models/dagbag.py", line 344, in parse
    loader.exec_module(new_module)
  File "<frozen importlib._bootstrap_external>", line 940, in exec_module
  File "<frozen importlib._bootstrap>", line 241, in _call_with_frames_removed
  File "/opt/airflow/dags/sec_edgar_dag.py", line 33, in <module>
    from app.pipelines.sec_edgar import SECEdgarPipeline
ModuleNotFoundError: No module named 'app'
[2026-02-14T18:24:46.601+0000] {processor.py:842} WARNING - No viable dags retrieved from /opt/airflow/dags/sec_edgar_dag.py
[2026-02-14T18:24:46.684+0000] {processor.py:183} INFO - Processing /opt/airflow/dags/sec_edgar_dag.py took 0.130 seconds
[2026-02-14T18:25:17.004+0000] {processor.py:161} INFO - Started process (PID=460) to work on /opt/airflow/dags/sec_edgar_dag.py
[2026-02-14T18:25:17.006+0000] {processor.py:830} INFO - Processing file /opt/airflow/dags/sec_edgar_dag.py for tasks to queue
[2026-02-14T18:25:17.009+0000] {logging_mixin.py:188} INFO - [2026-02-14T18:25:17.008+0000] {dagbag.py:538} INFO - Filling up the DagBag from /opt/airflow/dags/sec_edgar_dag.py
[2026-02-14T18:25:17.043+0000] {logging_mixin.py:188} INFO - [2026-02-14T18:25:17.035+0000] {dagbag.py:348} ERROR - Failed to import: /opt/airflow/dags/sec_edgar_dag.py
Traceback (most recent call last):
  File "/home/airflow/.local/lib/python3.11/site-packages/airflow/models/dagbag.py", line 344, in parse
    loader.exec_module(new_module)
  File "<frozen importlib._bootstrap_external>", line 940, in exec_module
  File "<frozen importlib._bootstrap>", line 241, in _call_with_frames_removed
  File "/opt/airflow/dags/sec_edgar_dag.py", line 33, in <module>
    from app.pipelines.sec_edgar import SECEdgarPipeline
ModuleNotFoundError: No module named 'app'
[2026-02-14T18:25:17.046+0000] {processor.py:842} WARNING - No viable dags retrieved from /opt/airflow/dags/sec_edgar_dag.py
[2026-02-14T18:25:17.126+0000] {processor.py:183} INFO - Processing /opt/airflow/dags/sec_edgar_dag.py took 0.126 seconds
[2026-02-14T18:25:47.452+0000] {processor.py:161} INFO - Started process (PID=476) to work on /opt/airflow/dags/sec_edgar_dag.py
[2026-02-14T18:25:47.454+0000] {processor.py:830} INFO - Processing file /opt/airflow/dags/sec_edgar_dag.py for tasks to queue
[2026-02-14T18:25:47.458+0000] {logging_mixin.py:188} INFO - [2026-02-14T18:25:47.457+0000] {dagbag.py:538} INFO - Filling up the DagBag from /opt/airflow/dags/sec_edgar_dag.py
[2026-02-14T18:25:47.506+0000] {logging_mixin.py:188} INFO - [2026-02-14T18:25:47.498+0000] {dagbag.py:348} ERROR - Failed to import: /opt/airflow/dags/sec_edgar_dag.py
Traceback (most recent call last):
  File "/home/airflow/.local/lib/python3.11/site-packages/airflow/models/dagbag.py", line 344, in parse
    loader.exec_module(new_module)
  File "<frozen importlib._bootstrap_external>", line 940, in exec_module
  File "<frozen importlib._bootstrap>", line 241, in _call_with_frames_removed
  File "/opt/airflow/dags/sec_edgar_dag.py", line 33, in <module>
    from app.pipelines.sec_edgar import SECEdgarPipeline
ModuleNotFoundError: No module named 'app'
[2026-02-14T18:25:47.509+0000] {processor.py:842} WARNING - No viable dags retrieved from /opt/airflow/dags/sec_edgar_dag.py
[2026-02-14T18:25:47.590+0000] {processor.py:183} INFO - Processing /opt/airflow/dags/sec_edgar_dag.py took 0.144 seconds
[2026-02-14T18:26:17.924+0000] {processor.py:161} INFO - Started process (PID=492) to work on /opt/airflow/dags/sec_edgar_dag.py
[2026-02-14T18:26:17.925+0000] {processor.py:830} INFO - Processing file /opt/airflow/dags/sec_edgar_dag.py for tasks to queue
[2026-02-14T18:26:17.928+0000] {logging_mixin.py:188} INFO - [2026-02-14T18:26:17.928+0000] {dagbag.py:538} INFO - Filling up the DagBag from /opt/airflow/dags/sec_edgar_dag.py
[2026-02-14T18:26:17.959+0000] {logging_mixin.py:188} INFO - [2026-02-14T18:26:17.951+0000] {dagbag.py:348} ERROR - Failed to import: /opt/airflow/dags/sec_edgar_dag.py
Traceback (most recent call last):
  File "/home/airflow/.local/lib/python3.11/site-packages/airflow/models/dagbag.py", line 344, in parse
    loader.exec_module(new_module)
  File "<frozen importlib._bootstrap_external>", line 940, in exec_module
  File "<frozen importlib._bootstrap>", line 241, in _call_with_frames_removed
  File "/opt/airflow/dags/sec_edgar_dag.py", line 33, in <module>
    from app.pipelines.sec_edgar import SECEdgarPipeline
ModuleNotFoundError: No module named 'app'
[2026-02-14T18:26:17.962+0000] {processor.py:842} WARNING - No viable dags retrieved from /opt/airflow/dags/sec_edgar_dag.py
[2026-02-14T18:26:18.030+0000] {processor.py:183} INFO - Processing /opt/airflow/dags/sec_edgar_dag.py took 0.111 seconds
[2026-02-14T18:26:48.393+0000] {processor.py:161} INFO - Started process (PID=508) to work on /opt/airflow/dags/sec_edgar_dag.py
[2026-02-14T18:26:48.394+0000] {processor.py:830} INFO - Processing file /opt/airflow/dags/sec_edgar_dag.py for tasks to queue
[2026-02-14T18:26:48.398+0000] {logging_mixin.py:188} INFO - [2026-02-14T18:26:48.397+0000] {dagbag.py:538} INFO - Filling up the DagBag from /opt/airflow/dags/sec_edgar_dag.py
[2026-02-14T18:26:48.431+0000] {logging_mixin.py:188} INFO - [2026-02-14T18:26:48.422+0000] {dagbag.py:348} ERROR - Failed to import: /opt/airflow/dags/sec_edgar_dag.py
Traceback (most recent call last):
  File "/home/airflow/.local/lib/python3.11/site-packages/airflow/models/dagbag.py", line 344, in parse
    loader.exec_module(new_module)
  File "<frozen importlib._bootstrap_external>", line 940, in exec_module
  File "<frozen importlib._bootstrap>", line 241, in _call_with_frames_removed
  File "/opt/airflow/dags/sec_edgar_dag.py", line 33, in <module>
    from app.pipelines.sec_edgar import SECEdgarPipeline
ModuleNotFoundError: No module named 'app'
[2026-02-14T18:26:48.433+0000] {processor.py:842} WARNING - No viable dags retrieved from /opt/airflow/dags/sec_edgar_dag.py
[2026-02-14T18:26:48.516+0000] {processor.py:183} INFO - Processing /opt/airflow/dags/sec_edgar_dag.py took 0.127 seconds
[2026-02-14T18:27:18.848+0000] {processor.py:161} INFO - Started process (PID=524) to work on /opt/airflow/dags/sec_edgar_dag.py
[2026-02-14T18:27:18.850+0000] {processor.py:830} INFO - Processing file /opt/airflow/dags/sec_edgar_dag.py for tasks to queue
[2026-02-14T18:27:18.853+0000] {logging_mixin.py:188} INFO - [2026-02-14T18:27:18.852+0000] {dagbag.py:538} INFO - Filling up the DagBag from /opt/airflow/dags/sec_edgar_dag.py
[2026-02-14T18:27:18.901+0000] {logging_mixin.py:188} INFO - [2026-02-14T18:27:18.891+0000] {dagbag.py:348} ERROR - Failed to import: /opt/airflow/dags/sec_edgar_dag.py
Traceback (most recent call last):
  File "/home/airflow/.local/lib/python3.11/site-packages/airflow/models/dagbag.py", line 344, in parse
    loader.exec_module(new_module)
  File "<frozen importlib._bootstrap_external>", line 940, in exec_module
  File "<frozen importlib._bootstrap>", line 241, in _call_with_frames_removed
  File "/opt/airflow/dags/sec_edgar_dag.py", line 33, in <module>
    from app.pipelines.sec_edgar import SECEdgarPipeline
ModuleNotFoundError: No module named 'app'
[2026-02-14T18:27:18.903+0000] {processor.py:842} WARNING - No viable dags retrieved from /opt/airflow/dags/sec_edgar_dag.py
[2026-02-14T18:27:18.984+0000] {processor.py:183} INFO - Processing /opt/airflow/dags/sec_edgar_dag.py took 0.141 seconds
[2026-02-14T18:27:49.310+0000] {processor.py:161} INFO - Started process (PID=540) to work on /opt/airflow/dags/sec_edgar_dag.py
[2026-02-14T18:27:49.311+0000] {processor.py:830} INFO - Processing file /opt/airflow/dags/sec_edgar_dag.py for tasks to queue
[2026-02-14T18:27:49.315+0000] {logging_mixin.py:188} INFO - [2026-02-14T18:27:49.314+0000] {dagbag.py:538} INFO - Filling up the DagBag from /opt/airflow/dags/sec_edgar_dag.py
[2026-02-14T18:27:49.343+0000] {logging_mixin.py:188} INFO - [2026-02-14T18:27:49.337+0000] {dagbag.py:348} ERROR - Failed to import: /opt/airflow/dags/sec_edgar_dag.py
Traceback (most recent call last):
  File "/home/airflow/.local/lib/python3.11/site-packages/airflow/models/dagbag.py", line 344, in parse
    loader.exec_module(new_module)
  File "<frozen importlib._bootstrap_external>", line 940, in exec_module
  File "<frozen importlib._bootstrap>", line 241, in _call_with_frames_removed
  File "/opt/airflow/dags/sec_edgar_dag.py", line 33, in <module>
    from app.pipelines.sec_edgar import SECEdgarPipeline
ModuleNotFoundError: No module named 'app'
[2026-02-14T18:27:49.346+0000] {processor.py:842} WARNING - No viable dags retrieved from /opt/airflow/dags/sec_edgar_dag.py
[2026-02-14T18:27:49.375+0000] {processor.py:183} INFO - Processing /opt/airflow/dags/sec_edgar_dag.py took 0.068 seconds
[2026-02-14T18:28:19.767+0000] {processor.py:161} INFO - Started process (PID=556) to work on /opt/airflow/dags/sec_edgar_dag.py
[2026-02-14T18:28:19.768+0000] {processor.py:830} INFO - Processing file /opt/airflow/dags/sec_edgar_dag.py for tasks to queue
[2026-02-14T18:28:19.771+0000] {logging_mixin.py:188} INFO - [2026-02-14T18:28:19.771+0000] {dagbag.py:538} INFO - Filling up the DagBag from /opt/airflow/dags/sec_edgar_dag.py
[2026-02-14T18:28:19.809+0000] {logging_mixin.py:188} INFO - [2026-02-14T18:28:19.801+0000] {dagbag.py:348} ERROR - Failed to import: /opt/airflow/dags/sec_edgar_dag.py
Traceback (most recent call last):
  File "/home/airflow/.local/lib/python3.11/site-packages/airflow/models/dagbag.py", line 344, in parse
    loader.exec_module(new_module)
  File "<frozen importlib._bootstrap_external>", line 940, in exec_module
  File "<frozen importlib._bootstrap>", line 241, in _call_with_frames_removed
  File "/opt/airflow/dags/sec_edgar_dag.py", line 33, in <module>
    from app.pipelines.sec_edgar import SECEdgarPipeline
ModuleNotFoundError: No module named 'app'
[2026-02-14T18:28:19.812+0000] {processor.py:842} WARNING - No viable dags retrieved from /opt/airflow/dags/sec_edgar_dag.py
[2026-02-14T18:28:19.898+0000] {processor.py:183} INFO - Processing /opt/airflow/dags/sec_edgar_dag.py took 0.136 seconds
[2026-02-14T18:28:50.268+0000] {processor.py:161} INFO - Started process (PID=572) to work on /opt/airflow/dags/sec_edgar_dag.py
[2026-02-14T18:28:50.270+0000] {processor.py:830} INFO - Processing file /opt/airflow/dags/sec_edgar_dag.py for tasks to queue
[2026-02-14T18:28:50.273+0000] {logging_mixin.py:188} INFO - [2026-02-14T18:28:50.273+0000] {dagbag.py:538} INFO - Filling up the DagBag from /opt/airflow/dags/sec_edgar_dag.py
[2026-02-14T18:28:50.310+0000] {logging_mixin.py:188} INFO - [2026-02-14T18:28:50.302+0000] {dagbag.py:348} ERROR - Failed to import: /opt/airflow/dags/sec_edgar_dag.py
Traceback (most recent call last):
  File "/home/airflow/.local/lib/python3.11/site-packages/airflow/models/dagbag.py", line 344, in parse
    loader.exec_module(new_module)
  File "<frozen importlib._bootstrap_external>", line 940, in exec_module
  File "<frozen importlib._bootstrap>", line 241, in _call_with_frames_removed
  File "/opt/airflow/dags/sec_edgar_dag.py", line 33, in <module>
    from app.pipelines.sec_edgar import SECEdgarPipeline
ModuleNotFoundError: No module named 'app'
[2026-02-14T18:28:50.314+0000] {processor.py:842} WARNING - No viable dags retrieved from /opt/airflow/dags/sec_edgar_dag.py
[2026-02-14T18:28:50.403+0000] {processor.py:183} INFO - Processing /opt/airflow/dags/sec_edgar_dag.py took 0.142 seconds
[2026-02-14T18:29:11.673+0000] {processor.py:161} INFO - Started process (PID=585) to work on /opt/airflow/dags/sec_edgar_dag.py
[2026-02-14T18:29:11.675+0000] {processor.py:830} INFO - Processing file /opt/airflow/dags/sec_edgar_dag.py for tasks to queue
[2026-02-14T18:29:11.678+0000] {logging_mixin.py:188} INFO - [2026-02-14T18:29:11.677+0000] {dagbag.py:538} INFO - Filling up the DagBag from /opt/airflow/dags/sec_edgar_dag.py
[2026-02-14T18:29:11.729+0000] {logging_mixin.py:188} INFO - [2026-02-14T18:29:11.722+0000] {dagbag.py:348} ERROR - Failed to import: /opt/airflow/dags/sec_edgar_dag.py
Traceback (most recent call last):
  File "/home/airflow/.local/lib/python3.11/site-packages/airflow/models/dagbag.py", line 344, in parse
    loader.exec_module(new_module)
  File "<frozen importlib._bootstrap_external>", line 940, in exec_module
  File "<frozen importlib._bootstrap>", line 241, in _call_with_frames_removed
  File "/opt/airflow/dags/sec_edgar_dag.py", line 33, in <module>
    from app.pipelines.sec_edgar import SECEdgarPipeline
ModuleNotFoundError: No module named 'app'
[2026-02-14T18:29:11.732+0000] {processor.py:842} WARNING - No viable dags retrieved from /opt/airflow/dags/sec_edgar_dag.py
[2026-02-14T18:29:11.764+0000] {processor.py:183} INFO - Processing /opt/airflow/dags/sec_edgar_dag.py took 0.094 seconds
[2026-02-14T18:30:52.392+0000] {processor.py:161} INFO - Started process (PID=196) to work on /opt/airflow/dags/sec_edgar_dag.py
[2026-02-14T18:30:52.394+0000] {processor.py:830} INFO - Processing file /opt/airflow/dags/sec_edgar_dag.py for tasks to queue
[2026-02-14T18:30:52.400+0000] {logging_mixin.py:188} INFO - [2026-02-14T18:30:52.399+0000] {dagbag.py:538} INFO - Filling up the DagBag from /opt/airflow/dags/sec_edgar_dag.py
[2026-02-14T18:30:52.958+0000] {processor.py:840} INFO - DAG(s) 'sec_edgar_pipeline' retrieved from /opt/airflow/dags/sec_edgar_dag.py
[2026-02-14T18:30:53.149+0000] {logging_mixin.py:188} INFO - [2026-02-14T18:30:53.148+0000] {override.py:1769} INFO - Created Permission View: can edit on DAG:sec_edgar_pipeline
[2026-02-14T18:30:53.165+0000] {logging_mixin.py:188} INFO - [2026-02-14T18:30:53.164+0000] {override.py:1769} INFO - Created Permission View: can read on DAG:sec_edgar_pipeline
[2026-02-14T18:30:53.176+0000] {logging_mixin.py:188} INFO - [2026-02-14T18:30:53.175+0000] {override.py:1769} INFO - Created Permission View: can delete on DAG:sec_edgar_pipeline
[2026-02-14T18:30:53.177+0000] {logging_mixin.py:188} INFO - [2026-02-14T18:30:53.176+0000] {dag.py:3036} INFO - Sync 1 DAGs
[2026-02-14T18:30:53.193+0000] {logging_mixin.py:188} INFO - [2026-02-14T18:30:53.192+0000] {dag.py:3058} INFO - Creating ORM DAG for sec_edgar_pipeline
[2026-02-14T18:30:53.210+0000] {logging_mixin.py:188} INFO - [2026-02-14T18:30:53.210+0000] {dag.py:3823} INFO - Setting next_dagrun for sec_edgar_pipeline to 2026-02-13 09:00:00+00:00, run_after=2026-02-14 09:00:00+00:00
[2026-02-14T18:30:53.246+0000] {processor.py:183} INFO - Processing /opt/airflow/dags/sec_edgar_dag.py took 0.863 seconds
[2026-02-14T18:31:23.341+0000] {processor.py:161} INFO - Started process (PID=212) to work on /opt/airflow/dags/sec_edgar_dag.py
[2026-02-14T18:31:23.343+0000] {processor.py:830} INFO - Processing file /opt/airflow/dags/sec_edgar_dag.py for tasks to queue
[2026-02-14T18:31:23.347+0000] {logging_mixin.py:188} INFO - [2026-02-14T18:31:23.346+0000] {dagbag.py:538} INFO - Filling up the DagBag from /opt/airflow/dags/sec_edgar_dag.py
[2026-02-14T18:31:23.696+0000] {processor.py:840} INFO - DAG(s) 'sec_edgar_pipeline' retrieved from /opt/airflow/dags/sec_edgar_dag.py
[2026-02-14T18:31:23.738+0000] {logging_mixin.py:188} INFO - [2026-02-14T18:31:23.737+0000] {dag.py:3036} INFO - Sync 1 DAGs
[2026-02-14T18:31:23.773+0000] {logging_mixin.py:188} INFO - [2026-02-14T18:31:23.772+0000] {dag.py:3823} INFO - Setting next_dagrun for sec_edgar_pipeline to 2026-02-13 09:00:00+00:00, run_after=2026-02-14 09:00:00+00:00
[2026-02-14T18:31:23.856+0000] {processor.py:183} INFO - Processing /opt/airflow/dags/sec_edgar_dag.py took 0.521 seconds
[2026-02-14T18:31:54.144+0000] {processor.py:161} INFO - Started process (PID=251) to work on /opt/airflow/dags/sec_edgar_dag.py
[2026-02-14T18:31:54.146+0000] {processor.py:830} INFO - Processing file /opt/airflow/dags/sec_edgar_dag.py for tasks to queue
[2026-02-14T18:31:54.149+0000] {logging_mixin.py:188} INFO - [2026-02-14T18:31:54.148+0000] {dagbag.py:538} INFO - Filling up the DagBag from /opt/airflow/dags/sec_edgar_dag.py
[2026-02-14T18:31:54.474+0000] {processor.py:840} INFO - DAG(s) 'sec_edgar_pipeline' retrieved from /opt/airflow/dags/sec_edgar_dag.py
[2026-02-14T18:31:54.521+0000] {logging_mixin.py:188} INFO - [2026-02-14T18:31:54.520+0000] {dag.py:3036} INFO - Sync 1 DAGs
[2026-02-14T18:31:54.558+0000] {logging_mixin.py:188} INFO - [2026-02-14T18:31:54.558+0000] {dag.py:3823} INFO - Setting next_dagrun for sec_edgar_pipeline to 2026-02-13 09:00:00+00:00, run_after=2026-02-14 09:00:00+00:00
[2026-02-14T18:31:54.646+0000] {processor.py:183} INFO - Processing /opt/airflow/dags/sec_edgar_dag.py took 0.507 seconds
[2026-02-14T18:32:25.421+0000] {processor.py:161} INFO - Started process (PID=267) to work on /opt/airflow/dags/sec_edgar_dag.py
[2026-02-14T18:32:25.422+0000] {processor.py:830} INFO - Processing file /opt/airflow/dags/sec_edgar_dag.py for tasks to queue
[2026-02-14T18:32:25.425+0000] {logging_mixin.py:188} INFO - [2026-02-14T18:32:25.424+0000] {dagbag.py:538} INFO - Filling up the DagBag from /opt/airflow/dags/sec_edgar_dag.py
[2026-02-14T18:32:25.719+0000] {processor.py:840} INFO - DAG(s) 'sec_edgar_pipeline' retrieved from /opt/airflow/dags/sec_edgar_dag.py
[2026-02-14T18:32:25.765+0000] {logging_mixin.py:188} INFO - [2026-02-14T18:32:25.764+0000] {dag.py:3036} INFO - Sync 1 DAGs
[2026-02-14T18:32:25.802+0000] {logging_mixin.py:188} INFO - [2026-02-14T18:32:25.802+0000] {dag.py:3823} INFO - Setting next_dagrun for sec_edgar_pipeline to 2026-02-13 09:00:00+00:00, run_after=2026-02-14 09:00:00+00:00
[2026-02-14T18:32:25.833+0000] {processor.py:183} INFO - Processing /opt/airflow/dags/sec_edgar_dag.py took 0.416 seconds
[2026-02-14T18:32:56.159+0000] {processor.py:161} INFO - Started process (PID=283) to work on /opt/airflow/dags/sec_edgar_dag.py
[2026-02-14T18:32:56.161+0000] {processor.py:830} INFO - Processing file /opt/airflow/dags/sec_edgar_dag.py for tasks to queue
[2026-02-14T18:32:56.165+0000] {logging_mixin.py:188} INFO - [2026-02-14T18:32:56.164+0000] {dagbag.py:538} INFO - Filling up the DagBag from /opt/airflow/dags/sec_edgar_dag.py
[2026-02-14T18:32:56.482+0000] {processor.py:840} INFO - DAG(s) 'sec_edgar_pipeline' retrieved from /opt/airflow/dags/sec_edgar_dag.py
[2026-02-14T18:32:56.530+0000] {logging_mixin.py:188} INFO - [2026-02-14T18:32:56.529+0000] {dag.py:3036} INFO - Sync 1 DAGs
[2026-02-14T18:32:56.573+0000] {logging_mixin.py:188} INFO - [2026-02-14T18:32:56.573+0000] {dag.py:3823} INFO - Setting next_dagrun for sec_edgar_pipeline to 2026-02-13 09:00:00+00:00, run_after=2026-02-14 09:00:00+00:00
[2026-02-14T18:32:56.666+0000] {processor.py:183} INFO - Processing /opt/airflow/dags/sec_edgar_dag.py took 0.514 seconds
[2026-02-14T18:33:26.849+0000] {processor.py:161} INFO - Started process (PID=299) to work on /opt/airflow/dags/sec_edgar_dag.py
[2026-02-14T18:33:26.850+0000] {processor.py:830} INFO - Processing file /opt/airflow/dags/sec_edgar_dag.py for tasks to queue
[2026-02-14T18:33:26.853+0000] {logging_mixin.py:188} INFO - [2026-02-14T18:33:26.852+0000] {dagbag.py:538} INFO - Filling up the DagBag from /opt/airflow/dags/sec_edgar_dag.py
[2026-02-14T18:33:27.150+0000] {processor.py:840} INFO - DAG(s) 'sec_edgar_pipeline' retrieved from /opt/airflow/dags/sec_edgar_dag.py
[2026-02-14T18:33:27.191+0000] {logging_mixin.py:188} INFO - [2026-02-14T18:33:27.190+0000] {dag.py:3036} INFO - Sync 1 DAGs
[2026-02-14T18:33:27.227+0000] {logging_mixin.py:188} INFO - [2026-02-14T18:33:27.226+0000] {dag.py:3823} INFO - Setting next_dagrun for sec_edgar_pipeline to 2026-02-13 09:00:00+00:00, run_after=2026-02-14 09:00:00+00:00
[2026-02-14T18:33:27.308+0000] {processor.py:183} INFO - Processing /opt/airflow/dags/sec_edgar_dag.py took 0.463 seconds
[2026-02-14T18:33:58.130+0000] {processor.py:161} INFO - Started process (PID=315) to work on /opt/airflow/dags/sec_edgar_dag.py
[2026-02-14T18:33:58.132+0000] {processor.py:830} INFO - Processing file /opt/airflow/dags/sec_edgar_dag.py for tasks to queue
[2026-02-14T18:33:58.135+0000] {logging_mixin.py:188} INFO - [2026-02-14T18:33:58.135+0000] {dagbag.py:538} INFO - Filling up the DagBag from /opt/airflow/dags/sec_edgar_dag.py
[2026-02-14T18:33:58.463+0000] {processor.py:840} INFO - DAG(s) 'sec_edgar_pipeline' retrieved from /opt/airflow/dags/sec_edgar_dag.py
[2026-02-14T18:33:58.507+0000] {logging_mixin.py:188} INFO - [2026-02-14T18:33:58.506+0000] {dag.py:3036} INFO - Sync 1 DAGs
[2026-02-14T18:33:58.548+0000] {logging_mixin.py:188} INFO - [2026-02-14T18:33:58.548+0000] {dag.py:3823} INFO - Setting next_dagrun for sec_edgar_pipeline to 2026-02-13 09:00:00+00:00, run_after=2026-02-14 09:00:00+00:00
[2026-02-14T18:33:58.633+0000] {processor.py:183} INFO - Processing /opt/airflow/dags/sec_edgar_dag.py took 0.507 seconds
[2026-02-14T18:34:28.916+0000] {processor.py:161} INFO - Started process (PID=335) to work on /opt/airflow/dags/sec_edgar_dag.py
[2026-02-14T18:34:28.918+0000] {processor.py:830} INFO - Processing file /opt/airflow/dags/sec_edgar_dag.py for tasks to queue
[2026-02-14T18:34:28.920+0000] {logging_mixin.py:188} INFO - [2026-02-14T18:34:28.920+0000] {dagbag.py:538} INFO - Filling up the DagBag from /opt/airflow/dags/sec_edgar_dag.py
[2026-02-14T18:34:29.278+0000] {processor.py:840} INFO - DAG(s) 'sec_edgar_pipeline' retrieved from /opt/airflow/dags/sec_edgar_dag.py
[2026-02-14T18:34:29.326+0000] {logging_mixin.py:188} INFO - [2026-02-14T18:34:29.325+0000] {dag.py:3036} INFO - Sync 1 DAGs
[2026-02-14T18:34:29.448+0000] {processor.py:183} INFO - Processing /opt/airflow/dags/sec_edgar_dag.py took 0.538 seconds
[2026-02-14T18:35:00.199+0000] {processor.py:161} INFO - Started process (PID=351) to work on /opt/airflow/dags/sec_edgar_dag.py
[2026-02-14T18:35:00.201+0000] {processor.py:830} INFO - Processing file /opt/airflow/dags/sec_edgar_dag.py for tasks to queue
[2026-02-14T18:35:00.204+0000] {logging_mixin.py:188} INFO - [2026-02-14T18:35:00.203+0000] {dagbag.py:538} INFO - Filling up the DagBag from /opt/airflow/dags/sec_edgar_dag.py
[2026-02-14T18:35:00.509+0000] {processor.py:840} INFO - DAG(s) 'sec_edgar_pipeline' retrieved from /opt/airflow/dags/sec_edgar_dag.py
[2026-02-14T18:35:00.544+0000] {logging_mixin.py:188} INFO - [2026-02-14T18:35:00.544+0000] {dag.py:3036} INFO - Sync 1 DAGs
[2026-02-14T18:35:00.656+0000] {processor.py:183} INFO - Processing /opt/airflow/dags/sec_edgar_dag.py took 0.461 seconds
[2026-02-14T18:35:30.881+0000] {processor.py:161} INFO - Started process (PID=367) to work on /opt/airflow/dags/sec_edgar_dag.py
[2026-02-14T18:35:30.883+0000] {processor.py:830} INFO - Processing file /opt/airflow/dags/sec_edgar_dag.py for tasks to queue
[2026-02-14T18:35:30.887+0000] {logging_mixin.py:188} INFO - [2026-02-14T18:35:30.887+0000] {dagbag.py:538} INFO - Filling up the DagBag from /opt/airflow/dags/sec_edgar_dag.py
[2026-02-14T18:35:31.233+0000] {processor.py:840} INFO - DAG(s) 'sec_edgar_pipeline' retrieved from /opt/airflow/dags/sec_edgar_dag.py
[2026-02-14T18:35:31.283+0000] {logging_mixin.py:188} INFO - [2026-02-14T18:35:31.282+0000] {dag.py:3036} INFO - Sync 1 DAGs
[2026-02-14T18:35:31.406+0000] {processor.py:183} INFO - Processing /opt/airflow/dags/sec_edgar_dag.py took 0.530 seconds
[2026-02-14T18:36:02.162+0000] {processor.py:161} INFO - Started process (PID=383) to work on /opt/airflow/dags/sec_edgar_dag.py
[2026-02-14T18:36:02.164+0000] {processor.py:830} INFO - Processing file /opt/airflow/dags/sec_edgar_dag.py for tasks to queue
[2026-02-14T18:36:02.167+0000] {logging_mixin.py:188} INFO - [2026-02-14T18:36:02.167+0000] {dagbag.py:538} INFO - Filling up the DagBag from /opt/airflow/dags/sec_edgar_dag.py
[2026-02-14T18:36:02.440+0000] {processor.py:840} INFO - DAG(s) 'sec_edgar_pipeline' retrieved from /opt/airflow/dags/sec_edgar_dag.py
[2026-02-14T18:36:02.479+0000] {logging_mixin.py:188} INFO - [2026-02-14T18:36:02.478+0000] {dag.py:3036} INFO - Sync 1 DAGs
[2026-02-14T18:36:02.587+0000] {processor.py:183} INFO - Processing /opt/airflow/dags/sec_edgar_dag.py took 0.429 seconds
[2026-02-14T18:36:32.819+0000] {processor.py:161} INFO - Started process (PID=399) to work on /opt/airflow/dags/sec_edgar_dag.py
[2026-02-14T18:36:32.820+0000] {processor.py:830} INFO - Processing file /opt/airflow/dags/sec_edgar_dag.py for tasks to queue
[2026-02-14T18:36:32.826+0000] {logging_mixin.py:188} INFO - [2026-02-14T18:36:32.825+0000] {dagbag.py:538} INFO - Filling up the DagBag from /opt/airflow/dags/sec_edgar_dag.py
[2026-02-14T18:36:33.150+0000] {processor.py:840} INFO - DAG(s) 'sec_edgar_pipeline' retrieved from /opt/airflow/dags/sec_edgar_dag.py
[2026-02-14T18:36:33.197+0000] {logging_mixin.py:188} INFO - [2026-02-14T18:36:33.197+0000] {dag.py:3036} INFO - Sync 1 DAGs
[2026-02-14T18:36:33.317+0000] {processor.py:183} INFO - Processing /opt/airflow/dags/sec_edgar_dag.py took 0.504 seconds
[2026-02-14T18:37:04.098+0000] {processor.py:161} INFO - Started process (PID=415) to work on /opt/airflow/dags/sec_edgar_dag.py
[2026-02-14T18:37:04.100+0000] {processor.py:830} INFO - Processing file /opt/airflow/dags/sec_edgar_dag.py for tasks to queue
[2026-02-14T18:37:04.104+0000] {logging_mixin.py:188} INFO - [2026-02-14T18:37:04.103+0000] {dagbag.py:538} INFO - Filling up the DagBag from /opt/airflow/dags/sec_edgar_dag.py
[2026-02-14T18:37:04.508+0000] {processor.py:840} INFO - DAG(s) 'sec_edgar_pipeline' retrieved from /opt/airflow/dags/sec_edgar_dag.py
[2026-02-14T18:37:04.551+0000] {logging_mixin.py:188} INFO - [2026-02-14T18:37:04.550+0000] {dag.py:3036} INFO - Sync 1 DAGs
[2026-02-14T18:37:04.672+0000] {processor.py:183} INFO - Processing /opt/airflow/dags/sec_edgar_dag.py took 0.580 seconds
[2026-02-14T18:37:34.828+0000] {processor.py:161} INFO - Started process (PID=431) to work on /opt/airflow/dags/sec_edgar_dag.py
[2026-02-14T18:37:34.831+0000] {processor.py:830} INFO - Processing file /opt/airflow/dags/sec_edgar_dag.py for tasks to queue
[2026-02-14T18:37:34.834+0000] {logging_mixin.py:188} INFO - [2026-02-14T18:37:34.834+0000] {dagbag.py:538} INFO - Filling up the DagBag from /opt/airflow/dags/sec_edgar_dag.py
[2026-02-14T18:37:35.147+0000] {processor.py:840} INFO - DAG(s) 'sec_edgar_pipeline' retrieved from /opt/airflow/dags/sec_edgar_dag.py
[2026-02-14T18:37:35.186+0000] {logging_mixin.py:188} INFO - [2026-02-14T18:37:35.185+0000] {dag.py:3036} INFO - Sync 1 DAGs
[2026-02-14T18:37:35.292+0000] {processor.py:183} INFO - Processing /opt/airflow/dags/sec_edgar_dag.py took 0.468 seconds
[2026-02-14T18:38:06.126+0000] {processor.py:161} INFO - Started process (PID=447) to work on /opt/airflow/dags/sec_edgar_dag.py
[2026-02-14T18:38:06.128+0000] {processor.py:830} INFO - Processing file /opt/airflow/dags/sec_edgar_dag.py for tasks to queue
[2026-02-14T18:38:06.131+0000] {logging_mixin.py:188} INFO - [2026-02-14T18:38:06.131+0000] {dagbag.py:538} INFO - Filling up the DagBag from /opt/airflow/dags/sec_edgar_dag.py
[2026-02-14T18:38:06.417+0000] {processor.py:840} INFO - DAG(s) 'sec_edgar_pipeline' retrieved from /opt/airflow/dags/sec_edgar_dag.py
[2026-02-14T18:38:06.459+0000] {logging_mixin.py:188} INFO - [2026-02-14T18:38:06.458+0000] {dag.py:3036} INFO - Sync 1 DAGs
[2026-02-14T18:38:06.527+0000] {processor.py:183} INFO - Processing /opt/airflow/dags/sec_edgar_dag.py took 0.405 seconds
[2026-02-14T18:38:36.664+0000] {processor.py:161} INFO - Started process (PID=463) to work on /opt/airflow/dags/sec_edgar_dag.py
[2026-02-14T18:38:36.666+0000] {processor.py:830} INFO - Processing file /opt/airflow/dags/sec_edgar_dag.py for tasks to queue
[2026-02-14T18:38:36.669+0000] {logging_mixin.py:188} INFO - [2026-02-14T18:38:36.669+0000] {dagbag.py:538} INFO - Filling up the DagBag from /opt/airflow/dags/sec_edgar_dag.py
[2026-02-14T18:38:36.948+0000] {processor.py:840} INFO - DAG(s) 'sec_edgar_pipeline' retrieved from /opt/airflow/dags/sec_edgar_dag.py
[2026-02-14T18:38:36.983+0000] {logging_mixin.py:188} INFO - [2026-02-14T18:38:36.982+0000] {dag.py:3036} INFO - Sync 1 DAGs
[2026-02-14T18:38:37.037+0000] {processor.py:183} INFO - Processing /opt/airflow/dags/sec_edgar_dag.py took 0.377 seconds
[2026-02-14T18:39:07.130+0000] {processor.py:161} INFO - Started process (PID=479) to work on /opt/airflow/dags/sec_edgar_dag.py
[2026-02-14T18:39:07.132+0000] {processor.py:830} INFO - Processing file /opt/airflow/dags/sec_edgar_dag.py for tasks to queue
[2026-02-14T18:39:07.135+0000] {logging_mixin.py:188} INFO - [2026-02-14T18:39:07.135+0000] {dagbag.py:538} INFO - Filling up the DagBag from /opt/airflow/dags/sec_edgar_dag.py
[2026-02-14T18:39:07.450+0000] {processor.py:840} INFO - DAG(s) 'sec_edgar_pipeline' retrieved from /opt/airflow/dags/sec_edgar_dag.py
[2026-02-14T18:39:07.488+0000] {logging_mixin.py:188} INFO - [2026-02-14T18:39:07.487+0000] {dag.py:3036} INFO - Sync 1 DAGs
[2026-02-14T18:39:07.601+0000] {processor.py:183} INFO - Processing /opt/airflow/dags/sec_edgar_dag.py took 0.475 seconds
[2026-02-14T18:39:38.407+0000] {processor.py:161} INFO - Started process (PID=499) to work on /opt/airflow/dags/sec_edgar_dag.py
[2026-02-14T18:39:38.409+0000] {processor.py:830} INFO - Processing file /opt/airflow/dags/sec_edgar_dag.py for tasks to queue
[2026-02-14T18:39:38.412+0000] {logging_mixin.py:188} INFO - [2026-02-14T18:39:38.411+0000] {dagbag.py:538} INFO - Filling up the DagBag from /opt/airflow/dags/sec_edgar_dag.py
[2026-02-14T18:39:38.707+0000] {processor.py:840} INFO - DAG(s) 'sec_edgar_pipeline' retrieved from /opt/airflow/dags/sec_edgar_dag.py
[2026-02-14T18:39:38.742+0000] {logging_mixin.py:188} INFO - [2026-02-14T18:39:38.741+0000] {dag.py:3036} INFO - Sync 1 DAGs
[2026-02-14T18:39:38.824+0000] {processor.py:183} INFO - Processing /opt/airflow/dags/sec_edgar_dag.py took 0.421 seconds
[2026-02-14T18:40:09.025+0000] {processor.py:161} INFO - Started process (PID=515) to work on /opt/airflow/dags/sec_edgar_dag.py
[2026-02-14T18:40:09.027+0000] {processor.py:830} INFO - Processing file /opt/airflow/dags/sec_edgar_dag.py for tasks to queue
[2026-02-14T18:40:09.030+0000] {logging_mixin.py:188} INFO - [2026-02-14T18:40:09.029+0000] {dagbag.py:538} INFO - Filling up the DagBag from /opt/airflow/dags/sec_edgar_dag.py
[2026-02-14T18:40:09.325+0000] {processor.py:840} INFO - DAG(s) 'sec_edgar_pipeline' retrieved from /opt/airflow/dags/sec_edgar_dag.py
[2026-02-14T18:40:09.373+0000] {logging_mixin.py:188} INFO - [2026-02-14T18:40:09.372+0000] {dag.py:3036} INFO - Sync 1 DAGs
[2026-02-14T18:40:09.484+0000] {processor.py:183} INFO - Processing /opt/airflow/dags/sec_edgar_dag.py took 0.463 seconds
[2026-02-14T18:40:40.327+0000] {processor.py:161} INFO - Started process (PID=531) to work on /opt/airflow/dags/sec_edgar_dag.py
[2026-02-14T18:40:40.328+0000] {processor.py:830} INFO - Processing file /opt/airflow/dags/sec_edgar_dag.py for tasks to queue
[2026-02-14T18:40:40.331+0000] {logging_mixin.py:188} INFO - [2026-02-14T18:40:40.331+0000] {dagbag.py:538} INFO - Filling up the DagBag from /opt/airflow/dags/sec_edgar_dag.py
[2026-02-14T18:40:40.616+0000] {processor.py:840} INFO - DAG(s) 'sec_edgar_pipeline' retrieved from /opt/airflow/dags/sec_edgar_dag.py
[2026-02-14T18:40:40.648+0000] {logging_mixin.py:188} INFO - [2026-02-14T18:40:40.648+0000] {dag.py:3036} INFO - Sync 1 DAGs
[2026-02-14T18:40:40.752+0000] {processor.py:183} INFO - Processing /opt/airflow/dags/sec_edgar_dag.py took 0.430 seconds
[2026-02-14T18:41:10.993+0000] {processor.py:161} INFO - Started process (PID=547) to work on /opt/airflow/dags/sec_edgar_dag.py
[2026-02-14T18:41:10.995+0000] {processor.py:830} INFO - Processing file /opt/airflow/dags/sec_edgar_dag.py for tasks to queue
[2026-02-14T18:41:10.998+0000] {logging_mixin.py:188} INFO - [2026-02-14T18:41:10.997+0000] {dagbag.py:538} INFO - Filling up the DagBag from /opt/airflow/dags/sec_edgar_dag.py
[2026-02-14T18:41:11.297+0000] {processor.py:840} INFO - DAG(s) 'sec_edgar_pipeline' retrieved from /opt/airflow/dags/sec_edgar_dag.py
[2026-02-14T18:41:11.345+0000] {logging_mixin.py:188} INFO - [2026-02-14T18:41:11.344+0000] {dag.py:3036} INFO - Sync 1 DAGs
[2026-02-14T18:41:11.462+0000] {processor.py:183} INFO - Processing /opt/airflow/dags/sec_edgar_dag.py took 0.473 seconds
[2026-02-14T18:41:42.292+0000] {processor.py:161} INFO - Started process (PID=563) to work on /opt/airflow/dags/sec_edgar_dag.py
[2026-02-14T18:41:42.293+0000] {processor.py:830} INFO - Processing file /opt/airflow/dags/sec_edgar_dag.py for tasks to queue
[2026-02-14T18:41:42.297+0000] {logging_mixin.py:188} INFO - [2026-02-14T18:41:42.296+0000] {dagbag.py:538} INFO - Filling up the DagBag from /opt/airflow/dags/sec_edgar_dag.py
[2026-02-14T18:41:42.627+0000] {processor.py:840} INFO - DAG(s) 'sec_edgar_pipeline' retrieved from /opt/airflow/dags/sec_edgar_dag.py
[2026-02-14T18:41:42.669+0000] {logging_mixin.py:188} INFO - [2026-02-14T18:41:42.669+0000] {dag.py:3036} INFO - Sync 1 DAGs
[2026-02-14T18:41:42.782+0000] {processor.py:183} INFO - Processing /opt/airflow/dags/sec_edgar_dag.py took 0.496 seconds
[2026-02-14T18:42:12.885+0000] {processor.py:161} INFO - Started process (PID=579) to work on /opt/airflow/dags/sec_edgar_dag.py
[2026-02-14T18:42:12.886+0000] {processor.py:830} INFO - Processing file /opt/airflow/dags/sec_edgar_dag.py for tasks to queue
[2026-02-14T18:42:12.889+0000] {logging_mixin.py:188} INFO - [2026-02-14T18:42:12.888+0000] {dagbag.py:538} INFO - Filling up the DagBag from /opt/airflow/dags/sec_edgar_dag.py
[2026-02-14T18:42:13.194+0000] {processor.py:840} INFO - DAG(s) 'sec_edgar_pipeline' retrieved from /opt/airflow/dags/sec_edgar_dag.py
[2026-02-14T18:42:13.232+0000] {logging_mixin.py:188} INFO - [2026-02-14T18:42:13.231+0000] {dag.py:3036} INFO - Sync 1 DAGs
[2026-02-14T18:42:13.344+0000] {processor.py:183} INFO - Processing /opt/airflow/dags/sec_edgar_dag.py took 0.463 seconds
[2026-02-14T18:42:44.185+0000] {processor.py:161} INFO - Started process (PID=595) to work on /opt/airflow/dags/sec_edgar_dag.py
[2026-02-14T18:42:44.187+0000] {processor.py:830} INFO - Processing file /opt/airflow/dags/sec_edgar_dag.py for tasks to queue
[2026-02-14T18:42:44.190+0000] {logging_mixin.py:188} INFO - [2026-02-14T18:42:44.189+0000] {dagbag.py:538} INFO - Filling up the DagBag from /opt/airflow/dags/sec_edgar_dag.py
[2026-02-14T18:42:44.480+0000] {processor.py:840} INFO - DAG(s) 'sec_edgar_pipeline' retrieved from /opt/airflow/dags/sec_edgar_dag.py
[2026-02-14T18:42:44.521+0000] {logging_mixin.py:188} INFO - [2026-02-14T18:42:44.520+0000] {dag.py:3036} INFO - Sync 1 DAGs
[2026-02-14T18:42:44.636+0000] {processor.py:183} INFO - Processing /opt/airflow/dags/sec_edgar_dag.py took 0.455 seconds
[2026-02-14T18:43:16.583+0000] {processor.py:161} INFO - Started process (PID=611) to work on /opt/airflow/dags/sec_edgar_dag.py
[2026-02-14T18:43:16.584+0000] {processor.py:830} INFO - Processing file /opt/airflow/dags/sec_edgar_dag.py for tasks to queue
[2026-02-14T18:43:16.587+0000] {logging_mixin.py:188} INFO - [2026-02-14T18:43:16.586+0000] {dagbag.py:538} INFO - Filling up the DagBag from /opt/airflow/dags/sec_edgar_dag.py
[2026-02-14T18:43:16.878+0000] {processor.py:840} INFO - DAG(s) 'sec_edgar_pipeline' retrieved from /opt/airflow/dags/sec_edgar_dag.py
[2026-02-14T18:43:16.913+0000] {logging_mixin.py:188} INFO - [2026-02-14T18:43:16.913+0000] {dag.py:3036} INFO - Sync 1 DAGs
[2026-02-14T18:43:17.019+0000] {processor.py:183} INFO - Processing /opt/airflow/dags/sec_edgar_dag.py took 0.439 seconds
[2026-02-14T18:43:47.352+0000] {processor.py:161} INFO - Started process (PID=628) to work on /opt/airflow/dags/sec_edgar_dag.py
[2026-02-14T18:43:47.353+0000] {processor.py:830} INFO - Processing file /opt/airflow/dags/sec_edgar_dag.py for tasks to queue
[2026-02-14T18:43:47.358+0000] {logging_mixin.py:188} INFO - [2026-02-14T18:43:47.357+0000] {dagbag.py:538} INFO - Filling up the DagBag from /opt/airflow/dags/sec_edgar_dag.py
[2026-02-14T18:43:47.686+0000] {processor.py:840} INFO - DAG(s) 'sec_edgar_pipeline' retrieved from /opt/airflow/dags/sec_edgar_dag.py
[2026-02-14T18:43:47.729+0000] {logging_mixin.py:188} INFO - [2026-02-14T18:43:47.728+0000] {dag.py:3036} INFO - Sync 1 DAGs
[2026-02-14T18:43:47.819+0000] {processor.py:183} INFO - Processing /opt/airflow/dags/sec_edgar_dag.py took 0.472 seconds
[2026-02-14T18:44:18.071+0000] {processor.py:161} INFO - Started process (PID=644) to work on /opt/airflow/dags/sec_edgar_dag.py
[2026-02-14T18:44:18.073+0000] {processor.py:830} INFO - Processing file /opt/airflow/dags/sec_edgar_dag.py for tasks to queue
[2026-02-14T18:44:18.077+0000] {logging_mixin.py:188} INFO - [2026-02-14T18:44:18.076+0000] {dagbag.py:538} INFO - Filling up the DagBag from /opt/airflow/dags/sec_edgar_dag.py
[2026-02-14T18:44:18.408+0000] {processor.py:840} INFO - DAG(s) 'sec_edgar_pipeline' retrieved from /opt/airflow/dags/sec_edgar_dag.py
[2026-02-14T18:44:18.453+0000] {logging_mixin.py:188} INFO - [2026-02-14T18:44:18.452+0000] {dag.py:3036} INFO - Sync 1 DAGs
[2026-02-14T18:44:18.588+0000] {processor.py:183} INFO - Processing /opt/airflow/dags/sec_edgar_dag.py took 0.521 seconds
[2026-02-14T18:44:49.369+0000] {processor.py:161} INFO - Started process (PID=664) to work on /opt/airflow/dags/sec_edgar_dag.py
[2026-02-14T18:44:49.370+0000] {processor.py:830} INFO - Processing file /opt/airflow/dags/sec_edgar_dag.py for tasks to queue
[2026-02-14T18:44:49.374+0000] {logging_mixin.py:188} INFO - [2026-02-14T18:44:49.373+0000] {dagbag.py:538} INFO - Filling up the DagBag from /opt/airflow/dags/sec_edgar_dag.py
[2026-02-14T18:44:49.724+0000] {processor.py:840} INFO - DAG(s) 'sec_edgar_pipeline' retrieved from /opt/airflow/dags/sec_edgar_dag.py
[2026-02-14T18:44:49.764+0000] {logging_mixin.py:188} INFO - [2026-02-14T18:44:49.764+0000] {dag.py:3036} INFO - Sync 1 DAGs
[2026-02-14T18:44:49.888+0000] {processor.py:183} INFO - Processing /opt/airflow/dags/sec_edgar_dag.py took 0.524 seconds
[2026-02-14T18:45:20.021+0000] {processor.py:161} INFO - Started process (PID=680) to work on /opt/airflow/dags/sec_edgar_dag.py
[2026-02-14T18:45:20.022+0000] {processor.py:830} INFO - Processing file /opt/airflow/dags/sec_edgar_dag.py for tasks to queue
[2026-02-14T18:45:20.025+0000] {logging_mixin.py:188} INFO - [2026-02-14T18:45:20.025+0000] {dagbag.py:538} INFO - Filling up the DagBag from /opt/airflow/dags/sec_edgar_dag.py
[2026-02-14T18:45:20.288+0000] {processor.py:840} INFO - DAG(s) 'sec_edgar_pipeline' retrieved from /opt/airflow/dags/sec_edgar_dag.py
[2026-02-14T18:45:20.324+0000] {logging_mixin.py:188} INFO - [2026-02-14T18:45:20.323+0000] {dag.py:3036} INFO - Sync 1 DAGs
[2026-02-14T18:45:20.432+0000] {processor.py:183} INFO - Processing /opt/airflow/dags/sec_edgar_dag.py took 0.415 seconds
[2026-02-14T18:45:50.538+0000] {processor.py:161} INFO - Started process (PID=696) to work on /opt/airflow/dags/sec_edgar_dag.py
[2026-02-14T18:45:50.540+0000] {processor.py:830} INFO - Processing file /opt/airflow/dags/sec_edgar_dag.py for tasks to queue
[2026-02-14T18:45:50.543+0000] {logging_mixin.py:188} INFO - [2026-02-14T18:45:50.542+0000] {dagbag.py:538} INFO - Filling up the DagBag from /opt/airflow/dags/sec_edgar_dag.py
[2026-02-14T18:45:50.831+0000] {processor.py:840} INFO - DAG(s) 'sec_edgar_pipeline' retrieved from /opt/airflow/dags/sec_edgar_dag.py
[2026-02-14T18:45:50.871+0000] {logging_mixin.py:188} INFO - [2026-02-14T18:45:50.871+0000] {dag.py:3036} INFO - Sync 1 DAGs
[2026-02-14T18:45:50.938+0000] {processor.py:183} INFO - Processing /opt/airflow/dags/sec_edgar_dag.py took 0.403 seconds
[2026-02-14T18:46:21.013+0000] {processor.py:161} INFO - Started process (PID=712) to work on /opt/airflow/dags/sec_edgar_dag.py
[2026-02-14T18:46:21.014+0000] {processor.py:830} INFO - Processing file /opt/airflow/dags/sec_edgar_dag.py for tasks to queue
[2026-02-14T18:46:21.017+0000] {logging_mixin.py:188} INFO - [2026-02-14T18:46:21.017+0000] {dagbag.py:538} INFO - Filling up the DagBag from /opt/airflow/dags/sec_edgar_dag.py
[2026-02-14T18:46:21.323+0000] {processor.py:840} INFO - DAG(s) 'sec_edgar_pipeline' retrieved from /opt/airflow/dags/sec_edgar_dag.py
[2026-02-14T18:46:21.363+0000] {logging_mixin.py:188} INFO - [2026-02-14T18:46:21.362+0000] {dag.py:3036} INFO - Sync 1 DAGs
[2026-02-14T18:46:21.473+0000] {processor.py:183} INFO - Processing /opt/airflow/dags/sec_edgar_dag.py took 0.464 seconds
[2026-02-14T18:46:52.289+0000] {processor.py:161} INFO - Started process (PID=728) to work on /opt/airflow/dags/sec_edgar_dag.py
[2026-02-14T18:46:52.290+0000] {processor.py:830} INFO - Processing file /opt/airflow/dags/sec_edgar_dag.py for tasks to queue
[2026-02-14T18:46:52.294+0000] {logging_mixin.py:188} INFO - [2026-02-14T18:46:52.294+0000] {dagbag.py:538} INFO - Filling up the DagBag from /opt/airflow/dags/sec_edgar_dag.py
[2026-02-14T18:46:52.594+0000] {processor.py:840} INFO - DAG(s) 'sec_edgar_pipeline' retrieved from /opt/airflow/dags/sec_edgar_dag.py
[2026-02-14T18:46:52.632+0000] {logging_mixin.py:188} INFO - [2026-02-14T18:46:52.631+0000] {dag.py:3036} INFO - Sync 1 DAGs
[2026-02-14T18:46:52.748+0000] {processor.py:183} INFO - Processing /opt/airflow/dags/sec_edgar_dag.py took 0.463 seconds
[2026-02-14T18:47:22.949+0000] {processor.py:161} INFO - Started process (PID=750) to work on /opt/airflow/dags/sec_edgar_dag.py
[2026-02-14T18:47:22.951+0000] {processor.py:830} INFO - Processing file /opt/airflow/dags/sec_edgar_dag.py for tasks to queue
[2026-02-14T18:47:22.955+0000] {logging_mixin.py:188} INFO - [2026-02-14T18:47:22.955+0000] {dagbag.py:538} INFO - Filling up the DagBag from /opt/airflow/dags/sec_edgar_dag.py
[2026-02-14T18:47:23.275+0000] {processor.py:840} INFO - DAG(s) 'sec_edgar_pipeline' retrieved from /opt/airflow/dags/sec_edgar_dag.py
[2026-02-14T18:47:23.310+0000] {logging_mixin.py:188} INFO - [2026-02-14T18:47:23.309+0000] {dag.py:3036} INFO - Sync 1 DAGs
[2026-02-14T18:47:23.414+0000] {processor.py:183} INFO - Processing /opt/airflow/dags/sec_edgar_dag.py took 0.472 seconds
[2026-02-14T18:47:54.241+0000] {processor.py:161} INFO - Started process (PID=766) to work on /opt/airflow/dags/sec_edgar_dag.py
[2026-02-14T18:47:54.243+0000] {processor.py:830} INFO - Processing file /opt/airflow/dags/sec_edgar_dag.py for tasks to queue
[2026-02-14T18:47:54.247+0000] {logging_mixin.py:188} INFO - [2026-02-14T18:47:54.246+0000] {dagbag.py:538} INFO - Filling up the DagBag from /opt/airflow/dags/sec_edgar_dag.py
[2026-02-14T18:47:54.567+0000] {processor.py:840} INFO - DAG(s) 'sec_edgar_pipeline' retrieved from /opt/airflow/dags/sec_edgar_dag.py
[2026-02-14T18:47:54.609+0000] {logging_mixin.py:188} INFO - [2026-02-14T18:47:54.609+0000] {dag.py:3036} INFO - Sync 1 DAGs
[2026-02-14T18:47:54.736+0000] {processor.py:183} INFO - Processing /opt/airflow/dags/sec_edgar_dag.py took 0.500 seconds
[2026-02-14T18:48:25.556+0000] {processor.py:161} INFO - Started process (PID=782) to work on /opt/airflow/dags/sec_edgar_dag.py
[2026-02-14T18:48:25.558+0000] {processor.py:830} INFO - Processing file /opt/airflow/dags/sec_edgar_dag.py for tasks to queue
[2026-02-14T18:48:25.562+0000] {logging_mixin.py:188} INFO - [2026-02-14T18:48:25.561+0000] {dagbag.py:538} INFO - Filling up the DagBag from /opt/airflow/dags/sec_edgar_dag.py
[2026-02-14T18:48:25.912+0000] {processor.py:840} INFO - DAG(s) 'sec_edgar_pipeline' retrieved from /opt/airflow/dags/sec_edgar_dag.py
[2026-02-14T18:48:25.950+0000] {logging_mixin.py:188} INFO - [2026-02-14T18:48:25.949+0000] {dag.py:3036} INFO - Sync 1 DAGs
[2026-02-14T18:48:26.065+0000] {processor.py:183} INFO - Processing /opt/airflow/dags/sec_edgar_dag.py took 0.514 seconds
[2026-02-14T18:48:56.401+0000] {processor.py:161} INFO - Started process (PID=798) to work on /opt/airflow/dags/sec_edgar_dag.py
[2026-02-14T18:48:56.402+0000] {processor.py:830} INFO - Processing file /opt/airflow/dags/sec_edgar_dag.py for tasks to queue
[2026-02-14T18:48:56.406+0000] {logging_mixin.py:188} INFO - [2026-02-14T18:48:56.405+0000] {dagbag.py:538} INFO - Filling up the DagBag from /opt/airflow/dags/sec_edgar_dag.py
[2026-02-14T18:48:56.706+0000] {processor.py:840} INFO - DAG(s) 'sec_edgar_pipeline' retrieved from /opt/airflow/dags/sec_edgar_dag.py
[2026-02-14T18:48:56.747+0000] {logging_mixin.py:188} INFO - [2026-02-14T18:48:56.746+0000] {dag.py:3036} INFO - Sync 1 DAGs
[2026-02-14T18:48:56.822+0000] {processor.py:183} INFO - Processing /opt/airflow/dags/sec_edgar_dag.py took 0.425 seconds
[2026-02-14T18:49:27.101+0000] {processor.py:161} INFO - Started process (PID=818) to work on /opt/airflow/dags/sec_edgar_dag.py
[2026-02-14T18:49:27.102+0000] {processor.py:830} INFO - Processing file /opt/airflow/dags/sec_edgar_dag.py for tasks to queue
[2026-02-14T18:49:27.105+0000] {logging_mixin.py:188} INFO - [2026-02-14T18:49:27.104+0000] {dagbag.py:538} INFO - Filling up the DagBag from /opt/airflow/dags/sec_edgar_dag.py
[2026-02-14T18:49:27.423+0000] {processor.py:840} INFO - DAG(s) 'sec_edgar_pipeline' retrieved from /opt/airflow/dags/sec_edgar_dag.py
[2026-02-14T18:49:27.461+0000] {logging_mixin.py:188} INFO - [2026-02-14T18:49:27.460+0000] {dag.py:3036} INFO - Sync 1 DAGs
[2026-02-14T18:49:27.569+0000] {processor.py:183} INFO - Processing /opt/airflow/dags/sec_edgar_dag.py took 0.472 seconds
[2026-02-14T18:49:58.397+0000] {processor.py:161} INFO - Started process (PID=838) to work on /opt/airflow/dags/sec_edgar_dag.py
[2026-02-14T18:49:58.399+0000] {processor.py:830} INFO - Processing file /opt/airflow/dags/sec_edgar_dag.py for tasks to queue
[2026-02-14T18:49:58.402+0000] {logging_mixin.py:188} INFO - [2026-02-14T18:49:58.402+0000] {dagbag.py:538} INFO - Filling up the DagBag from /opt/airflow/dags/sec_edgar_dag.py
[2026-02-14T18:49:58.679+0000] {processor.py:840} INFO - DAG(s) 'sec_edgar_pipeline' retrieved from /opt/airflow/dags/sec_edgar_dag.py
[2026-02-14T18:49:58.710+0000] {logging_mixin.py:188} INFO - [2026-02-14T18:49:58.709+0000] {dag.py:3036} INFO - Sync 1 DAGs
[2026-02-14T18:49:59.017+0000] {processor.py:183} INFO - Processing /opt/airflow/dags/sec_edgar_dag.py took 0.624 seconds
[2026-02-14T18:50:29.128+0000] {processor.py:161} INFO - Started process (PID=854) to work on /opt/airflow/dags/sec_edgar_dag.py
[2026-02-14T18:50:29.130+0000] {processor.py:830} INFO - Processing file /opt/airflow/dags/sec_edgar_dag.py for tasks to queue
[2026-02-14T18:50:29.134+0000] {logging_mixin.py:188} INFO - [2026-02-14T18:50:29.133+0000] {dagbag.py:538} INFO - Filling up the DagBag from /opt/airflow/dags/sec_edgar_dag.py
[2026-02-14T18:50:29.566+0000] {processor.py:840} INFO - DAG(s) 'sec_edgar_pipeline' retrieved from /opt/airflow/dags/sec_edgar_dag.py
[2026-02-14T18:50:29.602+0000] {logging_mixin.py:188} INFO - [2026-02-14T18:50:29.601+0000] {dag.py:3036} INFO - Sync 1 DAGs
[2026-02-14T18:50:29.715+0000] {processor.py:183} INFO - Processing /opt/airflow/dags/sec_edgar_dag.py took 0.591 seconds
[2026-02-14T18:51:00.504+0000] {processor.py:161} INFO - Started process (PID=870) to work on /opt/airflow/dags/sec_edgar_dag.py
[2026-02-14T18:51:00.505+0000] {processor.py:830} INFO - Processing file /opt/airflow/dags/sec_edgar_dag.py for tasks to queue
[2026-02-14T18:51:00.509+0000] {logging_mixin.py:188} INFO - [2026-02-14T18:51:00.508+0000] {dagbag.py:538} INFO - Filling up the DagBag from /opt/airflow/dags/sec_edgar_dag.py
[2026-02-14T18:51:00.810+0000] {processor.py:840} INFO - DAG(s) 'sec_edgar_pipeline' retrieved from /opt/airflow/dags/sec_edgar_dag.py
[2026-02-14T18:51:00.851+0000] {logging_mixin.py:188} INFO - [2026-02-14T18:51:00.850+0000] {dag.py:3036} INFO - Sync 1 DAGs
[2026-02-14T18:51:01.264+0000] {processor.py:183} INFO - Processing /opt/airflow/dags/sec_edgar_dag.py took 0.766 seconds
[2026-02-14T18:52:42.868+0000] {processor.py:161} INFO - Started process (PID=880) to work on /opt/airflow/dags/sec_edgar_dag.py
[2026-02-14T18:52:42.870+0000] {processor.py:830} INFO - Processing file /opt/airflow/dags/sec_edgar_dag.py for tasks to queue
[2026-02-14T18:52:42.873+0000] {logging_mixin.py:188} INFO - [2026-02-14T18:52:42.873+0000] {dagbag.py:538} INFO - Filling up the DagBag from /opt/airflow/dags/sec_edgar_dag.py
[2026-02-14T18:52:43.225+0000] {processor.py:840} INFO - DAG(s) 'sec_edgar_pipeline' retrieved from /opt/airflow/dags/sec_edgar_dag.py
[2026-02-14T18:52:43.263+0000] {logging_mixin.py:188} INFO - [2026-02-14T18:52:43.263+0000] {dag.py:3036} INFO - Sync 1 DAGs
[2026-02-14T18:52:43.380+0000] {processor.py:183} INFO - Processing /opt/airflow/dags/sec_edgar_dag.py took 0.516 seconds
[2026-02-14T18:54:15.126+0000] {processor.py:161} INFO - Started process (PID=898) to work on /opt/airflow/dags/sec_edgar_dag.py
[2026-02-14T18:54:15.127+0000] {processor.py:830} INFO - Processing file /opt/airflow/dags/sec_edgar_dag.py for tasks to queue
[2026-02-14T18:54:15.130+0000] {logging_mixin.py:188} INFO - [2026-02-14T18:54:15.130+0000] {dagbag.py:538} INFO - Filling up the DagBag from /opt/airflow/dags/sec_edgar_dag.py
[2026-02-14T18:54:15.430+0000] {processor.py:840} INFO - DAG(s) 'sec_edgar_pipeline' retrieved from /opt/airflow/dags/sec_edgar_dag.py
[2026-02-14T18:54:15.489+0000] {logging_mixin.py:188} INFO - [2026-02-14T18:54:15.486+0000] {dag.py:3036} INFO - Sync 1 DAGs
[2026-02-14T18:54:15.579+0000] {processor.py:183} INFO - Processing /opt/airflow/dags/sec_edgar_dag.py took 0.457 seconds
[2026-02-14T18:54:45.768+0000] {processor.py:161} INFO - Started process (PID=920) to work on /opt/airflow/dags/sec_edgar_dag.py
[2026-02-14T18:54:45.770+0000] {processor.py:830} INFO - Processing file /opt/airflow/dags/sec_edgar_dag.py for tasks to queue
[2026-02-14T18:54:45.774+0000] {logging_mixin.py:188} INFO - [2026-02-14T18:54:45.773+0000] {dagbag.py:538} INFO - Filling up the DagBag from /opt/airflow/dags/sec_edgar_dag.py
[2026-02-14T18:54:46.095+0000] {processor.py:840} INFO - DAG(s) 'sec_edgar_pipeline' retrieved from /opt/airflow/dags/sec_edgar_dag.py
[2026-02-14T18:54:46.138+0000] {logging_mixin.py:188} INFO - [2026-02-14T18:54:46.138+0000] {dag.py:3036} INFO - Sync 1 DAGs
[2026-02-14T18:54:46.246+0000] {processor.py:183} INFO - Processing /opt/airflow/dags/sec_edgar_dag.py took 0.484 seconds
[2026-02-14T18:55:16.519+0000] {processor.py:161} INFO - Started process (PID=941) to work on /opt/airflow/dags/sec_edgar_dag.py
[2026-02-14T18:55:16.521+0000] {processor.py:830} INFO - Processing file /opt/airflow/dags/sec_edgar_dag.py for tasks to queue
[2026-02-14T18:55:16.524+0000] {logging_mixin.py:188} INFO - [2026-02-14T18:55:16.524+0000] {dagbag.py:538} INFO - Filling up the DagBag from /opt/airflow/dags/sec_edgar_dag.py
[2026-02-14T18:55:16.844+0000] {processor.py:840} INFO - DAG(s) 'sec_edgar_pipeline' retrieved from /opt/airflow/dags/sec_edgar_dag.py
[2026-02-14T18:55:16.882+0000] {logging_mixin.py:188} INFO - [2026-02-14T18:55:16.881+0000] {dag.py:3036} INFO - Sync 1 DAGs
[2026-02-14T18:55:16.990+0000] {processor.py:183} INFO - Processing /opt/airflow/dags/sec_edgar_dag.py took 0.475 seconds
[2026-02-14T18:59:42.949+0000] {processor.py:161} INFO - Started process (PID=952) to work on /opt/airflow/dags/sec_edgar_dag.py
[2026-02-14T18:59:42.950+0000] {processor.py:830} INFO - Processing file /opt/airflow/dags/sec_edgar_dag.py for tasks to queue
[2026-02-14T18:59:42.953+0000] {logging_mixin.py:188} INFO - [2026-02-14T18:59:42.953+0000] {dagbag.py:538} INFO - Filling up the DagBag from /opt/airflow/dags/sec_edgar_dag.py
[2026-02-14T18:59:43.698+0000] {processor.py:840} INFO - DAG(s) 'sec_edgar_pipeline' retrieved from /opt/airflow/dags/sec_edgar_dag.py
[2026-02-14T18:59:43.780+0000] {logging_mixin.py:188} INFO - [2026-02-14T18:59:43.779+0000] {dag.py:3036} INFO - Sync 1 DAGs
[2026-02-14T18:59:44.330+0000] {processor.py:183} INFO - Processing /opt/airflow/dags/sec_edgar_dag.py took 1.387 seconds
[2026-02-14T19:04:23.269+0000] {processor.py:161} INFO - Started process (PID=968) to work on /opt/airflow/dags/sec_edgar_dag.py
[2026-02-14T19:04:23.272+0000] {processor.py:830} INFO - Processing file /opt/airflow/dags/sec_edgar_dag.py for tasks to queue
[2026-02-14T19:04:23.279+0000] {logging_mixin.py:188} INFO - [2026-02-14T19:04:23.278+0000] {dagbag.py:538} INFO - Filling up the DagBag from /opt/airflow/dags/sec_edgar_dag.py
[2026-02-14T19:04:23.715+0000] {processor.py:840} INFO - DAG(s) 'sec_edgar_pipeline' retrieved from /opt/airflow/dags/sec_edgar_dag.py
[2026-02-14T19:04:23.759+0000] {logging_mixin.py:188} INFO - [2026-02-14T19:04:23.758+0000] {dag.py:3036} INFO - Sync 1 DAGs
[2026-02-14T19:04:23.880+0000] {processor.py:183} INFO - Processing /opt/airflow/dags/sec_edgar_dag.py took 0.623 seconds
[2026-02-14T19:04:54.030+0000] {processor.py:161} INFO - Started process (PID=995) to work on /opt/airflow/dags/sec_edgar_dag.py
[2026-02-14T19:04:54.031+0000] {processor.py:830} INFO - Processing file /opt/airflow/dags/sec_edgar_dag.py for tasks to queue
[2026-02-14T19:04:54.036+0000] {logging_mixin.py:188} INFO - [2026-02-14T19:04:54.035+0000] {dagbag.py:538} INFO - Filling up the DagBag from /opt/airflow/dags/sec_edgar_dag.py
[2026-02-14T19:04:54.358+0000] {processor.py:840} INFO - DAG(s) 'sec_edgar_pipeline' retrieved from /opt/airflow/dags/sec_edgar_dag.py
[2026-02-14T19:04:54.396+0000] {logging_mixin.py:188} INFO - [2026-02-14T19:04:54.396+0000] {dag.py:3036} INFO - Sync 1 DAGs
[2026-02-14T19:04:54.798+0000] {processor.py:183} INFO - Processing /opt/airflow/dags/sec_edgar_dag.py took 0.773 seconds
[2026-02-14T19:05:25.188+0000] {processor.py:161} INFO - Started process (PID=1015) to work on /opt/airflow/dags/sec_edgar_dag.py
[2026-02-14T19:05:25.190+0000] {processor.py:830} INFO - Processing file /opt/airflow/dags/sec_edgar_dag.py for tasks to queue
[2026-02-14T19:05:25.194+0000] {logging_mixin.py:188} INFO - [2026-02-14T19:05:25.194+0000] {dagbag.py:538} INFO - Filling up the DagBag from /opt/airflow/dags/sec_edgar_dag.py
[2026-02-14T19:05:25.489+0000] {processor.py:840} INFO - DAG(s) 'sec_edgar_pipeline' retrieved from /opt/airflow/dags/sec_edgar_dag.py
[2026-02-14T19:05:25.531+0000] {logging_mixin.py:188} INFO - [2026-02-14T19:05:25.530+0000] {dag.py:3036} INFO - Sync 1 DAGs
[2026-02-14T19:05:25.644+0000] {processor.py:183} INFO - Processing /opt/airflow/dags/sec_edgar_dag.py took 0.461 seconds
[2026-02-14T19:36:24.934+0000] {processor.py:161} INFO - Started process (PID=1029) to work on /opt/airflow/dags/sec_edgar_dag.py
[2026-02-14T19:36:24.940+0000] {processor.py:830} INFO - Processing file /opt/airflow/dags/sec_edgar_dag.py for tasks to queue
[2026-02-14T19:36:24.969+0000] {logging_mixin.py:188} INFO - [2026-02-14T19:36:24.968+0000] {dagbag.py:538} INFO - Filling up the DagBag from /opt/airflow/dags/sec_edgar_dag.py
[2026-02-14T19:38:25.018+0000] {processor.py:161} INFO - Started process (PID=1053) to work on /opt/airflow/dags/sec_edgar_dag.py
[2026-02-14T19:38:25.020+0000] {processor.py:830} INFO - Processing file /opt/airflow/dags/sec_edgar_dag.py for tasks to queue
[2026-02-14T19:38:25.023+0000] {logging_mixin.py:188} INFO - [2026-02-14T19:38:25.023+0000] {dagbag.py:538} INFO - Filling up the DagBag from /opt/airflow/dags/sec_edgar_dag.py
[2026-02-14T19:38:25.903+0000] {processor.py:840} INFO - DAG(s) 'sec_edgar_pipeline' retrieved from /opt/airflow/dags/sec_edgar_dag.py
[2026-02-14T19:38:25.962+0000] {logging_mixin.py:188} INFO - [2026-02-14T19:38:25.961+0000] {dag.py:3036} INFO - Sync 1 DAGs
[2026-02-14T19:38:26.108+0000] {processor.py:183} INFO - Processing /opt/airflow/dags/sec_edgar_dag.py took 1.096 seconds
[2026-02-14T19:38:56.302+0000] {processor.py:161} INFO - Started process (PID=1074) to work on /opt/airflow/dags/sec_edgar_dag.py
[2026-02-14T19:38:56.304+0000] {processor.py:830} INFO - Processing file /opt/airflow/dags/sec_edgar_dag.py for tasks to queue
[2026-02-14T19:38:56.307+0000] {logging_mixin.py:188} INFO - [2026-02-14T19:38:56.306+0000] {dagbag.py:538} INFO - Filling up the DagBag from /opt/airflow/dags/sec_edgar_dag.py
[2026-02-14T19:38:56.889+0000] {processor.py:840} INFO - DAG(s) 'sec_edgar_pipeline' retrieved from /opt/airflow/dags/sec_edgar_dag.py
[2026-02-14T19:38:56.925+0000] {logging_mixin.py:188} INFO - [2026-02-14T19:38:56.924+0000] {dag.py:3036} INFO - Sync 1 DAGs
[2026-02-14T19:38:56.987+0000] {processor.py:183} INFO - Processing /opt/airflow/dags/sec_edgar_dag.py took 0.690 seconds
[2026-02-14T19:39:28.447+0000] {processor.py:161} INFO - Started process (PID=1085) to work on /opt/airflow/dags/sec_edgar_dag.py
[2026-02-14T19:39:28.469+0000] {processor.py:830} INFO - Processing file /opt/airflow/dags/sec_edgar_dag.py for tasks to queue
[2026-02-14T19:39:28.476+0000] {logging_mixin.py:188} INFO - [2026-02-14T19:39:28.475+0000] {dagbag.py:538} INFO - Filling up the DagBag from /opt/airflow/dags/sec_edgar_dag.py
[2026-02-14T19:39:30.170+0000] {processor.py:840} INFO - DAG(s) 'sec_edgar_pipeline' retrieved from /opt/airflow/dags/sec_edgar_dag.py
[2026-02-14T19:39:30.220+0000] {logging_mixin.py:188} INFO - [2026-02-14T19:39:30.219+0000] {dag.py:3036} INFO - Sync 1 DAGs
[2026-02-14T19:39:30.338+0000] {processor.py:183} INFO - Processing /opt/airflow/dags/sec_edgar_dag.py took 1.896 seconds
[2026-02-14T20:11:14.663+0000] {processor.py:161} INFO - Started process (PID=1097) to work on /opt/airflow/dags/sec_edgar_dag.py
[2026-02-14T20:11:14.669+0000] {processor.py:830} INFO - Processing file /opt/airflow/dags/sec_edgar_dag.py for tasks to queue
[2026-02-14T20:11:14.682+0000] {logging_mixin.py:188} INFO - [2026-02-14T20:11:14.681+0000] {dagbag.py:538} INFO - Filling up the DagBag from /opt/airflow/dags/sec_edgar_dag.py
[2026-02-14T20:11:15.531+0000] {processor.py:840} INFO - DAG(s) 'sec_edgar_pipeline' retrieved from /opt/airflow/dags/sec_edgar_dag.py
[2026-02-14T20:11:15.599+0000] {logging_mixin.py:188} INFO - [2026-02-14T20:11:15.598+0000] {dag.py:3036} INFO - Sync 1 DAGs
[2026-02-14T20:11:15.697+0000] {processor.py:183} INFO - Processing /opt/airflow/dags/sec_edgar_dag.py took 1.050 seconds
[2026-02-14T20:11:46.025+0000] {processor.py:161} INFO - Started process (PID=1117) to work on /opt/airflow/dags/sec_edgar_dag.py
[2026-02-14T20:11:46.026+0000] {processor.py:830} INFO - Processing file /opt/airflow/dags/sec_edgar_dag.py for tasks to queue
[2026-02-14T20:11:46.030+0000] {logging_mixin.py:188} INFO - [2026-02-14T20:11:46.029+0000] {dagbag.py:538} INFO - Filling up the DagBag from /opt/airflow/dags/sec_edgar_dag.py
[2026-02-14T20:11:46.573+0000] {processor.py:840} INFO - DAG(s) 'sec_edgar_pipeline' retrieved from /opt/airflow/dags/sec_edgar_dag.py
[2026-02-14T20:11:46.605+0000] {logging_mixin.py:188} INFO - [2026-02-14T20:11:46.604+0000] {dag.py:3036} INFO - Sync 1 DAGs
[2026-02-14T20:11:46.708+0000] {processor.py:183} INFO - Processing /opt/airflow/dags/sec_edgar_dag.py took 0.689 seconds
[2026-02-14T20:12:17.354+0000] {processor.py:161} INFO - Started process (PID=1138) to work on /opt/airflow/dags/sec_edgar_dag.py
[2026-02-14T20:12:17.355+0000] {processor.py:830} INFO - Processing file /opt/airflow/dags/sec_edgar_dag.py for tasks to queue
[2026-02-14T20:12:17.359+0000] {logging_mixin.py:188} INFO - [2026-02-14T20:12:17.358+0000] {dagbag.py:538} INFO - Filling up the DagBag from /opt/airflow/dags/sec_edgar_dag.py
[2026-02-14T20:12:17.660+0000] {processor.py:840} INFO - DAG(s) 'sec_edgar_pipeline' retrieved from /opt/airflow/dags/sec_edgar_dag.py
[2026-02-14T20:12:17.692+0000] {logging_mixin.py:188} INFO - [2026-02-14T20:12:17.692+0000] {dag.py:3036} INFO - Sync 1 DAGs
[2026-02-14T20:12:17.743+0000] {processor.py:183} INFO - Processing /opt/airflow/dags/sec_edgar_dag.py took 0.393 seconds
[2026-02-14T20:12:47.856+0000] {processor.py:161} INFO - Started process (PID=1154) to work on /opt/airflow/dags/sec_edgar_dag.py
[2026-02-14T20:12:47.859+0000] {processor.py:830} INFO - Processing file /opt/airflow/dags/sec_edgar_dag.py for tasks to queue
[2026-02-14T20:12:47.862+0000] {logging_mixin.py:188} INFO - [2026-02-14T20:12:47.861+0000] {dagbag.py:538} INFO - Filling up the DagBag from /opt/airflow/dags/sec_edgar_dag.py
[2026-02-14T20:12:48.371+0000] {processor.py:840} INFO - DAG(s) 'sec_edgar_pipeline' retrieved from /opt/airflow/dags/sec_edgar_dag.py
[2026-02-14T20:12:48.406+0000] {logging_mixin.py:188} INFO - [2026-02-14T20:12:48.405+0000] {dag.py:3036} INFO - Sync 1 DAGs
[2026-02-14T20:12:48.458+0000] {processor.py:183} INFO - Processing /opt/airflow/dags/sec_edgar_dag.py took 0.606 seconds
[2026-02-14T20:13:19.299+0000] {processor.py:161} INFO - Started process (PID=1170) to work on /opt/airflow/dags/sec_edgar_dag.py
[2026-02-14T20:13:19.301+0000] {processor.py:830} INFO - Processing file /opt/airflow/dags/sec_edgar_dag.py for tasks to queue
[2026-02-14T20:13:19.305+0000] {logging_mixin.py:188} INFO - [2026-02-14T20:13:19.304+0000] {dagbag.py:538} INFO - Filling up the DagBag from /opt/airflow/dags/sec_edgar_dag.py
[2026-02-14T20:13:19.959+0000] {processor.py:840} INFO - DAG(s) 'sec_edgar_pipeline' retrieved from /opt/airflow/dags/sec_edgar_dag.py
[2026-02-14T20:13:19.998+0000] {logging_mixin.py:188} INFO - [2026-02-14T20:13:19.997+0000] {dag.py:3036} INFO - Sync 1 DAGs
[2026-02-14T20:13:20.061+0000] {processor.py:183} INFO - Processing /opt/airflow/dags/sec_edgar_dag.py took 0.767 seconds
[2026-02-14T20:13:50.722+0000] {processor.py:161} INFO - Started process (PID=1186) to work on /opt/airflow/dags/sec_edgar_dag.py
[2026-02-14T20:13:50.723+0000] {processor.py:830} INFO - Processing file /opt/airflow/dags/sec_edgar_dag.py for tasks to queue
[2026-02-14T20:13:50.726+0000] {logging_mixin.py:188} INFO - [2026-02-14T20:13:50.726+0000] {dagbag.py:538} INFO - Filling up the DagBag from /opt/airflow/dags/sec_edgar_dag.py
[2026-02-14T20:13:51.231+0000] {processor.py:840} INFO - DAG(s) 'sec_edgar_pipeline' retrieved from /opt/airflow/dags/sec_edgar_dag.py
[2026-02-14T20:13:51.265+0000] {logging_mixin.py:188} INFO - [2026-02-14T20:13:51.265+0000] {dag.py:3036} INFO - Sync 1 DAGs
[2026-02-14T20:13:51.373+0000] {processor.py:183} INFO - Processing /opt/airflow/dags/sec_edgar_dag.py took 0.656 seconds
[2026-02-14T20:14:21.514+0000] {processor.py:161} INFO - Started process (PID=1202) to work on /opt/airflow/dags/sec_edgar_dag.py
[2026-02-14T20:14:21.517+0000] {processor.py:830} INFO - Processing file /opt/airflow/dags/sec_edgar_dag.py for tasks to queue
[2026-02-14T20:14:21.521+0000] {logging_mixin.py:188} INFO - [2026-02-14T20:14:21.521+0000] {dagbag.py:538} INFO - Filling up the DagBag from /opt/airflow/dags/sec_edgar_dag.py
[2026-02-14T20:14:22.073+0000] {processor.py:840} INFO - DAG(s) 'sec_edgar_pipeline' retrieved from /opt/airflow/dags/sec_edgar_dag.py
[2026-02-14T20:14:22.106+0000] {logging_mixin.py:188} INFO - [2026-02-14T20:14:22.106+0000] {dag.py:3036} INFO - Sync 1 DAGs
[2026-02-14T20:14:22.216+0000] {processor.py:183} INFO - Processing /opt/airflow/dags/sec_edgar_dag.py took 0.706 seconds
[2026-02-14T20:14:52.567+0000] {processor.py:161} INFO - Started process (PID=1218) to work on /opt/airflow/dags/sec_edgar_dag.py
[2026-02-14T20:14:52.569+0000] {processor.py:830} INFO - Processing file /opt/airflow/dags/sec_edgar_dag.py for tasks to queue
[2026-02-14T20:14:52.574+0000] {logging_mixin.py:188} INFO - [2026-02-14T20:14:52.573+0000] {dagbag.py:538} INFO - Filling up the DagBag from /opt/airflow/dags/sec_edgar_dag.py
[2026-02-14T20:14:53.202+0000] {processor.py:840} INFO - DAG(s) 'sec_edgar_pipeline' retrieved from /opt/airflow/dags/sec_edgar_dag.py
[2026-02-14T20:14:53.237+0000] {logging_mixin.py:188} INFO - [2026-02-14T20:14:53.237+0000] {dag.py:3036} INFO - Sync 1 DAGs
[2026-02-14T20:14:53.291+0000] {processor.py:183} INFO - Processing /opt/airflow/dags/sec_edgar_dag.py took 0.728 seconds
[2026-02-14T20:15:24.032+0000] {processor.py:161} INFO - Started process (PID=1234) to work on /opt/airflow/dags/sec_edgar_dag.py
[2026-02-14T20:15:24.033+0000] {processor.py:830} INFO - Processing file /opt/airflow/dags/sec_edgar_dag.py for tasks to queue
[2026-02-14T20:15:24.037+0000] {logging_mixin.py:188} INFO - [2026-02-14T20:15:24.036+0000] {dagbag.py:538} INFO - Filling up the DagBag from /opt/airflow/dags/sec_edgar_dag.py
[2026-02-14T20:15:24.556+0000] {processor.py:840} INFO - DAG(s) 'sec_edgar_pipeline' retrieved from /opt/airflow/dags/sec_edgar_dag.py
[2026-02-14T20:15:24.587+0000] {logging_mixin.py:188} INFO - [2026-02-14T20:15:24.587+0000] {dag.py:3036} INFO - Sync 1 DAGs
[2026-02-14T20:15:24.693+0000] {processor.py:183} INFO - Processing /opt/airflow/dags/sec_edgar_dag.py took 0.666 seconds
[2026-02-14T20:15:55.512+0000] {processor.py:161} INFO - Started process (PID=1250) to work on /opt/airflow/dags/sec_edgar_dag.py
[2026-02-14T20:15:55.514+0000] {processor.py:830} INFO - Processing file /opt/airflow/dags/sec_edgar_dag.py for tasks to queue
[2026-02-14T20:15:55.518+0000] {logging_mixin.py:188} INFO - [2026-02-14T20:15:55.517+0000] {dagbag.py:538} INFO - Filling up the DagBag from /opt/airflow/dags/sec_edgar_dag.py
[2026-02-14T20:15:56.163+0000] {processor.py:840} INFO - DAG(s) 'sec_edgar_pipeline' retrieved from /opt/airflow/dags/sec_edgar_dag.py
[2026-02-14T20:15:56.206+0000] {logging_mixin.py:188} INFO - [2026-02-14T20:15:56.205+0000] {dag.py:3036} INFO - Sync 1 DAGs
[2026-02-14T20:15:56.271+0000] {processor.py:183} INFO - Processing /opt/airflow/dags/sec_edgar_dag.py took 0.765 seconds
[2026-02-14T20:16:26.981+0000] {processor.py:161} INFO - Started process (PID=1270) to work on /opt/airflow/dags/sec_edgar_dag.py
[2026-02-14T20:16:26.983+0000] {processor.py:830} INFO - Processing file /opt/airflow/dags/sec_edgar_dag.py for tasks to queue
[2026-02-14T20:16:26.987+0000] {logging_mixin.py:188} INFO - [2026-02-14T20:16:26.987+0000] {dagbag.py:538} INFO - Filling up the DagBag from /opt/airflow/dags/sec_edgar_dag.py
[2026-02-14T20:16:27.676+0000] {processor.py:840} INFO - DAG(s) 'sec_edgar_pipeline' retrieved from /opt/airflow/dags/sec_edgar_dag.py
[2026-02-14T20:16:27.710+0000] {logging_mixin.py:188} INFO - [2026-02-14T20:16:27.710+0000] {dag.py:3036} INFO - Sync 1 DAGs
[2026-02-14T20:16:27.743+0000] {logging_mixin.py:188} INFO - [2026-02-14T20:16:27.742+0000] {dag.py:3823} INFO - Setting next_dagrun for sec_edgar_pipeline to 2026-02-14 09:00:00+00:00, run_after=2026-02-15 09:00:00+00:00
[2026-02-14T20:16:27.821+0000] {processor.py:183} INFO - Processing /opt/airflow/dags/sec_edgar_dag.py took 0.845 seconds
[2026-02-14T20:16:58.442+0000] {processor.py:161} INFO - Started process (PID=1292) to work on /opt/airflow/dags/sec_edgar_dag.py
[2026-02-14T20:16:58.444+0000] {processor.py:830} INFO - Processing file /opt/airflow/dags/sec_edgar_dag.py for tasks to queue
[2026-02-14T20:16:58.446+0000] {logging_mixin.py:188} INFO - [2026-02-14T20:16:58.446+0000] {dagbag.py:538} INFO - Filling up the DagBag from /opt/airflow/dags/sec_edgar_dag.py
[2026-02-14T20:16:58.928+0000] {processor.py:840} INFO - DAG(s) 'sec_edgar_pipeline' retrieved from /opt/airflow/dags/sec_edgar_dag.py
[2026-02-14T20:16:58.962+0000] {logging_mixin.py:188} INFO - [2026-02-14T20:16:58.961+0000] {dag.py:3036} INFO - Sync 1 DAGs
[2026-02-14T20:16:58.992+0000] {logging_mixin.py:188} INFO - [2026-02-14T20:16:58.992+0000] {dag.py:3823} INFO - Setting next_dagrun for sec_edgar_pipeline to 2026-02-14 09:00:00+00:00, run_after=2026-02-15 09:00:00+00:00
[2026-02-14T20:16:59.072+0000] {processor.py:183} INFO - Processing /opt/airflow/dags/sec_edgar_dag.py took 0.633 seconds
[2026-02-14T20:17:29.360+0000] {processor.py:161} INFO - Started process (PID=1308) to work on /opt/airflow/dags/sec_edgar_dag.py
[2026-02-14T20:17:29.361+0000] {processor.py:830} INFO - Processing file /opt/airflow/dags/sec_edgar_dag.py for tasks to queue
[2026-02-14T20:17:29.364+0000] {logging_mixin.py:188} INFO - [2026-02-14T20:17:29.364+0000] {dagbag.py:538} INFO - Filling up the DagBag from /opt/airflow/dags/sec_edgar_dag.py
[2026-02-14T20:17:29.902+0000] {processor.py:840} INFO - DAG(s) 'sec_edgar_pipeline' retrieved from /opt/airflow/dags/sec_edgar_dag.py
[2026-02-14T20:17:29.939+0000] {logging_mixin.py:188} INFO - [2026-02-14T20:17:29.938+0000] {dag.py:3036} INFO - Sync 1 DAGs
[2026-02-14T20:17:29.974+0000] {logging_mixin.py:188} INFO - [2026-02-14T20:17:29.973+0000] {dag.py:3823} INFO - Setting next_dagrun for sec_edgar_pipeline to 2026-02-14 09:00:00+00:00, run_after=2026-02-15 09:00:00+00:00
[2026-02-14T20:17:30.054+0000] {processor.py:183} INFO - Processing /opt/airflow/dags/sec_edgar_dag.py took 0.698 seconds
[2026-02-14T20:18:00.852+0000] {processor.py:161} INFO - Started process (PID=1324) to work on /opt/airflow/dags/sec_edgar_dag.py
[2026-02-14T20:18:00.854+0000] {processor.py:830} INFO - Processing file /opt/airflow/dags/sec_edgar_dag.py for tasks to queue
[2026-02-14T20:18:00.857+0000] {logging_mixin.py:188} INFO - [2026-02-14T20:18:00.856+0000] {dagbag.py:538} INFO - Filling up the DagBag from /opt/airflow/dags/sec_edgar_dag.py
[2026-02-14T20:18:01.350+0000] {processor.py:840} INFO - DAG(s) 'sec_edgar_pipeline' retrieved from /opt/airflow/dags/sec_edgar_dag.py
[2026-02-14T20:18:01.383+0000] {logging_mixin.py:188} INFO - [2026-02-14T20:18:01.383+0000] {dag.py:3036} INFO - Sync 1 DAGs
[2026-02-14T20:18:01.415+0000] {logging_mixin.py:188} INFO - [2026-02-14T20:18:01.415+0000] {dag.py:3823} INFO - Setting next_dagrun for sec_edgar_pipeline to 2026-02-14 09:00:00+00:00, run_after=2026-02-15 09:00:00+00:00
[2026-02-14T20:18:01.493+0000] {processor.py:183} INFO - Processing /opt/airflow/dags/sec_edgar_dag.py took 0.645 seconds
[2026-02-14T20:18:32.347+0000] {processor.py:161} INFO - Started process (PID=1340) to work on /opt/airflow/dags/sec_edgar_dag.py
[2026-02-14T20:18:32.349+0000] {processor.py:830} INFO - Processing file /opt/airflow/dags/sec_edgar_dag.py for tasks to queue
[2026-02-14T20:18:32.352+0000] {logging_mixin.py:188} INFO - [2026-02-14T20:18:32.352+0000] {dagbag.py:538} INFO - Filling up the DagBag from /opt/airflow/dags/sec_edgar_dag.py
[2026-02-14T20:18:32.985+0000] {processor.py:840} INFO - DAG(s) 'sec_edgar_pipeline' retrieved from /opt/airflow/dags/sec_edgar_dag.py
[2026-02-14T20:18:33.027+0000] {logging_mixin.py:188} INFO - [2026-02-14T20:18:33.026+0000] {dag.py:3036} INFO - Sync 1 DAGs
[2026-02-14T20:18:33.072+0000] {logging_mixin.py:188} INFO - [2026-02-14T20:18:33.071+0000] {dag.py:3823} INFO - Setting next_dagrun for sec_edgar_pipeline to 2026-02-14 09:00:00+00:00, run_after=2026-02-15 09:00:00+00:00
[2026-02-14T20:18:33.157+0000] {processor.py:183} INFO - Processing /opt/airflow/dags/sec_edgar_dag.py took 0.816 seconds
[2026-02-14T20:19:03.852+0000] {processor.py:161} INFO - Started process (PID=1356) to work on /opt/airflow/dags/sec_edgar_dag.py
[2026-02-14T20:19:03.854+0000] {processor.py:830} INFO - Processing file /opt/airflow/dags/sec_edgar_dag.py for tasks to queue
[2026-02-14T20:19:03.857+0000] {logging_mixin.py:188} INFO - [2026-02-14T20:19:03.857+0000] {dagbag.py:538} INFO - Filling up the DagBag from /opt/airflow/dags/sec_edgar_dag.py
[2026-02-14T20:19:04.483+0000] {processor.py:840} INFO - DAG(s) 'sec_edgar_pipeline' retrieved from /opt/airflow/dags/sec_edgar_dag.py
[2026-02-14T20:19:04.524+0000] {logging_mixin.py:188} INFO - [2026-02-14T20:19:04.523+0000] {dag.py:3036} INFO - Sync 1 DAGs
[2026-02-14T20:19:04.561+0000] {logging_mixin.py:188} INFO - [2026-02-14T20:19:04.561+0000] {dag.py:3823} INFO - Setting next_dagrun for sec_edgar_pipeline to 2026-02-14 09:00:00+00:00, run_after=2026-02-15 09:00:00+00:00
[2026-02-14T20:19:04.647+0000] {processor.py:183} INFO - Processing /opt/airflow/dags/sec_edgar_dag.py took 0.799 seconds
[2026-02-14T20:19:35.381+0000] {processor.py:161} INFO - Started process (PID=1372) to work on /opt/airflow/dags/sec_edgar_dag.py
[2026-02-14T20:19:35.382+0000] {processor.py:830} INFO - Processing file /opt/airflow/dags/sec_edgar_dag.py for tasks to queue
[2026-02-14T20:19:35.386+0000] {logging_mixin.py:188} INFO - [2026-02-14T20:19:35.385+0000] {dagbag.py:538} INFO - Filling up the DagBag from /opt/airflow/dags/sec_edgar_dag.py
[2026-02-14T20:19:36.012+0000] {processor.py:840} INFO - DAG(s) 'sec_edgar_pipeline' retrieved from /opt/airflow/dags/sec_edgar_dag.py
[2026-02-14T20:19:36.049+0000] {logging_mixin.py:188} INFO - [2026-02-14T20:19:36.048+0000] {dag.py:3036} INFO - Sync 1 DAGs
[2026-02-14T20:19:36.086+0000] {logging_mixin.py:188} INFO - [2026-02-14T20:19:36.086+0000] {dag.py:3823} INFO - Setting next_dagrun for sec_edgar_pipeline to 2026-02-14 09:00:00+00:00, run_after=2026-02-15 09:00:00+00:00
[2026-02-14T20:19:36.172+0000] {processor.py:183} INFO - Processing /opt/airflow/dags/sec_edgar_dag.py took 0.796 seconds
[2026-02-14T20:20:06.400+0000] {processor.py:161} INFO - Started process (PID=1388) to work on /opt/airflow/dags/sec_edgar_dag.py
[2026-02-14T20:20:06.401+0000] {processor.py:830} INFO - Processing file /opt/airflow/dags/sec_edgar_dag.py for tasks to queue
[2026-02-14T20:20:06.406+0000] {logging_mixin.py:188} INFO - [2026-02-14T20:20:06.405+0000] {dagbag.py:538} INFO - Filling up the DagBag from /opt/airflow/dags/sec_edgar_dag.py
[2026-02-14T20:20:06.940+0000] {processor.py:840} INFO - DAG(s) 'sec_edgar_pipeline' retrieved from /opt/airflow/dags/sec_edgar_dag.py
[2026-02-14T20:20:06.986+0000] {logging_mixin.py:188} INFO - [2026-02-14T20:20:06.985+0000] {dag.py:3036} INFO - Sync 1 DAGs
[2026-02-14T20:20:07.017+0000] {logging_mixin.py:188} INFO - [2026-02-14T20:20:07.017+0000] {dag.py:3823} INFO - Setting next_dagrun for sec_edgar_pipeline to 2026-02-14 09:00:00+00:00, run_after=2026-02-15 09:00:00+00:00
[2026-02-14T20:20:07.093+0000] {processor.py:183} INFO - Processing /opt/airflow/dags/sec_edgar_dag.py took 0.698 seconds
[2026-02-14T20:20:37.452+0000] {processor.py:161} INFO - Started process (PID=1404) to work on /opt/airflow/dags/sec_edgar_dag.py
[2026-02-14T20:20:37.454+0000] {processor.py:830} INFO - Processing file /opt/airflow/dags/sec_edgar_dag.py for tasks to queue
[2026-02-14T20:20:37.457+0000] {logging_mixin.py:188} INFO - [2026-02-14T20:20:37.457+0000] {dagbag.py:538} INFO - Filling up the DagBag from /opt/airflow/dags/sec_edgar_dag.py
[2026-02-14T20:20:38.125+0000] {processor.py:840} INFO - DAG(s) 'sec_edgar_pipeline' retrieved from /opt/airflow/dags/sec_edgar_dag.py
[2026-02-14T20:20:38.156+0000] {logging_mixin.py:188} INFO - [2026-02-14T20:20:38.155+0000] {dag.py:3036} INFO - Sync 1 DAGs
[2026-02-14T20:20:38.185+0000] {logging_mixin.py:188} INFO - [2026-02-14T20:20:38.185+0000] {dag.py:3823} INFO - Setting next_dagrun for sec_edgar_pipeline to 2026-02-14 09:00:00+00:00, run_after=2026-02-15 09:00:00+00:00
[2026-02-14T20:20:38.267+0000] {processor.py:183} INFO - Processing /opt/airflow/dags/sec_edgar_dag.py took 0.820 seconds
[2026-02-14T20:21:08.843+0000] {processor.py:161} INFO - Started process (PID=1420) to work on /opt/airflow/dags/sec_edgar_dag.py
[2026-02-14T20:21:08.846+0000] {processor.py:830} INFO - Processing file /opt/airflow/dags/sec_edgar_dag.py for tasks to queue
[2026-02-14T20:21:08.850+0000] {logging_mixin.py:188} INFO - [2026-02-14T20:21:08.849+0000] {dagbag.py:538} INFO - Filling up the DagBag from /opt/airflow/dags/sec_edgar_dag.py
[2026-02-14T20:21:09.160+0000] {processor.py:840} INFO - DAG(s) 'sec_edgar_pipeline' retrieved from /opt/airflow/dags/sec_edgar_dag.py
[2026-02-14T20:21:09.193+0000] {logging_mixin.py:188} INFO - [2026-02-14T20:21:09.192+0000] {dag.py:3036} INFO - Sync 1 DAGs
[2026-02-14T20:21:09.227+0000] {logging_mixin.py:188} INFO - [2026-02-14T20:21:09.226+0000] {dag.py:3823} INFO - Setting next_dagrun for sec_edgar_pipeline to 2026-02-14 09:00:00+00:00, run_after=2026-02-15 09:00:00+00:00
[2026-02-14T20:21:09.301+0000] {processor.py:183} INFO - Processing /opt/airflow/dags/sec_edgar_dag.py took 0.463 seconds
[2026-02-14T20:21:39.675+0000] {processor.py:161} INFO - Started process (PID=1436) to work on /opt/airflow/dags/sec_edgar_dag.py
[2026-02-14T20:21:39.677+0000] {processor.py:830} INFO - Processing file /opt/airflow/dags/sec_edgar_dag.py for tasks to queue
[2026-02-14T20:21:39.681+0000] {logging_mixin.py:188} INFO - [2026-02-14T20:21:39.681+0000] {dagbag.py:538} INFO - Filling up the DagBag from /opt/airflow/dags/sec_edgar_dag.py
[2026-02-14T20:21:40.074+0000] {processor.py:840} INFO - DAG(s) 'sec_edgar_pipeline' retrieved from /opt/airflow/dags/sec_edgar_dag.py
[2026-02-14T20:21:40.114+0000] {logging_mixin.py:188} INFO - [2026-02-14T20:21:40.113+0000] {dag.py:3036} INFO - Sync 1 DAGs
[2026-02-14T20:21:40.153+0000] {logging_mixin.py:188} INFO - [2026-02-14T20:21:40.153+0000] {dag.py:3823} INFO - Setting next_dagrun for sec_edgar_pipeline to 2026-02-14 09:00:00+00:00, run_after=2026-02-15 09:00:00+00:00
[2026-02-14T20:21:40.238+0000] {processor.py:183} INFO - Processing /opt/airflow/dags/sec_edgar_dag.py took 0.570 seconds
[2026-02-14T20:22:10.454+0000] {processor.py:161} INFO - Started process (PID=1452) to work on /opt/airflow/dags/sec_edgar_dag.py
[2026-02-14T20:22:10.456+0000] {processor.py:830} INFO - Processing file /opt/airflow/dags/sec_edgar_dag.py for tasks to queue
[2026-02-14T20:22:10.460+0000] {logging_mixin.py:188} INFO - [2026-02-14T20:22:10.459+0000] {dagbag.py:538} INFO - Filling up the DagBag from /opt/airflow/dags/sec_edgar_dag.py
[2026-02-14T20:22:10.760+0000] {processor.py:840} INFO - DAG(s) 'sec_edgar_pipeline' retrieved from /opt/airflow/dags/sec_edgar_dag.py
[2026-02-14T20:22:10.795+0000] {logging_mixin.py:188} INFO - [2026-02-14T20:22:10.795+0000] {dag.py:3036} INFO - Sync 1 DAGs
[2026-02-14T20:22:10.826+0000] {logging_mixin.py:188} INFO - [2026-02-14T20:22:10.826+0000] {dag.py:3823} INFO - Setting next_dagrun for sec_edgar_pipeline to 2026-02-14 09:00:00+00:00, run_after=2026-02-15 09:00:00+00:00
[2026-02-14T20:22:10.905+0000] {processor.py:183} INFO - Processing /opt/airflow/dags/sec_edgar_dag.py took 0.455 seconds
[2026-02-14T20:22:41.323+0000] {processor.py:161} INFO - Started process (PID=1468) to work on /opt/airflow/dags/sec_edgar_dag.py
[2026-02-14T20:22:41.325+0000] {processor.py:830} INFO - Processing file /opt/airflow/dags/sec_edgar_dag.py for tasks to queue
[2026-02-14T20:22:41.329+0000] {logging_mixin.py:188} INFO - [2026-02-14T20:22:41.328+0000] {dagbag.py:538} INFO - Filling up the DagBag from /opt/airflow/dags/sec_edgar_dag.py
[2026-02-14T20:22:41.641+0000] {processor.py:840} INFO - DAG(s) 'sec_edgar_pipeline' retrieved from /opt/airflow/dags/sec_edgar_dag.py
[2026-02-14T20:22:41.673+0000] {logging_mixin.py:188} INFO - [2026-02-14T20:22:41.672+0000] {dag.py:3036} INFO - Sync 1 DAGs
[2026-02-14T20:22:41.704+0000] {logging_mixin.py:188} INFO - [2026-02-14T20:22:41.703+0000] {dag.py:3823} INFO - Setting next_dagrun for sec_edgar_pipeline to 2026-02-14 09:00:00+00:00, run_after=2026-02-15 09:00:00+00:00
[2026-02-14T20:22:41.777+0000] {processor.py:183} INFO - Processing /opt/airflow/dags/sec_edgar_dag.py took 0.461 seconds
[2026-02-14T20:23:12.114+0000] {processor.py:161} INFO - Started process (PID=1484) to work on /opt/airflow/dags/sec_edgar_dag.py
[2026-02-14T20:23:12.116+0000] {processor.py:830} INFO - Processing file /opt/airflow/dags/sec_edgar_dag.py for tasks to queue
[2026-02-14T20:23:12.121+0000] {logging_mixin.py:188} INFO - [2026-02-14T20:23:12.120+0000] {dagbag.py:538} INFO - Filling up the DagBag from /opt/airflow/dags/sec_edgar_dag.py
[2026-02-14T20:23:12.436+0000] {processor.py:840} INFO - DAG(s) 'sec_edgar_pipeline' retrieved from /opt/airflow/dags/sec_edgar_dag.py
[2026-02-14T20:23:12.472+0000] {logging_mixin.py:188} INFO - [2026-02-14T20:23:12.472+0000] {dag.py:3036} INFO - Sync 1 DAGs
[2026-02-14T20:23:12.503+0000] {logging_mixin.py:188} INFO - [2026-02-14T20:23:12.503+0000] {dag.py:3823} INFO - Setting next_dagrun for sec_edgar_pipeline to 2026-02-14 09:00:00+00:00, run_after=2026-02-15 09:00:00+00:00
[2026-02-14T20:23:12.582+0000] {processor.py:183} INFO - Processing /opt/airflow/dags/sec_edgar_dag.py took 0.473 seconds
[2026-02-14T20:23:43.410+0000] {processor.py:161} INFO - Started process (PID=1500) to work on /opt/airflow/dags/sec_edgar_dag.py
[2026-02-14T20:23:43.412+0000] {processor.py:830} INFO - Processing file /opt/airflow/dags/sec_edgar_dag.py for tasks to queue
[2026-02-14T20:23:43.416+0000] {logging_mixin.py:188} INFO - [2026-02-14T20:23:43.415+0000] {dagbag.py:538} INFO - Filling up the DagBag from /opt/airflow/dags/sec_edgar_dag.py
[2026-02-14T20:23:43.715+0000] {processor.py:840} INFO - DAG(s) 'sec_edgar_pipeline' retrieved from /opt/airflow/dags/sec_edgar_dag.py
[2026-02-14T20:23:43.752+0000] {logging_mixin.py:188} INFO - [2026-02-14T20:23:43.752+0000] {dag.py:3036} INFO - Sync 1 DAGs
[2026-02-14T20:23:43.784+0000] {logging_mixin.py:188} INFO - [2026-02-14T20:23:43.784+0000] {dag.py:3823} INFO - Setting next_dagrun for sec_edgar_pipeline to 2026-02-14 09:00:00+00:00, run_after=2026-02-15 09:00:00+00:00
[2026-02-14T20:23:43.867+0000] {processor.py:183} INFO - Processing /opt/airflow/dags/sec_edgar_dag.py took 0.461 seconds
[2026-02-14T20:24:14.071+0000] {processor.py:161} INFO - Started process (PID=1516) to work on /opt/airflow/dags/sec_edgar_dag.py
[2026-02-14T20:24:14.073+0000] {processor.py:830} INFO - Processing file /opt/airflow/dags/sec_edgar_dag.py for tasks to queue
[2026-02-14T20:24:14.077+0000] {logging_mixin.py:188} INFO - [2026-02-14T20:24:14.076+0000] {dagbag.py:538} INFO - Filling up the DagBag from /opt/airflow/dags/sec_edgar_dag.py
[2026-02-14T20:24:14.362+0000] {processor.py:840} INFO - DAG(s) 'sec_edgar_pipeline' retrieved from /opt/airflow/dags/sec_edgar_dag.py
[2026-02-14T20:24:14.400+0000] {logging_mixin.py:188} INFO - [2026-02-14T20:24:14.399+0000] {dag.py:3036} INFO - Sync 1 DAGs
[2026-02-14T20:24:14.431+0000] {logging_mixin.py:188} INFO - [2026-02-14T20:24:14.430+0000] {dag.py:3823} INFO - Setting next_dagrun for sec_edgar_pipeline to 2026-02-14 09:00:00+00:00, run_after=2026-02-15 09:00:00+00:00
[2026-02-14T20:24:14.511+0000] {processor.py:183} INFO - Processing /opt/airflow/dags/sec_edgar_dag.py took 0.444 seconds
[2026-02-14T20:24:44.644+0000] {processor.py:161} INFO - Started process (PID=1532) to work on /opt/airflow/dags/sec_edgar_dag.py
[2026-02-14T20:24:44.646+0000] {processor.py:830} INFO - Processing file /opt/airflow/dags/sec_edgar_dag.py for tasks to queue
[2026-02-14T20:24:44.649+0000] {logging_mixin.py:188} INFO - [2026-02-14T20:24:44.648+0000] {dagbag.py:538} INFO - Filling up the DagBag from /opt/airflow/dags/sec_edgar_dag.py
[2026-02-14T20:24:44.988+0000] {processor.py:840} INFO - DAG(s) 'sec_edgar_pipeline' retrieved from /opt/airflow/dags/sec_edgar_dag.py
[2026-02-14T20:24:45.025+0000] {logging_mixin.py:188} INFO - [2026-02-14T20:24:45.024+0000] {dag.py:3036} INFO - Sync 1 DAGs
[2026-02-14T20:24:45.056+0000] {logging_mixin.py:188} INFO - [2026-02-14T20:24:45.056+0000] {dag.py:3823} INFO - Setting next_dagrun for sec_edgar_pipeline to 2026-02-14 09:00:00+00:00, run_after=2026-02-15 09:00:00+00:00
[2026-02-14T20:24:45.089+0000] {processor.py:183} INFO - Processing /opt/airflow/dags/sec_edgar_dag.py took 0.450 seconds
[2026-02-14T20:25:15.229+0000] {processor.py:161} INFO - Started process (PID=1548) to work on /opt/airflow/dags/sec_edgar_dag.py
[2026-02-14T20:25:15.231+0000] {processor.py:830} INFO - Processing file /opt/airflow/dags/sec_edgar_dag.py for tasks to queue
[2026-02-14T20:25:15.235+0000] {logging_mixin.py:188} INFO - [2026-02-14T20:25:15.234+0000] {dagbag.py:538} INFO - Filling up the DagBag from /opt/airflow/dags/sec_edgar_dag.py
[2026-02-14T20:25:15.524+0000] {processor.py:840} INFO - DAG(s) 'sec_edgar_pipeline' retrieved from /opt/airflow/dags/sec_edgar_dag.py
[2026-02-14T20:25:15.562+0000] {logging_mixin.py:188} INFO - [2026-02-14T20:25:15.561+0000] {dag.py:3036} INFO - Sync 1 DAGs
[2026-02-14T20:25:15.595+0000] {logging_mixin.py:188} INFO - [2026-02-14T20:25:15.594+0000] {dag.py:3823} INFO - Setting next_dagrun for sec_edgar_pipeline to 2026-02-14 09:00:00+00:00, run_after=2026-02-15 09:00:00+00:00
[2026-02-14T20:25:15.647+0000] {processor.py:183} INFO - Processing /opt/airflow/dags/sec_edgar_dag.py took 0.423 seconds
[2026-02-14T20:25:46.540+0000] {processor.py:161} INFO - Started process (PID=1564) to work on /opt/airflow/dags/sec_edgar_dag.py
[2026-02-14T20:25:46.542+0000] {processor.py:830} INFO - Processing file /opt/airflow/dags/sec_edgar_dag.py for tasks to queue
[2026-02-14T20:25:46.546+0000] {logging_mixin.py:188} INFO - [2026-02-14T20:25:46.545+0000] {dagbag.py:538} INFO - Filling up the DagBag from /opt/airflow/dags/sec_edgar_dag.py
[2026-02-14T20:25:46.888+0000] {processor.py:840} INFO - DAG(s) 'sec_edgar_pipeline' retrieved from /opt/airflow/dags/sec_edgar_dag.py
[2026-02-14T20:25:46.926+0000] {logging_mixin.py:188} INFO - [2026-02-14T20:25:46.925+0000] {dag.py:3036} INFO - Sync 1 DAGs
[2026-02-14T20:25:46.967+0000] {logging_mixin.py:188} INFO - [2026-02-14T20:25:46.966+0000] {dag.py:3823} INFO - Setting next_dagrun for sec_edgar_pipeline to 2026-02-14 09:00:00+00:00, run_after=2026-02-15 09:00:00+00:00
[2026-02-14T20:25:47.005+0000] {processor.py:183} INFO - Processing /opt/airflow/dags/sec_edgar_dag.py took 0.470 seconds
[2026-02-14T20:26:17.316+0000] {processor.py:161} INFO - Started process (PID=1580) to work on /opt/airflow/dags/sec_edgar_dag.py
[2026-02-14T20:26:17.318+0000] {processor.py:830} INFO - Processing file /opt/airflow/dags/sec_edgar_dag.py for tasks to queue
[2026-02-14T20:26:17.321+0000] {logging_mixin.py:188} INFO - [2026-02-14T20:26:17.321+0000] {dagbag.py:538} INFO - Filling up the DagBag from /opt/airflow/dags/sec_edgar_dag.py
[2026-02-14T20:26:17.634+0000] {processor.py:840} INFO - DAG(s) 'sec_edgar_pipeline' retrieved from /opt/airflow/dags/sec_edgar_dag.py
[2026-02-14T20:26:17.669+0000] {logging_mixin.py:188} INFO - [2026-02-14T20:26:17.669+0000] {dag.py:3036} INFO - Sync 1 DAGs
[2026-02-14T20:26:17.702+0000] {logging_mixin.py:188} INFO - [2026-02-14T20:26:17.702+0000] {dag.py:3823} INFO - Setting next_dagrun for sec_edgar_pipeline to 2026-02-14 09:00:00+00:00, run_after=2026-02-15 09:00:00+00:00
[2026-02-14T20:26:17.781+0000] {processor.py:183} INFO - Processing /opt/airflow/dags/sec_edgar_dag.py took 0.469 seconds
[2026-02-14T20:26:47.889+0000] {processor.py:161} INFO - Started process (PID=1596) to work on /opt/airflow/dags/sec_edgar_dag.py
[2026-02-14T20:26:47.891+0000] {processor.py:830} INFO - Processing file /opt/airflow/dags/sec_edgar_dag.py for tasks to queue
[2026-02-14T20:26:47.895+0000] {logging_mixin.py:188} INFO - [2026-02-14T20:26:47.894+0000] {dagbag.py:538} INFO - Filling up the DagBag from /opt/airflow/dags/sec_edgar_dag.py
[2026-02-14T20:26:48.222+0000] {processor.py:840} INFO - DAG(s) 'sec_edgar_pipeline' retrieved from /opt/airflow/dags/sec_edgar_dag.py
[2026-02-14T20:26:48.259+0000] {logging_mixin.py:188} INFO - [2026-02-14T20:26:48.258+0000] {dag.py:3036} INFO - Sync 1 DAGs
[2026-02-14T20:26:48.295+0000] {logging_mixin.py:188} INFO - [2026-02-14T20:26:48.295+0000] {dag.py:3823} INFO - Setting next_dagrun for sec_edgar_pipeline to 2026-02-14 09:00:00+00:00, run_after=2026-02-15 09:00:00+00:00
[2026-02-14T20:26:48.368+0000] {processor.py:183} INFO - Processing /opt/airflow/dags/sec_edgar_dag.py took 0.484 seconds
[2026-02-14T20:27:19.381+0000] {processor.py:161} INFO - Started process (PID=1612) to work on /opt/airflow/dags/sec_edgar_dag.py
[2026-02-14T20:27:19.382+0000] {processor.py:830} INFO - Processing file /opt/airflow/dags/sec_edgar_dag.py for tasks to queue
[2026-02-14T20:27:19.385+0000] {logging_mixin.py:188} INFO - [2026-02-14T20:27:19.385+0000] {dagbag.py:538} INFO - Filling up the DagBag from /opt/airflow/dags/sec_edgar_dag.py
[2026-02-14T20:27:19.684+0000] {processor.py:840} INFO - DAG(s) 'sec_edgar_pipeline' retrieved from /opt/airflow/dags/sec_edgar_dag.py
[2026-02-14T20:27:19.718+0000] {logging_mixin.py:188} INFO - [2026-02-14T20:27:19.717+0000] {dag.py:3036} INFO - Sync 1 DAGs
[2026-02-14T20:27:19.745+0000] {logging_mixin.py:188} INFO - [2026-02-14T20:27:19.745+0000] {dag.py:3823} INFO - Setting next_dagrun for sec_edgar_pipeline to 2026-02-14 09:00:00+00:00, run_after=2026-02-15 09:00:00+00:00
[2026-02-14T20:27:19.817+0000] {processor.py:183} INFO - Processing /opt/airflow/dags/sec_edgar_dag.py took 0.440 seconds
[2026-02-14T20:27:49.937+0000] {processor.py:161} INFO - Started process (PID=1628) to work on /opt/airflow/dags/sec_edgar_dag.py
[2026-02-14T20:27:49.939+0000] {processor.py:830} INFO - Processing file /opt/airflow/dags/sec_edgar_dag.py for tasks to queue
[2026-02-14T20:27:49.943+0000] {logging_mixin.py:188} INFO - [2026-02-14T20:27:49.942+0000] {dagbag.py:538} INFO - Filling up the DagBag from /opt/airflow/dags/sec_edgar_dag.py
[2026-02-14T20:27:50.388+0000] {processor.py:840} INFO - DAG(s) 'sec_edgar_pipeline' retrieved from /opt/airflow/dags/sec_edgar_dag.py
[2026-02-14T20:27:50.431+0000] {logging_mixin.py:188} INFO - [2026-02-14T20:27:50.430+0000] {dag.py:3036} INFO - Sync 1 DAGs
[2026-02-14T20:27:50.470+0000] {logging_mixin.py:188} INFO - [2026-02-14T20:27:50.470+0000] {dag.py:3823} INFO - Setting next_dagrun for sec_edgar_pipeline to 2026-02-14 09:00:00+00:00, run_after=2026-02-15 09:00:00+00:00
[2026-02-14T20:27:50.561+0000] {processor.py:183} INFO - Processing /opt/airflow/dags/sec_edgar_dag.py took 0.628 seconds
[2026-02-14T20:28:21.252+0000] {processor.py:161} INFO - Started process (PID=1644) to work on /opt/airflow/dags/sec_edgar_dag.py
[2026-02-14T20:28:21.253+0000] {processor.py:830} INFO - Processing file /opt/airflow/dags/sec_edgar_dag.py for tasks to queue
[2026-02-14T20:28:21.257+0000] {logging_mixin.py:188} INFO - [2026-02-14T20:28:21.256+0000] {dagbag.py:538} INFO - Filling up the DagBag from /opt/airflow/dags/sec_edgar_dag.py
[2026-02-14T20:28:21.611+0000] {processor.py:840} INFO - DAG(s) 'sec_edgar_pipeline' retrieved from /opt/airflow/dags/sec_edgar_dag.py
[2026-02-14T20:28:21.656+0000] {logging_mixin.py:188} INFO - [2026-02-14T20:28:21.655+0000] {dag.py:3036} INFO - Sync 1 DAGs
[2026-02-14T20:28:21.696+0000] {logging_mixin.py:188} INFO - [2026-02-14T20:28:21.695+0000] {dag.py:3823} INFO - Setting next_dagrun for sec_edgar_pipeline to 2026-02-14 09:00:00+00:00, run_after=2026-02-15 09:00:00+00:00
[2026-02-14T20:28:21.780+0000] {processor.py:183} INFO - Processing /opt/airflow/dags/sec_edgar_dag.py took 0.533 seconds
[2026-02-14T20:28:51.996+0000] {processor.py:161} INFO - Started process (PID=1660) to work on /opt/airflow/dags/sec_edgar_dag.py
[2026-02-14T20:28:51.997+0000] {processor.py:830} INFO - Processing file /opt/airflow/dags/sec_edgar_dag.py for tasks to queue
[2026-02-14T20:28:52.000+0000] {logging_mixin.py:188} INFO - [2026-02-14T20:28:52.000+0000] {dagbag.py:538} INFO - Filling up the DagBag from /opt/airflow/dags/sec_edgar_dag.py
[2026-02-14T20:28:52.302+0000] {processor.py:840} INFO - DAG(s) 'sec_edgar_pipeline' retrieved from /opt/airflow/dags/sec_edgar_dag.py
[2026-02-14T20:28:52.349+0000] {logging_mixin.py:188} INFO - [2026-02-14T20:28:52.348+0000] {dag.py:3036} INFO - Sync 1 DAGs
[2026-02-14T20:28:52.388+0000] {logging_mixin.py:188} INFO - [2026-02-14T20:28:52.387+0000] {dag.py:3823} INFO - Setting next_dagrun for sec_edgar_pipeline to 2026-02-14 09:00:00+00:00, run_after=2026-02-15 09:00:00+00:00
[2026-02-14T20:28:52.474+0000] {processor.py:183} INFO - Processing /opt/airflow/dags/sec_edgar_dag.py took 0.483 seconds
[2026-02-14T20:29:23.336+0000] {processor.py:161} INFO - Started process (PID=1676) to work on /opt/airflow/dags/sec_edgar_dag.py
[2026-02-14T20:29:23.339+0000] {processor.py:830} INFO - Processing file /opt/airflow/dags/sec_edgar_dag.py for tasks to queue
[2026-02-14T20:29:23.343+0000] {logging_mixin.py:188} INFO - [2026-02-14T20:29:23.342+0000] {dagbag.py:538} INFO - Filling up the DagBag from /opt/airflow/dags/sec_edgar_dag.py
[2026-02-14T20:29:23.676+0000] {processor.py:840} INFO - DAG(s) 'sec_edgar_pipeline' retrieved from /opt/airflow/dags/sec_edgar_dag.py
[2026-02-14T20:29:23.717+0000] {logging_mixin.py:188} INFO - [2026-02-14T20:29:23.716+0000] {dag.py:3036} INFO - Sync 1 DAGs
[2026-02-14T20:29:23.751+0000] {logging_mixin.py:188} INFO - [2026-02-14T20:29:23.751+0000] {dag.py:3823} INFO - Setting next_dagrun for sec_edgar_pipeline to 2026-02-14 09:00:00+00:00, run_after=2026-02-15 09:00:00+00:00
[2026-02-14T20:29:23.817+0000] {processor.py:183} INFO - Processing /opt/airflow/dags/sec_edgar_dag.py took 0.485 seconds
[2026-02-14T20:29:54.035+0000] {processor.py:161} INFO - Started process (PID=1692) to work on /opt/airflow/dags/sec_edgar_dag.py
[2026-02-14T20:29:54.037+0000] {processor.py:830} INFO - Processing file /opt/airflow/dags/sec_edgar_dag.py for tasks to queue
[2026-02-14T20:29:54.040+0000] {logging_mixin.py:188} INFO - [2026-02-14T20:29:54.040+0000] {dagbag.py:538} INFO - Filling up the DagBag from /opt/airflow/dags/sec_edgar_dag.py
[2026-02-14T20:29:54.378+0000] {processor.py:840} INFO - DAG(s) 'sec_edgar_pipeline' retrieved from /opt/airflow/dags/sec_edgar_dag.py
[2026-02-14T20:29:54.420+0000] {logging_mixin.py:188} INFO - [2026-02-14T20:29:54.419+0000] {dag.py:3036} INFO - Sync 1 DAGs
[2026-02-14T20:29:54.457+0000] {logging_mixin.py:188} INFO - [2026-02-14T20:29:54.457+0000] {dag.py:3823} INFO - Setting next_dagrun for sec_edgar_pipeline to 2026-02-14 09:00:00+00:00, run_after=2026-02-15 09:00:00+00:00
[2026-02-14T20:29:54.541+0000] {processor.py:183} INFO - Processing /opt/airflow/dags/sec_edgar_dag.py took 0.510 seconds
[2026-02-14T20:30:25.349+0000] {processor.py:161} INFO - Started process (PID=1708) to work on /opt/airflow/dags/sec_edgar_dag.py
[2026-02-14T20:30:25.351+0000] {processor.py:830} INFO - Processing file /opt/airflow/dags/sec_edgar_dag.py for tasks to queue
[2026-02-14T20:30:25.355+0000] {logging_mixin.py:188} INFO - [2026-02-14T20:30:25.354+0000] {dagbag.py:538} INFO - Filling up the DagBag from /opt/airflow/dags/sec_edgar_dag.py
[2026-02-14T20:30:25.646+0000] {processor.py:840} INFO - DAG(s) 'sec_edgar_pipeline' retrieved from /opt/airflow/dags/sec_edgar_dag.py
[2026-02-14T20:30:25.679+0000] {logging_mixin.py:188} INFO - [2026-02-14T20:30:25.678+0000] {dag.py:3036} INFO - Sync 1 DAGs
[2026-02-14T20:30:25.709+0000] {logging_mixin.py:188} INFO - [2026-02-14T20:30:25.709+0000] {dag.py:3823} INFO - Setting next_dagrun for sec_edgar_pipeline to 2026-02-14 09:00:00+00:00, run_after=2026-02-15 09:00:00+00:00
[2026-02-14T20:30:25.787+0000] {processor.py:183} INFO - Processing /opt/airflow/dags/sec_edgar_dag.py took 0.443 seconds
[2026-02-14T20:30:56.083+0000] {processor.py:161} INFO - Started process (PID=1724) to work on /opt/airflow/dags/sec_edgar_dag.py
[2026-02-14T20:30:56.084+0000] {processor.py:830} INFO - Processing file /opt/airflow/dags/sec_edgar_dag.py for tasks to queue
[2026-02-14T20:30:56.088+0000] {logging_mixin.py:188} INFO - [2026-02-14T20:30:56.087+0000] {dagbag.py:538} INFO - Filling up the DagBag from /opt/airflow/dags/sec_edgar_dag.py
[2026-02-14T20:30:56.383+0000] {processor.py:840} INFO - DAG(s) 'sec_edgar_pipeline' retrieved from /opt/airflow/dags/sec_edgar_dag.py
[2026-02-14T20:30:56.425+0000] {logging_mixin.py:188} INFO - [2026-02-14T20:30:56.424+0000] {dag.py:3036} INFO - Sync 1 DAGs
[2026-02-14T20:30:56.465+0000] {logging_mixin.py:188} INFO - [2026-02-14T20:30:56.465+0000] {dag.py:3823} INFO - Setting next_dagrun for sec_edgar_pipeline to 2026-02-14 09:00:00+00:00, run_after=2026-02-15 09:00:00+00:00
[2026-02-14T20:30:56.559+0000] {processor.py:183} INFO - Processing /opt/airflow/dags/sec_edgar_dag.py took 0.481 seconds
[2026-02-14T20:31:27.482+0000] {processor.py:161} INFO - Started process (PID=1740) to work on /opt/airflow/dags/sec_edgar_dag.py
[2026-02-14T20:31:27.485+0000] {processor.py:830} INFO - Processing file /opt/airflow/dags/sec_edgar_dag.py for tasks to queue
[2026-02-14T20:31:27.488+0000] {logging_mixin.py:188} INFO - [2026-02-14T20:31:27.488+0000] {dagbag.py:538} INFO - Filling up the DagBag from /opt/airflow/dags/sec_edgar_dag.py
[2026-02-14T20:31:27.780+0000] {processor.py:840} INFO - DAG(s) 'sec_edgar_pipeline' retrieved from /opt/airflow/dags/sec_edgar_dag.py
[2026-02-14T20:31:27.822+0000] {logging_mixin.py:188} INFO - [2026-02-14T20:31:27.821+0000] {dag.py:3036} INFO - Sync 1 DAGs
[2026-02-14T20:31:27.857+0000] {logging_mixin.py:188} INFO - [2026-02-14T20:31:27.856+0000] {dag.py:3823} INFO - Setting next_dagrun for sec_edgar_pipeline to 2026-02-14 09:00:00+00:00, run_after=2026-02-15 09:00:00+00:00
[2026-02-14T20:31:27.940+0000] {processor.py:183} INFO - Processing /opt/airflow/dags/sec_edgar_dag.py took 0.462 seconds
[2026-02-14T20:31:58.051+0000] {processor.py:161} INFO - Started process (PID=1756) to work on /opt/airflow/dags/sec_edgar_dag.py
[2026-02-14T20:31:58.054+0000] {processor.py:830} INFO - Processing file /opt/airflow/dags/sec_edgar_dag.py for tasks to queue
[2026-02-14T20:31:58.057+0000] {logging_mixin.py:188} INFO - [2026-02-14T20:31:58.057+0000] {dagbag.py:538} INFO - Filling up the DagBag from /opt/airflow/dags/sec_edgar_dag.py
[2026-02-14T20:31:58.352+0000] {processor.py:840} INFO - DAG(s) 'sec_edgar_pipeline' retrieved from /opt/airflow/dags/sec_edgar_dag.py
[2026-02-14T20:31:58.395+0000] {logging_mixin.py:188} INFO - [2026-02-14T20:31:58.394+0000] {dag.py:3036} INFO - Sync 1 DAGs
[2026-02-14T20:31:58.430+0000] {logging_mixin.py:188} INFO - [2026-02-14T20:31:58.430+0000] {dag.py:3823} INFO - Setting next_dagrun for sec_edgar_pipeline to 2026-02-14 09:00:00+00:00, run_after=2026-02-15 09:00:00+00:00
[2026-02-14T20:31:58.512+0000] {processor.py:183} INFO - Processing /opt/airflow/dags/sec_edgar_dag.py took 0.466 seconds
[2026-02-14T20:32:29.314+0000] {processor.py:161} INFO - Started process (PID=1772) to work on /opt/airflow/dags/sec_edgar_dag.py
[2026-02-14T20:32:29.316+0000] {processor.py:830} INFO - Processing file /opt/airflow/dags/sec_edgar_dag.py for tasks to queue
[2026-02-14T20:32:29.320+0000] {logging_mixin.py:188} INFO - [2026-02-14T20:32:29.320+0000] {dagbag.py:538} INFO - Filling up the DagBag from /opt/airflow/dags/sec_edgar_dag.py
[2026-02-14T20:32:29.670+0000] {processor.py:840} INFO - DAG(s) 'sec_edgar_pipeline' retrieved from /opt/airflow/dags/sec_edgar_dag.py
[2026-02-14T20:32:29.716+0000] {logging_mixin.py:188} INFO - [2026-02-14T20:32:29.715+0000] {dag.py:3036} INFO - Sync 1 DAGs
[2026-02-14T20:32:29.760+0000] {logging_mixin.py:188} INFO - [2026-02-14T20:32:29.759+0000] {dag.py:3823} INFO - Setting next_dagrun for sec_edgar_pipeline to 2026-02-14 09:00:00+00:00, run_after=2026-02-15 09:00:00+00:00
[2026-02-14T20:32:29.844+0000] {processor.py:183} INFO - Processing /opt/airflow/dags/sec_edgar_dag.py took 0.535 seconds
[2026-02-14T20:33:00.652+0000] {processor.py:161} INFO - Started process (PID=1794) to work on /opt/airflow/dags/sec_edgar_dag.py
[2026-02-14T20:33:00.654+0000] {processor.py:830} INFO - Processing file /opt/airflow/dags/sec_edgar_dag.py for tasks to queue
[2026-02-14T20:33:00.657+0000] {logging_mixin.py:188} INFO - [2026-02-14T20:33:00.657+0000] {dagbag.py:538} INFO - Filling up the DagBag from /opt/airflow/dags/sec_edgar_dag.py
[2026-02-14T20:33:00.975+0000] {processor.py:840} INFO - DAG(s) 'sec_edgar_pipeline' retrieved from /opt/airflow/dags/sec_edgar_dag.py
[2026-02-14T20:33:01.014+0000] {logging_mixin.py:188} INFO - [2026-02-14T20:33:01.014+0000] {dag.py:3036} INFO - Sync 1 DAGs
[2026-02-14T20:33:01.053+0000] {logging_mixin.py:188} INFO - [2026-02-14T20:33:01.053+0000] {dag.py:3823} INFO - Setting next_dagrun for sec_edgar_pipeline to 2026-02-14 09:00:00+00:00, run_after=2026-02-15 09:00:00+00:00
[2026-02-14T20:33:01.136+0000] {processor.py:183} INFO - Processing /opt/airflow/dags/sec_edgar_dag.py took 0.488 seconds
[2026-02-14T20:33:31.344+0000] {processor.py:161} INFO - Started process (PID=1811) to work on /opt/airflow/dags/sec_edgar_dag.py
[2026-02-14T20:33:31.346+0000] {processor.py:830} INFO - Processing file /opt/airflow/dags/sec_edgar_dag.py for tasks to queue
[2026-02-14T20:33:31.349+0000] {logging_mixin.py:188} INFO - [2026-02-14T20:33:31.349+0000] {dagbag.py:538} INFO - Filling up the DagBag from /opt/airflow/dags/sec_edgar_dag.py
[2026-02-14T20:33:31.646+0000] {processor.py:840} INFO - DAG(s) 'sec_edgar_pipeline' retrieved from /opt/airflow/dags/sec_edgar_dag.py
[2026-02-14T20:33:31.687+0000] {logging_mixin.py:188} INFO - [2026-02-14T20:33:31.686+0000] {dag.py:3036} INFO - Sync 1 DAGs
[2026-02-14T20:33:31.721+0000] {logging_mixin.py:188} INFO - [2026-02-14T20:33:31.720+0000] {dag.py:3823} INFO - Setting next_dagrun for sec_edgar_pipeline to 2026-02-14 09:00:00+00:00, run_after=2026-02-15 09:00:00+00:00
[2026-02-14T20:33:31.801+0000] {processor.py:183} INFO - Processing /opt/airflow/dags/sec_edgar_dag.py took 0.461 seconds
[2026-02-14T20:34:01.887+0000] {processor.py:161} INFO - Started process (PID=1827) to work on /opt/airflow/dags/sec_edgar_dag.py
[2026-02-14T20:34:01.889+0000] {processor.py:830} INFO - Processing file /opt/airflow/dags/sec_edgar_dag.py for tasks to queue
[2026-02-14T20:34:01.892+0000] {logging_mixin.py:188} INFO - [2026-02-14T20:34:01.892+0000] {dagbag.py:538} INFO - Filling up the DagBag from /opt/airflow/dags/sec_edgar_dag.py
[2026-02-14T20:34:02.192+0000] {processor.py:840} INFO - DAG(s) 'sec_edgar_pipeline' retrieved from /opt/airflow/dags/sec_edgar_dag.py
[2026-02-14T20:34:02.229+0000] {logging_mixin.py:188} INFO - [2026-02-14T20:34:02.228+0000] {dag.py:3036} INFO - Sync 1 DAGs
[2026-02-14T20:34:02.264+0000] {logging_mixin.py:188} INFO - [2026-02-14T20:34:02.264+0000] {dag.py:3823} INFO - Setting next_dagrun for sec_edgar_pipeline to 2026-02-14 09:00:00+00:00, run_after=2026-02-15 09:00:00+00:00
[2026-02-14T20:34:02.344+0000] {processor.py:183} INFO - Processing /opt/airflow/dags/sec_edgar_dag.py took 0.462 seconds
[2026-02-14T20:34:32.423+0000] {processor.py:161} INFO - Started process (PID=1843) to work on /opt/airflow/dags/sec_edgar_dag.py
[2026-02-14T20:34:32.424+0000] {processor.py:830} INFO - Processing file /opt/airflow/dags/sec_edgar_dag.py for tasks to queue
[2026-02-14T20:34:32.428+0000] {logging_mixin.py:188} INFO - [2026-02-14T20:34:32.427+0000] {dagbag.py:538} INFO - Filling up the DagBag from /opt/airflow/dags/sec_edgar_dag.py
[2026-02-14T20:34:32.728+0000] {processor.py:840} INFO - DAG(s) 'sec_edgar_pipeline' retrieved from /opt/airflow/dags/sec_edgar_dag.py
[2026-02-14T20:34:32.764+0000] {logging_mixin.py:188} INFO - [2026-02-14T20:34:32.763+0000] {dag.py:3036} INFO - Sync 1 DAGs
[2026-02-14T20:34:32.795+0000] {logging_mixin.py:188} INFO - [2026-02-14T20:34:32.795+0000] {dag.py:3823} INFO - Setting next_dagrun for sec_edgar_pipeline to 2026-02-14 09:00:00+00:00, run_after=2026-02-15 09:00:00+00:00
[2026-02-14T20:34:32.876+0000] {processor.py:183} INFO - Processing /opt/airflow/dags/sec_edgar_dag.py took 0.458 seconds
[2026-02-14T20:35:03.758+0000] {processor.py:161} INFO - Started process (PID=1859) to work on /opt/airflow/dags/sec_edgar_dag.py
[2026-02-14T20:35:03.760+0000] {processor.py:830} INFO - Processing file /opt/airflow/dags/sec_edgar_dag.py for tasks to queue
[2026-02-14T20:35:03.763+0000] {logging_mixin.py:188} INFO - [2026-02-14T20:35:03.763+0000] {dagbag.py:538} INFO - Filling up the DagBag from /opt/airflow/dags/sec_edgar_dag.py
[2026-02-14T20:35:04.107+0000] {processor.py:840} INFO - DAG(s) 'sec_edgar_pipeline' retrieved from /opt/airflow/dags/sec_edgar_dag.py
[2026-02-14T20:35:04.147+0000] {logging_mixin.py:188} INFO - [2026-02-14T20:35:04.146+0000] {dag.py:3036} INFO - Sync 1 DAGs
[2026-02-14T20:35:04.188+0000] {logging_mixin.py:188} INFO - [2026-02-14T20:35:04.187+0000] {dag.py:3823} INFO - Setting next_dagrun for sec_edgar_pipeline to 2026-02-14 09:00:00+00:00, run_after=2026-02-15 09:00:00+00:00
[2026-02-14T20:35:04.274+0000] {processor.py:183} INFO - Processing /opt/airflow/dags/sec_edgar_dag.py took 0.521 seconds
[2026-02-14T20:35:34.417+0000] {processor.py:161} INFO - Started process (PID=1875) to work on /opt/airflow/dags/sec_edgar_dag.py
[2026-02-14T20:35:34.419+0000] {processor.py:830} INFO - Processing file /opt/airflow/dags/sec_edgar_dag.py for tasks to queue
[2026-02-14T20:35:34.422+0000] {logging_mixin.py:188} INFO - [2026-02-14T20:35:34.422+0000] {dagbag.py:538} INFO - Filling up the DagBag from /opt/airflow/dags/sec_edgar_dag.py
[2026-02-14T20:35:34.711+0000] {processor.py:840} INFO - DAG(s) 'sec_edgar_pipeline' retrieved from /opt/airflow/dags/sec_edgar_dag.py
[2026-02-14T20:35:34.747+0000] {logging_mixin.py:188} INFO - [2026-02-14T20:35:34.746+0000] {dag.py:3036} INFO - Sync 1 DAGs
[2026-02-14T20:35:34.779+0000] {logging_mixin.py:188} INFO - [2026-02-14T20:35:34.779+0000] {dag.py:3823} INFO - Setting next_dagrun for sec_edgar_pipeline to 2026-02-14 09:00:00+00:00, run_after=2026-02-15 09:00:00+00:00
[2026-02-14T20:35:34.842+0000] {processor.py:183} INFO - Processing /opt/airflow/dags/sec_edgar_dag.py took 0.430 seconds
[2026-02-14T20:36:04.912+0000] {processor.py:161} INFO - Started process (PID=1891) to work on /opt/airflow/dags/sec_edgar_dag.py
[2026-02-14T20:36:04.914+0000] {processor.py:830} INFO - Processing file /opt/airflow/dags/sec_edgar_dag.py for tasks to queue
[2026-02-14T20:36:04.916+0000] {logging_mixin.py:188} INFO - [2026-02-14T20:36:04.916+0000] {dagbag.py:538} INFO - Filling up the DagBag from /opt/airflow/dags/sec_edgar_dag.py
[2026-02-14T20:36:05.189+0000] {processor.py:840} INFO - DAG(s) 'sec_edgar_pipeline' retrieved from /opt/airflow/dags/sec_edgar_dag.py
[2026-02-14T20:36:05.219+0000] {logging_mixin.py:188} INFO - [2026-02-14T20:36:05.219+0000] {dag.py:3036} INFO - Sync 1 DAGs
[2026-02-14T20:36:05.253+0000] {logging_mixin.py:188} INFO - [2026-02-14T20:36:05.253+0000] {dag.py:3823} INFO - Setting next_dagrun for sec_edgar_pipeline to 2026-02-14 09:00:00+00:00, run_after=2026-02-15 09:00:00+00:00
[2026-02-14T20:36:05.337+0000] {processor.py:183} INFO - Processing /opt/airflow/dags/sec_edgar_dag.py took 0.429 seconds
[2026-02-14T20:36:36.306+0000] {processor.py:161} INFO - Started process (PID=1907) to work on /opt/airflow/dags/sec_edgar_dag.py
[2026-02-14T20:36:36.307+0000] {processor.py:830} INFO - Processing file /opt/airflow/dags/sec_edgar_dag.py for tasks to queue
[2026-02-14T20:36:36.311+0000] {logging_mixin.py:188} INFO - [2026-02-14T20:36:36.310+0000] {dagbag.py:538} INFO - Filling up the DagBag from /opt/airflow/dags/sec_edgar_dag.py
[2026-02-14T20:36:36.627+0000] {processor.py:840} INFO - DAG(s) 'sec_edgar_pipeline' retrieved from /opt/airflow/dags/sec_edgar_dag.py
[2026-02-14T20:36:36.667+0000] {logging_mixin.py:188} INFO - [2026-02-14T20:36:36.667+0000] {dag.py:3036} INFO - Sync 1 DAGs
[2026-02-14T20:36:36.703+0000] {logging_mixin.py:188} INFO - [2026-02-14T20:36:36.702+0000] {dag.py:3823} INFO - Setting next_dagrun for sec_edgar_pipeline to 2026-02-14 09:00:00+00:00, run_after=2026-02-15 09:00:00+00:00
[2026-02-14T20:36:36.790+0000] {processor.py:183} INFO - Processing /opt/airflow/dags/sec_edgar_dag.py took 0.489 seconds
[2026-02-14T20:37:07.692+0000] {processor.py:161} INFO - Started process (PID=1923) to work on /opt/airflow/dags/sec_edgar_dag.py
[2026-02-14T20:37:07.693+0000] {processor.py:830} INFO - Processing file /opt/airflow/dags/sec_edgar_dag.py for tasks to queue
[2026-02-14T20:37:07.697+0000] {logging_mixin.py:188} INFO - [2026-02-14T20:37:07.697+0000] {dagbag.py:538} INFO - Filling up the DagBag from /opt/airflow/dags/sec_edgar_dag.py
[2026-02-14T20:37:08.050+0000] {processor.py:840} INFO - DAG(s) 'sec_edgar_pipeline' retrieved from /opt/airflow/dags/sec_edgar_dag.py
[2026-02-14T20:37:08.092+0000] {logging_mixin.py:188} INFO - [2026-02-14T20:37:08.091+0000] {dag.py:3036} INFO - Sync 1 DAGs
[2026-02-14T20:37:08.128+0000] {logging_mixin.py:188} INFO - [2026-02-14T20:37:08.128+0000] {dag.py:3823} INFO - Setting next_dagrun for sec_edgar_pipeline to 2026-02-14 09:00:00+00:00, run_after=2026-02-15 09:00:00+00:00
[2026-02-14T20:37:08.213+0000] {processor.py:183} INFO - Processing /opt/airflow/dags/sec_edgar_dag.py took 0.527 seconds
[2026-02-14T20:37:38.300+0000] {processor.py:161} INFO - Started process (PID=1940) to work on /opt/airflow/dags/sec_edgar_dag.py
[2026-02-14T20:37:38.301+0000] {processor.py:830} INFO - Processing file /opt/airflow/dags/sec_edgar_dag.py for tasks to queue
[2026-02-14T20:37:38.305+0000] {logging_mixin.py:188} INFO - [2026-02-14T20:37:38.304+0000] {dagbag.py:538} INFO - Filling up the DagBag from /opt/airflow/dags/sec_edgar_dag.py
[2026-02-14T20:37:38.626+0000] {processor.py:840} INFO - DAG(s) 'sec_edgar_pipeline' retrieved from /opt/airflow/dags/sec_edgar_dag.py
[2026-02-14T20:37:38.671+0000] {logging_mixin.py:188} INFO - [2026-02-14T20:37:38.670+0000] {dag.py:3036} INFO - Sync 1 DAGs
[2026-02-14T20:37:38.714+0000] {logging_mixin.py:188} INFO - [2026-02-14T20:37:38.714+0000] {dag.py:3823} INFO - Setting next_dagrun for sec_edgar_pipeline to 2026-02-14 09:00:00+00:00, run_after=2026-02-15 09:00:00+00:00
[2026-02-14T20:37:38.798+0000] {processor.py:183} INFO - Processing /opt/airflow/dags/sec_edgar_dag.py took 0.503 seconds
[2026-02-14T20:38:09.621+0000] {processor.py:161} INFO - Started process (PID=1956) to work on /opt/airflow/dags/sec_edgar_dag.py
[2026-02-14T20:38:09.625+0000] {processor.py:830} INFO - Processing file /opt/airflow/dags/sec_edgar_dag.py for tasks to queue
[2026-02-14T20:38:09.628+0000] {logging_mixin.py:188} INFO - [2026-02-14T20:38:09.628+0000] {dagbag.py:538} INFO - Filling up the DagBag from /opt/airflow/dags/sec_edgar_dag.py
[2026-02-14T20:38:09.958+0000] {processor.py:840} INFO - DAG(s) 'sec_edgar_pipeline' retrieved from /opt/airflow/dags/sec_edgar_dag.py
[2026-02-14T20:38:09.997+0000] {logging_mixin.py:188} INFO - [2026-02-14T20:38:09.997+0000] {dag.py:3036} INFO - Sync 1 DAGs
[2026-02-14T20:38:10.033+0000] {logging_mixin.py:188} INFO - [2026-02-14T20:38:10.033+0000] {dag.py:3823} INFO - Setting next_dagrun for sec_edgar_pipeline to 2026-02-14 09:00:00+00:00, run_after=2026-02-15 09:00:00+00:00
[2026-02-14T20:38:10.086+0000] {processor.py:183} INFO - Processing /opt/airflow/dags/sec_edgar_dag.py took 0.470 seconds
[2026-02-14T20:38:40.248+0000] {processor.py:161} INFO - Started process (PID=1972) to work on /opt/airflow/dags/sec_edgar_dag.py
[2026-02-14T20:38:40.250+0000] {processor.py:830} INFO - Processing file /opt/airflow/dags/sec_edgar_dag.py for tasks to queue
[2026-02-14T20:38:40.253+0000] {logging_mixin.py:188} INFO - [2026-02-14T20:38:40.253+0000] {dagbag.py:538} INFO - Filling up the DagBag from /opt/airflow/dags/sec_edgar_dag.py
[2026-02-14T20:38:40.586+0000] {processor.py:840} INFO - DAG(s) 'sec_edgar_pipeline' retrieved from /opt/airflow/dags/sec_edgar_dag.py
[2026-02-14T20:38:40.628+0000] {logging_mixin.py:188} INFO - [2026-02-14T20:38:40.627+0000] {dag.py:3036} INFO - Sync 1 DAGs
[2026-02-14T20:38:40.674+0000] {logging_mixin.py:188} INFO - [2026-02-14T20:38:40.673+0000] {dag.py:3823} INFO - Setting next_dagrun for sec_edgar_pipeline to 2026-02-14 09:00:00+00:00, run_after=2026-02-15 09:00:00+00:00
[2026-02-14T20:38:40.708+0000] {processor.py:183} INFO - Processing /opt/airflow/dags/sec_edgar_dag.py took 0.466 seconds
[2026-02-14T20:39:11.560+0000] {processor.py:161} INFO - Started process (PID=1988) to work on /opt/airflow/dags/sec_edgar_dag.py
[2026-02-14T20:39:11.562+0000] {processor.py:830} INFO - Processing file /opt/airflow/dags/sec_edgar_dag.py for tasks to queue
[2026-02-14T20:39:11.565+0000] {logging_mixin.py:188} INFO - [2026-02-14T20:39:11.565+0000] {dagbag.py:538} INFO - Filling up the DagBag from /opt/airflow/dags/sec_edgar_dag.py
[2026-02-14T20:39:11.884+0000] {processor.py:840} INFO - DAG(s) 'sec_edgar_pipeline' retrieved from /opt/airflow/dags/sec_edgar_dag.py
[2026-02-14T20:39:11.922+0000] {logging_mixin.py:188} INFO - [2026-02-14T20:39:11.922+0000] {dag.py:3036} INFO - Sync 1 DAGs
[2026-02-14T20:39:11.960+0000] {logging_mixin.py:188} INFO - [2026-02-14T20:39:11.959+0000] {dag.py:3823} INFO - Setting next_dagrun for sec_edgar_pipeline to 2026-02-14 09:00:00+00:00, run_after=2026-02-15 09:00:00+00:00
[2026-02-14T20:39:12.039+0000] {processor.py:183} INFO - Processing /opt/airflow/dags/sec_edgar_dag.py took 0.483 seconds
[2026-02-14T20:39:42.289+0000] {processor.py:161} INFO - Started process (PID=2004) to work on /opt/airflow/dags/sec_edgar_dag.py
[2026-02-14T20:39:42.290+0000] {processor.py:830} INFO - Processing file /opt/airflow/dags/sec_edgar_dag.py for tasks to queue
[2026-02-14T20:39:42.293+0000] {logging_mixin.py:188} INFO - [2026-02-14T20:39:42.293+0000] {dagbag.py:538} INFO - Filling up the DagBag from /opt/airflow/dags/sec_edgar_dag.py
[2026-02-14T20:39:42.607+0000] {processor.py:840} INFO - DAG(s) 'sec_edgar_pipeline' retrieved from /opt/airflow/dags/sec_edgar_dag.py
[2026-02-14T20:39:42.645+0000] {logging_mixin.py:188} INFO - [2026-02-14T20:39:42.644+0000] {dag.py:3036} INFO - Sync 1 DAGs
[2026-02-14T20:39:42.684+0000] {logging_mixin.py:188} INFO - [2026-02-14T20:39:42.684+0000] {dag.py:3823} INFO - Setting next_dagrun for sec_edgar_pipeline to 2026-02-14 09:00:00+00:00, run_after=2026-02-15 09:00:00+00:00
[2026-02-14T20:39:42.767+0000] {processor.py:183} INFO - Processing /opt/airflow/dags/sec_edgar_dag.py took 0.482 seconds
[2026-02-14T20:40:13.640+0000] {processor.py:161} INFO - Started process (PID=2020) to work on /opt/airflow/dags/sec_edgar_dag.py
[2026-02-14T20:40:13.641+0000] {processor.py:830} INFO - Processing file /opt/airflow/dags/sec_edgar_dag.py for tasks to queue
[2026-02-14T20:40:13.645+0000] {logging_mixin.py:188} INFO - [2026-02-14T20:40:13.644+0000] {dagbag.py:538} INFO - Filling up the DagBag from /opt/airflow/dags/sec_edgar_dag.py
[2026-02-14T20:40:13.938+0000] {processor.py:840} INFO - DAG(s) 'sec_edgar_pipeline' retrieved from /opt/airflow/dags/sec_edgar_dag.py
[2026-02-14T20:40:13.978+0000] {logging_mixin.py:188} INFO - [2026-02-14T20:40:13.977+0000] {dag.py:3036} INFO - Sync 1 DAGs
[2026-02-14T20:40:14.013+0000] {logging_mixin.py:188} INFO - [2026-02-14T20:40:14.013+0000] {dag.py:3823} INFO - Setting next_dagrun for sec_edgar_pipeline to 2026-02-14 09:00:00+00:00, run_after=2026-02-15 09:00:00+00:00
[2026-02-14T20:40:14.097+0000] {processor.py:183} INFO - Processing /opt/airflow/dags/sec_edgar_dag.py took 0.462 seconds
[2026-02-14T20:40:44.285+0000] {processor.py:161} INFO - Started process (PID=2036) to work on /opt/airflow/dags/sec_edgar_dag.py
[2026-02-14T20:40:44.286+0000] {processor.py:830} INFO - Processing file /opt/airflow/dags/sec_edgar_dag.py for tasks to queue
[2026-02-14T20:40:44.289+0000] {logging_mixin.py:188} INFO - [2026-02-14T20:40:44.289+0000] {dagbag.py:538} INFO - Filling up the DagBag from /opt/airflow/dags/sec_edgar_dag.py
[2026-02-14T20:40:44.593+0000] {processor.py:840} INFO - DAG(s) 'sec_edgar_pipeline' retrieved from /opt/airflow/dags/sec_edgar_dag.py
[2026-02-14T20:40:44.630+0000] {logging_mixin.py:188} INFO - [2026-02-14T20:40:44.630+0000] {dag.py:3036} INFO - Sync 1 DAGs
[2026-02-14T20:40:44.669+0000] {logging_mixin.py:188} INFO - [2026-02-14T20:40:44.669+0000] {dag.py:3823} INFO - Setting next_dagrun for sec_edgar_pipeline to 2026-02-14 09:00:00+00:00, run_after=2026-02-15 09:00:00+00:00
[2026-02-14T20:40:44.751+0000] {processor.py:183} INFO - Processing /opt/airflow/dags/sec_edgar_dag.py took 0.470 seconds
[2026-02-14T20:41:15.614+0000] {processor.py:161} INFO - Started process (PID=2052) to work on /opt/airflow/dags/sec_edgar_dag.py
[2026-02-14T20:41:15.615+0000] {processor.py:830} INFO - Processing file /opt/airflow/dags/sec_edgar_dag.py for tasks to queue
[2026-02-14T20:41:15.619+0000] {logging_mixin.py:188} INFO - [2026-02-14T20:41:15.618+0000] {dagbag.py:538} INFO - Filling up the DagBag from /opt/airflow/dags/sec_edgar_dag.py
[2026-02-14T20:41:15.960+0000] {processor.py:840} INFO - DAG(s) 'sec_edgar_pipeline' retrieved from /opt/airflow/dags/sec_edgar_dag.py
[2026-02-14T20:41:16.008+0000] {logging_mixin.py:188} INFO - [2026-02-14T20:41:16.007+0000] {dag.py:3036} INFO - Sync 1 DAGs
[2026-02-14T20:41:16.046+0000] {logging_mixin.py:188} INFO - [2026-02-14T20:41:16.045+0000] {dag.py:3823} INFO - Setting next_dagrun for sec_edgar_pipeline to 2026-02-14 09:00:00+00:00, run_after=2026-02-15 09:00:00+00:00
[2026-02-14T20:41:16.132+0000] {processor.py:183} INFO - Processing /opt/airflow/dags/sec_edgar_dag.py took 0.523 seconds
[2026-02-14T20:41:46.390+0000] {processor.py:161} INFO - Started process (PID=2073) to work on /opt/airflow/dags/sec_edgar_dag.py
[2026-02-14T20:41:46.392+0000] {processor.py:830} INFO - Processing file /opt/airflow/dags/sec_edgar_dag.py for tasks to queue
[2026-02-14T20:41:46.396+0000] {logging_mixin.py:188} INFO - [2026-02-14T20:41:46.396+0000] {dagbag.py:538} INFO - Filling up the DagBag from /opt/airflow/dags/sec_edgar_dag.py
[2026-02-14T20:41:46.702+0000] {processor.py:840} INFO - DAG(s) 'sec_edgar_pipeline' retrieved from /opt/airflow/dags/sec_edgar_dag.py
[2026-02-14T20:41:46.745+0000] {logging_mixin.py:188} INFO - [2026-02-14T20:41:46.744+0000] {dag.py:3036} INFO - Sync 1 DAGs
[2026-02-14T20:41:46.786+0000] {logging_mixin.py:188} INFO - [2026-02-14T20:41:46.785+0000] {dag.py:3823} INFO - Setting next_dagrun for sec_edgar_pipeline to 2026-02-14 09:00:00+00:00, run_after=2026-02-15 09:00:00+00:00
[2026-02-14T20:41:46.873+0000] {processor.py:183} INFO - Processing /opt/airflow/dags/sec_edgar_dag.py took 0.487 seconds
[2026-02-14T20:42:17.694+0000] {processor.py:161} INFO - Started process (PID=2089) to work on /opt/airflow/dags/sec_edgar_dag.py
[2026-02-14T20:42:17.696+0000] {processor.py:830} INFO - Processing file /opt/airflow/dags/sec_edgar_dag.py for tasks to queue
[2026-02-14T20:42:17.700+0000] {logging_mixin.py:188} INFO - [2026-02-14T20:42:17.699+0000] {dagbag.py:538} INFO - Filling up the DagBag from /opt/airflow/dags/sec_edgar_dag.py
[2026-02-14T20:42:18.009+0000] {processor.py:840} INFO - DAG(s) 'sec_edgar_pipeline' retrieved from /opt/airflow/dags/sec_edgar_dag.py
[2026-02-14T20:42:18.045+0000] {logging_mixin.py:188} INFO - [2026-02-14T20:42:18.044+0000] {dag.py:3036} INFO - Sync 1 DAGs
[2026-02-14T20:42:18.078+0000] {logging_mixin.py:188} INFO - [2026-02-14T20:42:18.077+0000] {dag.py:3823} INFO - Setting next_dagrun for sec_edgar_pipeline to 2026-02-14 09:00:00+00:00, run_after=2026-02-15 09:00:00+00:00
[2026-02-14T20:42:18.110+0000] {processor.py:183} INFO - Processing /opt/airflow/dags/sec_edgar_dag.py took 0.421 seconds
[2026-02-14T20:42:48.732+0000] {processor.py:161} INFO - Started process (PID=2105) to work on /opt/airflow/dags/sec_edgar_dag.py
[2026-02-14T20:42:48.733+0000] {processor.py:830} INFO - Processing file /opt/airflow/dags/sec_edgar_dag.py for tasks to queue
[2026-02-14T20:42:48.737+0000] {logging_mixin.py:188} INFO - [2026-02-14T20:42:48.736+0000] {dagbag.py:538} INFO - Filling up the DagBag from /opt/airflow/dags/sec_edgar_dag.py
[2026-02-14T20:42:49.030+0000] {processor.py:840} INFO - DAG(s) 'sec_edgar_pipeline' retrieved from /opt/airflow/dags/sec_edgar_dag.py
[2026-02-14T20:42:49.066+0000] {logging_mixin.py:188} INFO - [2026-02-14T20:42:49.065+0000] {dag.py:3036} INFO - Sync 1 DAGs
[2026-02-14T20:42:49.101+0000] {logging_mixin.py:188} INFO - [2026-02-14T20:42:49.101+0000] {dag.py:3823} INFO - Setting next_dagrun for sec_edgar_pipeline to 2026-02-14 09:00:00+00:00, run_after=2026-02-15 09:00:00+00:00
[2026-02-14T20:42:49.184+0000] {processor.py:183} INFO - Processing /opt/airflow/dags/sec_edgar_dag.py took 0.457 seconds
[2026-02-14T20:43:19.500+0000] {processor.py:161} INFO - Started process (PID=2121) to work on /opt/airflow/dags/sec_edgar_dag.py
[2026-02-14T20:43:19.502+0000] {processor.py:830} INFO - Processing file /opt/airflow/dags/sec_edgar_dag.py for tasks to queue
[2026-02-14T20:43:19.506+0000] {logging_mixin.py:188} INFO - [2026-02-14T20:43:19.506+0000] {dagbag.py:538} INFO - Filling up the DagBag from /opt/airflow/dags/sec_edgar_dag.py
[2026-02-14T20:43:19.824+0000] {processor.py:840} INFO - DAG(s) 'sec_edgar_pipeline' retrieved from /opt/airflow/dags/sec_edgar_dag.py
[2026-02-14T20:43:19.871+0000] {logging_mixin.py:188} INFO - [2026-02-14T20:43:19.870+0000] {dag.py:3036} INFO - Sync 1 DAGs
[2026-02-14T20:43:19.910+0000] {logging_mixin.py:188} INFO - [2026-02-14T20:43:19.910+0000] {dag.py:3823} INFO - Setting next_dagrun for sec_edgar_pipeline to 2026-02-14 09:00:00+00:00, run_after=2026-02-15 09:00:00+00:00
[2026-02-14T20:43:19.994+0000] {processor.py:183} INFO - Processing /opt/airflow/dags/sec_edgar_dag.py took 0.499 seconds
[2026-02-14T20:43:50.827+0000] {processor.py:161} INFO - Started process (PID=2137) to work on /opt/airflow/dags/sec_edgar_dag.py
[2026-02-14T20:43:50.829+0000] {processor.py:830} INFO - Processing file /opt/airflow/dags/sec_edgar_dag.py for tasks to queue
[2026-02-14T20:43:50.832+0000] {logging_mixin.py:188} INFO - [2026-02-14T20:43:50.832+0000] {dagbag.py:538} INFO - Filling up the DagBag from /opt/airflow/dags/sec_edgar_dag.py
[2026-02-14T20:43:51.147+0000] {processor.py:840} INFO - DAG(s) 'sec_edgar_pipeline' retrieved from /opt/airflow/dags/sec_edgar_dag.py
[2026-02-14T20:43:51.187+0000] {logging_mixin.py:188} INFO - [2026-02-14T20:43:51.186+0000] {dag.py:3036} INFO - Sync 1 DAGs
[2026-02-14T20:43:51.227+0000] {logging_mixin.py:188} INFO - [2026-02-14T20:43:51.226+0000] {dag.py:3823} INFO - Setting next_dagrun for sec_edgar_pipeline to 2026-02-14 09:00:00+00:00, run_after=2026-02-15 09:00:00+00:00
[2026-02-14T20:43:51.313+0000] {processor.py:183} INFO - Processing /opt/airflow/dags/sec_edgar_dag.py took 0.491 seconds
[2026-02-14T20:44:21.574+0000] {processor.py:161} INFO - Started process (PID=2153) to work on /opt/airflow/dags/sec_edgar_dag.py
[2026-02-14T20:44:21.576+0000] {processor.py:830} INFO - Processing file /opt/airflow/dags/sec_edgar_dag.py for tasks to queue
[2026-02-14T20:44:21.580+0000] {logging_mixin.py:188} INFO - [2026-02-14T20:44:21.579+0000] {dagbag.py:538} INFO - Filling up the DagBag from /opt/airflow/dags/sec_edgar_dag.py
[2026-02-14T20:44:21.938+0000] {processor.py:840} INFO - DAG(s) 'sec_edgar_pipeline' retrieved from /opt/airflow/dags/sec_edgar_dag.py
[2026-02-14T20:44:21.983+0000] {logging_mixin.py:188} INFO - [2026-02-14T20:44:21.982+0000] {dag.py:3036} INFO - Sync 1 DAGs
[2026-02-14T20:44:22.022+0000] {logging_mixin.py:188} INFO - [2026-02-14T20:44:22.021+0000] {dag.py:3823} INFO - Setting next_dagrun for sec_edgar_pipeline to 2026-02-14 09:00:00+00:00, run_after=2026-02-15 09:00:00+00:00
[2026-02-14T20:44:22.104+0000] {processor.py:183} INFO - Processing /opt/airflow/dags/sec_edgar_dag.py took 0.534 seconds
[2026-02-14T20:44:52.886+0000] {processor.py:161} INFO - Started process (PID=2170) to work on /opt/airflow/dags/sec_edgar_dag.py
[2026-02-14T20:44:52.888+0000] {processor.py:830} INFO - Processing file /opt/airflow/dags/sec_edgar_dag.py for tasks to queue
[2026-02-14T20:44:52.892+0000] {logging_mixin.py:188} INFO - [2026-02-14T20:44:52.891+0000] {dagbag.py:538} INFO - Filling up the DagBag from /opt/airflow/dags/sec_edgar_dag.py
[2026-02-14T20:44:53.222+0000] {processor.py:840} INFO - DAG(s) 'sec_edgar_pipeline' retrieved from /opt/airflow/dags/sec_edgar_dag.py
[2026-02-14T20:44:53.262+0000] {logging_mixin.py:188} INFO - [2026-02-14T20:44:53.261+0000] {dag.py:3036} INFO - Sync 1 DAGs
[2026-02-14T20:44:53.299+0000] {logging_mixin.py:188} INFO - [2026-02-14T20:44:53.299+0000] {dag.py:3823} INFO - Setting next_dagrun for sec_edgar_pipeline to 2026-02-14 09:00:00+00:00, run_after=2026-02-15 09:00:00+00:00
[2026-02-14T20:44:53.385+0000] {processor.py:183} INFO - Processing /opt/airflow/dags/sec_edgar_dag.py took 0.506 seconds
[2026-02-14T20:45:23.662+0000] {processor.py:161} INFO - Started process (PID=2186) to work on /opt/airflow/dags/sec_edgar_dag.py
[2026-02-14T20:45:23.664+0000] {processor.py:830} INFO - Processing file /opt/airflow/dags/sec_edgar_dag.py for tasks to queue
[2026-02-14T20:45:23.667+0000] {logging_mixin.py:188} INFO - [2026-02-14T20:45:23.667+0000] {dagbag.py:538} INFO - Filling up the DagBag from /opt/airflow/dags/sec_edgar_dag.py
[2026-02-14T20:45:24.004+0000] {processor.py:840} INFO - DAG(s) 'sec_edgar_pipeline' retrieved from /opt/airflow/dags/sec_edgar_dag.py
[2026-02-14T20:45:24.055+0000] {logging_mixin.py:188} INFO - [2026-02-14T20:45:24.054+0000] {dag.py:3036} INFO - Sync 1 DAGs
[2026-02-14T20:45:24.096+0000] {logging_mixin.py:188} INFO - [2026-02-14T20:45:24.096+0000] {dag.py:3823} INFO - Setting next_dagrun for sec_edgar_pipeline to 2026-02-14 09:00:00+00:00, run_after=2026-02-15 09:00:00+00:00
[2026-02-14T20:45:24.180+0000] {processor.py:183} INFO - Processing /opt/airflow/dags/sec_edgar_dag.py took 0.523 seconds
[2026-02-14T20:45:54.977+0000] {processor.py:161} INFO - Started process (PID=2202) to work on /opt/airflow/dags/sec_edgar_dag.py
[2026-02-14T20:45:54.979+0000] {processor.py:830} INFO - Processing file /opt/airflow/dags/sec_edgar_dag.py for tasks to queue
[2026-02-14T20:45:54.983+0000] {logging_mixin.py:188} INFO - [2026-02-14T20:45:54.982+0000] {dagbag.py:538} INFO - Filling up the DagBag from /opt/airflow/dags/sec_edgar_dag.py
[2026-02-14T20:45:55.288+0000] {processor.py:840} INFO - DAG(s) 'sec_edgar_pipeline' retrieved from /opt/airflow/dags/sec_edgar_dag.py
[2026-02-14T20:45:55.329+0000] {logging_mixin.py:188} INFO - [2026-02-14T20:45:55.328+0000] {dag.py:3036} INFO - Sync 1 DAGs
[2026-02-14T20:45:55.368+0000] {logging_mixin.py:188} INFO - [2026-02-14T20:45:55.367+0000] {dag.py:3823} INFO - Setting next_dagrun for sec_edgar_pipeline to 2026-02-14 09:00:00+00:00, run_after=2026-02-15 09:00:00+00:00
[2026-02-14T20:45:55.430+0000] {processor.py:183} INFO - Processing /opt/airflow/dags/sec_edgar_dag.py took 0.458 seconds
[2026-02-14T20:46:25.534+0000] {processor.py:161} INFO - Started process (PID=2218) to work on /opt/airflow/dags/sec_edgar_dag.py
[2026-02-14T20:46:25.536+0000] {processor.py:830} INFO - Processing file /opt/airflow/dags/sec_edgar_dag.py for tasks to queue
[2026-02-14T20:46:25.540+0000] {logging_mixin.py:188} INFO - [2026-02-14T20:46:25.539+0000] {dagbag.py:538} INFO - Filling up the DagBag from /opt/airflow/dags/sec_edgar_dag.py
[2026-02-14T20:46:25.872+0000] {processor.py:840} INFO - DAG(s) 'sec_edgar_pipeline' retrieved from /opt/airflow/dags/sec_edgar_dag.py
[2026-02-14T20:46:25.915+0000] {logging_mixin.py:188} INFO - [2026-02-14T20:46:25.914+0000] {dag.py:3036} INFO - Sync 1 DAGs
[2026-02-14T20:46:25.951+0000] {logging_mixin.py:188} INFO - [2026-02-14T20:46:25.951+0000] {dag.py:3823} INFO - Setting next_dagrun for sec_edgar_pipeline to 2026-02-14 09:00:00+00:00, run_after=2026-02-15 09:00:00+00:00
[2026-02-14T20:46:26.012+0000] {processor.py:183} INFO - Processing /opt/airflow/dags/sec_edgar_dag.py took 0.482 seconds
[2026-02-14T20:46:56.239+0000] {processor.py:161} INFO - Started process (PID=2234) to work on /opt/airflow/dags/sec_edgar_dag.py
[2026-02-14T20:46:56.241+0000] {processor.py:830} INFO - Processing file /opt/airflow/dags/sec_edgar_dag.py for tasks to queue
[2026-02-14T20:46:56.245+0000] {logging_mixin.py:188} INFO - [2026-02-14T20:46:56.245+0000] {dagbag.py:538} INFO - Filling up the DagBag from /opt/airflow/dags/sec_edgar_dag.py
[2026-02-14T20:46:56.604+0000] {processor.py:840} INFO - DAG(s) 'sec_edgar_pipeline' retrieved from /opt/airflow/dags/sec_edgar_dag.py
[2026-02-14T20:46:56.651+0000] {logging_mixin.py:188} INFO - [2026-02-14T20:46:56.650+0000] {dag.py:3036} INFO - Sync 1 DAGs
[2026-02-14T20:46:56.698+0000] {logging_mixin.py:188} INFO - [2026-02-14T20:46:56.698+0000] {dag.py:3823} INFO - Setting next_dagrun for sec_edgar_pipeline to 2026-02-14 09:00:00+00:00, run_after=2026-02-15 09:00:00+00:00
[2026-02-14T20:46:56.770+0000] {processor.py:183} INFO - Processing /opt/airflow/dags/sec_edgar_dag.py took 0.539 seconds
[2026-02-14T20:47:27.401+0000] {processor.py:161} INFO - Started process (PID=2250) to work on /opt/airflow/dags/sec_edgar_dag.py
[2026-02-14T20:47:27.403+0000] {processor.py:830} INFO - Processing file /opt/airflow/dags/sec_edgar_dag.py for tasks to queue
[2026-02-14T20:47:27.407+0000] {logging_mixin.py:188} INFO - [2026-02-14T20:47:27.406+0000] {dagbag.py:538} INFO - Filling up the DagBag from /opt/airflow/dags/sec_edgar_dag.py
[2026-02-14T20:47:27.746+0000] {processor.py:840} INFO - DAG(s) 'sec_edgar_pipeline' retrieved from /opt/airflow/dags/sec_edgar_dag.py
[2026-02-14T20:47:27.788+0000] {logging_mixin.py:188} INFO - [2026-02-14T20:47:27.787+0000] {dag.py:3036} INFO - Sync 1 DAGs
[2026-02-14T20:47:27.826+0000] {logging_mixin.py:188} INFO - [2026-02-14T20:47:27.825+0000] {dag.py:3823} INFO - Setting next_dagrun for sec_edgar_pipeline to 2026-02-14 09:00:00+00:00, run_after=2026-02-15 09:00:00+00:00
[2026-02-14T20:47:27.907+0000] {processor.py:183} INFO - Processing /opt/airflow/dags/sec_edgar_dag.py took 0.511 seconds
[2026-02-14T20:47:58.152+0000] {processor.py:161} INFO - Started process (PID=2266) to work on /opt/airflow/dags/sec_edgar_dag.py
[2026-02-14T20:47:58.154+0000] {processor.py:830} INFO - Processing file /opt/airflow/dags/sec_edgar_dag.py for tasks to queue
[2026-02-14T20:47:58.158+0000] {logging_mixin.py:188} INFO - [2026-02-14T20:47:58.157+0000] {dagbag.py:538} INFO - Filling up the DagBag from /opt/airflow/dags/sec_edgar_dag.py
[2026-02-14T20:47:58.465+0000] {processor.py:840} INFO - DAG(s) 'sec_edgar_pipeline' retrieved from /opt/airflow/dags/sec_edgar_dag.py
[2026-02-14T20:47:58.508+0000] {logging_mixin.py:188} INFO - [2026-02-14T20:47:58.507+0000] {dag.py:3036} INFO - Sync 1 DAGs
[2026-02-14T20:47:59.008+0000] {logging_mixin.py:188} INFO - [2026-02-14T20:47:59.008+0000] {dag.py:3823} INFO - Setting next_dagrun for sec_edgar_pipeline to 2026-02-14 09:00:00+00:00, run_after=2026-02-15 09:00:00+00:00
[2026-02-14T20:47:59.089+0000] {processor.py:183} INFO - Processing /opt/airflow/dags/sec_edgar_dag.py took 0.941 seconds
[2026-02-14T20:48:29.219+0000] {processor.py:161} INFO - Started process (PID=2282) to work on /opt/airflow/dags/sec_edgar_dag.py
[2026-02-14T20:48:29.221+0000] {processor.py:830} INFO - Processing file /opt/airflow/dags/sec_edgar_dag.py for tasks to queue
[2026-02-14T20:48:29.226+0000] {logging_mixin.py:188} INFO - [2026-02-14T20:48:29.226+0000] {dagbag.py:538} INFO - Filling up the DagBag from /opt/airflow/dags/sec_edgar_dag.py
[2026-02-14T20:48:29.611+0000] {processor.py:840} INFO - DAG(s) 'sec_edgar_pipeline' retrieved from /opt/airflow/dags/sec_edgar_dag.py
[2026-02-14T20:48:29.652+0000] {logging_mixin.py:188} INFO - [2026-02-14T20:48:29.651+0000] {dag.py:3036} INFO - Sync 1 DAGs
[2026-02-14T20:48:29.692+0000] {logging_mixin.py:188} INFO - [2026-02-14T20:48:29.692+0000] {dag.py:3823} INFO - Setting next_dagrun for sec_edgar_pipeline to 2026-02-14 09:00:00+00:00, run_after=2026-02-15 09:00:00+00:00
[2026-02-14T20:48:29.778+0000] {processor.py:183} INFO - Processing /opt/airflow/dags/sec_edgar_dag.py took 0.564 seconds
[2026-02-14T20:48:59.945+0000] {processor.py:161} INFO - Started process (PID=2298) to work on /opt/airflow/dags/sec_edgar_dag.py
[2026-02-14T20:48:59.948+0000] {processor.py:830} INFO - Processing file /opt/airflow/dags/sec_edgar_dag.py for tasks to queue
[2026-02-14T20:48:59.951+0000] {logging_mixin.py:188} INFO - [2026-02-14T20:48:59.951+0000] {dagbag.py:538} INFO - Filling up the DagBag from /opt/airflow/dags/sec_edgar_dag.py
[2026-02-14T20:49:00.265+0000] {processor.py:840} INFO - DAG(s) 'sec_edgar_pipeline' retrieved from /opt/airflow/dags/sec_edgar_dag.py
[2026-02-14T20:49:00.306+0000] {logging_mixin.py:188} INFO - [2026-02-14T20:49:00.305+0000] {dag.py:3036} INFO - Sync 1 DAGs
[2026-02-14T20:49:00.640+0000] {logging_mixin.py:188} INFO - [2026-02-14T20:49:00.640+0000] {dag.py:3823} INFO - Setting next_dagrun for sec_edgar_pipeline to 2026-02-14 09:00:00+00:00, run_after=2026-02-15 09:00:00+00:00
[2026-02-14T20:49:00.715+0000] {processor.py:183} INFO - Processing /opt/airflow/dags/sec_edgar_dag.py took 0.774 seconds
[2026-02-14T20:49:31.037+0000] {processor.py:161} INFO - Started process (PID=2314) to work on /opt/airflow/dags/sec_edgar_dag.py
[2026-02-14T20:49:31.038+0000] {processor.py:830} INFO - Processing file /opt/airflow/dags/sec_edgar_dag.py for tasks to queue
[2026-02-14T20:49:31.041+0000] {logging_mixin.py:188} INFO - [2026-02-14T20:49:31.040+0000] {dagbag.py:538} INFO - Filling up the DagBag from /opt/airflow/dags/sec_edgar_dag.py
[2026-02-14T20:49:31.344+0000] {processor.py:840} INFO - DAG(s) 'sec_edgar_pipeline' retrieved from /opt/airflow/dags/sec_edgar_dag.py
[2026-02-14T20:49:31.376+0000] {logging_mixin.py:188} INFO - [2026-02-14T20:49:31.375+0000] {dag.py:3036} INFO - Sync 1 DAGs
[2026-02-14T20:49:31.406+0000] {logging_mixin.py:188} INFO - [2026-02-14T20:49:31.406+0000] {dag.py:3823} INFO - Setting next_dagrun for sec_edgar_pipeline to 2026-02-14 09:00:00+00:00, run_after=2026-02-15 09:00:00+00:00
[2026-02-14T20:49:31.438+0000] {processor.py:183} INFO - Processing /opt/airflow/dags/sec_edgar_dag.py took 0.405 seconds
[2026-02-14T20:50:01.761+0000] {processor.py:161} INFO - Started process (PID=2330) to work on /opt/airflow/dags/sec_edgar_dag.py
[2026-02-14T20:50:01.763+0000] {processor.py:830} INFO - Processing file /opt/airflow/dags/sec_edgar_dag.py for tasks to queue
[2026-02-14T20:50:01.766+0000] {logging_mixin.py:188} INFO - [2026-02-14T20:50:01.765+0000] {dagbag.py:538} INFO - Filling up the DagBag from /opt/airflow/dags/sec_edgar_dag.py
[2026-02-14T20:50:02.051+0000] {processor.py:840} INFO - DAG(s) 'sec_edgar_pipeline' retrieved from /opt/airflow/dags/sec_edgar_dag.py
[2026-02-14T20:50:02.086+0000] {logging_mixin.py:188} INFO - [2026-02-14T20:50:02.086+0000] {dag.py:3036} INFO - Sync 1 DAGs
[2026-02-14T20:50:02.379+0000] {logging_mixin.py:188} INFO - [2026-02-14T20:50:02.379+0000] {dag.py:3823} INFO - Setting next_dagrun for sec_edgar_pipeline to 2026-02-14 09:00:00+00:00, run_after=2026-02-15 09:00:00+00:00
[2026-02-14T20:50:02.456+0000] {processor.py:183} INFO - Processing /opt/airflow/dags/sec_edgar_dag.py took 0.698 seconds
[2026-02-14T20:50:33.075+0000] {processor.py:161} INFO - Started process (PID=2352) to work on /opt/airflow/dags/sec_edgar_dag.py
[2026-02-14T20:50:33.077+0000] {processor.py:830} INFO - Processing file /opt/airflow/dags/sec_edgar_dag.py for tasks to queue
[2026-02-14T20:50:33.081+0000] {logging_mixin.py:188} INFO - [2026-02-14T20:50:33.080+0000] {dagbag.py:538} INFO - Filling up the DagBag from /opt/airflow/dags/sec_edgar_dag.py
[2026-02-14T20:50:33.407+0000] {processor.py:840} INFO - DAG(s) 'sec_edgar_pipeline' retrieved from /opt/airflow/dags/sec_edgar_dag.py
[2026-02-14T20:50:33.448+0000] {logging_mixin.py:188} INFO - [2026-02-14T20:50:33.447+0000] {dag.py:3036} INFO - Sync 1 DAGs
[2026-02-14T20:50:33.491+0000] {logging_mixin.py:188} INFO - [2026-02-14T20:50:33.490+0000] {dag.py:3823} INFO - Setting next_dagrun for sec_edgar_pipeline to 2026-02-14 09:00:00+00:00, run_after=2026-02-15 09:00:00+00:00
[2026-02-14T20:50:33.573+0000] {processor.py:183} INFO - Processing /opt/airflow/dags/sec_edgar_dag.py took 0.503 seconds
[2026-02-14T20:51:03.845+0000] {processor.py:161} INFO - Started process (PID=2368) to work on /opt/airflow/dags/sec_edgar_dag.py
[2026-02-14T20:51:03.846+0000] {processor.py:830} INFO - Processing file /opt/airflow/dags/sec_edgar_dag.py for tasks to queue
[2026-02-14T20:51:03.850+0000] {logging_mixin.py:188} INFO - [2026-02-14T20:51:03.849+0000] {dagbag.py:538} INFO - Filling up the DagBag from /opt/airflow/dags/sec_edgar_dag.py
[2026-02-14T20:51:04.159+0000] {processor.py:840} INFO - DAG(s) 'sec_edgar_pipeline' retrieved from /opt/airflow/dags/sec_edgar_dag.py
[2026-02-14T20:51:04.197+0000] {logging_mixin.py:188} INFO - [2026-02-14T20:51:04.196+0000] {dag.py:3036} INFO - Sync 1 DAGs
[2026-02-14T20:51:04.637+0000] {logging_mixin.py:188} INFO - [2026-02-14T20:51:04.637+0000] {dag.py:3823} INFO - Setting next_dagrun for sec_edgar_pipeline to 2026-02-14 09:00:00+00:00, run_after=2026-02-15 09:00:00+00:00
[2026-02-14T20:51:04.726+0000] {processor.py:183} INFO - Processing /opt/airflow/dags/sec_edgar_dag.py took 0.887 seconds
[2026-02-14T20:51:35.071+0000] {processor.py:161} INFO - Started process (PID=2384) to work on /opt/airflow/dags/sec_edgar_dag.py
[2026-02-14T20:51:35.073+0000] {processor.py:830} INFO - Processing file /opt/airflow/dags/sec_edgar_dag.py for tasks to queue
[2026-02-14T20:51:35.076+0000] {logging_mixin.py:188} INFO - [2026-02-14T20:51:35.076+0000] {dagbag.py:538} INFO - Filling up the DagBag from /opt/airflow/dags/sec_edgar_dag.py
[2026-02-14T20:51:35.389+0000] {processor.py:840} INFO - DAG(s) 'sec_edgar_pipeline' retrieved from /opt/airflow/dags/sec_edgar_dag.py
[2026-02-14T20:51:35.423+0000] {logging_mixin.py:188} INFO - [2026-02-14T20:51:35.423+0000] {dag.py:3036} INFO - Sync 1 DAGs
[2026-02-14T20:51:35.458+0000] {logging_mixin.py:188} INFO - [2026-02-14T20:51:35.457+0000] {dag.py:3823} INFO - Setting next_dagrun for sec_edgar_pipeline to 2026-02-14 09:00:00+00:00, run_after=2026-02-15 09:00:00+00:00
[2026-02-14T20:51:35.495+0000] {processor.py:183} INFO - Processing /opt/airflow/dags/sec_edgar_dag.py took 0.428 seconds
[2026-02-14T20:52:05.770+0000] {processor.py:161} INFO - Started process (PID=2400) to work on /opt/airflow/dags/sec_edgar_dag.py
[2026-02-14T20:52:05.773+0000] {processor.py:830} INFO - Processing file /opt/airflow/dags/sec_edgar_dag.py for tasks to queue
[2026-02-14T20:52:05.776+0000] {logging_mixin.py:188} INFO - [2026-02-14T20:52:05.776+0000] {dagbag.py:538} INFO - Filling up the DagBag from /opt/airflow/dags/sec_edgar_dag.py
[2026-02-14T20:52:06.109+0000] {processor.py:840} INFO - DAG(s) 'sec_edgar_pipeline' retrieved from /opt/airflow/dags/sec_edgar_dag.py
[2026-02-14T20:52:06.152+0000] {logging_mixin.py:188} INFO - [2026-02-14T20:52:06.151+0000] {dag.py:3036} INFO - Sync 1 DAGs
[2026-02-14T20:52:06.569+0000] {logging_mixin.py:188} INFO - [2026-02-14T20:52:06.568+0000] {dag.py:3823} INFO - Setting next_dagrun for sec_edgar_pipeline to 2026-02-14 09:00:00+00:00, run_after=2026-02-15 09:00:00+00:00
[2026-02-14T20:52:06.650+0000] {processor.py:183} INFO - Processing /opt/airflow/dags/sec_edgar_dag.py took 0.884 seconds
[2026-02-14T20:52:37.343+0000] {processor.py:161} INFO - Started process (PID=2416) to work on /opt/airflow/dags/sec_edgar_dag.py
[2026-02-14T20:52:37.346+0000] {processor.py:830} INFO - Processing file /opt/airflow/dags/sec_edgar_dag.py for tasks to queue
[2026-02-14T20:52:37.349+0000] {logging_mixin.py:188} INFO - [2026-02-14T20:52:37.349+0000] {dagbag.py:538} INFO - Filling up the DagBag from /opt/airflow/dags/sec_edgar_dag.py
[2026-02-14T20:52:37.663+0000] {processor.py:840} INFO - DAG(s) 'sec_edgar_pipeline' retrieved from /opt/airflow/dags/sec_edgar_dag.py
[2026-02-14T20:52:37.703+0000] {logging_mixin.py:188} INFO - [2026-02-14T20:52:37.702+0000] {dag.py:3036} INFO - Sync 1 DAGs
[2026-02-14T20:52:37.738+0000] {logging_mixin.py:188} INFO - [2026-02-14T20:52:37.738+0000] {dag.py:3823} INFO - Setting next_dagrun for sec_edgar_pipeline to 2026-02-14 09:00:00+00:00, run_after=2026-02-15 09:00:00+00:00
[2026-02-14T20:52:37.820+0000] {processor.py:183} INFO - Processing /opt/airflow/dags/sec_edgar_dag.py took 0.482 seconds
[2026-02-14T20:53:08.106+0000] {processor.py:161} INFO - Started process (PID=2432) to work on /opt/airflow/dags/sec_edgar_dag.py
[2026-02-14T20:53:08.108+0000] {processor.py:830} INFO - Processing file /opt/airflow/dags/sec_edgar_dag.py for tasks to queue
[2026-02-14T20:53:08.112+0000] {logging_mixin.py:188} INFO - [2026-02-14T20:53:08.111+0000] {dagbag.py:538} INFO - Filling up the DagBag from /opt/airflow/dags/sec_edgar_dag.py
[2026-02-14T20:53:08.455+0000] {processor.py:840} INFO - DAG(s) 'sec_edgar_pipeline' retrieved from /opt/airflow/dags/sec_edgar_dag.py
[2026-02-14T20:53:08.498+0000] {logging_mixin.py:188} INFO - [2026-02-14T20:53:08.497+0000] {dag.py:3036} INFO - Sync 1 DAGs
[2026-02-14T20:53:08.537+0000] {logging_mixin.py:188} INFO - [2026-02-14T20:53:08.536+0000] {dag.py:3823} INFO - Setting next_dagrun for sec_edgar_pipeline to 2026-02-14 09:00:00+00:00, run_after=2026-02-15 09:00:00+00:00
[2026-02-14T20:53:08.991+0000] {processor.py:183} INFO - Processing /opt/airflow/dags/sec_edgar_dag.py took 0.890 seconds
[2026-02-14T20:53:39.324+0000] {processor.py:161} INFO - Started process (PID=2448) to work on /opt/airflow/dags/sec_edgar_dag.py
[2026-02-14T20:53:39.325+0000] {processor.py:830} INFO - Processing file /opt/airflow/dags/sec_edgar_dag.py for tasks to queue
[2026-02-14T20:53:39.328+0000] {logging_mixin.py:188} INFO - [2026-02-14T20:53:39.328+0000] {dagbag.py:538} INFO - Filling up the DagBag from /opt/airflow/dags/sec_edgar_dag.py
[2026-02-14T20:53:39.642+0000] {processor.py:840} INFO - DAG(s) 'sec_edgar_pipeline' retrieved from /opt/airflow/dags/sec_edgar_dag.py
[2026-02-14T20:53:39.676+0000] {logging_mixin.py:188} INFO - [2026-02-14T20:53:39.675+0000] {dag.py:3036} INFO - Sync 1 DAGs
[2026-02-14T20:53:39.711+0000] {logging_mixin.py:188} INFO - [2026-02-14T20:53:39.710+0000] {dag.py:3823} INFO - Setting next_dagrun for sec_edgar_pipeline to 2026-02-14 09:00:00+00:00, run_after=2026-02-15 09:00:00+00:00
[2026-02-14T20:53:39.788+0000] {processor.py:183} INFO - Processing /opt/airflow/dags/sec_edgar_dag.py took 0.468 seconds
[2026-02-14T20:54:09.899+0000] {processor.py:161} INFO - Started process (PID=2465) to work on /opt/airflow/dags/sec_edgar_dag.py
[2026-02-14T20:54:09.901+0000] {processor.py:830} INFO - Processing file /opt/airflow/dags/sec_edgar_dag.py for tasks to queue
[2026-02-14T20:54:09.904+0000] {logging_mixin.py:188} INFO - [2026-02-14T20:54:09.904+0000] {dagbag.py:538} INFO - Filling up the DagBag from /opt/airflow/dags/sec_edgar_dag.py
[2026-02-14T20:54:10.194+0000] {processor.py:840} INFO - DAG(s) 'sec_edgar_pipeline' retrieved from /opt/airflow/dags/sec_edgar_dag.py
[2026-02-14T20:54:10.233+0000] {logging_mixin.py:188} INFO - [2026-02-14T20:54:10.232+0000] {dag.py:3036} INFO - Sync 1 DAGs
[2026-02-14T20:54:10.273+0000] {logging_mixin.py:188} INFO - [2026-02-14T20:54:10.273+0000] {dag.py:3823} INFO - Setting next_dagrun for sec_edgar_pipeline to 2026-02-14 09:00:00+00:00, run_after=2026-02-15 09:00:00+00:00
[2026-02-14T20:54:10.602+0000] {processor.py:183} INFO - Processing /opt/airflow/dags/sec_edgar_dag.py took 0.708 seconds
[2026-02-14T20:54:41.207+0000] {processor.py:161} INFO - Started process (PID=2481) to work on /opt/airflow/dags/sec_edgar_dag.py
[2026-02-14T20:54:41.208+0000] {processor.py:830} INFO - Processing file /opt/airflow/dags/sec_edgar_dag.py for tasks to queue
[2026-02-14T20:54:41.212+0000] {logging_mixin.py:188} INFO - [2026-02-14T20:54:41.211+0000] {dagbag.py:538} INFO - Filling up the DagBag from /opt/airflow/dags/sec_edgar_dag.py
[2026-02-14T20:54:41.524+0000] {processor.py:840} INFO - DAG(s) 'sec_edgar_pipeline' retrieved from /opt/airflow/dags/sec_edgar_dag.py
[2026-02-14T20:54:41.560+0000] {logging_mixin.py:188} INFO - [2026-02-14T20:54:41.559+0000] {dag.py:3036} INFO - Sync 1 DAGs
[2026-02-14T20:54:41.590+0000] {logging_mixin.py:188} INFO - [2026-02-14T20:54:41.590+0000] {dag.py:3823} INFO - Setting next_dagrun for sec_edgar_pipeline to 2026-02-14 09:00:00+00:00, run_after=2026-02-15 09:00:00+00:00
[2026-02-14T20:54:41.670+0000] {processor.py:183} INFO - Processing /opt/airflow/dags/sec_edgar_dag.py took 0.468 seconds
[2026-02-14T20:55:11.758+0000] {processor.py:161} INFO - Started process (PID=2497) to work on /opt/airflow/dags/sec_edgar_dag.py
[2026-02-14T20:55:11.760+0000] {processor.py:830} INFO - Processing file /opt/airflow/dags/sec_edgar_dag.py for tasks to queue
[2026-02-14T20:55:11.763+0000] {logging_mixin.py:188} INFO - [2026-02-14T20:55:11.763+0000] {dagbag.py:538} INFO - Filling up the DagBag from /opt/airflow/dags/sec_edgar_dag.py
[2026-02-14T20:55:12.072+0000] {processor.py:840} INFO - DAG(s) 'sec_edgar_pipeline' retrieved from /opt/airflow/dags/sec_edgar_dag.py
[2026-02-14T20:55:12.114+0000] {logging_mixin.py:188} INFO - [2026-02-14T20:55:12.113+0000] {dag.py:3036} INFO - Sync 1 DAGs
[2026-02-14T20:55:12.151+0000] {logging_mixin.py:188} INFO - [2026-02-14T20:55:12.150+0000] {dag.py:3823} INFO - Setting next_dagrun for sec_edgar_pipeline to 2026-02-14 09:00:00+00:00, run_after=2026-02-15 09:00:00+00:00
[2026-02-14T20:55:12.590+0000] {processor.py:183} INFO - Processing /opt/airflow/dags/sec_edgar_dag.py took 0.836 seconds
[2026-02-14T20:55:42.944+0000] {processor.py:161} INFO - Started process (PID=2513) to work on /opt/airflow/dags/sec_edgar_dag.py
[2026-02-14T20:55:42.946+0000] {processor.py:830} INFO - Processing file /opt/airflow/dags/sec_edgar_dag.py for tasks to queue
[2026-02-14T20:55:42.949+0000] {logging_mixin.py:188} INFO - [2026-02-14T20:55:42.949+0000] {dagbag.py:538} INFO - Filling up the DagBag from /opt/airflow/dags/sec_edgar_dag.py
[2026-02-14T20:55:43.254+0000] {processor.py:840} INFO - DAG(s) 'sec_edgar_pipeline' retrieved from /opt/airflow/dags/sec_edgar_dag.py
[2026-02-14T20:55:43.299+0000] {logging_mixin.py:188} INFO - [2026-02-14T20:55:43.298+0000] {dag.py:3036} INFO - Sync 1 DAGs
[2026-02-14T20:55:43.337+0000] {logging_mixin.py:188} INFO - [2026-02-14T20:55:43.336+0000] {dag.py:3823} INFO - Setting next_dagrun for sec_edgar_pipeline to 2026-02-14 09:00:00+00:00, run_after=2026-02-15 09:00:00+00:00
[2026-02-14T20:55:43.366+0000] {processor.py:183} INFO - Processing /opt/airflow/dags/sec_edgar_dag.py took 0.427 seconds
[2026-02-14T20:56:13.541+0000] {processor.py:161} INFO - Started process (PID=2529) to work on /opt/airflow/dags/sec_edgar_dag.py
[2026-02-14T20:56:13.543+0000] {processor.py:830} INFO - Processing file /opt/airflow/dags/sec_edgar_dag.py for tasks to queue
[2026-02-14T20:56:13.548+0000] {logging_mixin.py:188} INFO - [2026-02-14T20:56:13.548+0000] {dagbag.py:538} INFO - Filling up the DagBag from /opt/airflow/dags/sec_edgar_dag.py
[2026-02-14T20:56:13.879+0000] {processor.py:840} INFO - DAG(s) 'sec_edgar_pipeline' retrieved from /opt/airflow/dags/sec_edgar_dag.py
[2026-02-14T20:56:13.925+0000] {logging_mixin.py:188} INFO - [2026-02-14T20:56:13.924+0000] {dag.py:3036} INFO - Sync 1 DAGs
[2026-02-14T20:56:13.969+0000] {logging_mixin.py:188} INFO - [2026-02-14T20:56:13.969+0000] {dag.py:3823} INFO - Setting next_dagrun for sec_edgar_pipeline to 2026-02-14 09:00:00+00:00, run_after=2026-02-15 09:00:00+00:00
[2026-02-14T20:56:14.329+0000] {processor.py:183} INFO - Processing /opt/airflow/dags/sec_edgar_dag.py took 0.793 seconds
[2026-02-14T20:56:44.732+0000] {processor.py:161} INFO - Started process (PID=2545) to work on /opt/airflow/dags/sec_edgar_dag.py
[2026-02-14T20:56:44.735+0000] {processor.py:830} INFO - Processing file /opt/airflow/dags/sec_edgar_dag.py for tasks to queue
[2026-02-14T20:56:44.738+0000] {logging_mixin.py:188} INFO - [2026-02-14T20:56:44.738+0000] {dagbag.py:538} INFO - Filling up the DagBag from /opt/airflow/dags/sec_edgar_dag.py
[2026-02-14T20:56:45.053+0000] {processor.py:840} INFO - DAG(s) 'sec_edgar_pipeline' retrieved from /opt/airflow/dags/sec_edgar_dag.py
[2026-02-14T20:56:45.095+0000] {logging_mixin.py:188} INFO - [2026-02-14T20:56:45.094+0000] {dag.py:3036} INFO - Sync 1 DAGs
[2026-02-14T20:56:45.136+0000] {logging_mixin.py:188} INFO - [2026-02-14T20:56:45.136+0000] {dag.py:3823} INFO - Setting next_dagrun for sec_edgar_pipeline to 2026-02-14 09:00:00+00:00, run_after=2026-02-15 09:00:00+00:00
[2026-02-14T20:56:45.200+0000] {processor.py:183} INFO - Processing /opt/airflow/dags/sec_edgar_dag.py took 0.473 seconds
[2026-02-14T20:57:15.478+0000] {processor.py:161} INFO - Started process (PID=2561) to work on /opt/airflow/dags/sec_edgar_dag.py
[2026-02-14T20:57:15.480+0000] {processor.py:830} INFO - Processing file /opt/airflow/dags/sec_edgar_dag.py for tasks to queue
[2026-02-14T20:57:15.486+0000] {logging_mixin.py:188} INFO - [2026-02-14T20:57:15.485+0000] {dagbag.py:538} INFO - Filling up the DagBag from /opt/airflow/dags/sec_edgar_dag.py
[2026-02-14T20:57:15.895+0000] {processor.py:840} INFO - DAG(s) 'sec_edgar_pipeline' retrieved from /opt/airflow/dags/sec_edgar_dag.py
[2026-02-14T20:57:15.936+0000] {logging_mixin.py:188} INFO - [2026-02-14T20:57:15.935+0000] {dag.py:3036} INFO - Sync 1 DAGs
[2026-02-14T20:57:15.979+0000] {logging_mixin.py:188} INFO - [2026-02-14T20:57:15.979+0000] {dag.py:3823} INFO - Setting next_dagrun for sec_edgar_pipeline to 2026-02-14 09:00:00+00:00, run_after=2026-02-15 09:00:00+00:00
[2026-02-14T20:57:16.336+0000] {processor.py:183} INFO - Processing /opt/airflow/dags/sec_edgar_dag.py took 0.863 seconds
[2026-02-14T20:57:46.736+0000] {processor.py:161} INFO - Started process (PID=2577) to work on /opt/airflow/dags/sec_edgar_dag.py
[2026-02-14T20:57:46.738+0000] {processor.py:830} INFO - Processing file /opt/airflow/dags/sec_edgar_dag.py for tasks to queue
[2026-02-14T20:57:46.742+0000] {logging_mixin.py:188} INFO - [2026-02-14T20:57:46.741+0000] {dagbag.py:538} INFO - Filling up the DagBag from /opt/airflow/dags/sec_edgar_dag.py
[2026-02-14T20:57:47.075+0000] {processor.py:840} INFO - DAG(s) 'sec_edgar_pipeline' retrieved from /opt/airflow/dags/sec_edgar_dag.py
[2026-02-14T20:57:47.128+0000] {logging_mixin.py:188} INFO - [2026-02-14T20:57:47.127+0000] {dag.py:3036} INFO - Sync 1 DAGs
[2026-02-14T20:57:47.179+0000] {logging_mixin.py:188} INFO - [2026-02-14T20:57:47.178+0000] {dag.py:3823} INFO - Setting next_dagrun for sec_edgar_pipeline to 2026-02-14 09:00:00+00:00, run_after=2026-02-15 09:00:00+00:00
[2026-02-14T20:57:47.274+0000] {processor.py:183} INFO - Processing /opt/airflow/dags/sec_edgar_dag.py took 0.543 seconds
[2026-02-14T20:58:17.399+0000] {processor.py:161} INFO - Started process (PID=2593) to work on /opt/airflow/dags/sec_edgar_dag.py
[2026-02-14T20:58:17.401+0000] {processor.py:830} INFO - Processing file /opt/airflow/dags/sec_edgar_dag.py for tasks to queue
[2026-02-14T20:58:17.405+0000] {logging_mixin.py:188} INFO - [2026-02-14T20:58:17.404+0000] {dagbag.py:538} INFO - Filling up the DagBag from /opt/airflow/dags/sec_edgar_dag.py
[2026-02-14T20:58:17.721+0000] {processor.py:840} INFO - DAG(s) 'sec_edgar_pipeline' retrieved from /opt/airflow/dags/sec_edgar_dag.py
[2026-02-14T20:58:17.765+0000] {logging_mixin.py:188} INFO - [2026-02-14T20:58:17.764+0000] {dag.py:3036} INFO - Sync 1 DAGs
[2026-02-14T20:58:17.811+0000] {logging_mixin.py:188} INFO - [2026-02-14T20:58:17.811+0000] {dag.py:3823} INFO - Setting next_dagrun for sec_edgar_pipeline to 2026-02-14 09:00:00+00:00, run_after=2026-02-15 09:00:00+00:00
[2026-02-14T20:58:18.139+0000] {processor.py:183} INFO - Processing /opt/airflow/dags/sec_edgar_dag.py took 0.744 seconds
[2026-02-14T20:58:48.511+0000] {processor.py:161} INFO - Started process (PID=2609) to work on /opt/airflow/dags/sec_edgar_dag.py
[2026-02-14T20:58:48.512+0000] {processor.py:830} INFO - Processing file /opt/airflow/dags/sec_edgar_dag.py for tasks to queue
[2026-02-14T20:58:48.516+0000] {logging_mixin.py:188} INFO - [2026-02-14T20:58:48.515+0000] {dagbag.py:538} INFO - Filling up the DagBag from /opt/airflow/dags/sec_edgar_dag.py
[2026-02-14T20:58:48.856+0000] {processor.py:840} INFO - DAG(s) 'sec_edgar_pipeline' retrieved from /opt/airflow/dags/sec_edgar_dag.py
[2026-02-14T20:58:48.896+0000] {logging_mixin.py:188} INFO - [2026-02-14T20:58:48.895+0000] {dag.py:3036} INFO - Sync 1 DAGs
[2026-02-14T20:58:48.938+0000] {logging_mixin.py:188} INFO - [2026-02-14T20:58:48.937+0000] {dag.py:3823} INFO - Setting next_dagrun for sec_edgar_pipeline to 2026-02-14 09:00:00+00:00, run_after=2026-02-15 09:00:00+00:00
[2026-02-14T20:58:49.025+0000] {processor.py:183} INFO - Processing /opt/airflow/dags/sec_edgar_dag.py took 0.519 seconds
[2026-02-14T20:59:19.253+0000] {processor.py:161} INFO - Started process (PID=2625) to work on /opt/airflow/dags/sec_edgar_dag.py
[2026-02-14T20:59:19.255+0000] {processor.py:830} INFO - Processing file /opt/airflow/dags/sec_edgar_dag.py for tasks to queue
[2026-02-14T20:59:19.259+0000] {logging_mixin.py:188} INFO - [2026-02-14T20:59:19.258+0000] {dagbag.py:538} INFO - Filling up the DagBag from /opt/airflow/dags/sec_edgar_dag.py
[2026-02-14T20:59:19.566+0000] {processor.py:840} INFO - DAG(s) 'sec_edgar_pipeline' retrieved from /opt/airflow/dags/sec_edgar_dag.py
[2026-02-14T20:59:19.608+0000] {logging_mixin.py:188} INFO - [2026-02-14T20:59:19.607+0000] {dag.py:3036} INFO - Sync 1 DAGs
[2026-02-14T20:59:19.651+0000] {logging_mixin.py:188} INFO - [2026-02-14T20:59:19.650+0000] {dag.py:3823} INFO - Setting next_dagrun for sec_edgar_pipeline to 2026-02-14 09:00:00+00:00, run_after=2026-02-15 09:00:00+00:00
[2026-02-14T20:59:19.973+0000] {processor.py:183} INFO - Processing /opt/airflow/dags/sec_edgar_dag.py took 0.725 seconds
[2026-02-14T20:59:50.342+0000] {processor.py:161} INFO - Started process (PID=2641) to work on /opt/airflow/dags/sec_edgar_dag.py
[2026-02-14T20:59:50.344+0000] {processor.py:830} INFO - Processing file /opt/airflow/dags/sec_edgar_dag.py for tasks to queue
[2026-02-14T20:59:50.348+0000] {logging_mixin.py:188} INFO - [2026-02-14T20:59:50.347+0000] {dagbag.py:538} INFO - Filling up the DagBag from /opt/airflow/dags/sec_edgar_dag.py
[2026-02-14T20:59:50.664+0000] {processor.py:840} INFO - DAG(s) 'sec_edgar_pipeline' retrieved from /opt/airflow/dags/sec_edgar_dag.py
[2026-02-14T20:59:50.704+0000] {logging_mixin.py:188} INFO - [2026-02-14T20:59:50.703+0000] {dag.py:3036} INFO - Sync 1 DAGs
[2026-02-14T20:59:50.746+0000] {logging_mixin.py:188} INFO - [2026-02-14T20:59:50.745+0000] {dag.py:3823} INFO - Setting next_dagrun for sec_edgar_pipeline to 2026-02-14 09:00:00+00:00, run_after=2026-02-15 09:00:00+00:00
[2026-02-14T20:59:50.831+0000] {processor.py:183} INFO - Processing /opt/airflow/dags/sec_edgar_dag.py took 0.494 seconds
[2026-02-14T21:00:20.949+0000] {processor.py:161} INFO - Started process (PID=2657) to work on /opt/airflow/dags/sec_edgar_dag.py
[2026-02-14T21:00:20.950+0000] {processor.py:830} INFO - Processing file /opt/airflow/dags/sec_edgar_dag.py for tasks to queue
[2026-02-14T21:00:20.953+0000] {logging_mixin.py:188} INFO - [2026-02-14T21:00:20.953+0000] {dagbag.py:538} INFO - Filling up the DagBag from /opt/airflow/dags/sec_edgar_dag.py
[2026-02-14T21:00:21.262+0000] {processor.py:840} INFO - DAG(s) 'sec_edgar_pipeline' retrieved from /opt/airflow/dags/sec_edgar_dag.py
[2026-02-14T21:00:21.296+0000] {logging_mixin.py:188} INFO - [2026-02-14T21:00:21.295+0000] {dag.py:3036} INFO - Sync 1 DAGs
[2026-02-14T21:00:21.332+0000] {logging_mixin.py:188} INFO - [2026-02-14T21:00:21.332+0000] {dag.py:3823} INFO - Setting next_dagrun for sec_edgar_pipeline to 2026-02-14 09:00:00+00:00, run_after=2026-02-15 09:00:00+00:00
[2026-02-14T21:00:21.655+0000] {processor.py:183} INFO - Processing /opt/airflow/dags/sec_edgar_dag.py took 0.710 seconds
[2026-02-14T21:00:51.994+0000] {processor.py:161} INFO - Started process (PID=2673) to work on /opt/airflow/dags/sec_edgar_dag.py
[2026-02-14T21:00:51.996+0000] {processor.py:830} INFO - Processing file /opt/airflow/dags/sec_edgar_dag.py for tasks to queue
[2026-02-14T21:00:51.999+0000] {logging_mixin.py:188} INFO - [2026-02-14T21:00:51.998+0000] {dagbag.py:538} INFO - Filling up the DagBag from /opt/airflow/dags/sec_edgar_dag.py
[2026-02-14T21:00:52.327+0000] {processor.py:840} INFO - DAG(s) 'sec_edgar_pipeline' retrieved from /opt/airflow/dags/sec_edgar_dag.py
[2026-02-14T21:00:52.366+0000] {logging_mixin.py:188} INFO - [2026-02-14T21:00:52.366+0000] {dag.py:3036} INFO - Sync 1 DAGs
[2026-02-14T21:00:52.401+0000] {logging_mixin.py:188} INFO - [2026-02-14T21:00:52.400+0000] {dag.py:3823} INFO - Setting next_dagrun for sec_edgar_pipeline to 2026-02-14 09:00:00+00:00, run_after=2026-02-15 09:00:00+00:00
[2026-02-14T21:00:52.478+0000] {processor.py:183} INFO - Processing /opt/airflow/dags/sec_edgar_dag.py took 0.489 seconds
[2026-02-14T21:01:22.556+0000] {processor.py:161} INFO - Started process (PID=2689) to work on /opt/airflow/dags/sec_edgar_dag.py
[2026-02-14T21:01:22.557+0000] {processor.py:830} INFO - Processing file /opt/airflow/dags/sec_edgar_dag.py for tasks to queue
[2026-02-14T21:01:22.560+0000] {logging_mixin.py:188} INFO - [2026-02-14T21:01:22.560+0000] {dagbag.py:538} INFO - Filling up the DagBag from /opt/airflow/dags/sec_edgar_dag.py
[2026-02-14T21:01:22.865+0000] {processor.py:840} INFO - DAG(s) 'sec_edgar_pipeline' retrieved from /opt/airflow/dags/sec_edgar_dag.py
[2026-02-14T21:01:22.907+0000] {logging_mixin.py:188} INFO - [2026-02-14T21:01:22.906+0000] {dag.py:3036} INFO - Sync 1 DAGs
[2026-02-14T21:01:22.948+0000] {logging_mixin.py:188} INFO - [2026-02-14T21:01:22.948+0000] {dag.py:3823} INFO - Setting next_dagrun for sec_edgar_pipeline to 2026-02-14 09:00:00+00:00, run_after=2026-02-15 09:00:00+00:00
[2026-02-14T21:01:23.276+0000] {processor.py:183} INFO - Processing /opt/airflow/dags/sec_edgar_dag.py took 0.724 seconds
[2026-02-14T21:01:53.998+0000] {processor.py:161} INFO - Started process (PID=2706) to work on /opt/airflow/dags/sec_edgar_dag.py
[2026-02-14T21:01:54.000+0000] {processor.py:830} INFO - Processing file /opt/airflow/dags/sec_edgar_dag.py for tasks to queue
[2026-02-14T21:01:54.004+0000] {logging_mixin.py:188} INFO - [2026-02-14T21:01:54.004+0000] {dagbag.py:538} INFO - Filling up the DagBag from /opt/airflow/dags/sec_edgar_dag.py
[2026-02-14T21:01:54.327+0000] {processor.py:840} INFO - DAG(s) 'sec_edgar_pipeline' retrieved from /opt/airflow/dags/sec_edgar_dag.py
[2026-02-14T21:01:54.369+0000] {logging_mixin.py:188} INFO - [2026-02-14T21:01:54.368+0000] {dag.py:3036} INFO - Sync 1 DAGs
[2026-02-14T21:01:54.406+0000] {logging_mixin.py:188} INFO - [2026-02-14T21:01:54.405+0000] {dag.py:3823} INFO - Setting next_dagrun for sec_edgar_pipeline to 2026-02-14 09:00:00+00:00, run_after=2026-02-15 09:00:00+00:00
[2026-02-14T21:01:54.486+0000] {processor.py:183} INFO - Processing /opt/airflow/dags/sec_edgar_dag.py took 0.493 seconds
[2026-02-14T21:02:24.751+0000] {processor.py:161} INFO - Started process (PID=2722) to work on /opt/airflow/dags/sec_edgar_dag.py
[2026-02-14T21:02:24.753+0000] {processor.py:830} INFO - Processing file /opt/airflow/dags/sec_edgar_dag.py for tasks to queue
[2026-02-14T21:02:24.757+0000] {logging_mixin.py:188} INFO - [2026-02-14T21:02:24.756+0000] {dagbag.py:538} INFO - Filling up the DagBag from /opt/airflow/dags/sec_edgar_dag.py
[2026-02-14T21:02:25.079+0000] {processor.py:840} INFO - DAG(s) 'sec_edgar_pipeline' retrieved from /opt/airflow/dags/sec_edgar_dag.py
[2026-02-14T21:02:25.124+0000] {logging_mixin.py:188} INFO - [2026-02-14T21:02:25.124+0000] {dag.py:3036} INFO - Sync 1 DAGs
[2026-02-14T21:02:25.165+0000] {logging_mixin.py:188} INFO - [2026-02-14T21:02:25.165+0000] {dag.py:3823} INFO - Setting next_dagrun for sec_edgar_pipeline to 2026-02-14 09:00:00+00:00, run_after=2026-02-15 09:00:00+00:00
[2026-02-14T21:02:25.583+0000] {processor.py:183} INFO - Processing /opt/airflow/dags/sec_edgar_dag.py took 0.836 seconds
[2026-02-14T21:02:55.710+0000] {processor.py:161} INFO - Started process (PID=2738) to work on /opt/airflow/dags/sec_edgar_dag.py
[2026-02-14T21:02:55.713+0000] {processor.py:830} INFO - Processing file /opt/airflow/dags/sec_edgar_dag.py for tasks to queue
[2026-02-14T21:02:55.717+0000] {logging_mixin.py:188} INFO - [2026-02-14T21:02:55.717+0000] {dagbag.py:538} INFO - Filling up the DagBag from /opt/airflow/dags/sec_edgar_dag.py
[2026-02-14T21:02:56.094+0000] {processor.py:840} INFO - DAG(s) 'sec_edgar_pipeline' retrieved from /opt/airflow/dags/sec_edgar_dag.py
[2026-02-14T21:02:56.133+0000] {logging_mixin.py:188} INFO - [2026-02-14T21:02:56.132+0000] {dag.py:3036} INFO - Sync 1 DAGs
[2026-02-14T21:02:56.166+0000] {logging_mixin.py:188} INFO - [2026-02-14T21:02:56.165+0000] {dag.py:3823} INFO - Setting next_dagrun for sec_edgar_pipeline to 2026-02-14 09:00:00+00:00, run_after=2026-02-15 09:00:00+00:00
[2026-02-14T21:02:56.248+0000] {processor.py:183} INFO - Processing /opt/airflow/dags/sec_edgar_dag.py took 0.545 seconds
[2026-02-14T21:03:26.451+0000] {processor.py:161} INFO - Started process (PID=2754) to work on /opt/airflow/dags/sec_edgar_dag.py
[2026-02-14T21:03:26.453+0000] {processor.py:830} INFO - Processing file /opt/airflow/dags/sec_edgar_dag.py for tasks to queue
[2026-02-14T21:03:26.456+0000] {logging_mixin.py:188} INFO - [2026-02-14T21:03:26.456+0000] {dagbag.py:538} INFO - Filling up the DagBag from /opt/airflow/dags/sec_edgar_dag.py
[2026-02-14T21:03:26.747+0000] {processor.py:840} INFO - DAG(s) 'sec_edgar_pipeline' retrieved from /opt/airflow/dags/sec_edgar_dag.py
[2026-02-14T21:03:26.785+0000] {logging_mixin.py:188} INFO - [2026-02-14T21:03:26.785+0000] {dag.py:3036} INFO - Sync 1 DAGs
[2026-02-14T21:03:26.819+0000] {logging_mixin.py:188} INFO - [2026-02-14T21:03:26.819+0000] {dag.py:3823} INFO - Setting next_dagrun for sec_edgar_pipeline to 2026-02-14 09:00:00+00:00, run_after=2026-02-15 09:00:00+00:00
[2026-02-14T21:03:26.904+0000] {processor.py:183} INFO - Processing /opt/airflow/dags/sec_edgar_dag.py took 0.458 seconds
[2026-02-14T21:03:57.779+0000] {processor.py:161} INFO - Started process (PID=2770) to work on /opt/airflow/dags/sec_edgar_dag.py
[2026-02-14T21:03:57.781+0000] {processor.py:830} INFO - Processing file /opt/airflow/dags/sec_edgar_dag.py for tasks to queue
[2026-02-14T21:03:57.785+0000] {logging_mixin.py:188} INFO - [2026-02-14T21:03:57.785+0000] {dagbag.py:538} INFO - Filling up the DagBag from /opt/airflow/dags/sec_edgar_dag.py
[2026-02-14T21:03:58.078+0000] {processor.py:840} INFO - DAG(s) 'sec_edgar_pipeline' retrieved from /opt/airflow/dags/sec_edgar_dag.py
[2026-02-14T21:03:58.126+0000] {logging_mixin.py:188} INFO - [2026-02-14T21:03:58.125+0000] {dag.py:3036} INFO - Sync 1 DAGs
[2026-02-14T21:03:58.164+0000] {logging_mixin.py:188} INFO - [2026-02-14T21:03:58.163+0000] {dag.py:3823} INFO - Setting next_dagrun for sec_edgar_pipeline to 2026-02-14 09:00:00+00:00, run_after=2026-02-15 09:00:00+00:00
[2026-02-14T21:03:58.242+0000] {processor.py:183} INFO - Processing /opt/airflow/dags/sec_edgar_dag.py took 0.468 seconds
[2026-02-14T21:04:28.456+0000] {processor.py:161} INFO - Started process (PID=2786) to work on /opt/airflow/dags/sec_edgar_dag.py
[2026-02-14T21:04:28.458+0000] {processor.py:830} INFO - Processing file /opt/airflow/dags/sec_edgar_dag.py for tasks to queue
[2026-02-14T21:04:28.461+0000] {logging_mixin.py:188} INFO - [2026-02-14T21:04:28.461+0000] {dagbag.py:538} INFO - Filling up the DagBag from /opt/airflow/dags/sec_edgar_dag.py
[2026-02-14T21:04:28.753+0000] {processor.py:840} INFO - DAG(s) 'sec_edgar_pipeline' retrieved from /opt/airflow/dags/sec_edgar_dag.py
[2026-02-14T21:04:28.789+0000] {logging_mixin.py:188} INFO - [2026-02-14T21:04:28.789+0000] {dag.py:3036} INFO - Sync 1 DAGs
[2026-02-14T21:04:28.824+0000] {logging_mixin.py:188} INFO - [2026-02-14T21:04:28.824+0000] {dag.py:3823} INFO - Setting next_dagrun for sec_edgar_pipeline to 2026-02-14 09:00:00+00:00, run_after=2026-02-15 09:00:00+00:00
[2026-02-14T21:04:28.907+0000] {processor.py:183} INFO - Processing /opt/airflow/dags/sec_edgar_dag.py took 0.454 seconds
[2026-02-14T21:04:59.761+0000] {processor.py:161} INFO - Started process (PID=2802) to work on /opt/airflow/dags/sec_edgar_dag.py
[2026-02-14T21:04:59.763+0000] {processor.py:830} INFO - Processing file /opt/airflow/dags/sec_edgar_dag.py for tasks to queue
[2026-02-14T21:04:59.766+0000] {logging_mixin.py:188} INFO - [2026-02-14T21:04:59.765+0000] {dagbag.py:538} INFO - Filling up the DagBag from /opt/airflow/dags/sec_edgar_dag.py
[2026-02-14T21:05:00.072+0000] {processor.py:840} INFO - DAG(s) 'sec_edgar_pipeline' retrieved from /opt/airflow/dags/sec_edgar_dag.py
[2026-02-14T21:05:00.376+0000] {logging_mixin.py:188} INFO - [2026-02-14T21:05:00.375+0000] {dag.py:3036} INFO - Sync 1 DAGs
[2026-02-14T21:05:00.406+0000] {logging_mixin.py:188} INFO - [2026-02-14T21:05:00.406+0000] {dag.py:3823} INFO - Setting next_dagrun for sec_edgar_pipeline to 2026-02-14 09:00:00+00:00, run_after=2026-02-15 09:00:00+00:00
[2026-02-14T21:05:00.433+0000] {processor.py:183} INFO - Processing /opt/airflow/dags/sec_edgar_dag.py took 0.677 seconds
[2026-02-14T21:05:31.267+0000] {processor.py:161} INFO - Started process (PID=2818) to work on /opt/airflow/dags/sec_edgar_dag.py
[2026-02-14T21:05:31.270+0000] {processor.py:830} INFO - Processing file /opt/airflow/dags/sec_edgar_dag.py for tasks to queue
[2026-02-14T21:05:31.274+0000] {logging_mixin.py:188} INFO - [2026-02-14T21:05:31.273+0000] {dagbag.py:538} INFO - Filling up the DagBag from /opt/airflow/dags/sec_edgar_dag.py
[2026-02-14T21:05:31.592+0000] {processor.py:840} INFO - DAG(s) 'sec_edgar_pipeline' retrieved from /opt/airflow/dags/sec_edgar_dag.py
[2026-02-14T21:05:31.638+0000] {logging_mixin.py:188} INFO - [2026-02-14T21:05:31.637+0000] {dag.py:3036} INFO - Sync 1 DAGs
[2026-02-14T21:05:31.682+0000] {logging_mixin.py:188} INFO - [2026-02-14T21:05:31.682+0000] {dag.py:3823} INFO - Setting next_dagrun for sec_edgar_pipeline to 2026-02-14 09:00:00+00:00, run_after=2026-02-15 09:00:00+00:00
[2026-02-14T21:05:31.772+0000] {processor.py:183} INFO - Processing /opt/airflow/dags/sec_edgar_dag.py took 0.509 seconds
[2026-02-14T21:06:01.988+0000] {processor.py:161} INFO - Started process (PID=2834) to work on /opt/airflow/dags/sec_edgar_dag.py
[2026-02-14T21:06:01.990+0000] {processor.py:830} INFO - Processing file /opt/airflow/dags/sec_edgar_dag.py for tasks to queue
[2026-02-14T21:06:01.994+0000] {logging_mixin.py:188} INFO - [2026-02-14T21:06:01.994+0000] {dagbag.py:538} INFO - Filling up the DagBag from /opt/airflow/dags/sec_edgar_dag.py
[2026-02-14T21:06:02.294+0000] {processor.py:840} INFO - DAG(s) 'sec_edgar_pipeline' retrieved from /opt/airflow/dags/sec_edgar_dag.py
[2026-02-14T21:06:02.576+0000] {logging_mixin.py:188} INFO - [2026-02-14T21:06:02.576+0000] {dag.py:3036} INFO - Sync 1 DAGs
[2026-02-14T21:06:02.607+0000] {logging_mixin.py:188} INFO - [2026-02-14T21:06:02.606+0000] {dag.py:3823} INFO - Setting next_dagrun for sec_edgar_pipeline to 2026-02-14 09:00:00+00:00, run_after=2026-02-15 09:00:00+00:00
[2026-02-14T21:06:02.684+0000] {processor.py:183} INFO - Processing /opt/airflow/dags/sec_edgar_dag.py took 0.702 seconds
[2026-02-14T21:06:33.118+0000] {processor.py:161} INFO - Started process (PID=2850) to work on /opt/airflow/dags/sec_edgar_dag.py
[2026-02-14T21:06:33.123+0000] {processor.py:830} INFO - Processing file /opt/airflow/dags/sec_edgar_dag.py for tasks to queue
[2026-02-14T21:06:33.127+0000] {logging_mixin.py:188} INFO - [2026-02-14T21:06:33.127+0000] {dagbag.py:538} INFO - Filling up the DagBag from /opt/airflow/dags/sec_edgar_dag.py
[2026-02-14T21:06:33.460+0000] {processor.py:840} INFO - DAG(s) 'sec_edgar_pipeline' retrieved from /opt/airflow/dags/sec_edgar_dag.py
[2026-02-14T21:06:33.498+0000] {logging_mixin.py:188} INFO - [2026-02-14T21:06:33.497+0000] {dag.py:3036} INFO - Sync 1 DAGs
[2026-02-14T21:06:33.537+0000] {logging_mixin.py:188} INFO - [2026-02-14T21:06:33.536+0000] {dag.py:3823} INFO - Setting next_dagrun for sec_edgar_pipeline to 2026-02-14 09:00:00+00:00, run_after=2026-02-15 09:00:00+00:00
[2026-02-14T21:06:33.624+0000] {processor.py:183} INFO - Processing /opt/airflow/dags/sec_edgar_dag.py took 0.511 seconds
[2026-02-14T21:07:03.730+0000] {processor.py:161} INFO - Started process (PID=2866) to work on /opt/airflow/dags/sec_edgar_dag.py
[2026-02-14T21:07:03.732+0000] {processor.py:830} INFO - Processing file /opt/airflow/dags/sec_edgar_dag.py for tasks to queue
[2026-02-14T21:07:03.736+0000] {logging_mixin.py:188} INFO - [2026-02-14T21:07:03.735+0000] {dagbag.py:538} INFO - Filling up the DagBag from /opt/airflow/dags/sec_edgar_dag.py
[2026-02-14T21:07:04.083+0000] {processor.py:840} INFO - DAG(s) 'sec_edgar_pipeline' retrieved from /opt/airflow/dags/sec_edgar_dag.py
[2026-02-14T21:07:04.483+0000] {logging_mixin.py:188} INFO - [2026-02-14T21:07:04.482+0000] {dag.py:3036} INFO - Sync 1 DAGs
[2026-02-14T21:07:04.516+0000] {logging_mixin.py:188} INFO - [2026-02-14T21:07:04.515+0000] {dag.py:3823} INFO - Setting next_dagrun for sec_edgar_pipeline to 2026-02-14 09:00:00+00:00, run_after=2026-02-15 09:00:00+00:00
[2026-02-14T21:07:04.599+0000] {processor.py:183} INFO - Processing /opt/airflow/dags/sec_edgar_dag.py took 0.874 seconds
[2026-02-14T21:07:35.372+0000] {processor.py:161} INFO - Started process (PID=2888) to work on /opt/airflow/dags/sec_edgar_dag.py
[2026-02-14T21:07:35.374+0000] {processor.py:830} INFO - Processing file /opt/airflow/dags/sec_edgar_dag.py for tasks to queue
[2026-02-14T21:07:35.377+0000] {logging_mixin.py:188} INFO - [2026-02-14T21:07:35.377+0000] {dagbag.py:538} INFO - Filling up the DagBag from /opt/airflow/dags/sec_edgar_dag.py
[2026-02-14T21:07:35.734+0000] {processor.py:840} INFO - DAG(s) 'sec_edgar_pipeline' retrieved from /opt/airflow/dags/sec_edgar_dag.py
[2026-02-14T21:07:35.782+0000] {logging_mixin.py:188} INFO - [2026-02-14T21:07:35.781+0000] {dag.py:3036} INFO - Sync 1 DAGs
[2026-02-14T21:07:35.823+0000] {logging_mixin.py:188} INFO - [2026-02-14T21:07:35.823+0000] {dag.py:3823} INFO - Setting next_dagrun for sec_edgar_pipeline to 2026-02-14 09:00:00+00:00, run_after=2026-02-15 09:00:00+00:00
[2026-02-14T21:07:35.912+0000] {processor.py:183} INFO - Processing /opt/airflow/dags/sec_edgar_dag.py took 0.544 seconds
[2026-02-14T21:08:06.249+0000] {processor.py:161} INFO - Started process (PID=2904) to work on /opt/airflow/dags/sec_edgar_dag.py
[2026-02-14T21:08:06.251+0000] {processor.py:830} INFO - Processing file /opt/airflow/dags/sec_edgar_dag.py for tasks to queue
[2026-02-14T21:08:06.255+0000] {logging_mixin.py:188} INFO - [2026-02-14T21:08:06.254+0000] {dagbag.py:538} INFO - Filling up the DagBag from /opt/airflow/dags/sec_edgar_dag.py
[2026-02-14T21:08:06.557+0000] {processor.py:840} INFO - DAG(s) 'sec_edgar_pipeline' retrieved from /opt/airflow/dags/sec_edgar_dag.py
[2026-02-14T21:08:06.853+0000] {logging_mixin.py:188} INFO - [2026-02-14T21:08:06.853+0000] {dag.py:3036} INFO - Sync 1 DAGs
[2026-02-14T21:08:06.883+0000] {logging_mixin.py:188} INFO - [2026-02-14T21:08:06.883+0000] {dag.py:3823} INFO - Setting next_dagrun for sec_edgar_pipeline to 2026-02-14 09:00:00+00:00, run_after=2026-02-15 09:00:00+00:00
[2026-02-14T21:08:06.960+0000] {processor.py:183} INFO - Processing /opt/airflow/dags/sec_edgar_dag.py took 0.716 seconds
[2026-02-14T21:08:37.761+0000] {processor.py:161} INFO - Started process (PID=2920) to work on /opt/airflow/dags/sec_edgar_dag.py
[2026-02-14T21:08:37.763+0000] {processor.py:830} INFO - Processing file /opt/airflow/dags/sec_edgar_dag.py for tasks to queue
[2026-02-14T21:08:37.766+0000] {logging_mixin.py:188} INFO - [2026-02-14T21:08:37.766+0000] {dagbag.py:538} INFO - Filling up the DagBag from /opt/airflow/dags/sec_edgar_dag.py
[2026-02-14T21:08:38.075+0000] {processor.py:840} INFO - DAG(s) 'sec_edgar_pipeline' retrieved from /opt/airflow/dags/sec_edgar_dag.py
[2026-02-14T21:08:38.110+0000] {logging_mixin.py:188} INFO - [2026-02-14T21:08:38.109+0000] {dag.py:3036} INFO - Sync 1 DAGs
[2026-02-14T21:08:38.146+0000] {logging_mixin.py:188} INFO - [2026-02-14T21:08:38.146+0000] {dag.py:3823} INFO - Setting next_dagrun for sec_edgar_pipeline to 2026-02-14 09:00:00+00:00, run_after=2026-02-15 09:00:00+00:00
[2026-02-14T21:08:38.202+0000] {processor.py:183} INFO - Processing /opt/airflow/dags/sec_edgar_dag.py took 0.445 seconds
[2026-02-14T21:09:08.503+0000] {processor.py:161} INFO - Started process (PID=2936) to work on /opt/airflow/dags/sec_edgar_dag.py
[2026-02-14T21:09:08.505+0000] {processor.py:830} INFO - Processing file /opt/airflow/dags/sec_edgar_dag.py for tasks to queue
[2026-02-14T21:09:08.509+0000] {logging_mixin.py:188} INFO - [2026-02-14T21:09:08.508+0000] {dagbag.py:538} INFO - Filling up the DagBag from /opt/airflow/dags/sec_edgar_dag.py
[2026-02-14T21:09:09.080+0000] {processor.py:840} INFO - DAG(s) 'sec_edgar_pipeline' retrieved from /opt/airflow/dags/sec_edgar_dag.py
[2026-02-14T21:09:09.115+0000] {logging_mixin.py:188} INFO - [2026-02-14T21:09:09.115+0000] {dag.py:3036} INFO - Sync 1 DAGs
[2026-02-14T21:09:09.145+0000] {logging_mixin.py:188} INFO - [2026-02-14T21:09:09.145+0000] {dag.py:3823} INFO - Setting next_dagrun for sec_edgar_pipeline to 2026-02-14 09:00:00+00:00, run_after=2026-02-15 09:00:00+00:00
[2026-02-14T21:09:09.227+0000] {processor.py:183} INFO - Processing /opt/airflow/dags/sec_edgar_dag.py took 0.728 seconds
[2026-02-14T21:09:39.566+0000] {processor.py:161} INFO - Started process (PID=2952) to work on /opt/airflow/dags/sec_edgar_dag.py
[2026-02-14T21:09:39.568+0000] {processor.py:830} INFO - Processing file /opt/airflow/dags/sec_edgar_dag.py for tasks to queue
[2026-02-14T21:09:39.572+0000] {logging_mixin.py:188} INFO - [2026-02-14T21:09:39.571+0000] {dagbag.py:538} INFO - Filling up the DagBag from /opt/airflow/dags/sec_edgar_dag.py
[2026-02-14T21:09:39.884+0000] {processor.py:840} INFO - DAG(s) 'sec_edgar_pipeline' retrieved from /opt/airflow/dags/sec_edgar_dag.py
[2026-02-14T21:09:39.918+0000] {logging_mixin.py:188} INFO - [2026-02-14T21:09:39.917+0000] {dag.py:3036} INFO - Sync 1 DAGs
[2026-02-14T21:09:39.951+0000] {logging_mixin.py:188} INFO - [2026-02-14T21:09:39.950+0000] {dag.py:3823} INFO - Setting next_dagrun for sec_edgar_pipeline to 2026-02-14 09:00:00+00:00, run_after=2026-02-15 09:00:00+00:00
[2026-02-14T21:09:40.032+0000] {processor.py:183} INFO - Processing /opt/airflow/dags/sec_edgar_dag.py took 0.471 seconds
[2026-02-14T21:10:10.250+0000] {processor.py:161} INFO - Started process (PID=2968) to work on /opt/airflow/dags/sec_edgar_dag.py
[2026-02-14T21:10:10.252+0000] {processor.py:830} INFO - Processing file /opt/airflow/dags/sec_edgar_dag.py for tasks to queue
[2026-02-14T21:10:10.255+0000] {logging_mixin.py:188} INFO - [2026-02-14T21:10:10.254+0000] {dagbag.py:538} INFO - Filling up the DagBag from /opt/airflow/dags/sec_edgar_dag.py
[2026-02-14T21:10:10.807+0000] {processor.py:840} INFO - DAG(s) 'sec_edgar_pipeline' retrieved from /opt/airflow/dags/sec_edgar_dag.py
[2026-02-14T21:10:10.844+0000] {logging_mixin.py:188} INFO - [2026-02-14T21:10:10.844+0000] {dag.py:3036} INFO - Sync 1 DAGs
[2026-02-14T21:10:10.876+0000] {logging_mixin.py:188} INFO - [2026-02-14T21:10:10.875+0000] {dag.py:3823} INFO - Setting next_dagrun for sec_edgar_pipeline to 2026-02-14 09:00:00+00:00, run_after=2026-02-15 09:00:00+00:00
[2026-02-14T21:10:10.952+0000] {processor.py:183} INFO - Processing /opt/airflow/dags/sec_edgar_dag.py took 0.707 seconds
[2026-02-14T21:10:41.346+0000] {processor.py:161} INFO - Started process (PID=2984) to work on /opt/airflow/dags/sec_edgar_dag.py
[2026-02-14T21:10:41.348+0000] {processor.py:830} INFO - Processing file /opt/airflow/dags/sec_edgar_dag.py for tasks to queue
[2026-02-14T21:10:41.352+0000] {logging_mixin.py:188} INFO - [2026-02-14T21:10:41.351+0000] {dagbag.py:538} INFO - Filling up the DagBag from /opt/airflow/dags/sec_edgar_dag.py
[2026-02-14T21:10:41.666+0000] {processor.py:840} INFO - DAG(s) 'sec_edgar_pipeline' retrieved from /opt/airflow/dags/sec_edgar_dag.py
[2026-02-14T21:10:41.703+0000] {logging_mixin.py:188} INFO - [2026-02-14T21:10:41.702+0000] {dag.py:3036} INFO - Sync 1 DAGs
[2026-02-14T21:10:41.739+0000] {logging_mixin.py:188} INFO - [2026-02-14T21:10:41.738+0000] {dag.py:3823} INFO - Setting next_dagrun for sec_edgar_pipeline to 2026-02-14 09:00:00+00:00, run_after=2026-02-15 09:00:00+00:00
[2026-02-14T21:10:41.818+0000] {processor.py:183} INFO - Processing /opt/airflow/dags/sec_edgar_dag.py took 0.477 seconds
[2026-02-14T21:11:12.028+0000] {processor.py:161} INFO - Started process (PID=3000) to work on /opt/airflow/dags/sec_edgar_dag.py
[2026-02-14T21:11:12.029+0000] {processor.py:830} INFO - Processing file /opt/airflow/dags/sec_edgar_dag.py for tasks to queue
[2026-02-14T21:11:12.033+0000] {logging_mixin.py:188} INFO - [2026-02-14T21:11:12.032+0000] {dagbag.py:538} INFO - Filling up the DagBag from /opt/airflow/dags/sec_edgar_dag.py
[2026-02-14T21:11:12.615+0000] {processor.py:840} INFO - DAG(s) 'sec_edgar_pipeline' retrieved from /opt/airflow/dags/sec_edgar_dag.py
[2026-02-14T21:11:12.650+0000] {logging_mixin.py:188} INFO - [2026-02-14T21:11:12.649+0000] {dag.py:3036} INFO - Sync 1 DAGs
[2026-02-14T21:11:12.681+0000] {logging_mixin.py:188} INFO - [2026-02-14T21:11:12.680+0000] {dag.py:3823} INFO - Setting next_dagrun for sec_edgar_pipeline to 2026-02-14 09:00:00+00:00, run_after=2026-02-15 09:00:00+00:00
[2026-02-14T21:11:12.758+0000] {processor.py:183} INFO - Processing /opt/airflow/dags/sec_edgar_dag.py took 0.734 seconds
[2026-02-14T21:11:43.219+0000] {processor.py:161} INFO - Started process (PID=3016) to work on /opt/airflow/dags/sec_edgar_dag.py
[2026-02-14T21:11:43.221+0000] {processor.py:830} INFO - Processing file /opt/airflow/dags/sec_edgar_dag.py for tasks to queue
[2026-02-14T21:11:43.227+0000] {logging_mixin.py:188} INFO - [2026-02-14T21:11:43.226+0000] {dagbag.py:538} INFO - Filling up the DagBag from /opt/airflow/dags/sec_edgar_dag.py
[2026-02-14T21:11:43.578+0000] {processor.py:840} INFO - DAG(s) 'sec_edgar_pipeline' retrieved from /opt/airflow/dags/sec_edgar_dag.py
[2026-02-14T21:11:43.622+0000] {logging_mixin.py:188} INFO - [2026-02-14T21:11:43.621+0000] {dag.py:3036} INFO - Sync 1 DAGs
[2026-02-14T21:11:43.662+0000] {logging_mixin.py:188} INFO - [2026-02-14T21:11:43.662+0000] {dag.py:3823} INFO - Setting next_dagrun for sec_edgar_pipeline to 2026-02-14 09:00:00+00:00, run_after=2026-02-15 09:00:00+00:00
[2026-02-14T21:11:43.746+0000] {processor.py:183} INFO - Processing /opt/airflow/dags/sec_edgar_dag.py took 0.532 seconds
[2026-02-14T21:12:14.597+0000] {processor.py:161} INFO - Started process (PID=3032) to work on /opt/airflow/dags/sec_edgar_dag.py
[2026-02-14T21:12:14.600+0000] {processor.py:830} INFO - Processing file /opt/airflow/dags/sec_edgar_dag.py for tasks to queue
[2026-02-14T21:12:14.604+0000] {logging_mixin.py:188} INFO - [2026-02-14T21:12:14.603+0000] {dagbag.py:538} INFO - Filling up the DagBag from /opt/airflow/dags/sec_edgar_dag.py
[2026-02-14T21:12:15.302+0000] {processor.py:840} INFO - DAG(s) 'sec_edgar_pipeline' retrieved from /opt/airflow/dags/sec_edgar_dag.py
[2026-02-14T21:12:15.342+0000] {logging_mixin.py:188} INFO - [2026-02-14T21:12:15.341+0000] {dag.py:3036} INFO - Sync 1 DAGs
[2026-02-14T21:12:15.378+0000] {logging_mixin.py:188} INFO - [2026-02-14T21:12:15.378+0000] {dag.py:3823} INFO - Setting next_dagrun for sec_edgar_pipeline to 2026-02-14 09:00:00+00:00, run_after=2026-02-15 09:00:00+00:00
[2026-02-14T21:12:15.441+0000] {processor.py:183} INFO - Processing /opt/airflow/dags/sec_edgar_dag.py took 0.850 seconds
[2026-02-14T21:12:45.723+0000] {processor.py:161} INFO - Started process (PID=3048) to work on /opt/airflow/dags/sec_edgar_dag.py
[2026-02-14T21:12:45.725+0000] {processor.py:830} INFO - Processing file /opt/airflow/dags/sec_edgar_dag.py for tasks to queue
[2026-02-14T21:12:45.729+0000] {logging_mixin.py:188} INFO - [2026-02-14T21:12:45.728+0000] {dagbag.py:538} INFO - Filling up the DagBag from /opt/airflow/dags/sec_edgar_dag.py
[2026-02-14T21:12:46.331+0000] {processor.py:840} INFO - DAG(s) 'sec_edgar_pipeline' retrieved from /opt/airflow/dags/sec_edgar_dag.py
[2026-02-14T21:12:46.367+0000] {logging_mixin.py:188} INFO - [2026-02-14T21:12:46.367+0000] {dag.py:3036} INFO - Sync 1 DAGs
[2026-02-14T21:12:46.402+0000] {logging_mixin.py:188} INFO - [2026-02-14T21:12:46.402+0000] {dag.py:3823} INFO - Setting next_dagrun for sec_edgar_pipeline to 2026-02-14 09:00:00+00:00, run_after=2026-02-15 09:00:00+00:00
[2026-02-14T21:12:46.454+0000] {processor.py:183} INFO - Processing /opt/airflow/dags/sec_edgar_dag.py took 0.735 seconds
[2026-02-14T21:13:16.819+0000] {processor.py:161} INFO - Started process (PID=3064) to work on /opt/airflow/dags/sec_edgar_dag.py
[2026-02-14T21:13:16.821+0000] {processor.py:830} INFO - Processing file /opt/airflow/dags/sec_edgar_dag.py for tasks to queue
[2026-02-14T21:13:16.824+0000] {logging_mixin.py:188} INFO - [2026-02-14T21:13:16.823+0000] {dagbag.py:538} INFO - Filling up the DagBag from /opt/airflow/dags/sec_edgar_dag.py
[2026-02-14T21:13:17.420+0000] {processor.py:840} INFO - DAG(s) 'sec_edgar_pipeline' retrieved from /opt/airflow/dags/sec_edgar_dag.py
[2026-02-14T21:13:17.455+0000] {logging_mixin.py:188} INFO - [2026-02-14T21:13:17.454+0000] {dag.py:3036} INFO - Sync 1 DAGs
[2026-02-14T21:13:17.484+0000] {logging_mixin.py:188} INFO - [2026-02-14T21:13:17.483+0000] {dag.py:3823} INFO - Setting next_dagrun for sec_edgar_pipeline to 2026-02-14 09:00:00+00:00, run_after=2026-02-15 09:00:00+00:00
[2026-02-14T21:13:17.559+0000] {processor.py:183} INFO - Processing /opt/airflow/dags/sec_edgar_dag.py took 0.744 seconds
[2026-02-14T21:13:48.331+0000] {processor.py:161} INFO - Started process (PID=3085) to work on /opt/airflow/dags/sec_edgar_dag.py
[2026-02-14T21:13:48.334+0000] {processor.py:830} INFO - Processing file /opt/airflow/dags/sec_edgar_dag.py for tasks to queue
[2026-02-14T21:13:48.337+0000] {logging_mixin.py:188} INFO - [2026-02-14T21:13:48.337+0000] {dagbag.py:538} INFO - Filling up the DagBag from /opt/airflow/dags/sec_edgar_dag.py
[2026-02-14T21:13:48.988+0000] {processor.py:840} INFO - DAG(s) 'sec_edgar_pipeline' retrieved from /opt/airflow/dags/sec_edgar_dag.py
[2026-02-14T21:13:49.029+0000] {logging_mixin.py:188} INFO - [2026-02-14T21:13:49.028+0000] {dag.py:3036} INFO - Sync 1 DAGs
[2026-02-14T21:13:49.067+0000] {logging_mixin.py:188} INFO - [2026-02-14T21:13:49.067+0000] {dag.py:3823} INFO - Setting next_dagrun for sec_edgar_pipeline to 2026-02-14 09:00:00+00:00, run_after=2026-02-15 09:00:00+00:00
[2026-02-14T21:13:49.150+0000] {processor.py:183} INFO - Processing /opt/airflow/dags/sec_edgar_dag.py took 0.825 seconds
[2026-02-14T21:14:19.834+0000] {processor.py:161} INFO - Started process (PID=3101) to work on /opt/airflow/dags/sec_edgar_dag.py
[2026-02-14T21:14:19.836+0000] {processor.py:830} INFO - Processing file /opt/airflow/dags/sec_edgar_dag.py for tasks to queue
[2026-02-14T21:14:19.840+0000] {logging_mixin.py:188} INFO - [2026-02-14T21:14:19.839+0000] {dagbag.py:538} INFO - Filling up the DagBag from /opt/airflow/dags/sec_edgar_dag.py
[2026-02-14T21:14:20.462+0000] {processor.py:840} INFO - DAG(s) 'sec_edgar_pipeline' retrieved from /opt/airflow/dags/sec_edgar_dag.py
[2026-02-14T21:14:20.501+0000] {logging_mixin.py:188} INFO - [2026-02-14T21:14:20.500+0000] {dag.py:3036} INFO - Sync 1 DAGs
[2026-02-14T21:14:20.534+0000] {logging_mixin.py:188} INFO - [2026-02-14T21:14:20.534+0000] {dag.py:3823} INFO - Setting next_dagrun for sec_edgar_pipeline to 2026-02-14 09:00:00+00:00, run_after=2026-02-15 09:00:00+00:00
[2026-02-14T21:14:20.615+0000] {processor.py:183} INFO - Processing /opt/airflow/dags/sec_edgar_dag.py took 0.785 seconds
[2026-02-14T21:14:51.302+0000] {processor.py:161} INFO - Started process (PID=3117) to work on /opt/airflow/dags/sec_edgar_dag.py
[2026-02-14T21:14:51.304+0000] {processor.py:830} INFO - Processing file /opt/airflow/dags/sec_edgar_dag.py for tasks to queue
[2026-02-14T21:14:51.307+0000] {logging_mixin.py:188} INFO - [2026-02-14T21:14:51.306+0000] {dagbag.py:538} INFO - Filling up the DagBag from /opt/airflow/dags/sec_edgar_dag.py
[2026-02-14T21:14:51.869+0000] {processor.py:840} INFO - DAG(s) 'sec_edgar_pipeline' retrieved from /opt/airflow/dags/sec_edgar_dag.py
[2026-02-14T21:14:51.903+0000] {logging_mixin.py:188} INFO - [2026-02-14T21:14:51.902+0000] {dag.py:3036} INFO - Sync 1 DAGs
[2026-02-14T21:14:51.933+0000] {logging_mixin.py:188} INFO - [2026-02-14T21:14:51.933+0000] {dag.py:3823} INFO - Setting next_dagrun for sec_edgar_pipeline to 2026-02-14 09:00:00+00:00, run_after=2026-02-15 09:00:00+00:00
[2026-02-14T21:14:52.008+0000] {processor.py:183} INFO - Processing /opt/airflow/dags/sec_edgar_dag.py took 0.710 seconds
[2026-02-14T21:15:22.850+0000] {processor.py:161} INFO - Started process (PID=3133) to work on /opt/airflow/dags/sec_edgar_dag.py
[2026-02-14T21:15:22.852+0000] {processor.py:830} INFO - Processing file /opt/airflow/dags/sec_edgar_dag.py for tasks to queue
[2026-02-14T21:15:22.856+0000] {logging_mixin.py:188} INFO - [2026-02-14T21:15:22.855+0000] {dagbag.py:538} INFO - Filling up the DagBag from /opt/airflow/dags/sec_edgar_dag.py
[2026-02-14T21:15:23.532+0000] {processor.py:840} INFO - DAG(s) 'sec_edgar_pipeline' retrieved from /opt/airflow/dags/sec_edgar_dag.py
[2026-02-14T21:15:23.572+0000] {logging_mixin.py:188} INFO - [2026-02-14T21:15:23.571+0000] {dag.py:3036} INFO - Sync 1 DAGs
[2026-02-14T21:15:23.607+0000] {logging_mixin.py:188} INFO - [2026-02-14T21:15:23.606+0000] {dag.py:3823} INFO - Setting next_dagrun for sec_edgar_pipeline to 2026-02-14 09:00:00+00:00, run_after=2026-02-15 09:00:00+00:00
[2026-02-14T21:15:23.642+0000] {processor.py:183} INFO - Processing /opt/airflow/dags/sec_edgar_dag.py took 0.796 seconds
[2026-02-14T21:15:54.357+0000] {processor.py:161} INFO - Started process (PID=3149) to work on /opt/airflow/dags/sec_edgar_dag.py
[2026-02-14T21:15:54.359+0000] {processor.py:830} INFO - Processing file /opt/airflow/dags/sec_edgar_dag.py for tasks to queue
[2026-02-14T21:15:54.361+0000] {logging_mixin.py:188} INFO - [2026-02-14T21:15:54.361+0000] {dagbag.py:538} INFO - Filling up the DagBag from /opt/airflow/dags/sec_edgar_dag.py
[2026-02-14T21:15:54.907+0000] {processor.py:840} INFO - DAG(s) 'sec_edgar_pipeline' retrieved from /opt/airflow/dags/sec_edgar_dag.py
[2026-02-14T21:15:54.939+0000] {logging_mixin.py:188} INFO - [2026-02-14T21:15:54.938+0000] {dag.py:3036} INFO - Sync 1 DAGs
[2026-02-14T21:15:54.969+0000] {logging_mixin.py:188} INFO - [2026-02-14T21:15:54.968+0000] {dag.py:3823} INFO - Setting next_dagrun for sec_edgar_pipeline to 2026-02-14 09:00:00+00:00, run_after=2026-02-15 09:00:00+00:00
[2026-02-14T21:15:55.049+0000] {processor.py:183} INFO - Processing /opt/airflow/dags/sec_edgar_dag.py took 0.696 seconds
[2026-02-14T21:16:25.534+0000] {processor.py:161} INFO - Started process (PID=3165) to work on /opt/airflow/dags/sec_edgar_dag.py
[2026-02-14T21:16:25.536+0000] {processor.py:830} INFO - Processing file /opt/airflow/dags/sec_edgar_dag.py for tasks to queue
[2026-02-14T21:16:25.539+0000] {logging_mixin.py:188} INFO - [2026-02-14T21:16:25.539+0000] {dagbag.py:538} INFO - Filling up the DagBag from /opt/airflow/dags/sec_edgar_dag.py
[2026-02-14T21:16:25.847+0000] {processor.py:840} INFO - DAG(s) 'sec_edgar_pipeline' retrieved from /opt/airflow/dags/sec_edgar_dag.py
[2026-02-14T21:16:25.884+0000] {logging_mixin.py:188} INFO - [2026-02-14T21:16:25.884+0000] {dag.py:3036} INFO - Sync 1 DAGs
[2026-02-14T21:16:25.915+0000] {logging_mixin.py:188} INFO - [2026-02-14T21:16:25.915+0000] {dag.py:3823} INFO - Setting next_dagrun for sec_edgar_pipeline to 2026-02-14 09:00:00+00:00, run_after=2026-02-15 09:00:00+00:00
[2026-02-14T21:16:25.996+0000] {processor.py:183} INFO - Processing /opt/airflow/dags/sec_edgar_dag.py took 0.466 seconds
[2026-02-14T21:16:56.429+0000] {processor.py:161} INFO - Started process (PID=3181) to work on /opt/airflow/dags/sec_edgar_dag.py
[2026-02-14T21:16:56.430+0000] {processor.py:830} INFO - Processing file /opt/airflow/dags/sec_edgar_dag.py for tasks to queue
[2026-02-14T21:16:56.434+0000] {logging_mixin.py:188} INFO - [2026-02-14T21:16:56.433+0000] {dagbag.py:538} INFO - Filling up the DagBag from /opt/airflow/dags/sec_edgar_dag.py
[2026-02-14T21:16:56.766+0000] {processor.py:840} INFO - DAG(s) 'sec_edgar_pipeline' retrieved from /opt/airflow/dags/sec_edgar_dag.py
[2026-02-14T21:16:56.810+0000] {logging_mixin.py:188} INFO - [2026-02-14T21:16:56.810+0000] {dag.py:3036} INFO - Sync 1 DAGs
[2026-02-14T21:16:56.845+0000] {logging_mixin.py:188} INFO - [2026-02-14T21:16:56.845+0000] {dag.py:3823} INFO - Setting next_dagrun for sec_edgar_pipeline to 2026-02-14 09:00:00+00:00, run_after=2026-02-15 09:00:00+00:00
[2026-02-14T21:16:56.930+0000] {processor.py:183} INFO - Processing /opt/airflow/dags/sec_edgar_dag.py took 0.506 seconds
[2026-02-14T21:17:27.036+0000] {processor.py:161} INFO - Started process (PID=3197) to work on /opt/airflow/dags/sec_edgar_dag.py
[2026-02-14T21:17:27.041+0000] {processor.py:830} INFO - Processing file /opt/airflow/dags/sec_edgar_dag.py for tasks to queue
[2026-02-14T21:17:27.045+0000] {logging_mixin.py:188} INFO - [2026-02-14T21:17:27.044+0000] {dagbag.py:538} INFO - Filling up the DagBag from /opt/airflow/dags/sec_edgar_dag.py
[2026-02-14T21:17:27.353+0000] {processor.py:840} INFO - DAG(s) 'sec_edgar_pipeline' retrieved from /opt/airflow/dags/sec_edgar_dag.py
[2026-02-14T21:17:27.397+0000] {logging_mixin.py:188} INFO - [2026-02-14T21:17:27.396+0000] {dag.py:3036} INFO - Sync 1 DAGs
[2026-02-14T21:17:27.433+0000] {logging_mixin.py:188} INFO - [2026-02-14T21:17:27.432+0000] {dag.py:3823} INFO - Setting next_dagrun for sec_edgar_pipeline to 2026-02-14 09:00:00+00:00, run_after=2026-02-15 09:00:00+00:00
[2026-02-14T21:17:27.513+0000] {processor.py:183} INFO - Processing /opt/airflow/dags/sec_edgar_dag.py took 0.481 seconds
[2026-02-14T21:17:57.772+0000] {processor.py:161} INFO - Started process (PID=3213) to work on /opt/airflow/dags/sec_edgar_dag.py
[2026-02-14T21:17:57.774+0000] {processor.py:830} INFO - Processing file /opt/airflow/dags/sec_edgar_dag.py for tasks to queue
[2026-02-14T21:17:57.778+0000] {logging_mixin.py:188} INFO - [2026-02-14T21:17:57.778+0000] {dagbag.py:538} INFO - Filling up the DagBag from /opt/airflow/dags/sec_edgar_dag.py
[2026-02-14T21:17:58.086+0000] {processor.py:840} INFO - DAG(s) 'sec_edgar_pipeline' retrieved from /opt/airflow/dags/sec_edgar_dag.py
[2026-02-14T21:17:58.127+0000] {logging_mixin.py:188} INFO - [2026-02-14T21:17:58.127+0000] {dag.py:3036} INFO - Sync 1 DAGs
[2026-02-14T21:17:58.163+0000] {logging_mixin.py:188} INFO - [2026-02-14T21:17:58.163+0000] {dag.py:3823} INFO - Setting next_dagrun for sec_edgar_pipeline to 2026-02-14 09:00:00+00:00, run_after=2026-02-15 09:00:00+00:00
[2026-02-14T21:17:58.243+0000] {processor.py:183} INFO - Processing /opt/airflow/dags/sec_edgar_dag.py took 0.475 seconds
[2026-02-14T21:18:28.511+0000] {processor.py:161} INFO - Started process (PID=3229) to work on /opt/airflow/dags/sec_edgar_dag.py
[2026-02-14T21:18:28.526+0000] {processor.py:830} INFO - Processing file /opt/airflow/dags/sec_edgar_dag.py for tasks to queue
[2026-02-14T21:18:28.530+0000] {logging_mixin.py:188} INFO - [2026-02-14T21:18:28.529+0000] {dagbag.py:538} INFO - Filling up the DagBag from /opt/airflow/dags/sec_edgar_dag.py
[2026-02-14T21:18:28.840+0000] {processor.py:840} INFO - DAG(s) 'sec_edgar_pipeline' retrieved from /opt/airflow/dags/sec_edgar_dag.py
[2026-02-14T21:18:28.879+0000] {logging_mixin.py:188} INFO - [2026-02-14T21:18:28.878+0000] {dag.py:3036} INFO - Sync 1 DAGs
[2026-02-14T21:18:28.912+0000] {logging_mixin.py:188} INFO - [2026-02-14T21:18:28.911+0000] {dag.py:3823} INFO - Setting next_dagrun for sec_edgar_pipeline to 2026-02-14 09:00:00+00:00, run_after=2026-02-15 09:00:00+00:00
[2026-02-14T21:18:28.949+0000] {processor.py:183} INFO - Processing /opt/airflow/dags/sec_edgar_dag.py took 0.443 seconds
[2026-02-14T21:18:59.826+0000] {processor.py:161} INFO - Started process (PID=3245) to work on /opt/airflow/dags/sec_edgar_dag.py
[2026-02-14T21:18:59.828+0000] {processor.py:830} INFO - Processing file /opt/airflow/dags/sec_edgar_dag.py for tasks to queue
[2026-02-14T21:18:59.832+0000] {logging_mixin.py:188} INFO - [2026-02-14T21:18:59.831+0000] {dagbag.py:538} INFO - Filling up the DagBag from /opt/airflow/dags/sec_edgar_dag.py
[2026-02-14T21:19:00.223+0000] {processor.py:840} INFO - DAG(s) 'sec_edgar_pipeline' retrieved from /opt/airflow/dags/sec_edgar_dag.py
[2026-02-14T21:19:00.263+0000] {logging_mixin.py:188} INFO - [2026-02-14T21:19:00.262+0000] {dag.py:3036} INFO - Sync 1 DAGs
[2026-02-14T21:19:00.298+0000] {logging_mixin.py:188} INFO - [2026-02-14T21:19:00.298+0000] {dag.py:3823} INFO - Setting next_dagrun for sec_edgar_pipeline to 2026-02-14 09:00:00+00:00, run_after=2026-02-15 09:00:00+00:00
[2026-02-14T21:19:00.381+0000] {processor.py:183} INFO - Processing /opt/airflow/dags/sec_edgar_dag.py took 0.560 seconds
[2026-02-14T21:19:30.565+0000] {processor.py:161} INFO - Started process (PID=3261) to work on /opt/airflow/dags/sec_edgar_dag.py
[2026-02-14T21:19:30.567+0000] {processor.py:830} INFO - Processing file /opt/airflow/dags/sec_edgar_dag.py for tasks to queue
[2026-02-14T21:19:30.571+0000] {logging_mixin.py:188} INFO - [2026-02-14T21:19:30.570+0000] {dagbag.py:538} INFO - Filling up the DagBag from /opt/airflow/dags/sec_edgar_dag.py
[2026-02-14T21:19:30.881+0000] {processor.py:840} INFO - DAG(s) 'sec_edgar_pipeline' retrieved from /opt/airflow/dags/sec_edgar_dag.py
[2026-02-14T21:19:30.921+0000] {logging_mixin.py:188} INFO - [2026-02-14T21:19:30.921+0000] {dag.py:3036} INFO - Sync 1 DAGs
[2026-02-14T21:19:30.952+0000] {logging_mixin.py:188} INFO - [2026-02-14T21:19:30.951+0000] {dag.py:3823} INFO - Setting next_dagrun for sec_edgar_pipeline to 2026-02-14 09:00:00+00:00, run_after=2026-02-15 09:00:00+00:00
[2026-02-14T21:19:31.032+0000] {processor.py:183} INFO - Processing /opt/airflow/dags/sec_edgar_dag.py took 0.471 seconds
[2026-02-14T21:20:01.107+0000] {processor.py:161} INFO - Started process (PID=3277) to work on /opt/airflow/dags/sec_edgar_dag.py
[2026-02-14T21:20:01.109+0000] {processor.py:830} INFO - Processing file /opt/airflow/dags/sec_edgar_dag.py for tasks to queue
[2026-02-14T21:20:01.112+0000] {logging_mixin.py:188} INFO - [2026-02-14T21:20:01.111+0000] {dagbag.py:538} INFO - Filling up the DagBag from /opt/airflow/dags/sec_edgar_dag.py
[2026-02-14T21:20:01.392+0000] {processor.py:840} INFO - DAG(s) 'sec_edgar_pipeline' retrieved from /opt/airflow/dags/sec_edgar_dag.py
[2026-02-14T21:20:01.434+0000] {logging_mixin.py:188} INFO - [2026-02-14T21:20:01.432+0000] {dag.py:3036} INFO - Sync 1 DAGs
[2026-02-14T21:20:01.481+0000] {logging_mixin.py:188} INFO - [2026-02-14T21:20:01.480+0000] {dag.py:3823} INFO - Setting next_dagrun for sec_edgar_pipeline to 2026-02-14 09:00:00+00:00, run_after=2026-02-15 09:00:00+00:00
[2026-02-14T21:20:01.561+0000] {processor.py:183} INFO - Processing /opt/airflow/dags/sec_edgar_dag.py took 0.458 seconds
[2026-02-14T21:20:31.715+0000] {processor.py:161} INFO - Started process (PID=3293) to work on /opt/airflow/dags/sec_edgar_dag.py
[2026-02-14T21:20:31.716+0000] {processor.py:830} INFO - Processing file /opt/airflow/dags/sec_edgar_dag.py for tasks to queue
[2026-02-14T21:20:31.720+0000] {logging_mixin.py:188} INFO - [2026-02-14T21:20:31.719+0000] {dagbag.py:538} INFO - Filling up the DagBag from /opt/airflow/dags/sec_edgar_dag.py
[2026-02-14T21:20:32.022+0000] {processor.py:840} INFO - DAG(s) 'sec_edgar_pipeline' retrieved from /opt/airflow/dags/sec_edgar_dag.py
[2026-02-14T21:20:32.066+0000] {logging_mixin.py:188} INFO - [2026-02-14T21:20:32.065+0000] {dag.py:3036} INFO - Sync 1 DAGs
[2026-02-14T21:20:32.107+0000] {logging_mixin.py:188} INFO - [2026-02-14T21:20:32.106+0000] {dag.py:3823} INFO - Setting next_dagrun for sec_edgar_pipeline to 2026-02-14 09:00:00+00:00, run_after=2026-02-15 09:00:00+00:00
[2026-02-14T21:20:32.142+0000] {processor.py:183} INFO - Processing /opt/airflow/dags/sec_edgar_dag.py took 0.432 seconds
[2026-02-14T21:21:02.282+0000] {processor.py:161} INFO - Started process (PID=3309) to work on /opt/airflow/dags/sec_edgar_dag.py
[2026-02-14T21:21:02.284+0000] {processor.py:830} INFO - Processing file /opt/airflow/dags/sec_edgar_dag.py for tasks to queue
[2026-02-14T21:21:02.288+0000] {logging_mixin.py:188} INFO - [2026-02-14T21:21:02.287+0000] {dagbag.py:538} INFO - Filling up the DagBag from /opt/airflow/dags/sec_edgar_dag.py
[2026-02-14T21:21:02.598+0000] {processor.py:840} INFO - DAG(s) 'sec_edgar_pipeline' retrieved from /opt/airflow/dags/sec_edgar_dag.py
[2026-02-14T21:21:02.636+0000] {logging_mixin.py:188} INFO - [2026-02-14T21:21:02.636+0000] {dag.py:3036} INFO - Sync 1 DAGs
[2026-02-14T21:21:02.671+0000] {logging_mixin.py:188} INFO - [2026-02-14T21:21:02.670+0000] {dag.py:3823} INFO - Setting next_dagrun for sec_edgar_pipeline to 2026-02-14 09:00:00+00:00, run_after=2026-02-15 09:00:00+00:00
[2026-02-14T21:21:02.707+0000] {processor.py:183} INFO - Processing /opt/airflow/dags/sec_edgar_dag.py took 0.430 seconds
[2026-02-14T21:21:32.896+0000] {processor.py:161} INFO - Started process (PID=3325) to work on /opt/airflow/dags/sec_edgar_dag.py
[2026-02-14T21:21:32.898+0000] {processor.py:830} INFO - Processing file /opt/airflow/dags/sec_edgar_dag.py for tasks to queue
[2026-02-14T21:21:32.903+0000] {logging_mixin.py:188} INFO - [2026-02-14T21:21:32.902+0000] {dagbag.py:538} INFO - Filling up the DagBag from /opt/airflow/dags/sec_edgar_dag.py
[2026-02-14T21:21:33.223+0000] {processor.py:840} INFO - DAG(s) 'sec_edgar_pipeline' retrieved from /opt/airflow/dags/sec_edgar_dag.py
[2026-02-14T21:21:33.265+0000] {logging_mixin.py:188} INFO - [2026-02-14T21:21:33.264+0000] {dag.py:3036} INFO - Sync 1 DAGs
[2026-02-14T21:21:33.301+0000] {logging_mixin.py:188} INFO - [2026-02-14T21:21:33.301+0000] {dag.py:3823} INFO - Setting next_dagrun for sec_edgar_pipeline to 2026-02-14 09:00:00+00:00, run_after=2026-02-15 09:00:00+00:00
[2026-02-14T21:21:33.340+0000] {processor.py:183} INFO - Processing /opt/airflow/dags/sec_edgar_dag.py took 0.450 seconds
[2026-02-14T21:22:03.441+0000] {processor.py:161} INFO - Started process (PID=3341) to work on /opt/airflow/dags/sec_edgar_dag.py
[2026-02-14T21:22:03.443+0000] {processor.py:830} INFO - Processing file /opt/airflow/dags/sec_edgar_dag.py for tasks to queue
[2026-02-14T21:22:03.446+0000] {logging_mixin.py:188} INFO - [2026-02-14T21:22:03.446+0000] {dagbag.py:538} INFO - Filling up the DagBag from /opt/airflow/dags/sec_edgar_dag.py
[2026-02-14T21:22:03.760+0000] {processor.py:840} INFO - DAG(s) 'sec_edgar_pipeline' retrieved from /opt/airflow/dags/sec_edgar_dag.py
[2026-02-14T21:22:03.797+0000] {logging_mixin.py:188} INFO - [2026-02-14T21:22:03.796+0000] {dag.py:3036} INFO - Sync 1 DAGs
[2026-02-14T21:22:03.830+0000] {logging_mixin.py:188} INFO - [2026-02-14T21:22:03.830+0000] {dag.py:3823} INFO - Setting next_dagrun for sec_edgar_pipeline to 2026-02-14 09:00:00+00:00, run_after=2026-02-15 09:00:00+00:00
[2026-02-14T21:22:03.865+0000] {processor.py:183} INFO - Processing /opt/airflow/dags/sec_edgar_dag.py took 0.430 seconds
[2026-02-14T21:22:34.019+0000] {processor.py:161} INFO - Started process (PID=3357) to work on /opt/airflow/dags/sec_edgar_dag.py
[2026-02-14T21:22:34.021+0000] {processor.py:830} INFO - Processing file /opt/airflow/dags/sec_edgar_dag.py for tasks to queue
[2026-02-14T21:22:34.027+0000] {logging_mixin.py:188} INFO - [2026-02-14T21:22:34.026+0000] {dagbag.py:538} INFO - Filling up the DagBag from /opt/airflow/dags/sec_edgar_dag.py
[2026-02-14T21:22:34.350+0000] {processor.py:840} INFO - DAG(s) 'sec_edgar_pipeline' retrieved from /opt/airflow/dags/sec_edgar_dag.py
[2026-02-14T21:22:34.392+0000] {logging_mixin.py:188} INFO - [2026-02-14T21:22:34.391+0000] {dag.py:3036} INFO - Sync 1 DAGs
[2026-02-14T21:22:34.432+0000] {logging_mixin.py:188} INFO - [2026-02-14T21:22:34.432+0000] {dag.py:3823} INFO - Setting next_dagrun for sec_edgar_pipeline to 2026-02-14 09:00:00+00:00, run_after=2026-02-15 09:00:00+00:00
[2026-02-14T21:22:34.461+0000] {processor.py:183} INFO - Processing /opt/airflow/dags/sec_edgar_dag.py took 0.447 seconds
[2026-02-14T21:43:52.717+0000] {processor.py:161} INFO - Started process (PID=3370) to work on /opt/airflow/dags/sec_edgar_dag.py
[2026-02-14T21:43:52.720+0000] {processor.py:830} INFO - Processing file /opt/airflow/dags/sec_edgar_dag.py for tasks to queue
[2026-02-14T21:43:52.730+0000] {logging_mixin.py:188} INFO - [2026-02-14T21:43:52.729+0000] {dagbag.py:538} INFO - Filling up the DagBag from /opt/airflow/dags/sec_edgar_dag.py
[2026-02-14T21:43:53.942+0000] {processor.py:840} INFO - DAG(s) 'sec_edgar_pipeline' retrieved from /opt/airflow/dags/sec_edgar_dag.py
[2026-02-14T21:43:54.041+0000] {logging_mixin.py:188} INFO - [2026-02-14T21:43:54.039+0000] {dag.py:3036} INFO - Sync 1 DAGs
[2026-02-14T21:43:54.087+0000] {logging_mixin.py:188} INFO - [2026-02-14T21:43:54.086+0000] {dag.py:3823} INFO - Setting next_dagrun for sec_edgar_pipeline to 2026-02-14 09:00:00+00:00, run_after=2026-02-15 09:00:00+00:00
[2026-02-14T21:43:54.136+0000] {processor.py:183} INFO - Processing /opt/airflow/dags/sec_edgar_dag.py took 1.429 seconds
[2026-02-14T21:44:24.339+0000] {processor.py:161} INFO - Started process (PID=3391) to work on /opt/airflow/dags/sec_edgar_dag.py
[2026-02-14T21:44:24.340+0000] {processor.py:830} INFO - Processing file /opt/airflow/dags/sec_edgar_dag.py for tasks to queue
[2026-02-14T21:44:24.344+0000] {logging_mixin.py:188} INFO - [2026-02-14T21:44:24.343+0000] {dagbag.py:538} INFO - Filling up the DagBag from /opt/airflow/dags/sec_edgar_dag.py
[2026-02-14T21:44:24.644+0000] {processor.py:840} INFO - DAG(s) 'sec_edgar_pipeline' retrieved from /opt/airflow/dags/sec_edgar_dag.py
[2026-02-14T21:44:24.692+0000] {logging_mixin.py:188} INFO - [2026-02-14T21:44:24.691+0000] {dag.py:3036} INFO - Sync 1 DAGs
[2026-02-14T21:44:24.735+0000] {logging_mixin.py:188} INFO - [2026-02-14T21:44:24.735+0000] {dag.py:3823} INFO - Setting next_dagrun for sec_edgar_pipeline to 2026-02-14 09:00:00+00:00, run_after=2026-02-15 09:00:00+00:00
[2026-02-14T21:44:24.823+0000] {processor.py:183} INFO - Processing /opt/airflow/dags/sec_edgar_dag.py took 0.489 seconds
[2026-02-14T21:44:55.635+0000] {processor.py:161} INFO - Started process (PID=3407) to work on /opt/airflow/dags/sec_edgar_dag.py
[2026-02-14T21:44:55.636+0000] {processor.py:830} INFO - Processing file /opt/airflow/dags/sec_edgar_dag.py for tasks to queue
[2026-02-14T21:44:55.640+0000] {logging_mixin.py:188} INFO - [2026-02-14T21:44:55.640+0000] {dagbag.py:538} INFO - Filling up the DagBag from /opt/airflow/dags/sec_edgar_dag.py
[2026-02-14T21:44:55.938+0000] {processor.py:840} INFO - DAG(s) 'sec_edgar_pipeline' retrieved from /opt/airflow/dags/sec_edgar_dag.py
[2026-02-14T21:44:55.983+0000] {logging_mixin.py:188} INFO - [2026-02-14T21:44:55.983+0000] {dag.py:3036} INFO - Sync 1 DAGs
[2026-02-14T21:44:56.024+0000] {logging_mixin.py:188} INFO - [2026-02-14T21:44:56.023+0000] {dag.py:3823} INFO - Setting next_dagrun for sec_edgar_pipeline to 2026-02-14 09:00:00+00:00, run_after=2026-02-15 09:00:00+00:00
[2026-02-14T21:44:56.097+0000] {processor.py:183} INFO - Processing /opt/airflow/dags/sec_edgar_dag.py took 0.467 seconds
[2026-02-14T21:45:26.348+0000] {processor.py:161} INFO - Started process (PID=3423) to work on /opt/airflow/dags/sec_edgar_dag.py
[2026-02-14T21:45:26.350+0000] {processor.py:830} INFO - Processing file /opt/airflow/dags/sec_edgar_dag.py for tasks to queue
[2026-02-14T21:45:26.353+0000] {logging_mixin.py:188} INFO - [2026-02-14T21:45:26.353+0000] {dagbag.py:538} INFO - Filling up the DagBag from /opt/airflow/dags/sec_edgar_dag.py
[2026-02-14T21:45:26.668+0000] {processor.py:840} INFO - DAG(s) 'sec_edgar_pipeline' retrieved from /opt/airflow/dags/sec_edgar_dag.py
[2026-02-14T21:45:26.708+0000] {logging_mixin.py:188} INFO - [2026-02-14T21:45:26.707+0000] {dag.py:3036} INFO - Sync 1 DAGs
[2026-02-14T21:45:26.748+0000] {logging_mixin.py:188} INFO - [2026-02-14T21:45:26.747+0000] {dag.py:3823} INFO - Setting next_dagrun for sec_edgar_pipeline to 2026-02-14 09:00:00+00:00, run_after=2026-02-15 09:00:00+00:00
[2026-02-14T21:45:26.781+0000] {processor.py:183} INFO - Processing /opt/airflow/dags/sec_edgar_dag.py took 0.437 seconds
[2026-02-14T21:45:56.896+0000] {processor.py:161} INFO - Started process (PID=3439) to work on /opt/airflow/dags/sec_edgar_dag.py
[2026-02-14T21:45:56.898+0000] {processor.py:830} INFO - Processing file /opt/airflow/dags/sec_edgar_dag.py for tasks to queue
[2026-02-14T21:45:56.901+0000] {logging_mixin.py:188} INFO - [2026-02-14T21:45:56.900+0000] {dagbag.py:538} INFO - Filling up the DagBag from /opt/airflow/dags/sec_edgar_dag.py
[2026-02-14T21:45:57.214+0000] {processor.py:840} INFO - DAG(s) 'sec_edgar_pipeline' retrieved from /opt/airflow/dags/sec_edgar_dag.py
[2026-02-14T21:45:57.255+0000] {logging_mixin.py:188} INFO - [2026-02-14T21:45:57.255+0000] {dag.py:3036} INFO - Sync 1 DAGs
[2026-02-14T21:45:57.291+0000] {logging_mixin.py:188} INFO - [2026-02-14T21:45:57.291+0000] {dag.py:3823} INFO - Setting next_dagrun for sec_edgar_pipeline to 2026-02-14 09:00:00+00:00, run_after=2026-02-15 09:00:00+00:00
[2026-02-14T21:45:57.326+0000] {processor.py:183} INFO - Processing /opt/airflow/dags/sec_edgar_dag.py took 0.435 seconds
[2026-02-14T21:46:27.439+0000] {processor.py:161} INFO - Started process (PID=3455) to work on /opt/airflow/dags/sec_edgar_dag.py
[2026-02-14T21:46:27.441+0000] {processor.py:830} INFO - Processing file /opt/airflow/dags/sec_edgar_dag.py for tasks to queue
[2026-02-14T21:46:27.445+0000] {logging_mixin.py:188} INFO - [2026-02-14T21:46:27.445+0000] {dagbag.py:538} INFO - Filling up the DagBag from /opt/airflow/dags/sec_edgar_dag.py
[2026-02-14T21:46:27.772+0000] {processor.py:840} INFO - DAG(s) 'sec_edgar_pipeline' retrieved from /opt/airflow/dags/sec_edgar_dag.py
[2026-02-14T21:46:27.817+0000] {logging_mixin.py:188} INFO - [2026-02-14T21:46:27.817+0000] {dag.py:3036} INFO - Sync 1 DAGs
[2026-02-14T21:46:27.859+0000] {logging_mixin.py:188} INFO - [2026-02-14T21:46:27.859+0000] {dag.py:3823} INFO - Setting next_dagrun for sec_edgar_pipeline to 2026-02-14 09:00:00+00:00, run_after=2026-02-15 09:00:00+00:00
[2026-02-14T21:46:27.944+0000] {processor.py:183} INFO - Processing /opt/airflow/dags/sec_edgar_dag.py took 0.510 seconds
[2026-02-14T21:46:58.768+0000] {processor.py:161} INFO - Started process (PID=3471) to work on /opt/airflow/dags/sec_edgar_dag.py
[2026-02-14T21:46:58.769+0000] {processor.py:830} INFO - Processing file /opt/airflow/dags/sec_edgar_dag.py for tasks to queue
[2026-02-14T21:46:58.772+0000] {logging_mixin.py:188} INFO - [2026-02-14T21:46:58.772+0000] {dagbag.py:538} INFO - Filling up the DagBag from /opt/airflow/dags/sec_edgar_dag.py
[2026-02-14T21:46:59.079+0000] {processor.py:840} INFO - DAG(s) 'sec_edgar_pipeline' retrieved from /opt/airflow/dags/sec_edgar_dag.py
[2026-02-14T21:46:59.118+0000] {logging_mixin.py:188} INFO - [2026-02-14T21:46:59.117+0000] {dag.py:3036} INFO - Sync 1 DAGs
[2026-02-14T21:46:59.157+0000] {logging_mixin.py:188} INFO - [2026-02-14T21:46:59.156+0000] {dag.py:3823} INFO - Setting next_dagrun for sec_edgar_pipeline to 2026-02-14 09:00:00+00:00, run_after=2026-02-15 09:00:00+00:00
[2026-02-14T21:46:59.235+0000] {processor.py:183} INFO - Processing /opt/airflow/dags/sec_edgar_dag.py took 0.471 seconds
[2026-02-14T21:47:29.488+0000] {processor.py:161} INFO - Started process (PID=3487) to work on /opt/airflow/dags/sec_edgar_dag.py
[2026-02-14T21:47:29.491+0000] {processor.py:830} INFO - Processing file /opt/airflow/dags/sec_edgar_dag.py for tasks to queue
[2026-02-14T21:47:29.496+0000] {logging_mixin.py:188} INFO - [2026-02-14T21:47:29.495+0000] {dagbag.py:538} INFO - Filling up the DagBag from /opt/airflow/dags/sec_edgar_dag.py
[2026-02-14T21:47:29.796+0000] {processor.py:840} INFO - DAG(s) 'sec_edgar_pipeline' retrieved from /opt/airflow/dags/sec_edgar_dag.py
[2026-02-14T21:47:29.829+0000] {logging_mixin.py:188} INFO - [2026-02-14T21:47:29.829+0000] {dag.py:3036} INFO - Sync 1 DAGs
[2026-02-14T21:47:29.861+0000] {logging_mixin.py:188} INFO - [2026-02-14T21:47:29.861+0000] {dag.py:3823} INFO - Setting next_dagrun for sec_edgar_pipeline to 2026-02-14 09:00:00+00:00, run_after=2026-02-15 09:00:00+00:00
[2026-02-14T21:47:29.940+0000] {processor.py:183} INFO - Processing /opt/airflow/dags/sec_edgar_dag.py took 0.457 seconds
[2026-02-14T21:48:00.045+0000] {processor.py:161} INFO - Started process (PID=3503) to work on /opt/airflow/dags/sec_edgar_dag.py
[2026-02-14T21:48:00.047+0000] {processor.py:830} INFO - Processing file /opt/airflow/dags/sec_edgar_dag.py for tasks to queue
[2026-02-14T21:48:00.052+0000] {logging_mixin.py:188} INFO - [2026-02-14T21:48:00.051+0000] {dagbag.py:538} INFO - Filling up the DagBag from /opt/airflow/dags/sec_edgar_dag.py
[2026-02-14T21:48:00.332+0000] {processor.py:840} INFO - DAG(s) 'sec_edgar_pipeline' retrieved from /opt/airflow/dags/sec_edgar_dag.py
[2026-02-14T21:48:00.372+0000] {logging_mixin.py:188} INFO - [2026-02-14T21:48:00.371+0000] {dag.py:3036} INFO - Sync 1 DAGs
[2026-02-14T21:48:00.403+0000] {logging_mixin.py:188} INFO - [2026-02-14T21:48:00.403+0000] {dag.py:3823} INFO - Setting next_dagrun for sec_edgar_pipeline to 2026-02-14 09:00:00+00:00, run_after=2026-02-15 09:00:00+00:00
[2026-02-14T21:48:00.484+0000] {processor.py:183} INFO - Processing /opt/airflow/dags/sec_edgar_dag.py took 0.444 seconds
[2026-02-14T21:48:30.624+0000] {processor.py:161} INFO - Started process (PID=3519) to work on /opt/airflow/dags/sec_edgar_dag.py
[2026-02-14T21:48:30.626+0000] {processor.py:830} INFO - Processing file /opt/airflow/dags/sec_edgar_dag.py for tasks to queue
[2026-02-14T21:48:30.630+0000] {logging_mixin.py:188} INFO - [2026-02-14T21:48:30.630+0000] {dagbag.py:538} INFO - Filling up the DagBag from /opt/airflow/dags/sec_edgar_dag.py
[2026-02-14T21:48:30.944+0000] {processor.py:840} INFO - DAG(s) 'sec_edgar_pipeline' retrieved from /opt/airflow/dags/sec_edgar_dag.py
[2026-02-14T21:48:30.995+0000] {logging_mixin.py:188} INFO - [2026-02-14T21:48:30.994+0000] {dag.py:3036} INFO - Sync 1 DAGs
[2026-02-14T21:48:31.034+0000] {logging_mixin.py:188} INFO - [2026-02-14T21:48:31.034+0000] {dag.py:3823} INFO - Setting next_dagrun for sec_edgar_pipeline to 2026-02-14 09:00:00+00:00, run_after=2026-02-15 09:00:00+00:00
[2026-02-14T21:48:31.117+0000] {processor.py:183} INFO - Processing /opt/airflow/dags/sec_edgar_dag.py took 0.497 seconds
[2026-02-14T21:49:01.343+0000] {processor.py:161} INFO - Started process (PID=3535) to work on /opt/airflow/dags/sec_edgar_dag.py
[2026-02-14T21:49:01.345+0000] {processor.py:830} INFO - Processing file /opt/airflow/dags/sec_edgar_dag.py for tasks to queue
[2026-02-14T21:49:01.349+0000] {logging_mixin.py:188} INFO - [2026-02-14T21:49:01.348+0000] {dagbag.py:538} INFO - Filling up the DagBag from /opt/airflow/dags/sec_edgar_dag.py
[2026-02-14T21:49:01.641+0000] {processor.py:840} INFO - DAG(s) 'sec_edgar_pipeline' retrieved from /opt/airflow/dags/sec_edgar_dag.py
[2026-02-14T21:49:01.683+0000] {logging_mixin.py:188} INFO - [2026-02-14T21:49:01.682+0000] {dag.py:3036} INFO - Sync 1 DAGs
[2026-02-14T21:49:01.718+0000] {logging_mixin.py:188} INFO - [2026-02-14T21:49:01.718+0000] {dag.py:3823} INFO - Setting next_dagrun for sec_edgar_pipeline to 2026-02-14 09:00:00+00:00, run_after=2026-02-15 09:00:00+00:00
[2026-02-14T21:49:01.805+0000] {processor.py:183} INFO - Processing /opt/airflow/dags/sec_edgar_dag.py took 0.466 seconds
[2026-02-14T21:49:32.656+0000] {processor.py:161} INFO - Started process (PID=3551) to work on /opt/airflow/dags/sec_edgar_dag.py
[2026-02-14T21:49:32.658+0000] {processor.py:830} INFO - Processing file /opt/airflow/dags/sec_edgar_dag.py for tasks to queue
[2026-02-14T21:49:32.662+0000] {logging_mixin.py:188} INFO - [2026-02-14T21:49:32.662+0000] {dagbag.py:538} INFO - Filling up the DagBag from /opt/airflow/dags/sec_edgar_dag.py
[2026-02-14T21:49:32.984+0000] {processor.py:840} INFO - DAG(s) 'sec_edgar_pipeline' retrieved from /opt/airflow/dags/sec_edgar_dag.py
[2026-02-14T21:49:33.022+0000] {logging_mixin.py:188} INFO - [2026-02-14T21:49:33.022+0000] {dag.py:3036} INFO - Sync 1 DAGs
[2026-02-14T21:49:33.056+0000] {logging_mixin.py:188} INFO - [2026-02-14T21:49:33.055+0000] {dag.py:3823} INFO - Setting next_dagrun for sec_edgar_pipeline to 2026-02-14 09:00:00+00:00, run_after=2026-02-15 09:00:00+00:00
[2026-02-14T21:49:33.137+0000] {processor.py:183} INFO - Processing /opt/airflow/dags/sec_edgar_dag.py took 0.486 seconds
[2026-02-14T21:50:03.407+0000] {processor.py:161} INFO - Started process (PID=3567) to work on /opt/airflow/dags/sec_edgar_dag.py
[2026-02-14T21:50:03.409+0000] {processor.py:830} INFO - Processing file /opt/airflow/dags/sec_edgar_dag.py for tasks to queue
[2026-02-14T21:50:03.413+0000] {logging_mixin.py:188} INFO - [2026-02-14T21:50:03.412+0000] {dagbag.py:538} INFO - Filling up the DagBag from /opt/airflow/dags/sec_edgar_dag.py
[2026-02-14T21:50:03.729+0000] {processor.py:840} INFO - DAG(s) 'sec_edgar_pipeline' retrieved from /opt/airflow/dags/sec_edgar_dag.py
[2026-02-14T21:50:03.778+0000] {logging_mixin.py:188} INFO - [2026-02-14T21:50:03.777+0000] {dag.py:3036} INFO - Sync 1 DAGs
[2026-02-14T21:50:03.815+0000] {logging_mixin.py:188} INFO - [2026-02-14T21:50:03.815+0000] {dag.py:3823} INFO - Setting next_dagrun for sec_edgar_pipeline to 2026-02-14 09:00:00+00:00, run_after=2026-02-15 09:00:00+00:00
[2026-02-14T21:50:03.852+0000] {processor.py:183} INFO - Processing /opt/airflow/dags/sec_edgar_dag.py took 0.450 seconds
[2026-02-14T21:50:33.941+0000] {processor.py:161} INFO - Started process (PID=3583) to work on /opt/airflow/dags/sec_edgar_dag.py
[2026-02-14T21:50:33.943+0000] {processor.py:830} INFO - Processing file /opt/airflow/dags/sec_edgar_dag.py for tasks to queue
[2026-02-14T21:50:33.946+0000] {logging_mixin.py:188} INFO - [2026-02-14T21:50:33.946+0000] {dagbag.py:538} INFO - Filling up the DagBag from /opt/airflow/dags/sec_edgar_dag.py
[2026-02-14T21:50:34.269+0000] {processor.py:840} INFO - DAG(s) 'sec_edgar_pipeline' retrieved from /opt/airflow/dags/sec_edgar_dag.py
[2026-02-14T21:50:34.312+0000] {logging_mixin.py:188} INFO - [2026-02-14T21:50:34.311+0000] {dag.py:3036} INFO - Sync 1 DAGs
[2026-02-14T21:50:34.347+0000] {logging_mixin.py:188} INFO - [2026-02-14T21:50:34.346+0000] {dag.py:3823} INFO - Setting next_dagrun for sec_edgar_pipeline to 2026-02-14 09:00:00+00:00, run_after=2026-02-15 09:00:00+00:00
[2026-02-14T21:50:34.431+0000] {processor.py:183} INFO - Processing /opt/airflow/dags/sec_edgar_dag.py took 0.494 seconds
[2026-02-14T21:51:05.262+0000] {processor.py:161} INFO - Started process (PID=3599) to work on /opt/airflow/dags/sec_edgar_dag.py
[2026-02-14T21:51:05.264+0000] {processor.py:830} INFO - Processing file /opt/airflow/dags/sec_edgar_dag.py for tasks to queue
[2026-02-14T21:51:05.268+0000] {logging_mixin.py:188} INFO - [2026-02-14T21:51:05.267+0000] {dagbag.py:538} INFO - Filling up the DagBag from /opt/airflow/dags/sec_edgar_dag.py
[2026-02-14T21:51:05.587+0000] {processor.py:840} INFO - DAG(s) 'sec_edgar_pipeline' retrieved from /opt/airflow/dags/sec_edgar_dag.py
[2026-02-14T21:51:05.632+0000] {logging_mixin.py:188} INFO - [2026-02-14T21:51:05.632+0000] {dag.py:3036} INFO - Sync 1 DAGs
[2026-02-14T21:51:05.671+0000] {logging_mixin.py:188} INFO - [2026-02-14T21:51:05.670+0000] {dag.py:3823} INFO - Setting next_dagrun for sec_edgar_pipeline to 2026-02-14 09:00:00+00:00, run_after=2026-02-15 09:00:00+00:00
[2026-02-14T21:51:05.753+0000] {processor.py:183} INFO - Processing /opt/airflow/dags/sec_edgar_dag.py took 0.496 seconds
[2026-02-14T21:51:36.014+0000] {processor.py:161} INFO - Started process (PID=3615) to work on /opt/airflow/dags/sec_edgar_dag.py
[2026-02-14T21:51:36.017+0000] {processor.py:830} INFO - Processing file /opt/airflow/dags/sec_edgar_dag.py for tasks to queue
[2026-02-14T21:51:36.021+0000] {logging_mixin.py:188} INFO - [2026-02-14T21:51:36.020+0000] {dagbag.py:538} INFO - Filling up the DagBag from /opt/airflow/dags/sec_edgar_dag.py
[2026-02-14T21:51:36.344+0000] {processor.py:840} INFO - DAG(s) 'sec_edgar_pipeline' retrieved from /opt/airflow/dags/sec_edgar_dag.py
[2026-02-14T21:51:36.390+0000] {logging_mixin.py:188} INFO - [2026-02-14T21:51:36.389+0000] {dag.py:3036} INFO - Sync 1 DAGs
[2026-02-14T21:51:36.428+0000] {logging_mixin.py:188} INFO - [2026-02-14T21:51:36.428+0000] {dag.py:3823} INFO - Setting next_dagrun for sec_edgar_pipeline to 2026-02-14 09:00:00+00:00, run_after=2026-02-15 09:00:00+00:00
[2026-02-14T21:51:36.516+0000] {processor.py:183} INFO - Processing /opt/airflow/dags/sec_edgar_dag.py took 0.507 seconds
[2026-02-14T21:52:07.344+0000] {processor.py:161} INFO - Started process (PID=3631) to work on /opt/airflow/dags/sec_edgar_dag.py
[2026-02-14T21:52:07.346+0000] {processor.py:830} INFO - Processing file /opt/airflow/dags/sec_edgar_dag.py for tasks to queue
[2026-02-14T21:52:07.350+0000] {logging_mixin.py:188} INFO - [2026-02-14T21:52:07.349+0000] {dagbag.py:538} INFO - Filling up the DagBag from /opt/airflow/dags/sec_edgar_dag.py
[2026-02-14T21:52:07.664+0000] {processor.py:840} INFO - DAG(s) 'sec_edgar_pipeline' retrieved from /opt/airflow/dags/sec_edgar_dag.py
[2026-02-14T21:52:07.708+0000] {logging_mixin.py:188} INFO - [2026-02-14T21:52:07.707+0000] {dag.py:3036} INFO - Sync 1 DAGs
[2026-02-14T21:52:07.743+0000] {logging_mixin.py:188} INFO - [2026-02-14T21:52:07.743+0000] {dag.py:3823} INFO - Setting next_dagrun for sec_edgar_pipeline to 2026-02-14 09:00:00+00:00, run_after=2026-02-15 09:00:00+00:00
[2026-02-14T21:52:07.826+0000] {processor.py:183} INFO - Processing /opt/airflow/dags/sec_edgar_dag.py took 0.486 seconds
[2026-02-14T21:52:38.086+0000] {processor.py:161} INFO - Started process (PID=3647) to work on /opt/airflow/dags/sec_edgar_dag.py
[2026-02-14T21:52:38.088+0000] {processor.py:830} INFO - Processing file /opt/airflow/dags/sec_edgar_dag.py for tasks to queue
[2026-02-14T21:52:38.091+0000] {logging_mixin.py:188} INFO - [2026-02-14T21:52:38.090+0000] {dagbag.py:538} INFO - Filling up the DagBag from /opt/airflow/dags/sec_edgar_dag.py
[2026-02-14T21:52:38.399+0000] {processor.py:840} INFO - DAG(s) 'sec_edgar_pipeline' retrieved from /opt/airflow/dags/sec_edgar_dag.py
[2026-02-14T21:52:38.438+0000] {logging_mixin.py:188} INFO - [2026-02-14T21:52:38.437+0000] {dag.py:3036} INFO - Sync 1 DAGs
[2026-02-14T21:52:38.474+0000] {logging_mixin.py:188} INFO - [2026-02-14T21:52:38.474+0000] {dag.py:3823} INFO - Setting next_dagrun for sec_edgar_pipeline to 2026-02-14 09:00:00+00:00, run_after=2026-02-15 09:00:00+00:00
[2026-02-14T21:52:38.556+0000] {processor.py:183} INFO - Processing /opt/airflow/dags/sec_edgar_dag.py took 0.474 seconds
[2026-02-14T21:53:09.415+0000] {processor.py:161} INFO - Started process (PID=3663) to work on /opt/airflow/dags/sec_edgar_dag.py
[2026-02-14T21:53:09.416+0000] {processor.py:830} INFO - Processing file /opt/airflow/dags/sec_edgar_dag.py for tasks to queue
[2026-02-14T21:53:09.421+0000] {logging_mixin.py:188} INFO - [2026-02-14T21:53:09.420+0000] {dagbag.py:538} INFO - Filling up the DagBag from /opt/airflow/dags/sec_edgar_dag.py
[2026-02-14T21:53:09.750+0000] {processor.py:840} INFO - DAG(s) 'sec_edgar_pipeline' retrieved from /opt/airflow/dags/sec_edgar_dag.py
[2026-02-14T21:53:09.793+0000] {logging_mixin.py:188} INFO - [2026-02-14T21:53:09.792+0000] {dag.py:3036} INFO - Sync 1 DAGs
[2026-02-14T21:53:09.830+0000] {logging_mixin.py:188} INFO - [2026-02-14T21:53:09.830+0000] {dag.py:3823} INFO - Setting next_dagrun for sec_edgar_pipeline to 2026-02-14 09:00:00+00:00, run_after=2026-02-15 09:00:00+00:00
[2026-02-14T21:53:09.916+0000] {processor.py:183} INFO - Processing /opt/airflow/dags/sec_edgar_dag.py took 0.509 seconds
[2026-02-14T21:53:40.119+0000] {processor.py:161} INFO - Started process (PID=3679) to work on /opt/airflow/dags/sec_edgar_dag.py
[2026-02-14T21:53:40.121+0000] {processor.py:830} INFO - Processing file /opt/airflow/dags/sec_edgar_dag.py for tasks to queue
[2026-02-14T21:53:40.124+0000] {logging_mixin.py:188} INFO - [2026-02-14T21:53:40.123+0000] {dagbag.py:538} INFO - Filling up the DagBag from /opt/airflow/dags/sec_edgar_dag.py
[2026-02-14T21:53:40.442+0000] {processor.py:840} INFO - DAG(s) 'sec_edgar_pipeline' retrieved from /opt/airflow/dags/sec_edgar_dag.py
[2026-02-14T21:53:40.489+0000] {logging_mixin.py:188} INFO - [2026-02-14T21:53:40.488+0000] {dag.py:3036} INFO - Sync 1 DAGs
[2026-02-14T21:53:40.530+0000] {logging_mixin.py:188} INFO - [2026-02-14T21:53:40.529+0000] {dag.py:3823} INFO - Setting next_dagrun for sec_edgar_pipeline to 2026-02-14 09:00:00+00:00, run_after=2026-02-15 09:00:00+00:00
[2026-02-14T21:53:40.619+0000] {processor.py:183} INFO - Processing /opt/airflow/dags/sec_edgar_dag.py took 0.505 seconds
[2026-02-14T21:54:11.235+0000] {processor.py:161} INFO - Started process (PID=3695) to work on /opt/airflow/dags/sec_edgar_dag.py
[2026-02-14T21:54:11.237+0000] {processor.py:830} INFO - Processing file /opt/airflow/dags/sec_edgar_dag.py for tasks to queue
[2026-02-14T21:54:11.241+0000] {logging_mixin.py:188} INFO - [2026-02-14T21:54:11.241+0000] {dagbag.py:538} INFO - Filling up the DagBag from /opt/airflow/dags/sec_edgar_dag.py
[2026-02-14T21:54:11.544+0000] {processor.py:840} INFO - DAG(s) 'sec_edgar_pipeline' retrieved from /opt/airflow/dags/sec_edgar_dag.py
[2026-02-14T21:54:11.583+0000] {logging_mixin.py:188} INFO - [2026-02-14T21:54:11.582+0000] {dag.py:3036} INFO - Sync 1 DAGs
[2026-02-14T21:54:11.620+0000] {logging_mixin.py:188} INFO - [2026-02-14T21:54:11.620+0000] {dag.py:3823} INFO - Setting next_dagrun for sec_edgar_pipeline to 2026-02-14 09:00:00+00:00, run_after=2026-02-15 09:00:00+00:00
[2026-02-14T21:54:11.703+0000] {processor.py:183} INFO - Processing /opt/airflow/dags/sec_edgar_dag.py took 0.472 seconds
[2026-02-14T21:54:41.983+0000] {processor.py:161} INFO - Started process (PID=3711) to work on /opt/airflow/dags/sec_edgar_dag.py
[2026-02-14T21:54:41.984+0000] {processor.py:830} INFO - Processing file /opt/airflow/dags/sec_edgar_dag.py for tasks to queue
[2026-02-14T21:54:41.988+0000] {logging_mixin.py:188} INFO - [2026-02-14T21:54:41.988+0000] {dagbag.py:538} INFO - Filling up the DagBag from /opt/airflow/dags/sec_edgar_dag.py
[2026-02-14T21:54:42.293+0000] {processor.py:840} INFO - DAG(s) 'sec_edgar_pipeline' retrieved from /opt/airflow/dags/sec_edgar_dag.py
[2026-02-14T21:54:42.349+0000] {logging_mixin.py:188} INFO - [2026-02-14T21:54:42.348+0000] {dag.py:3036} INFO - Sync 1 DAGs
[2026-02-14T21:54:42.399+0000] {logging_mixin.py:188} INFO - [2026-02-14T21:54:42.399+0000] {dag.py:3823} INFO - Setting next_dagrun for sec_edgar_pipeline to 2026-02-14 09:00:00+00:00, run_after=2026-02-15 09:00:00+00:00
[2026-02-14T21:54:42.486+0000] {processor.py:183} INFO - Processing /opt/airflow/dags/sec_edgar_dag.py took 0.508 seconds
[2026-02-14T21:55:13.317+0000] {processor.py:161} INFO - Started process (PID=3727) to work on /opt/airflow/dags/sec_edgar_dag.py
[2026-02-14T21:55:13.319+0000] {processor.py:830} INFO - Processing file /opt/airflow/dags/sec_edgar_dag.py for tasks to queue
[2026-02-14T21:55:13.323+0000] {logging_mixin.py:188} INFO - [2026-02-14T21:55:13.323+0000] {dagbag.py:538} INFO - Filling up the DagBag from /opt/airflow/dags/sec_edgar_dag.py
[2026-02-14T21:55:13.662+0000] {processor.py:840} INFO - DAG(s) 'sec_edgar_pipeline' retrieved from /opt/airflow/dags/sec_edgar_dag.py
[2026-02-14T21:55:13.703+0000] {logging_mixin.py:188} INFO - [2026-02-14T21:55:13.702+0000] {dag.py:3036} INFO - Sync 1 DAGs
[2026-02-14T21:55:13.742+0000] {logging_mixin.py:188} INFO - [2026-02-14T21:55:13.741+0000] {dag.py:3823} INFO - Setting next_dagrun for sec_edgar_pipeline to 2026-02-14 09:00:00+00:00, run_after=2026-02-15 09:00:00+00:00
[2026-02-14T21:55:13.825+0000] {processor.py:183} INFO - Processing /opt/airflow/dags/sec_edgar_dag.py took 0.512 seconds
[2026-02-14T21:55:44.031+0000] {processor.py:161} INFO - Started process (PID=3743) to work on /opt/airflow/dags/sec_edgar_dag.py
[2026-02-14T21:55:44.033+0000] {processor.py:830} INFO - Processing file /opt/airflow/dags/sec_edgar_dag.py for tasks to queue
[2026-02-14T21:55:44.037+0000] {logging_mixin.py:188} INFO - [2026-02-14T21:55:44.037+0000] {dagbag.py:538} INFO - Filling up the DagBag from /opt/airflow/dags/sec_edgar_dag.py
[2026-02-14T21:55:44.340+0000] {processor.py:840} INFO - DAG(s) 'sec_edgar_pipeline' retrieved from /opt/airflow/dags/sec_edgar_dag.py
[2026-02-14T21:55:44.393+0000] {logging_mixin.py:188} INFO - [2026-02-14T21:55:44.392+0000] {dag.py:3036} INFO - Sync 1 DAGs
[2026-02-14T21:55:44.434+0000] {logging_mixin.py:188} INFO - [2026-02-14T21:55:44.433+0000] {dag.py:3823} INFO - Setting next_dagrun for sec_edgar_pipeline to 2026-02-14 09:00:00+00:00, run_after=2026-02-15 09:00:00+00:00
[2026-02-14T21:55:44.520+0000] {processor.py:183} INFO - Processing /opt/airflow/dags/sec_edgar_dag.py took 0.494 seconds
[2026-02-14T21:56:15.346+0000] {processor.py:161} INFO - Started process (PID=3765) to work on /opt/airflow/dags/sec_edgar_dag.py
[2026-02-14T21:56:15.347+0000] {processor.py:830} INFO - Processing file /opt/airflow/dags/sec_edgar_dag.py for tasks to queue
[2026-02-14T21:56:15.350+0000] {logging_mixin.py:188} INFO - [2026-02-14T21:56:15.350+0000] {dagbag.py:538} INFO - Filling up the DagBag from /opt/airflow/dags/sec_edgar_dag.py
[2026-02-14T21:56:15.636+0000] {processor.py:840} INFO - DAG(s) 'sec_edgar_pipeline' retrieved from /opt/airflow/dags/sec_edgar_dag.py
[2026-02-14T21:56:15.678+0000] {logging_mixin.py:188} INFO - [2026-02-14T21:56:15.677+0000] {dag.py:3036} INFO - Sync 1 DAGs
[2026-02-14T21:56:15.713+0000] {logging_mixin.py:188} INFO - [2026-02-14T21:56:15.713+0000] {dag.py:3823} INFO - Setting next_dagrun for sec_edgar_pipeline to 2026-02-14 09:00:00+00:00, run_after=2026-02-15 09:00:00+00:00
[2026-02-14T21:56:15.797+0000] {processor.py:183} INFO - Processing /opt/airflow/dags/sec_edgar_dag.py took 0.456 seconds
[2026-02-14T21:56:46.089+0000] {processor.py:161} INFO - Started process (PID=3781) to work on /opt/airflow/dags/sec_edgar_dag.py
[2026-02-14T21:56:46.091+0000] {processor.py:830} INFO - Processing file /opt/airflow/dags/sec_edgar_dag.py for tasks to queue
[2026-02-14T21:56:46.094+0000] {logging_mixin.py:188} INFO - [2026-02-14T21:56:46.094+0000] {dagbag.py:538} INFO - Filling up the DagBag from /opt/airflow/dags/sec_edgar_dag.py
[2026-02-14T21:56:46.422+0000] {processor.py:840} INFO - DAG(s) 'sec_edgar_pipeline' retrieved from /opt/airflow/dags/sec_edgar_dag.py
[2026-02-14T21:56:46.465+0000] {logging_mixin.py:188} INFO - [2026-02-14T21:56:46.464+0000] {dag.py:3036} INFO - Sync 1 DAGs
[2026-02-14T21:56:46.502+0000] {logging_mixin.py:188} INFO - [2026-02-14T21:56:46.501+0000] {dag.py:3823} INFO - Setting next_dagrun for sec_edgar_pipeline to 2026-02-14 09:00:00+00:00, run_after=2026-02-15 09:00:00+00:00
[2026-02-14T21:56:46.590+0000] {processor.py:183} INFO - Processing /opt/airflow/dags/sec_edgar_dag.py took 0.507 seconds
[2026-02-14T21:57:17.409+0000] {processor.py:161} INFO - Started process (PID=3797) to work on /opt/airflow/dags/sec_edgar_dag.py
[2026-02-14T21:57:17.411+0000] {processor.py:830} INFO - Processing file /opt/airflow/dags/sec_edgar_dag.py for tasks to queue
[2026-02-14T21:57:17.415+0000] {logging_mixin.py:188} INFO - [2026-02-14T21:57:17.414+0000] {dagbag.py:538} INFO - Filling up the DagBag from /opt/airflow/dags/sec_edgar_dag.py
[2026-02-14T21:57:17.730+0000] {processor.py:840} INFO - DAG(s) 'sec_edgar_pipeline' retrieved from /opt/airflow/dags/sec_edgar_dag.py
[2026-02-14T21:57:17.775+0000] {logging_mixin.py:188} INFO - [2026-02-14T21:57:17.774+0000] {dag.py:3036} INFO - Sync 1 DAGs
[2026-02-14T21:57:17.810+0000] {logging_mixin.py:188} INFO - [2026-02-14T21:57:17.810+0000] {dag.py:3823} INFO - Setting next_dagrun for sec_edgar_pipeline to 2026-02-14 09:00:00+00:00, run_after=2026-02-15 09:00:00+00:00
[2026-02-14T21:57:17.894+0000] {processor.py:183} INFO - Processing /opt/airflow/dags/sec_edgar_dag.py took 0.489 seconds
[2026-02-14T21:57:48.126+0000] {processor.py:161} INFO - Started process (PID=3813) to work on /opt/airflow/dags/sec_edgar_dag.py
[2026-02-14T21:57:48.127+0000] {processor.py:830} INFO - Processing file /opt/airflow/dags/sec_edgar_dag.py for tasks to queue
[2026-02-14T21:57:48.131+0000] {logging_mixin.py:188} INFO - [2026-02-14T21:57:48.130+0000] {dagbag.py:538} INFO - Filling up the DagBag from /opt/airflow/dags/sec_edgar_dag.py
[2026-02-14T21:57:48.459+0000] {processor.py:840} INFO - DAG(s) 'sec_edgar_pipeline' retrieved from /opt/airflow/dags/sec_edgar_dag.py
[2026-02-14T21:57:48.504+0000] {logging_mixin.py:188} INFO - [2026-02-14T21:57:48.503+0000] {dag.py:3036} INFO - Sync 1 DAGs
[2026-02-14T21:57:48.540+0000] {logging_mixin.py:188} INFO - [2026-02-14T21:57:48.540+0000] {dag.py:3823} INFO - Setting next_dagrun for sec_edgar_pipeline to 2026-02-14 09:00:00+00:00, run_after=2026-02-15 09:00:00+00:00
[2026-02-14T21:57:48.626+0000] {processor.py:183} INFO - Processing /opt/airflow/dags/sec_edgar_dag.py took 0.505 seconds
[2026-02-14T21:58:19.471+0000] {processor.py:161} INFO - Started process (PID=3829) to work on /opt/airflow/dags/sec_edgar_dag.py
[2026-02-14T21:58:19.473+0000] {processor.py:830} INFO - Processing file /opt/airflow/dags/sec_edgar_dag.py for tasks to queue
[2026-02-14T21:58:19.477+0000] {logging_mixin.py:188} INFO - [2026-02-14T21:58:19.477+0000] {dagbag.py:538} INFO - Filling up the DagBag from /opt/airflow/dags/sec_edgar_dag.py
[2026-02-14T21:58:19.881+0000] {processor.py:840} INFO - DAG(s) 'sec_edgar_pipeline' retrieved from /opt/airflow/dags/sec_edgar_dag.py
[2026-02-14T21:58:19.923+0000] {logging_mixin.py:188} INFO - [2026-02-14T21:58:19.922+0000] {dag.py:3036} INFO - Sync 1 DAGs
[2026-02-14T21:58:19.958+0000] {logging_mixin.py:188} INFO - [2026-02-14T21:58:19.958+0000] {dag.py:3823} INFO - Setting next_dagrun for sec_edgar_pipeline to 2026-02-14 09:00:00+00:00, run_after=2026-02-15 09:00:00+00:00
[2026-02-14T21:58:20.043+0000] {processor.py:183} INFO - Processing /opt/airflow/dags/sec_edgar_dag.py took 0.578 seconds
[2026-02-14T21:58:50.126+0000] {processor.py:161} INFO - Started process (PID=3845) to work on /opt/airflow/dags/sec_edgar_dag.py
[2026-02-14T21:58:50.128+0000] {processor.py:830} INFO - Processing file /opt/airflow/dags/sec_edgar_dag.py for tasks to queue
[2026-02-14T21:58:50.131+0000] {logging_mixin.py:188} INFO - [2026-02-14T21:58:50.131+0000] {dagbag.py:538} INFO - Filling up the DagBag from /opt/airflow/dags/sec_edgar_dag.py
[2026-02-14T21:58:50.438+0000] {processor.py:840} INFO - DAG(s) 'sec_edgar_pipeline' retrieved from /opt/airflow/dags/sec_edgar_dag.py
[2026-02-14T21:58:50.481+0000] {logging_mixin.py:188} INFO - [2026-02-14T21:58:50.480+0000] {dag.py:3036} INFO - Sync 1 DAGs
[2026-02-14T21:58:50.517+0000] {logging_mixin.py:188} INFO - [2026-02-14T21:58:50.516+0000] {dag.py:3823} INFO - Setting next_dagrun for sec_edgar_pipeline to 2026-02-14 09:00:00+00:00, run_after=2026-02-15 09:00:00+00:00
[2026-02-14T21:58:50.550+0000] {processor.py:183} INFO - Processing /opt/airflow/dags/sec_edgar_dag.py took 0.428 seconds
[2026-02-14T21:59:21.215+0000] {processor.py:161} INFO - Started process (PID=3861) to work on /opt/airflow/dags/sec_edgar_dag.py
[2026-02-14T21:59:21.218+0000] {processor.py:830} INFO - Processing file /opt/airflow/dags/sec_edgar_dag.py for tasks to queue
[2026-02-14T21:59:21.221+0000] {logging_mixin.py:188} INFO - [2026-02-14T21:59:21.221+0000] {dagbag.py:538} INFO - Filling up the DagBag from /opt/airflow/dags/sec_edgar_dag.py
[2026-02-14T21:59:21.518+0000] {processor.py:840} INFO - DAG(s) 'sec_edgar_pipeline' retrieved from /opt/airflow/dags/sec_edgar_dag.py
[2026-02-14T21:59:21.557+0000] {logging_mixin.py:188} INFO - [2026-02-14T21:59:21.556+0000] {dag.py:3036} INFO - Sync 1 DAGs
[2026-02-14T21:59:21.604+0000] {logging_mixin.py:188} INFO - [2026-02-14T21:59:21.603+0000] {dag.py:3823} INFO - Setting next_dagrun for sec_edgar_pipeline to 2026-02-14 09:00:00+00:00, run_after=2026-02-15 09:00:00+00:00
[2026-02-14T21:59:21.687+0000] {processor.py:183} INFO - Processing /opt/airflow/dags/sec_edgar_dag.py took 0.477 seconds
[2026-02-14T22:00:30.560+0000] {processor.py:161} INFO - Started process (PID=3871) to work on /opt/airflow/dags/sec_edgar_dag.py
[2026-02-14T22:00:30.561+0000] {processor.py:830} INFO - Processing file /opt/airflow/dags/sec_edgar_dag.py for tasks to queue
[2026-02-14T22:00:30.563+0000] {logging_mixin.py:188} INFO - [2026-02-14T22:00:30.562+0000] {dagbag.py:538} INFO - Filling up the DagBag from /opt/airflow/dags/sec_edgar_dag.py
[2026-02-14T22:00:30.770+0000] {processor.py:840} INFO - DAG(s) 'sec_edgar_pipeline' retrieved from /opt/airflow/dags/sec_edgar_dag.py
[2026-02-14T22:00:30.796+0000] {logging_mixin.py:188} INFO - [2026-02-14T22:00:30.796+0000] {dag.py:3036} INFO - Sync 1 DAGs
[2026-02-14T22:00:30.818+0000] {logging_mixin.py:188} INFO - [2026-02-14T22:00:30.818+0000] {dag.py:3823} INFO - Setting next_dagrun for sec_edgar_pipeline to 2026-02-14 09:00:00+00:00, run_after=2026-02-15 09:00:00+00:00
[2026-02-14T22:00:30.885+0000] {processor.py:183} INFO - Processing /opt/airflow/dags/sec_edgar_dag.py took 0.328 seconds
[2026-02-14T22:01:01.223+0000] {processor.py:161} INFO - Started process (PID=3887) to work on /opt/airflow/dags/sec_edgar_dag.py
[2026-02-14T22:01:01.225+0000] {processor.py:830} INFO - Processing file /opt/airflow/dags/sec_edgar_dag.py for tasks to queue
[2026-02-14T22:01:01.227+0000] {logging_mixin.py:188} INFO - [2026-02-14T22:01:01.226+0000] {dagbag.py:538} INFO - Filling up the DagBag from /opt/airflow/dags/sec_edgar_dag.py
[2026-02-14T22:01:01.576+0000] {processor.py:840} INFO - DAG(s) 'sec_edgar_pipeline' retrieved from /opt/airflow/dags/sec_edgar_dag.py
[2026-02-14T22:01:01.617+0000] {logging_mixin.py:188} INFO - [2026-02-14T22:01:01.616+0000] {dag.py:3036} INFO - Sync 1 DAGs
[2026-02-14T22:01:01.663+0000] {logging_mixin.py:188} INFO - [2026-02-14T22:01:01.662+0000] {dag.py:3823} INFO - Setting next_dagrun for sec_edgar_pipeline to 2026-02-14 09:00:00+00:00, run_after=2026-02-15 09:00:00+00:00
[2026-02-14T22:01:01.744+0000] {processor.py:183} INFO - Processing /opt/airflow/dags/sec_edgar_dag.py took 0.527 seconds
[2026-02-14T22:01:31.838+0000] {processor.py:161} INFO - Started process (PID=3905) to work on /opt/airflow/dags/sec_edgar_dag.py
[2026-02-14T22:01:31.840+0000] {processor.py:830} INFO - Processing file /opt/airflow/dags/sec_edgar_dag.py for tasks to queue
[2026-02-14T22:01:31.841+0000] {logging_mixin.py:188} INFO - [2026-02-14T22:01:31.841+0000] {dagbag.py:538} INFO - Filling up the DagBag from /opt/airflow/dags/sec_edgar_dag.py
[2026-02-14T22:01:32.205+0000] {processor.py:840} INFO - DAG(s) 'sec_edgar_pipeline' retrieved from /opt/airflow/dags/sec_edgar_dag.py
[2026-02-14T22:01:32.247+0000] {logging_mixin.py:188} INFO - [2026-02-14T22:01:32.246+0000] {dag.py:3036} INFO - Sync 1 DAGs
[2026-02-14T22:01:32.283+0000] {logging_mixin.py:188} INFO - [2026-02-14T22:01:32.282+0000] {dag.py:3823} INFO - Setting next_dagrun for sec_edgar_pipeline to 2026-02-14 09:00:00+00:00, run_after=2026-02-15 09:00:00+00:00
[2026-02-14T22:01:32.343+0000] {processor.py:183} INFO - Processing /opt/airflow/dags/sec_edgar_dag.py took 0.511 seconds
[2026-02-14T22:02:03.147+0000] {processor.py:161} INFO - Started process (PID=3922) to work on /opt/airflow/dags/sec_edgar_dag.py
[2026-02-14T22:02:03.149+0000] {processor.py:830} INFO - Processing file /opt/airflow/dags/sec_edgar_dag.py for tasks to queue
[2026-02-14T22:02:03.151+0000] {logging_mixin.py:188} INFO - [2026-02-14T22:02:03.151+0000] {dagbag.py:538} INFO - Filling up the DagBag from /opt/airflow/dags/sec_edgar_dag.py
[2026-02-14T22:02:03.485+0000] {processor.py:840} INFO - DAG(s) 'sec_edgar_pipeline' retrieved from /opt/airflow/dags/sec_edgar_dag.py
[2026-02-14T22:02:03.528+0000] {logging_mixin.py:188} INFO - [2026-02-14T22:02:03.527+0000] {dag.py:3036} INFO - Sync 1 DAGs
[2026-02-14T22:02:03.565+0000] {logging_mixin.py:188} INFO - [2026-02-14T22:02:03.564+0000] {dag.py:3823} INFO - Setting next_dagrun for sec_edgar_pipeline to 2026-02-14 09:00:00+00:00, run_after=2026-02-15 09:00:00+00:00
[2026-02-14T22:02:03.648+0000] {processor.py:183} INFO - Processing /opt/airflow/dags/sec_edgar_dag.py took 0.506 seconds
[2026-02-14T22:02:33.866+0000] {processor.py:161} INFO - Started process (PID=3938) to work on /opt/airflow/dags/sec_edgar_dag.py
[2026-02-14T22:02:33.867+0000] {processor.py:830} INFO - Processing file /opt/airflow/dags/sec_edgar_dag.py for tasks to queue
[2026-02-14T22:02:33.869+0000] {logging_mixin.py:188} INFO - [2026-02-14T22:02:33.868+0000] {dagbag.py:538} INFO - Filling up the DagBag from /opt/airflow/dags/sec_edgar_dag.py
[2026-02-14T22:02:34.174+0000] {processor.py:840} INFO - DAG(s) 'sec_edgar_pipeline' retrieved from /opt/airflow/dags/sec_edgar_dag.py
[2026-02-14T22:02:34.217+0000] {logging_mixin.py:188} INFO - [2026-02-14T22:02:34.216+0000] {dag.py:3036} INFO - Sync 1 DAGs
[2026-02-14T22:02:34.252+0000] {logging_mixin.py:188} INFO - [2026-02-14T22:02:34.252+0000] {dag.py:3823} INFO - Setting next_dagrun for sec_edgar_pipeline to 2026-02-14 09:00:00+00:00, run_after=2026-02-15 09:00:00+00:00
[2026-02-14T22:02:34.294+0000] {processor.py:183} INFO - Processing /opt/airflow/dags/sec_edgar_dag.py took 0.433 seconds
[2026-02-14T22:03:04.425+0000] {processor.py:161} INFO - Started process (PID=3954) to work on /opt/airflow/dags/sec_edgar_dag.py
[2026-02-14T22:03:04.426+0000] {processor.py:830} INFO - Processing file /opt/airflow/dags/sec_edgar_dag.py for tasks to queue
[2026-02-14T22:03:04.428+0000] {logging_mixin.py:188} INFO - [2026-02-14T22:03:04.427+0000] {dagbag.py:538} INFO - Filling up the DagBag from /opt/airflow/dags/sec_edgar_dag.py
[2026-02-14T22:03:04.776+0000] {processor.py:840} INFO - DAG(s) 'sec_edgar_pipeline' retrieved from /opt/airflow/dags/sec_edgar_dag.py
[2026-02-14T22:03:04.822+0000] {logging_mixin.py:188} INFO - [2026-02-14T22:03:04.822+0000] {dag.py:3036} INFO - Sync 1 DAGs
[2026-02-14T22:03:04.863+0000] {logging_mixin.py:188} INFO - [2026-02-14T22:03:04.862+0000] {dag.py:3823} INFO - Setting next_dagrun for sec_edgar_pipeline to 2026-02-14 09:00:00+00:00, run_after=2026-02-15 09:00:00+00:00
[2026-02-14T22:03:04.945+0000] {processor.py:183} INFO - Processing /opt/airflow/dags/sec_edgar_dag.py took 0.526 seconds
[2026-02-14T22:03:35.721+0000] {processor.py:161} INFO - Started process (PID=3970) to work on /opt/airflow/dags/sec_edgar_dag.py
[2026-02-14T22:03:35.723+0000] {processor.py:830} INFO - Processing file /opt/airflow/dags/sec_edgar_dag.py for tasks to queue
[2026-02-14T22:03:35.724+0000] {logging_mixin.py:188} INFO - [2026-02-14T22:03:35.724+0000] {dagbag.py:538} INFO - Filling up the DagBag from /opt/airflow/dags/sec_edgar_dag.py
[2026-02-14T22:03:36.073+0000] {processor.py:840} INFO - DAG(s) 'sec_edgar_pipeline' retrieved from /opt/airflow/dags/sec_edgar_dag.py
[2026-02-14T22:03:36.117+0000] {logging_mixin.py:188} INFO - [2026-02-14T22:03:36.116+0000] {dag.py:3036} INFO - Sync 1 DAGs
[2026-02-14T22:03:36.151+0000] {logging_mixin.py:188} INFO - [2026-02-14T22:03:36.150+0000] {dag.py:3823} INFO - Setting next_dagrun for sec_edgar_pipeline to 2026-02-14 09:00:00+00:00, run_after=2026-02-15 09:00:00+00:00
[2026-02-14T22:03:36.235+0000] {processor.py:183} INFO - Processing /opt/airflow/dags/sec_edgar_dag.py took 0.521 seconds
[2026-02-14T22:04:06.533+0000] {processor.py:161} INFO - Started process (PID=3986) to work on /opt/airflow/dags/sec_edgar_dag.py
[2026-02-14T22:04:06.535+0000] {processor.py:830} INFO - Processing file /opt/airflow/dags/sec_edgar_dag.py for tasks to queue
[2026-02-14T22:04:06.536+0000] {logging_mixin.py:188} INFO - [2026-02-14T22:04:06.536+0000] {dagbag.py:538} INFO - Filling up the DagBag from /opt/airflow/dags/sec_edgar_dag.py
[2026-02-14T22:04:06.865+0000] {processor.py:840} INFO - DAG(s) 'sec_edgar_pipeline' retrieved from /opt/airflow/dags/sec_edgar_dag.py
[2026-02-14T22:04:06.901+0000] {logging_mixin.py:188} INFO - [2026-02-14T22:04:06.900+0000] {dag.py:3036} INFO - Sync 1 DAGs
[2026-02-14T22:04:06.937+0000] {logging_mixin.py:188} INFO - [2026-02-14T22:04:06.936+0000] {dag.py:3823} INFO - Setting next_dagrun for sec_edgar_pipeline to 2026-02-14 09:00:00+00:00, run_after=2026-02-15 09:00:00+00:00
[2026-02-14T22:04:06.996+0000] {processor.py:183} INFO - Processing /opt/airflow/dags/sec_edgar_dag.py took 0.467 seconds
[2026-02-14T22:04:37.814+0000] {processor.py:161} INFO - Started process (PID=4008) to work on /opt/airflow/dags/sec_edgar_dag.py
[2026-02-14T22:04:37.815+0000] {processor.py:830} INFO - Processing file /opt/airflow/dags/sec_edgar_dag.py for tasks to queue
[2026-02-14T22:04:37.816+0000] {logging_mixin.py:188} INFO - [2026-02-14T22:04:37.816+0000] {dagbag.py:538} INFO - Filling up the DagBag from /opt/airflow/dags/sec_edgar_dag.py
[2026-02-14T22:04:38.125+0000] {processor.py:840} INFO - DAG(s) 'sec_edgar_pipeline' retrieved from /opt/airflow/dags/sec_edgar_dag.py
[2026-02-14T22:04:38.160+0000] {logging_mixin.py:188} INFO - [2026-02-14T22:04:38.160+0000] {dag.py:3036} INFO - Sync 1 DAGs
[2026-02-14T22:04:38.196+0000] {logging_mixin.py:188} INFO - [2026-02-14T22:04:38.196+0000] {dag.py:3823} INFO - Setting next_dagrun for sec_edgar_pipeline to 2026-02-14 09:00:00+00:00, run_after=2026-02-15 09:00:00+00:00
[2026-02-14T22:04:38.277+0000] {processor.py:183} INFO - Processing /opt/airflow/dags/sec_edgar_dag.py took 0.467 seconds
[2026-02-14T22:05:08.484+0000] {processor.py:161} INFO - Started process (PID=4024) to work on /opt/airflow/dags/sec_edgar_dag.py
[2026-02-14T22:05:08.485+0000] {processor.py:830} INFO - Processing file /opt/airflow/dags/sec_edgar_dag.py for tasks to queue
[2026-02-14T22:05:08.487+0000] {logging_mixin.py:188} INFO - [2026-02-14T22:05:08.486+0000] {dagbag.py:538} INFO - Filling up the DagBag from /opt/airflow/dags/sec_edgar_dag.py
[2026-02-14T22:05:08.815+0000] {processor.py:840} INFO - DAG(s) 'sec_edgar_pipeline' retrieved from /opt/airflow/dags/sec_edgar_dag.py
[2026-02-14T22:05:08.856+0000] {logging_mixin.py:188} INFO - [2026-02-14T22:05:08.855+0000] {dag.py:3036} INFO - Sync 1 DAGs
[2026-02-14T22:05:08.898+0000] {logging_mixin.py:188} INFO - [2026-02-14T22:05:08.898+0000] {dag.py:3823} INFO - Setting next_dagrun for sec_edgar_pipeline to 2026-02-14 09:00:00+00:00, run_after=2026-02-15 09:00:00+00:00
[2026-02-14T22:05:08.982+0000] {processor.py:183} INFO - Processing /opt/airflow/dags/sec_edgar_dag.py took 0.503 seconds
[2026-02-14T22:05:39.391+0000] {processor.py:161} INFO - Started process (PID=4040) to work on /opt/airflow/dags/sec_edgar_dag.py
[2026-02-14T22:05:39.393+0000] {processor.py:830} INFO - Processing file /opt/airflow/dags/sec_edgar_dag.py for tasks to queue
[2026-02-14T22:05:39.394+0000] {logging_mixin.py:188} INFO - [2026-02-14T22:05:39.394+0000] {dagbag.py:538} INFO - Filling up the DagBag from /opt/airflow/dags/sec_edgar_dag.py
[2026-02-14T22:05:39.710+0000] {processor.py:840} INFO - DAG(s) 'sec_edgar_pipeline' retrieved from /opt/airflow/dags/sec_edgar_dag.py
[2026-02-14T22:05:39.744+0000] {logging_mixin.py:188} INFO - [2026-02-14T22:05:39.743+0000] {dag.py:3036} INFO - Sync 1 DAGs
[2026-02-14T22:05:39.773+0000] {logging_mixin.py:188} INFO - [2026-02-14T22:05:39.772+0000] {dag.py:3823} INFO - Setting next_dagrun for sec_edgar_pipeline to 2026-02-14 09:00:00+00:00, run_after=2026-02-15 09:00:00+00:00
[2026-02-14T22:05:39.800+0000] {processor.py:183} INFO - Processing /opt/airflow/dags/sec_edgar_dag.py took 0.413 seconds
[2026-02-14T22:06:10.098+0000] {processor.py:161} INFO - Started process (PID=4056) to work on /opt/airflow/dags/sec_edgar_dag.py
[2026-02-14T22:06:10.100+0000] {processor.py:830} INFO - Processing file /opt/airflow/dags/sec_edgar_dag.py for tasks to queue
[2026-02-14T22:06:10.101+0000] {logging_mixin.py:188} INFO - [2026-02-14T22:06:10.101+0000] {dagbag.py:538} INFO - Filling up the DagBag from /opt/airflow/dags/sec_edgar_dag.py
[2026-02-14T22:06:10.409+0000] {processor.py:840} INFO - DAG(s) 'sec_edgar_pipeline' retrieved from /opt/airflow/dags/sec_edgar_dag.py
[2026-02-14T22:06:10.448+0000] {logging_mixin.py:188} INFO - [2026-02-14T22:06:10.448+0000] {dag.py:3036} INFO - Sync 1 DAGs
[2026-02-14T22:06:10.479+0000] {logging_mixin.py:188} INFO - [2026-02-14T22:06:10.479+0000] {dag.py:3823} INFO - Setting next_dagrun for sec_edgar_pipeline to 2026-02-14 09:00:00+00:00, run_after=2026-02-15 09:00:00+00:00
[2026-02-14T22:06:10.559+0000] {processor.py:183} INFO - Processing /opt/airflow/dags/sec_edgar_dag.py took 0.466 seconds
[2026-02-14T22:06:40.651+0000] {processor.py:161} INFO - Started process (PID=4072) to work on /opt/airflow/dags/sec_edgar_dag.py
[2026-02-14T22:06:40.653+0000] {processor.py:830} INFO - Processing file /opt/airflow/dags/sec_edgar_dag.py for tasks to queue
[2026-02-14T22:06:40.655+0000] {logging_mixin.py:188} INFO - [2026-02-14T22:06:40.654+0000] {dagbag.py:538} INFO - Filling up the DagBag from /opt/airflow/dags/sec_edgar_dag.py
[2026-02-14T22:06:40.964+0000] {processor.py:840} INFO - DAG(s) 'sec_edgar_pipeline' retrieved from /opt/airflow/dags/sec_edgar_dag.py
[2026-02-14T22:06:41.000+0000] {logging_mixin.py:188} INFO - [2026-02-14T22:06:40.999+0000] {dag.py:3036} INFO - Sync 1 DAGs
[2026-02-14T22:06:41.030+0000] {logging_mixin.py:188} INFO - [2026-02-14T22:06:41.030+0000] {dag.py:3823} INFO - Setting next_dagrun for sec_edgar_pipeline to 2026-02-14 09:00:00+00:00, run_after=2026-02-15 09:00:00+00:00
[2026-02-14T22:06:41.109+0000] {processor.py:183} INFO - Processing /opt/airflow/dags/sec_edgar_dag.py took 0.463 seconds
[2026-02-14T22:07:11.994+0000] {processor.py:161} INFO - Started process (PID=4088) to work on /opt/airflow/dags/sec_edgar_dag.py
[2026-02-14T22:07:11.996+0000] {processor.py:830} INFO - Processing file /opt/airflow/dags/sec_edgar_dag.py for tasks to queue
[2026-02-14T22:07:11.998+0000] {logging_mixin.py:188} INFO - [2026-02-14T22:07:11.997+0000] {dagbag.py:538} INFO - Filling up the DagBag from /opt/airflow/dags/sec_edgar_dag.py
[2026-02-14T22:07:12.353+0000] {processor.py:840} INFO - DAG(s) 'sec_edgar_pipeline' retrieved from /opt/airflow/dags/sec_edgar_dag.py
[2026-02-14T22:07:12.393+0000] {logging_mixin.py:188} INFO - [2026-02-14T22:07:12.392+0000] {dag.py:3036} INFO - Sync 1 DAGs
[2026-02-14T22:07:12.425+0000] {logging_mixin.py:188} INFO - [2026-02-14T22:07:12.424+0000] {dag.py:3823} INFO - Setting next_dagrun for sec_edgar_pipeline to 2026-02-14 09:00:00+00:00, run_after=2026-02-15 09:00:00+00:00
[2026-02-14T22:07:12.496+0000] {processor.py:183} INFO - Processing /opt/airflow/dags/sec_edgar_dag.py took 0.510 seconds
[2026-02-14T22:07:42.718+0000] {processor.py:161} INFO - Started process (PID=4105) to work on /opt/airflow/dags/sec_edgar_dag.py
[2026-02-14T22:07:42.720+0000] {processor.py:830} INFO - Processing file /opt/airflow/dags/sec_edgar_dag.py for tasks to queue
[2026-02-14T22:07:42.721+0000] {logging_mixin.py:188} INFO - [2026-02-14T22:07:42.721+0000] {dagbag.py:538} INFO - Filling up the DagBag from /opt/airflow/dags/sec_edgar_dag.py
[2026-02-14T22:07:43.015+0000] {processor.py:840} INFO - DAG(s) 'sec_edgar_pipeline' retrieved from /opt/airflow/dags/sec_edgar_dag.py
[2026-02-14T22:07:43.052+0000] {logging_mixin.py:188} INFO - [2026-02-14T22:07:43.052+0000] {dag.py:3036} INFO - Sync 1 DAGs
[2026-02-14T22:07:43.087+0000] {logging_mixin.py:188} INFO - [2026-02-14T22:07:43.086+0000] {dag.py:3823} INFO - Setting next_dagrun for sec_edgar_pipeline to 2026-02-14 09:00:00+00:00, run_after=2026-02-15 09:00:00+00:00
[2026-02-14T22:07:43.171+0000] {processor.py:183} INFO - Processing /opt/airflow/dags/sec_edgar_dag.py took 0.458 seconds
[2026-02-14T22:08:13.360+0000] {processor.py:161} INFO - Started process (PID=4121) to work on /opt/airflow/dags/sec_edgar_dag.py
[2026-02-14T22:08:13.362+0000] {processor.py:830} INFO - Processing file /opt/airflow/dags/sec_edgar_dag.py for tasks to queue
[2026-02-14T22:08:13.363+0000] {logging_mixin.py:188} INFO - [2026-02-14T22:08:13.363+0000] {dagbag.py:538} INFO - Filling up the DagBag from /opt/airflow/dags/sec_edgar_dag.py
[2026-02-14T22:08:13.727+0000] {processor.py:840} INFO - DAG(s) 'sec_edgar_pipeline' retrieved from /opt/airflow/dags/sec_edgar_dag.py
[2026-02-14T22:08:13.769+0000] {logging_mixin.py:188} INFO - [2026-02-14T22:08:13.768+0000] {dag.py:3036} INFO - Sync 1 DAGs
[2026-02-14T22:08:13.807+0000] {logging_mixin.py:188} INFO - [2026-02-14T22:08:13.806+0000] {dag.py:3823} INFO - Setting next_dagrun for sec_edgar_pipeline to 2026-02-14 09:00:00+00:00, run_after=2026-02-15 09:00:00+00:00
[2026-02-14T22:08:13.841+0000] {processor.py:183} INFO - Processing /opt/airflow/dags/sec_edgar_dag.py took 0.489 seconds
[2026-02-14T22:08:44.674+0000] {processor.py:161} INFO - Started process (PID=4137) to work on /opt/airflow/dags/sec_edgar_dag.py
[2026-02-14T22:08:44.676+0000] {processor.py:830} INFO - Processing file /opt/airflow/dags/sec_edgar_dag.py for tasks to queue
[2026-02-14T22:08:44.678+0000] {logging_mixin.py:188} INFO - [2026-02-14T22:08:44.678+0000] {dagbag.py:538} INFO - Filling up the DagBag from /opt/airflow/dags/sec_edgar_dag.py
[2026-02-14T22:08:45.002+0000] {processor.py:840} INFO - DAG(s) 'sec_edgar_pipeline' retrieved from /opt/airflow/dags/sec_edgar_dag.py
[2026-02-14T22:08:45.042+0000] {logging_mixin.py:188} INFO - [2026-02-14T22:08:45.041+0000] {dag.py:3036} INFO - Sync 1 DAGs
[2026-02-14T22:08:45.076+0000] {logging_mixin.py:188} INFO - [2026-02-14T22:08:45.076+0000] {dag.py:3823} INFO - Setting next_dagrun for sec_edgar_pipeline to 2026-02-14 09:00:00+00:00, run_after=2026-02-15 09:00:00+00:00
[2026-02-14T22:08:45.160+0000] {processor.py:183} INFO - Processing /opt/airflow/dags/sec_edgar_dag.py took 0.491 seconds
[2026-02-14T22:09:15.377+0000] {processor.py:161} INFO - Started process (PID=4153) to work on /opt/airflow/dags/sec_edgar_dag.py
[2026-02-14T22:09:15.378+0000] {processor.py:830} INFO - Processing file /opt/airflow/dags/sec_edgar_dag.py for tasks to queue
[2026-02-14T22:09:15.380+0000] {logging_mixin.py:188} INFO - [2026-02-14T22:09:15.379+0000] {dagbag.py:538} INFO - Filling up the DagBag from /opt/airflow/dags/sec_edgar_dag.py
[2026-02-14T22:09:15.692+0000] {processor.py:840} INFO - DAG(s) 'sec_edgar_pipeline' retrieved from /opt/airflow/dags/sec_edgar_dag.py
[2026-02-14T22:09:15.738+0000] {logging_mixin.py:188} INFO - [2026-02-14T22:09:15.737+0000] {dag.py:3036} INFO - Sync 1 DAGs
[2026-02-14T22:09:15.777+0000] {logging_mixin.py:188} INFO - [2026-02-14T22:09:15.777+0000] {dag.py:3823} INFO - Setting next_dagrun for sec_edgar_pipeline to 2026-02-14 09:00:00+00:00, run_after=2026-02-15 09:00:00+00:00
[2026-02-14T22:09:15.858+0000] {processor.py:183} INFO - Processing /opt/airflow/dags/sec_edgar_dag.py took 0.486 seconds
[2026-02-14T22:09:46.692+0000] {processor.py:161} INFO - Started process (PID=4169) to work on /opt/airflow/dags/sec_edgar_dag.py
[2026-02-14T22:09:46.694+0000] {processor.py:830} INFO - Processing file /opt/airflow/dags/sec_edgar_dag.py for tasks to queue
[2026-02-14T22:09:46.695+0000] {logging_mixin.py:188} INFO - [2026-02-14T22:09:46.695+0000] {dagbag.py:538} INFO - Filling up the DagBag from /opt/airflow/dags/sec_edgar_dag.py
[2026-02-14T22:09:47.068+0000] {processor.py:840} INFO - DAG(s) 'sec_edgar_pipeline' retrieved from /opt/airflow/dags/sec_edgar_dag.py
[2026-02-14T22:09:47.131+0000] {logging_mixin.py:188} INFO - [2026-02-14T22:09:47.126+0000] {dag.py:3036} INFO - Sync 1 DAGs
[2026-02-14T22:09:47.235+0000] {logging_mixin.py:188} INFO - [2026-02-14T22:09:47.234+0000] {dag.py:3823} INFO - Setting next_dagrun for sec_edgar_pipeline to 2026-02-14 09:00:00+00:00, run_after=2026-02-15 09:00:00+00:00
[2026-02-14T22:09:47.331+0000] {processor.py:183} INFO - Processing /opt/airflow/dags/sec_edgar_dag.py took 0.643 seconds
[2026-02-14T22:10:17.451+0000] {processor.py:161} INFO - Started process (PID=4185) to work on /opt/airflow/dags/sec_edgar_dag.py
[2026-02-14T22:10:17.452+0000] {processor.py:830} INFO - Processing file /opt/airflow/dags/sec_edgar_dag.py for tasks to queue
[2026-02-14T22:10:17.454+0000] {logging_mixin.py:188} INFO - [2026-02-14T22:10:17.454+0000] {dagbag.py:538} INFO - Filling up the DagBag from /opt/airflow/dags/sec_edgar_dag.py
[2026-02-14T22:10:17.786+0000] {processor.py:840} INFO - DAG(s) 'sec_edgar_pipeline' retrieved from /opt/airflow/dags/sec_edgar_dag.py
[2026-02-14T22:10:17.831+0000] {logging_mixin.py:188} INFO - [2026-02-14T22:10:17.830+0000] {dag.py:3036} INFO - Sync 1 DAGs
[2026-02-14T22:10:17.888+0000] {logging_mixin.py:188} INFO - [2026-02-14T22:10:17.888+0000] {dag.py:3823} INFO - Setting next_dagrun for sec_edgar_pipeline to 2026-02-14 09:00:00+00:00, run_after=2026-02-15 09:00:00+00:00
[2026-02-14T22:10:17.924+0000] {processor.py:183} INFO - Processing /opt/airflow/dags/sec_edgar_dag.py took 0.479 seconds
[2026-02-14T22:10:48.407+0000] {processor.py:161} INFO - Started process (PID=4201) to work on /opt/airflow/dags/sec_edgar_dag.py
[2026-02-14T22:10:48.410+0000] {processor.py:830} INFO - Processing file /opt/airflow/dags/sec_edgar_dag.py for tasks to queue
[2026-02-14T22:10:48.411+0000] {logging_mixin.py:188} INFO - [2026-02-14T22:10:48.411+0000] {dagbag.py:538} INFO - Filling up the DagBag from /opt/airflow/dags/sec_edgar_dag.py
[2026-02-14T22:10:48.748+0000] {processor.py:840} INFO - DAG(s) 'sec_edgar_pipeline' retrieved from /opt/airflow/dags/sec_edgar_dag.py
[2026-02-14T22:10:48.788+0000] {logging_mixin.py:188} INFO - [2026-02-14T22:10:48.787+0000] {dag.py:3036} INFO - Sync 1 DAGs
[2026-02-14T22:10:48.827+0000] {logging_mixin.py:188} INFO - [2026-02-14T22:10:48.827+0000] {dag.py:3823} INFO - Setting next_dagrun for sec_edgar_pipeline to 2026-02-14 09:00:00+00:00, run_after=2026-02-15 09:00:00+00:00
[2026-02-14T22:10:48.913+0000] {processor.py:183} INFO - Processing /opt/airflow/dags/sec_edgar_dag.py took 0.511 seconds
[2026-02-14T22:11:19.129+0000] {processor.py:161} INFO - Started process (PID=4217) to work on /opt/airflow/dags/sec_edgar_dag.py
[2026-02-14T22:11:19.131+0000] {processor.py:830} INFO - Processing file /opt/airflow/dags/sec_edgar_dag.py for tasks to queue
[2026-02-14T22:11:19.132+0000] {logging_mixin.py:188} INFO - [2026-02-14T22:11:19.132+0000] {dagbag.py:538} INFO - Filling up the DagBag from /opt/airflow/dags/sec_edgar_dag.py
[2026-02-14T22:11:19.462+0000] {processor.py:840} INFO - DAG(s) 'sec_edgar_pipeline' retrieved from /opt/airflow/dags/sec_edgar_dag.py
[2026-02-14T22:11:19.504+0000] {logging_mixin.py:188} INFO - [2026-02-14T22:11:19.503+0000] {dag.py:3036} INFO - Sync 1 DAGs
[2026-02-14T22:11:19.549+0000] {logging_mixin.py:188} INFO - [2026-02-14T22:11:19.549+0000] {dag.py:3823} INFO - Setting next_dagrun for sec_edgar_pipeline to 2026-02-14 09:00:00+00:00, run_after=2026-02-15 09:00:00+00:00
[2026-02-14T22:11:19.634+0000] {processor.py:183} INFO - Processing /opt/airflow/dags/sec_edgar_dag.py took 0.510 seconds
[2026-02-14T22:11:50.443+0000] {processor.py:161} INFO - Started process (PID=4233) to work on /opt/airflow/dags/sec_edgar_dag.py
[2026-02-14T22:11:50.445+0000] {processor.py:830} INFO - Processing file /opt/airflow/dags/sec_edgar_dag.py for tasks to queue
[2026-02-14T22:11:50.447+0000] {logging_mixin.py:188} INFO - [2026-02-14T22:11:50.446+0000] {dagbag.py:538} INFO - Filling up the DagBag from /opt/airflow/dags/sec_edgar_dag.py
[2026-02-14T22:11:50.770+0000] {processor.py:840} INFO - DAG(s) 'sec_edgar_pipeline' retrieved from /opt/airflow/dags/sec_edgar_dag.py
[2026-02-14T22:11:50.809+0000] {logging_mixin.py:188} INFO - [2026-02-14T22:11:50.808+0000] {dag.py:3036} INFO - Sync 1 DAGs
[2026-02-14T22:11:50.845+0000] {logging_mixin.py:188} INFO - [2026-02-14T22:11:50.845+0000] {dag.py:3823} INFO - Setting next_dagrun for sec_edgar_pipeline to 2026-02-14 09:00:00+00:00, run_after=2026-02-15 09:00:00+00:00
[2026-02-14T22:11:50.929+0000] {processor.py:183} INFO - Processing /opt/airflow/dags/sec_edgar_dag.py took 0.490 seconds
[2026-02-14T22:12:21.088+0000] {processor.py:161} INFO - Started process (PID=4249) to work on /opt/airflow/dags/sec_edgar_dag.py
[2026-02-14T22:12:21.090+0000] {processor.py:830} INFO - Processing file /opt/airflow/dags/sec_edgar_dag.py for tasks to queue
[2026-02-14T22:12:21.093+0000] {logging_mixin.py:188} INFO - [2026-02-14T22:12:21.091+0000] {dagbag.py:538} INFO - Filling up the DagBag from /opt/airflow/dags/sec_edgar_dag.py
[2026-02-14T22:12:21.418+0000] {processor.py:840} INFO - DAG(s) 'sec_edgar_pipeline' retrieved from /opt/airflow/dags/sec_edgar_dag.py
[2026-02-14T22:12:21.465+0000] {logging_mixin.py:188} INFO - [2026-02-14T22:12:21.464+0000] {dag.py:3036} INFO - Sync 1 DAGs
[2026-02-14T22:12:21.506+0000] {logging_mixin.py:188} INFO - [2026-02-14T22:12:21.505+0000] {dag.py:3823} INFO - Setting next_dagrun for sec_edgar_pipeline to 2026-02-14 09:00:00+00:00, run_after=2026-02-15 09:00:00+00:00
[2026-02-14T22:12:21.593+0000] {processor.py:183} INFO - Processing /opt/airflow/dags/sec_edgar_dag.py took 0.512 seconds
[2026-02-14T22:12:52.397+0000] {processor.py:161} INFO - Started process (PID=4265) to work on /opt/airflow/dags/sec_edgar_dag.py
[2026-02-14T22:12:52.398+0000] {processor.py:830} INFO - Processing file /opt/airflow/dags/sec_edgar_dag.py for tasks to queue
[2026-02-14T22:12:52.400+0000] {logging_mixin.py:188} INFO - [2026-02-14T22:12:52.399+0000] {dagbag.py:538} INFO - Filling up the DagBag from /opt/airflow/dags/sec_edgar_dag.py
[2026-02-14T22:12:52.731+0000] {processor.py:840} INFO - DAG(s) 'sec_edgar_pipeline' retrieved from /opt/airflow/dags/sec_edgar_dag.py
[2026-02-14T22:12:52.767+0000] {logging_mixin.py:188} INFO - [2026-02-14T22:12:52.766+0000] {dag.py:3036} INFO - Sync 1 DAGs
[2026-02-14T22:12:52.799+0000] {logging_mixin.py:188} INFO - [2026-02-14T22:12:52.799+0000] {dag.py:3823} INFO - Setting next_dagrun for sec_edgar_pipeline to 2026-02-14 09:00:00+00:00, run_after=2026-02-15 09:00:00+00:00
[2026-02-14T22:12:52.868+0000] {processor.py:183} INFO - Processing /opt/airflow/dags/sec_edgar_dag.py took 0.477 seconds
[2026-02-14T22:13:23.118+0000] {processor.py:161} INFO - Started process (PID=4281) to work on /opt/airflow/dags/sec_edgar_dag.py
[2026-02-14T22:13:23.120+0000] {processor.py:830} INFO - Processing file /opt/airflow/dags/sec_edgar_dag.py for tasks to queue
[2026-02-14T22:13:23.122+0000] {logging_mixin.py:188} INFO - [2026-02-14T22:13:23.121+0000] {dagbag.py:538} INFO - Filling up the DagBag from /opt/airflow/dags/sec_edgar_dag.py
[2026-02-14T22:13:23.438+0000] {processor.py:840} INFO - DAG(s) 'sec_edgar_pipeline' retrieved from /opt/airflow/dags/sec_edgar_dag.py
[2026-02-14T22:13:23.476+0000] {logging_mixin.py:188} INFO - [2026-02-14T22:13:23.476+0000] {dag.py:3036} INFO - Sync 1 DAGs
[2026-02-14T22:13:23.513+0000] {logging_mixin.py:188} INFO - [2026-02-14T22:13:23.512+0000] {dag.py:3823} INFO - Setting next_dagrun for sec_edgar_pipeline to 2026-02-14 09:00:00+00:00, run_after=2026-02-15 09:00:00+00:00
[2026-02-14T22:13:23.594+0000] {processor.py:183} INFO - Processing /opt/airflow/dags/sec_edgar_dag.py took 0.480 seconds
[2026-02-14T22:13:54.501+0000] {processor.py:161} INFO - Started process (PID=4297) to work on /opt/airflow/dags/sec_edgar_dag.py
[2026-02-14T22:13:54.503+0000] {processor.py:830} INFO - Processing file /opt/airflow/dags/sec_edgar_dag.py for tasks to queue
[2026-02-14T22:13:54.505+0000] {logging_mixin.py:188} INFO - [2026-02-14T22:13:54.505+0000] {dagbag.py:538} INFO - Filling up the DagBag from /opt/airflow/dags/sec_edgar_dag.py
[2026-02-14T22:13:54.821+0000] {processor.py:840} INFO - DAG(s) 'sec_edgar_pipeline' retrieved from /opt/airflow/dags/sec_edgar_dag.py
[2026-02-14T22:13:54.866+0000] {logging_mixin.py:188} INFO - [2026-02-14T22:13:54.865+0000] {dag.py:3036} INFO - Sync 1 DAGs
[2026-02-14T22:13:54.906+0000] {logging_mixin.py:188} INFO - [2026-02-14T22:13:54.905+0000] {dag.py:3823} INFO - Setting next_dagrun for sec_edgar_pipeline to 2026-02-14 09:00:00+00:00, run_after=2026-02-15 09:00:00+00:00
[2026-02-14T22:13:54.985+0000] {processor.py:183} INFO - Processing /opt/airflow/dags/sec_edgar_dag.py took 0.488 seconds
[2026-02-14T22:14:25.846+0000] {processor.py:161} INFO - Started process (PID=4313) to work on /opt/airflow/dags/sec_edgar_dag.py
[2026-02-14T22:14:25.848+0000] {processor.py:830} INFO - Processing file /opt/airflow/dags/sec_edgar_dag.py for tasks to queue
[2026-02-14T22:14:25.849+0000] {logging_mixin.py:188} INFO - [2026-02-14T22:14:25.849+0000] {dagbag.py:538} INFO - Filling up the DagBag from /opt/airflow/dags/sec_edgar_dag.py
[2026-02-14T22:14:26.173+0000] {processor.py:840} INFO - DAG(s) 'sec_edgar_pipeline' retrieved from /opt/airflow/dags/sec_edgar_dag.py
[2026-02-14T22:14:26.210+0000] {logging_mixin.py:188} INFO - [2026-02-14T22:14:26.209+0000] {dag.py:3036} INFO - Sync 1 DAGs
[2026-02-14T22:14:26.246+0000] {logging_mixin.py:188} INFO - [2026-02-14T22:14:26.246+0000] {dag.py:3823} INFO - Setting next_dagrun for sec_edgar_pipeline to 2026-02-14 09:00:00+00:00, run_after=2026-02-15 09:00:00+00:00
[2026-02-14T22:14:26.325+0000] {processor.py:183} INFO - Processing /opt/airflow/dags/sec_edgar_dag.py took 0.483 seconds
[2026-02-14T22:14:56.508+0000] {processor.py:161} INFO - Started process (PID=4329) to work on /opt/airflow/dags/sec_edgar_dag.py
[2026-02-14T22:14:56.510+0000] {processor.py:830} INFO - Processing file /opt/airflow/dags/sec_edgar_dag.py for tasks to queue
[2026-02-14T22:14:56.512+0000] {logging_mixin.py:188} INFO - [2026-02-14T22:14:56.511+0000] {dagbag.py:538} INFO - Filling up the DagBag from /opt/airflow/dags/sec_edgar_dag.py
[2026-02-14T22:14:56.832+0000] {processor.py:840} INFO - DAG(s) 'sec_edgar_pipeline' retrieved from /opt/airflow/dags/sec_edgar_dag.py
[2026-02-14T22:14:56.883+0000] {logging_mixin.py:188} INFO - [2026-02-14T22:14:56.882+0000] {dag.py:3036} INFO - Sync 1 DAGs
[2026-02-14T22:14:56.936+0000] {logging_mixin.py:188} INFO - [2026-02-14T22:14:56.936+0000] {dag.py:3823} INFO - Setting next_dagrun for sec_edgar_pipeline to 2026-02-14 09:00:00+00:00, run_after=2026-02-15 09:00:00+00:00
[2026-02-14T22:14:57.026+0000] {processor.py:183} INFO - Processing /opt/airflow/dags/sec_edgar_dag.py took 0.523 seconds
